cik,accession,filename,classification,classifier_version,signals_matched,needs_a1_review,escalation_reason,reviewer_verdict,reviewer_rationale
0000006281,0000006281-26-000022,amendedandrestated2020equi.htm,uncertain,2,phrase,,,no,Document is an Amended and Restated 2020 Equity Incentive Plan (EX-10.1) with no occurrence of 'TAX RECEIVABLE AGREEMENT' in the body.
0000008947,0000008947-22-000162,ex10_1toclosingxprojectgold.htm,no,2,,,,,
0000023217,0001193125-16-766107,d270210dex101.htm,uncertain,2,phrase|defined_term_tax_asset,,,no,"Centered title is 'TAX MATTERS AGREEMENT' between ConAgra Foods and Lamb Weston Holdings; a spin-off tax sharing agreement, not a Tax Receivable Agreement."
0000035527,0001193125-09-066782,dex102.htm,uncertain,2,phrase|defined_term_hypothetical_tax_liability|defined_term_section_754,,,no,"Centered title is 'Amended & Restated Limited Liability Company Agreement / Summary of Terms and Conditions' for Fifth Third Processing Solutions, LLC; LLC term sheet, not a TRA."
0000035527,0001193125-09-143697,dex102.htm,uncertain,2,phrase|defined_term_hypothetical_tax_liability|defined_term_basis_adjustment,,,no,"Centered title is 'AMENDED AND RESTATED LIMITED LIABILITY COMPANY AGREEMENT' for FTPS Holding, LLC; an LLC agreement, not a TRA."
0000070866,0001193125-24-194328,d153288dex101.htm,uncertain,2,phrase|defined_term_tax_asset,,,no,"Centered title is 'PURCHASE AGREEMENT' between NCR Voyix, Digital First Holdings II LLC, and Dragon Buyer; an M&A purchase agreement, not a TRA."
0000082811,0001104659-21-025739,tm217029d1_ex10-2.htm,uncertain,2,phrase,,,no,"Centered title is 'TAX MATTERS AGREEMENT' among Rexnord, Land Newco, and Regal Beloit; a spin-off tax-sharing agreement, not a TRA."
0000103379,0001193125-19-155382,d749655dex101.htm,uncertain,2,phrase|defined_term_tax_asset,,,no,Centered title is 'TAX MATTERS AGREEMENT' between VF Corporation and Kontoor Brands (spin-off tax sharing agreement); not a TRA.
0000104889,0000950157-14-000338,ex10-1.htm,uncertain,2,phrase,,,no,"Centered title is 'TAX MATTERS AGREEMENT' (Berkshire Hathaway, Graham Holdings, and a split-off subsidiary); not a TRA."
0000104889,0000950157-15-000580,ex10-2.htm,uncertain,2,phrase,,,no,"Centered title is 'TAX MATTERS AGREEMENT' between Graham Holdings and Cable One; a spin-off tax allocation agreement, not a TRA."
0000106040,0000106040-16-000022,wdc-040116xexhibit104.htm,uncertain,2,phrase,,,no,Document (WDC EX-10.4) contains zero occurrences of 'Tax Receivable' anywhere in its text; cannot be a TRA contract.
0000106040,0000106040-19-000028,wdc-2019q3ex102.htm,uncertain,2,phrase,,,no,"SEC EX-10 description is 'CREDIT AGREEMENT AMENDMENT'; a credit-agreement amendment, not a TRA."
0000106040,0001193125-16-570122,d189018dex101.htm,uncertain,2,phrase,,,no,Centered title is 'LOAN AGREEMENT' for Western Digital Corporation; a credit/loan agreement that is not itself a TRA.
0000106040,0001193125-18-061179,d482474dex101.htm,uncertain,2,phrase,,,no,Centered title is 'AMENDMENT NO. 7' to a Loan Agreement (Western Digital credit facility); not a TRA.
0000350403,0001193125-23-250124,d865493dex106.htm,uncertain,2,phrase,,,no,"Centered title is 'REVOLVING CREDIT, TERM LOAN AND SECURITY AGREEMENT' (PHI Health, LLC and PNC Bank); a credit/security agreement, not a TRA."
0000350403,0001193125-23-250124,d865493dex107.htm,uncertain,2,phrase,,,no,"Centered title is 'REVOLVING CREDIT, TERM LOAN AND SECURITY AGREEMENT' (PHI Aviation borrowers and PNC Bank); a credit agreement, not a TRA."
0000351817,0001628280-24-028825,exhibit101-pricing8xk.htm,no,2,,,,,
0000701985,0001140361-21-026658,nt10026698x7_ex10-3.htm,uncertain,2,phrase|defined_term_tax_asset,,,no,Centered title is 'TAX MATTERS AGREEMENT' between L Brands and Victoria's Secret (spin-off tax-sharing agreement); not a TRA.
0000707388,0000707388-25-000023,staradtmergeragreement.htm,uncertain,2,phrase,,,no,"Centered title is 'AGREEMENT AND PLAN OF MERGER' (Star Equity Holdings and Alliance Drilling Tools parties); body governs merger mechanics, not TRA payments."
0000707388,0000707388-25-000025,staradtmergeragreement.htm,uncertain,2,phrase,,,no,"Centered title is 'AGREEMENT AND PLAN OF MERGER' (Star Equity Holdings and Alliance Drilling Tools parties); body governs merger mechanics, not TRA payments."
0000711377,0001140361-22-022311,ny20004078x7_ex10-2.htm,uncertain,2,phrase,,,no,"Centered title is 'FORM OF TAX MATTERS AGREEMENT' (3M, Garden SpinCo, Neogen spin-off tax-sharing agreement); not a TRA."
0000711377,0001140361-22-032001,ny20004078x25_ex10-1.htm,uncertain,2,phrase,,,no,"Centered title is 'TAX MATTERS AGREEMENT' between 3M, Garden SpinCo, and Neogen; a spin-off tax-sharing agreement, not a TRA."
0000719739,0001193125-23-171310,d465785dex101.htm,no,2,,,,,
0000721683,0000950123-10-046079,g23272exv10w3.htm,uncertain,2,phrase|defined_term_hypothetical_tax_liability|defined_term_basis_adjustment,,,no,"Centered title is 'AMENDED AND RESTATED LIMITED LIABILITY COMPANY AGREEMENT' for FNMS Holding, LLC; LLC agreement, not a TRA."
0000722077,0001047469-07-001295,a2176155zex-10_3.htm,uncertain,2,phrase|defined_term_section_754,,,no,"Centered title is 'NATIONAL CINEMEDIA, LLC THIRD AMENDED AND RESTATED LIMITED LIABILITY COMPANY OPERATING AGREEMENT'; an LLC operating agreement, not a TRA."
0000732717,0001193125-21-167802,d166195dex104.htm,uncertain,2,phrase|defined_term_early_termination_payment,,,no,"Centered title is 'TAX MATTERS AGREEMENT' between AT&T, Magallanes, and Discovery; a spin-off tax matters agreement, not a TRA."
0000732717,0001193125-21-233230,d188128dex101.htm,uncertain,2,phrase,,,no,"Centered title is 'AMENDED AND RESTATED LIMITED LIABILITY COMPANY AGREEMENT OF DIRECTV ENTERTAINMENT HOLDINGS LLC'; an LLC agreement, not a TRA."
0000750004,0001104659-19-027607,a19-9535_1ex10d1.htm,yes,2,centered_title|phrase|defined_term_realized_tax_benefit|defined_term_hypothetical_tax_liability|defined_term_tax_benefit_schedule|defined_term_early_termination_payment|defined_term_basis_adjustment,,,,
0000750004,0001104659-23-110658,tm2328757d1_ex10-1.htm,uncertain,2,phrase|defined_term_early_termination_payment,,,no,Centered title is 'WAIVER' (one-page waiver of Section 4.1(b) of an existing TRA in connection with a merger); not a TRA contract itself.
0000750004,0001104659-23-110658,tm2328757d1_ex10-2.htm,uncertain,2,phrase|defined_term_early_termination_payment,,,no,Centered title is 'WAIVER' (of an existing TRA in connection with a merger); not a TRA contract itself.
0000750004,0001104659-23-110658,tm2328757d1_ex10-3.htm,uncertain,2,phrase|defined_term_early_termination_payment,,,no,Centered title is 'WAIVER' (one-page waiver of Section 4.1(b) of an existing TRA executed in connection with a merger); not a TRA itself.
0000810332,0001628280-26-019614,employmentagreementbetween.htm,uncertain,2,phrase,,,no,Document is an Employment Agreement (filename and body match); zero occurrences of 'Tax Receivable Agreement'.
0000821002,0000950142-26-001394,eh260778952_ex1003.htm,uncertain,2,phrase,,,no,"Centered title is 'AMENDED AND RESTATED OPERATING AGREEMENT of MJ Topco, LLC'; an LLC operating agreement, not a TRA."
0000837465,0000837465-26-000003,exhibt101topgolfllcagreeme.htm,no,2,,,,,
0000866374,0000866374-24-000005,flex-8xkexh102taxmattersag.htm,uncertain,2,phrase,,,no,Centered title is 'TAX MATTERS AGREEMENT' (spin-off tax-allocation contract); zero 'TAX RECEIVABLE' mentions in document.
0000876883,0000876883-22-000024,exhibit102.htm,no,2,,,,,
0000876883,0000876883-23-000010,exhibit103-amendmentno3toa.htm,no,2,,,,,
0000876883,0000876883-26-000010,stgw12312025-exhibit102.htm,no,2,,,,,
0000876883,0000876883-26-000017,exhibit101.htm,no,2,,,,,
0000876883,0001104659-20-138612,tm2038803d6_ex10-2.htm,uncertain,2,phrase|defined_term_basis_adjustment,,,no,"Centered title is 'CONSENT AND SUPPORT AGREEMENT' (MDC Partners and a Bondholder, senior-notes consent solicitation); not a TRA."
0000876883,0001104659-20-138613,tm2038803d6_ex10-2.htm,uncertain,2,phrase|defined_term_basis_adjustment,,,no,"Centered title is 'CONSENT AND SUPPORT AGREEMENT' (MDC Partners and a Bondholder, senior-notes consent solicitation); not a TRA."
0000876883,0001104659-21-098992,tm2123756d1_ex10-2.htm,yes,2,centered_title|phrase|defined_term_realized_tax_benefit|defined_term_hypothetical_tax_liability|defined_term_tax_benefit_schedule|defined_term_early_termination_payment|defined_term_basis_adjustment,,,,
0000876883,0001104659-21-098992,tm2123756d1_ex10-4.htm,no,2,,,,,
0000876883,0001104659-25-038729,tm2513100d1_ex10-1.htm,uncertain,2,phrase|defined_term_basis_adjustment,,,,
0000876883,0001628280-23-016716,exhibit103.htm,no,2,,,,,
0000883902,0000883902-22-000041,ablamdmtno.htm,uncertain,2,phrase,,,,
0000883902,0000883902-23-000016,a20230401exhibit10_1.htm,uncertain,2,phrase,,,,
0000883902,0000883902-24-000046,a20240521exhibit101.htm,uncertain,2,phrase,,,,
0000883902,0000883902-24-000046,a20240521exhibit102.htm,uncertain,2,phrase,,,no,"Document title is 'AMENDMENT NO. 8 to the ABL Credit Agreement' (Cornerstone Building Brands and lenders); a credit agreement amendment, not a TRA."
0000883902,0001144204-18-061046,tv507166_ex10-3.htm,uncertain,2,phrase,,,,
0000883902,0001144204-18-061046,tv507166_ex10-8.htm,uncertain,2,phrase,,,,
0000889971,0001654954-25-001429,lpth_ex101.htm,no,2,,,,,
0000889971,0001654954-25-001795,lpth_ex101.htm,no,2,,,,,
0000894871,0001493152-22-009190,ex10-1.htm,uncertain,2,phrase,,,,
0000912728,0001193125-24-021078,d348992dex101.htm,no,2,,,,,
0000912728,0001193125-24-021078,d348992dex104.htm,uncertain,2,phrase,,,,
0000912728,0001193125-24-021078,d348992dex106.htm,uncertain,2,phrase,,,,
0000912728,0001193125-24-021078,d348992dex107.htm,yes,2,centered_title|phrase|defined_term_realized_tax_benefit|defined_term_hypothetical_tax_liability|defined_term_tax_benefit_schedule|defined_term_early_termination_payment|defined_term_basis_adjustment,,,,
0000927653,0001193125-17-073411,d354020dex101.htm,no,2,,,,,
0000927653,0001193125-20-072880,d846210dex101.htm,uncertain,2,phrase,,,no,Centered title is 'TAX MATTERS AGREEMENT' (McKesson/SpinCo/Change Healthcare spin-off tax allocation agreement); not a TRA.
0000931148,0000912057-18-000102,filename2.htm,no,2,,,,,
0000931148,0000931148-23-000035,exhibit1015taxreceivableag.htm,yes,2,centered_title|phrase|defined_term_realized_tax_benefit|defined_term_tax_benefit_schedule|defined_term_early_termination_payment|defined_term_tax_asset,,,,
0000931148,0000931148-24-000021,exhibit1015-taxreceivabl.htm,yes,2,centered_title|phrase|defined_term_realized_tax_benefit|defined_term_tax_benefit_schedule|defined_term_early_termination_payment|defined_term_tax_asset,,,,
0000931148,0001047469-18-001894,a2234946zex-10_1.htm,no,2,,,,,
0000931148,0001047469-18-001894,a2234946zex-10_14.htm,yes,2,centered_title|phrase|defined_term_realized_tax_benefit|defined_term_tax_benefit_schedule|defined_term_early_termination_payment|defined_term_tax_asset,,,,
0000931148,0001193125-21-049021,d132297dex101.htm,no,2,,,,,
0000931148,0001193125-22-166261,d291390dex101.htm,no,2,,,,,
0000945394,0001104659-15-043970,a15-13689_1ex10d1.htm,uncertain,2,phrase,,,,
0001000180,0001193125-16-570123,d189018dex101.htm,uncertain,2,phrase,,,no,Centered title is 'LOAN AGREEMENT' for Western Digital Corporation; a credit/loan agreement that is not itself a TRA.
0001003642,0001193125-18-153631,d571001dex101.htm,no,2,,,,,
0001003642,0001193125-18-153631,d571001dex102.htm,no,2,,,,,
0001004980,0000950157-19-001333,ex10-1.htm,uncertain,2,phrase,,,no,Chapter 11 Plan Backstop Commitment Letter (PG&E); not a TRA.
0001004980,0000950157-19-001398,ex10-1.htm,uncertain,2,phrase,,,,
0001004980,0000950157-19-001505,ex10-1.htm,uncertain,2,phrase,,,,
0001004980,0000950157-20-000264,ex10-1.htm,uncertain,2,phrase,,,,
0001004980,0000950157-20-000351,ex10-1.htm,uncertain,2,phrase,,,,
0001004980,0000950157-20-000709,ex10-2.htm,uncertain,2,phrase,,,,
0001008654,0001193125-24-268115,d869890dex101.htm,uncertain,2,phrase|defined_term_tax_asset,,,no,"Centered title 'ASSET PURCHASE AGREEMENT' (Wells Fargo, Party Products entities, Tupperware Brands); not a TRA."
0001023291,0001193125-15-284953,d160672dex10a.htm,uncertain,2,phrase,,,,
0001023291,0001193125-15-380915,d11628dex10a.htm,uncertain,2,phrase,,,,
0001023291,0001193125-16-664825,d164732dex10b.htm,uncertain,2,phrase,,,,
0001023291,0001193125-16-673624,d233004dex101.htm,no,2,,,,,
0001023291,0001193125-16-729877,d176523dex102.htm,uncertain,2,phrase,,,,
0001040829,0001104659-22-042464,tm2211530d1_ex10-1.htm,no,2,,,,,
0001040829,0001104659-22-071928,tm2218606d1_ex10-1.htm,no,2,,,,,
0001050377,0001558370-21-003067,cnxn-20201231xex10d2.htm,uncertain,2,phrase,,,,
0001050377,0001558370-23-002947,cnxn-20221231xex10d2.htm,uncertain,2,phrase,,,,
0001050377,0001558370-23-012938,cnxn-20230630xex10d1.htm,uncertain,2,phrase,,,,
0001050377,0001558370-25-009797,cnxn-20250630xex10d1.htm,uncertain,2,phrase,,,,
0001067701,0001104659-17-052469,a17-20313_2ex10d1.htm,uncertain,2,phrase,,,,
0001067701,0001104659-17-052469,a17-20313_2ex10d2.htm,uncertain,2,phrase,,,,
0001075415,0001104659-15-043971,a15-13691_1ex10d1.htm,uncertain,2,phrase,,,,
0001091667,0001104659-22-067640,tm2217554d1_ex10-1.htm,uncertain,2,phrase,,,,
0001091667,0001104659-23-022811,tm236553d1_ex10-2.htm,uncertain,2,phrase,,,,
0001091667,0001104659-23-038343,tm2310675d1_ex10-1.htm,uncertain,2,phrase,,,,
0001091667,0001104659-23-125714,tm2332479d1_ex10-1.htm,uncertain,2,phrase,,,,
0001091667,0001104659-24-126817,tm2430518d1_ex10-1.htm,uncertain,2,phrase,,,,
0001091667,0001193125-16-596195,d148819dex101.htm,uncertain,2,phrase|defined_term_basis_adjustment,,,,
0001091667,0001193125-16-596195,d148819dex102.htm,uncertain,2,phrase,,,,
0001091667,0001193125-16-596195,d148819dex104.htm,uncertain,2,phrase|defined_term_realized_tax_benefit|defined_term_hypothetical_tax_liability|defined_term_early_termination_payment|defined_term_basis_adjustment,,,,
0001091667,0001193125-16-596244,d148819dex101.htm,uncertain,2,phrase|defined_term_basis_adjustment,,,,
0001091667,0001193125-16-596244,d148819dex102.htm,uncertain,2,phrase,,,,
0001091667,0001193125-16-596244,d148819dex104.htm,uncertain,2,phrase|defined_term_realized_tax_benefit|defined_term_hypothetical_tax_liability|defined_term_early_termination_payment|defined_term_basis_adjustment,,,,
0001094831,0001193125-08-076419,dex107.htm,yes,2,centered_title|phrase|defined_term_realized_tax_benefit|defined_term_hypothetical_tax_liability|defined_term_tax_benefit_schedule|defined_term_early_termination_payment|defined_term_basis_adjustment,,,,
0001094831,0001193125-17-373651,d451437dex1019.htm,yes,2,centered_title|phrase|defined_term_realized_tax_benefit|defined_term_hypothetical_tax_liability|defined_term_early_termination_payment|defined_term_basis_adjustment,,,,
0001094831,0001193125-17-373651,d451437dex108.htm,uncertain,2,phrase,,,,
0001094831,0001193125-17-373651,d451437dex109.htm,yes,2,centered_title|phrase|defined_term_realized_tax_benefit|defined_term_hypothetical_tax_liability|defined_term_early_termination_payment|defined_term_basis_adjustment,,,,
0001095651,0001104659-23-041210,tm2310731d1_ex10-24.htm,no,2,,,,,
0001099219,0001193125-17-249962,d379288dex101.htm,uncertain,2,phrase,,,,
0001101215,0001101215-21-000188,exhibit_10-2.htm,uncertain,2,phrase|defined_term_tax_asset,,,,
0001116132,0001144204-13-059305,v358914_ex10-1.htm,no,2,,,,,
0001123360,0001123360-24-000036,ex10209302024.htm,no,2,,,,,
0001123360,0001193125-22-226539,d357535dex101.htm,uncertain,2,phrase,,,,
0001162447,0001193125-12-309101,d362823dex101.htm,uncertain,2,phrase,,,,
0001162447,0001193125-12-309101,d362823dex102.htm,uncertain,2,phrase,,,,
0001162447,0001193125-12-309101,d362823dex105.htm,uncertain,2,phrase,,,,
0001162447,0001193125-12-309101,d362823dex106.htm,yes,2,centered_title|phrase|defined_term_realized_tax_benefit|defined_term_hypothetical_tax_liability|defined_term_tax_benefit_schedule|defined_term_early_termination_payment|defined_term_basis_adjustment,,,,
0001162447,0001193125-12-309101,d362823dex107.htm,yes,2,centered_title|phrase|defined_term_realized_tax_benefit|defined_term_hypothetical_tax_liability|defined_term_exchange_basis|defined_term_tax_benefit_schedule|defined_term_early_termination_payment|defined_term_basis_adjustment,,,,
0001162447,0001193125-12-309101,d362823dex109.htm,yes,2,centered_title|phrase|defined_term_basis_adjustment,,,,
0001168696,0001104659-07-036970,a07-11069_1ex10d2.htm,uncertain,2,phrase,,,,
0001168696,0001168696-14-000003,rgc201310kexhibit105.htm,uncertain,2,phrase,,,,
0001176948,0001047469-14-003681,a2219594zex-10_9.htm,yes,2,centered_title|phrase|defined_term_realized_tax_benefit|defined_term_exchange_basis|defined_term_tax_benefit_schedule|defined_term_early_termination_payment|defined_term_basis_adjustment,,,,
0001176948,0001104659-14-035848,a14-12159_1ex10d1.htm,yes,2,centered_title|phrase|defined_term_realized_tax_benefit|defined_term_exchange_basis|defined_term_tax_benefit_schedule|defined_term_early_termination_payment|defined_term_basis_adjustment,,,,
0001176948,0001628280-18-006007,exhibit107.htm,yes,2,centered_title|phrase|defined_term_realized_tax_benefit|defined_term_exchange_basis|defined_term_tax_benefit_schedule|defined_term_early_termination_payment|defined_term_basis_adjustment,,,,
0001176948,0001628280-19-001988,exhibit107.htm,yes,2,centered_title|phrase|defined_term_realized_tax_benefit|defined_term_exchange_basis|defined_term_tax_benefit_schedule|defined_term_early_termination_payment|defined_term_basis_adjustment,,,,
0001176948,0001628280-21-009343,a2021q110qexhibit104tra.htm,yes,2,centered_title|phrase|defined_term_realized_tax_benefit|defined_term_exchange_basis|defined_term_tax_benefit_schedule|defined_term_early_termination_payment|defined_term_basis_adjustment,,,,
0001176948,0001628280-23-016241,a2023q1exhibit101.htm,yes,2,centered_title|phrase|defined_term_realized_tax_benefit|defined_term_exchange_basis|defined_term_tax_benefit_schedule|defined_term_early_termination_payment|defined_term_basis_adjustment,,,,
0001176948,0001628280-26-011413,a2025q4exhibit105.htm,yes,2,centered_title|phrase|defined_term_realized_tax_benefit|defined_term_exchange_basis|defined_term_tax_benefit_schedule|defined_term_early_termination_payment|defined_term_basis_adjustment,,,,
0001178879,0001104659-21-120517,tm2128671d1_ex10-1.htm,uncertain,2,phrase|defined_term_tax_asset,,,no,"Centered title 'BUSINESS COMBINATION AGREEMENT' (ARYA Sciences Acquisition Corp IV, Amicus Therapeutics); not a TRA."
0001178879,0001104659-21-120517,tm2128671d1_ex10-7.htm,uncertain,2,phrase,,,,
0001210677,0000950123-21-005516,filename6.htm,uncertain,2,phrase|defined_term_tax_asset,,,,
0001210677,0000950123-21-005516,filename7.htm,uncertain,2,phrase|defined_term_tax_asset,,,,
0001210677,0000950123-21-005516,filename8.htm,uncertain,2,phrase|defined_term_tax_asset,,,,
0001210677,0000950170-21-001382,fa-20210630ex10_6.htm,uncertain,2,phrase|defined_term_tax_asset,,,,
0001210677,0000950170-21-001382,fa-20210630ex10_7.htm,uncertain,2,phrase|defined_term_tax_asset,,,,
0001210677,0000950170-22-004413,fa-ex10_19.htm,uncertain,2,phrase|defined_term_tax_asset,,,,
0001210677,0001193125-21-177004,d147929dex107.htm,uncertain,2,phrase|defined_term_tax_asset,,,no,"Centered title 'FASTBALL HOLDCO, L.P. CLASS C LP UNIT GRANT AGREEMENT'; equity grant, not a TRA."
0001210677,0001193125-21-177004,d147929dex108.htm,uncertain,2,phrase|defined_term_tax_asset,,,,
0001210677,0001193125-21-177004,d147929dex109.htm,uncertain,2,phrase|defined_term_tax_asset,,,,
0001210677,0001193125-21-189386,d147929dex1016.htm,uncertain,2,phrase|defined_term_tax_asset,,,,
0001210677,0001193125-21-189386,d147929dex105.htm,uncertain,2,phrase|defined_term_tax_asset,,,,
0001210677,0001193125-21-189386,d147929dex106.htm,uncertain,2,phrase|defined_term_tax_asset,,,,
0001236275,0001213900-22-064755,fs42022ex10-6_silversuntech.htm,yes,2,centered_title|phrase|defined_term_realized_tax_benefit|defined_term_hypothetical_tax_liability|defined_term_tax_benefit_schedule|defined_term_early_termination_payment|defined_term_basis_adjustment|defined_term_tax_asset,,,,
0001236275,0001213900-22-064755,fs42022ex10-7_silversuntech.htm,uncertain,2,phrase,,,,
0001236275,0001213900-23-033872,fs42023a4ex10-7_silversun.htm,uncertain,2,phrase,,,,
0001273784,0001104659-10-032924,a10-11623_1ex10d1.htm,no,2,,,,,
0001284807,0000950142-15-002341,eh1501298_ex1001.htm,uncertain,2,phrase,,,,
0001284807,0001193125-13-215370,d483013dex1041.htm,yes,2,centered_title|phrase|defined_term_realized_tax_benefit|defined_term_hypothetical_tax_liability|defined_term_tax_benefit_schedule|defined_term_early_termination_payment,,,,
0001284807,0001193125-13-238827,d544766dex103.htm,yes,2,centered_title|phrase|defined_term_realized_tax_benefit|defined_term_hypothetical_tax_liability|defined_term_tax_benefit_schedule|defined_term_early_termination_payment,,,,
0001284807,0001193125-14-027903,d665847dex101.htm,uncertain,2,phrase,,,,
0001284807,0001284807-14-000022,a20131231-10kex1047.htm,uncertain,2,phrase,,,,
0001288248,0001193125-13-447065,d630474dex101.htm,uncertain,2,phrase|defined_term_basis_adjustment,,,,
0001288248,0001193125-13-447065,d630474dex102.htm,uncertain,2,phrase|defined_term_basis_adjustment,,,,
0001297401,0000950123-04-011955,y98977a3exv10w8.txt,uncertain,2,phrase|defined_term_realized_tax_benefit|defined_term_hypothetical_tax_liability|defined_term_tax_benefit_schedule|defined_term_early_termination_payment|defined_term_basis_adjustment,,,yes,"Centered title 'TAX RECEIVABLE AGREEMENT' opens the document with standard TRA preamble, parties block (DWA and DWI II), and defined terms including Basis Adjustment, Tax Benefit Schedule, and Early Termination. [v2 false negative — plain-text exhibit with whitespace-centered title; not HTML-detected]"
0001297401,0001193125-05-061294,dex109.htm,uncertain,2,phrase|defined_term_realized_tax_benefit|defined_term_hypothetical_tax_liability|defined_term_tax_benefit_schedule|defined_term_early_termination_payment|defined_term_basis_adjustment,,,,
0001297401,0001297401-13-000026,dwaex10193013.htm,uncertain,2,phrase,,,,
0001297401,0001297401-13-000026,dwaex10293013.htm,uncertain,2,phrase,,,,
0001297401,0001297401-14-000036,dwaex10693014.htm,uncertain,2,phrase,,,,
0001297401,0001297401-14-000036,dwaex10793014.htm,uncertain,2,phrase,,,,
0001297401,0001297401-15-000012,dwaex10263015.htm,uncertain,2,phrase,,,,
0001303276,0001047469-07-001294,a2176154zex-10_3.htm,uncertain,2,phrase|defined_term_section_754,,,,
0001309108,0000950123-09-019943,b76137weexv10w1.htm,uncertain,2,phrase,,,yes,Centered title 'TAX RECEIVABLE PREPAYMENT AGREEMENT' (Wright Express and Realogy); a TRA variant — prepayment/settlement of a TRA qualifies as a TRA contract.
0001309108,0000950123-09-019943,b76137weexv10w2.htm,uncertain,2,phrase|defined_term_hypothetical_tax_liability,,,no,Centered title 'Ratification Agreement' amending an existing TRA (WEX/ABG/Realogy/Wyndham); not a TRA contract itself.
0001309108,0000950123-09-027358,b76223exv10w4.htm,uncertain,2,phrase,,,,
0001309108,0000950123-10-070143,b81942exv10w1.htm,uncertain,2,phrase,,,,
0001309108,0000950123-11-054156,b86748exv10w1.htm,uncertain,2,phrase,,,,
0001309108,0000950135-07-003392,b65578weexv10w1.txt,uncertain,2,phrase,,,,
0001309108,0001140361-25-007445,ny20044175x8_ex10-1.htm,uncertain,2,phrase,,,,
0001309108,0001157523-16-006018,a51372248_ex102.htm,uncertain,2,phrase,,,,
0001309108,0001157523-17-001909,a51583136ex10_1.htm,uncertain,2,phrase,,,,
0001309108,0001157523-18-000075,a51744383ex10_1.htm,uncertain,2,phrase,,,,
0001309108,0001157523-18-001872,a51857003ex10_1.htm,uncertain,2,phrase,,,no,Centered title 'FOURTH AMENDMENT TO CREDIT AGREEMENT' (WEX Inc. and Bank of America); not a TRA.
0001309108,0001157523-19-000105,a51927876_ex101.htm,uncertain,2,phrase,,,,
0001309108,0001157523-19-001260,a51986070ex10_1.htm,uncertain,2,phrase,,,,
0001309108,0001157523-21-000436,a52407328ex10_1.htm,uncertain,2,phrase,,,,
0001309108,0001193125-05-028918,dex104.htm,yes,2,centered_title|phrase|defined_term_hypothetical_tax_liability,,,,
0001309108,0001193125-05-039801,dex103.htm,uncertain,2,phrase|defined_term_hypothetical_tax_liability,,,,
0001309108,0001193125-05-039801,dex105.htm,uncertain,2,phrase,,,,
0001309108,0001193125-13-085019,d447331dex1016.htm,uncertain,2,phrase,,,,
0001309108,0001309108-14-000188,wex20140930ex101.htm,uncertain,2,phrase,,,,
0001309108,0001309108-15-000104,a162mplan.htm,uncertain,2,phrase|defined_term_tax_asset,,,no,Centered title 'WEX INC. 2015 SECTION 162(m) PERFORMANCE INCENTIVE PLAN'; TRA only as adjustment item in Adjusted Net Income definition.
0001309108,0001309108-19-000116,exhibit.htm,uncertain,2,phrase,,,,
0001309108,0001309108-20-000010,a102wex-eighthamendmen.htm,uncertain,2,phrase,,,,
0001309108,0001309108-20-000150,a9thamendmentforedgari.htm,uncertain,2,phrase,,,,
0001309108,0001309108-23-000161,wex-firstamendmenttoamen.htm,uncertain,2,phrase,,,no,Document title 'FIRST AMENDMENT TO AMENDED AND RESTATED CREDIT AGREEMENT' (WEX Inc. and Bank of America as Administrative Agent); not a TRA.
0001309108,0001309108-23-000176,exhibit101wex-thirdamendme.htm,uncertain,2,phrase,,,,
0001309108,0001309108-24-000013,exhibit101wex-fourthamendm.htm,uncertain,2,phrase,,,,
0001309108,0001309108-25-000017,wex-tab01xsixthamendment.htm,uncertain,2,phrase,,,no,Sixth Amendment to Amended and Restated Credit Agreement (WEX Inc.); TRA only a referenced covenant section in amended TOC.
0001309108,0001309108-25-000146,amendedandrestated2019equi.htm,uncertain,2,phrase,,,,
0001309108,0001628280-24-023337,exhibit101wex-fifthamendme.htm,uncertain,2,phrase,,,,
0001311370,0001193125-05-078109,dex103.htm,yes,2,centered_title|phrase|defined_term_realized_tax_benefit|defined_term_hypothetical_tax_liability|defined_term_exchange_basis|defined_term_tax_benefit_schedule|defined_term_early_termination_payment|defined_term_basis_adjustment,,,,
0001311370,0001193125-05-091140,dex103.htm,yes,2,centered_title|phrase|defined_term_realized_tax_benefit|defined_term_hypothetical_tax_liability|defined_term_exchange_basis|defined_term_tax_benefit_schedule|defined_term_early_termination_payment|defined_term_basis_adjustment,,,,
0001311370,0001193125-05-126336,dex103.htm,yes,2,centered_title|phrase|defined_term_realized_tax_benefit|defined_term_hypothetical_tax_liability|defined_term_exchange_basis|defined_term_tax_benefit_schedule|defined_term_early_termination_payment|defined_term_basis_adjustment,,,,
0001311370,0001193125-15-226031,d945172dex101.htm,yes,2,centered_title|phrase|defined_term_realized_tax_benefit|defined_term_hypothetical_tax_liability|defined_term_exchange_basis|defined_term_tax_benefit_schedule|defined_term_early_termination_payment|defined_term_basis_adjustment,,,,
0001311370,0001193125-15-355042,d41332dex102.htm,yes,2,centered_title|phrase|defined_term_realized_tax_benefit|defined_term_hypothetical_tax_liability|defined_term_exchange_basis|defined_term_tax_benefit_schedule|defined_term_early_termination_payment|defined_term_basis_adjustment,,,,
0001317685,0001317685-25-000013,exhibit101-sx1.htm,no,2,,,,,
0001317685,0001628279-25-000556,filename2.htm,no,2,,,,,
0001319161,0001319161-25-000023,projectalfred-masteroperat.htm,no,2,,,,,
0001339605,0001193125-17-228604,d411841dex101.htm,uncertain,2,phrase,,,,
0001339605,0001193125-17-228604,d411841dex102.htm,uncertain,2,phrase,,,,
0001351051,0001104659-15-036326,a15-9674_1ex10d14.htm,uncertain,2,phrase,,,,
0001351051,0001193125-15-037418,d858815dex102.htm,yes,2,centered_title|phrase|defined_term_realized_tax_benefit|defined_term_hypothetical_tax_liability|defined_term_exchange_basis|defined_term_tax_benefit_schedule|defined_term_early_termination_payment|defined_term_basis_adjustment,,,,
0001351051,0001558370-18-004682,gen-20180331ex101518b7e.htm,uncertain,2,phrase,,,,
0001355001,0001193125-09-140005,dex101.htm,uncertain,2,phrase,,,,
0001355001,0001193125-09-171725,dex102.htm,uncertain,2,phrase|defined_term_tax_asset,,,,
0001360901,0001193125-06-110944,dex102.htm,uncertain,2,phrase|defined_term_realized_tax_benefit|defined_term_exchange_basis|defined_term_tax_benefit_schedule|defined_term_early_termination_payment|defined_term_basis_adjustment,,,,
0001360901,0001193125-06-196568,dex102.htm,uncertain,2,phrase|defined_term_realized_tax_benefit|defined_term_exchange_basis|defined_term_tax_benefit_schedule|defined_term_early_termination_payment|defined_term_basis_adjustment,,,,
0001360901,0001193125-16-435819,d49620dex101.htm,uncertain,2,phrase,,,,
0001360901,0001193125-16-526001,d169355dex101.htm,uncertain,2,phrase,,,no,Centered title 'NOTE PURCHASE AGREEMENT' (Evercore Partners Series A-D Senior Notes); not a TRA.
0001360901,0001193125-25-158241,d28394dex101.htm,uncertain,2,phrase,,,,
0001360901,0001360901-15-000014,exhibit101.htm,uncertain,2,phrase,,,,
0001360901,0001360901-19-000017,evr630201910qex101.htm,no,2,,,,,
0001360901,0001360901-21-000010,evr3312021ex101.htm,no,2,,,,,
0001360901,0001360901-22-000014,evr6302022ex101.htm,no,2,,,,,
0001361658,0001104659-18-037818,a18-14563_2ex10d2.htm,uncertain,2,phrase,,,,
0001363908,0001047469-06-009340,a2171551zex-10_17.htm,uncertain,2,phrase,,,no,"Centered title 'FIRST LIEN CREDIT AGREEMENT' dated June 30, 2006 (Hawkeye entities, Credit Suisse); not a TRA."
0001363908,0001047469-06-009340,a2171551zex-10_18.htm,uncertain,2,phrase,,,,
0001363908,0001047469-06-010597,a2171551zex-10_17.htm,uncertain,2,phrase,,,no,"Centered title 'FIRST LIEN CREDIT AGREEMENT' dated June 30, 2006 (Hawkeye Intermediate LLC and Credit Suisse); not a TRA."
0001363908,0001047469-06-010597,a2171551zex-10_18.htm,uncertain,2,phrase,,,,
0001363908,0001047469-06-010597,a2172024zex-10_15.htm,yes,2,centered_title|phrase|defined_term_realized_tax_benefit|defined_term_hypothetical_tax_liability|defined_term_tax_benefit_schedule|defined_term_early_termination_payment|defined_term_basis_adjustment,,,,
0001367832,0000950123-11-084072,g27995exv10w1.htm,uncertain,2,phrase,,,,
0001367832,0000950123-11-084072,g27995exv10w14.htm,uncertain,2,phrase,,,no,"Centered title 'CONSULTING AGREEMENT' (Aurora Diagnostics, LLC and James C. New); not a TRA."
0001367832,0001193125-12-129759,d280216dex102.htm,no,2,,,,,
0001377630,0000950170-25-008998,ncmi-ex10.htm,uncertain,2,phrase,,,,
0001377630,0000950170-25-034706,ncmi-ex10_1.htm,uncertain,2,phrase,,,,
0001377630,0000950170-25-064502,ncmi-ex10_4.htm,uncertain,2,phrase,,,,
0001377630,0001193125-06-240398,dex102.htm,uncertain,2,phrase,,,,
0001377630,0001193125-06-257458,dex108.htm,uncertain,2,phrase,,,,
0001377630,0001193125-07-004921,dex103.htm,yes,2,centered_title|phrase|defined_term_realized_tax_benefit|defined_term_hypothetical_tax_liability|defined_term_exchange_basis|defined_term_tax_benefit_schedule|defined_term_early_termination_payment|defined_term_basis_adjustment,,,,
0001377630,0001193125-07-011320,dex102.htm,uncertain,2,phrase,,,,
0001377630,0001193125-07-020734,dex101.htm,uncertain,2,phrase,,,,
0001377630,0001193125-07-034062,dex101.htm,uncertain,2,phrase|defined_term_section_754,,,,
0001377630,0001193125-07-034062,dex1013.htm,uncertain,2,phrase,,,no,"Centered title '$805,000,000 CREDIT AGREEMENT' (National CineMedia LLC as Borrower); credit agreement, not a TRA."
0001377630,0001193125-07-034062,dex102.htm,uncertain,2,phrase,,,,
0001377630,0001193125-07-034062,dex103.htm,uncertain,2,phrase,,,no,"Centered title 'EXHIBITOR SERVICES AGREEMENT BETWEEN NATIONAL CINEMEDIA, LLC AND CINEMARK USA, INC.'; commercial services agreement, not a TRA."
0001377630,0001193125-07-034062,dex104.htm,uncertain,2,phrase,,,,
0001377630,0001193125-07-034062,dex107.htm,yes,2,centered_title|phrase|defined_term_realized_tax_benefit|defined_term_hypothetical_tax_liability|defined_term_exchange_basis|defined_term_tax_benefit_schedule|defined_term_early_termination_payment|defined_term_basis_adjustment,,,,
0001377630,0001193125-08-101806,dex101.htm,yes,2,centered_title|phrase|defined_term_exchange_basis|defined_term_tax_benefit_schedule,,,,
0001377630,0001193125-12-192111,d344489dex101.htm,no,2,,,,,
0001377630,0001193125-12-483717,d445516dex101.htm,uncertain,2,phrase,,,,
0001377630,0001193125-14-062920,d630896dex1024.htm,uncertain,2,phrase,,,,
0001377630,0001193125-14-062920,d630896dex1034.htm,uncertain,2,phrase,,,,
0001377630,0001193125-14-062920,d630896dex1044.htm,uncertain,2,phrase,,,,
0001377630,0001193125-14-183988,d723536dex101.htm,uncertain,2,phrase|defined_term_tax_asset,,,,
0001377630,0001193125-26-076788,ncmi-ex10_1.htm,uncertain,2,phrase,,,,
0001377630,0001377630-20-000089,exhibit102equityplan.htm,uncertain,2,phrase,,,,
0001377630,0001377630-21-000077,creditagreement03082021.htm,uncertain,2,phrase,,,no,Document is 'AMENDMENT NO. 2 TO CREDIT AGREEMENT'; not a TRA.
0001377630,0001377630-21-000136,blkvscaconformedthroughame.htm,uncertain,2,phrase,,,,
0001377630,0001377630-22-000003,ncm-amendmentno3tocreditag.htm,no,2,,,,,
0001377630,0001377630-22-000003,ncm-revolvingcreditagreeme.htm,uncertain,2,phrase,,,,
0001377630,0001377630-23-000056,restructuringsupportagreem.htm,uncertain,2,phrase,,,,
0001377630,0001377630-23-000109,jointventureterminationand.htm,uncertain,2,phrase,,,,
0001377630,0001377630-23-000124,loansecurityandguaranteeag.htm,uncertain,2,phrase,,,,
0001377630,0001377630-24-000042,ncmllcthirdamendedandresta.htm,uncertain,2,phrase|defined_term_section_754,,,,
0001377630,0001564590-17-004375,ncmi-ex101_32.htm,uncertain,2,phrase,,,,
0001377630,0001564590-17-004375,ncmi-ex102_36.htm,uncertain,2,phrase,,,,
0001377630,0001628280-18-008300,ncm-062518ex101.htm,uncertain,2,phrase,,,no,Centered title 'CREDIT AGREEMENT'; no 'TAX RECEIVABLE AGREEMENT' title block present.
0001378992,0000919465-12-000024,exh1025.htm,yes,2,centered_title|phrase|defined_term_realized_tax_benefit|defined_term_tax_benefit_schedule|defined_term_early_termination_payment,,,,
0001378992,0001193125-12-306206,d338221dex1025.htm,yes,2,centered_title|phrase|defined_term_realized_tax_benefit|defined_term_tax_benefit_schedule|defined_term_early_termination_payment,,,,
0001378992,0001193125-12-360540,d338221dex1025.htm,yes,2,centered_title|phrase|defined_term_realized_tax_benefit|defined_term_tax_benefit_schedule|defined_term_early_termination_payment,,,,
0001378992,0001193125-12-396194,d338221dex1025.htm,yes,2,centered_title|phrase|defined_term_realized_tax_benefit|defined_term_tax_benefit_schedule|defined_term_early_termination_payment,,,,
0001380393,0000950136-07-000244,file5.htm,uncertain,2,phrase|defined_term_realized_tax_benefit|defined_term_exchange_basis|defined_term_tax_benefit_schedule|defined_term_early_termination_payment|defined_term_basis_adjustment,,,,
0001380393,0000950136-07-000606,file10.htm,uncertain,2,phrase|defined_term_realized_tax_benefit|defined_term_exchange_basis|defined_term_tax_benefit_schedule|defined_term_early_termination_payment|defined_term_basis_adjustment,,,,
0001380393,0000950136-07-000606,file8.htm,uncertain,2,phrase,,,,
0001380393,0001104659-13-014820,a12-28384_1ex10d25.htm,uncertain,2,phrase,,,,
0001380393,0001104659-13-014820,a12-28384_1ex10d26.htm,uncertain,2,phrase,,,,
0001380393,0001104659-13-014820,a12-28384_1ex10d27.htm,uncertain,2,phrase,,,,
0001380393,0001193125-17-045384,d327463dex101.htm,uncertain,2,phrase|defined_term_early_termination_payment|defined_term_basis_adjustment,,,,
0001380393,0001193125-17-045388,d327463dex101.htm,uncertain,2,phrase|defined_term_early_termination_payment|defined_term_basis_adjustment,,,,
0001380393,0001380393-16-000027,fig_ex1029x20151231.htm,uncertain,2,phrase,,,no,Employment Agreement (exhibit 10.29); 11 references to 'Employment Agreement' and only a single passing 'Tax Receivable Agreement' mention with no TRA defined terms.
0001380393,0001380393-16-000027,fig_ex1030x20151231.htm,uncertain,2,phrase,,,,
0001380509,0000893220-06-002696,w26622a2exv10w3.htm,yes,2,centered_title|phrase|defined_term_realized_tax_benefit|defined_term_hypothetical_tax_liability|defined_term_exchange_basis|defined_term_tax_benefit_schedule|defined_term_basis_adjustment,,,,
0001380509,0000893220-06-002696,w26622a2exv10w5.htm,uncertain,2,phrase,,,,
0001380509,0000893220-07-000015,w26622a4exv10w9.txt,uncertain,2,phrase,,,,
0001380509,0000893220-07-000757,w31804exv10w11.htm,no,2,,,,,
0001381197,0001047469-07-000967,a2175861zex-10_5.htm,uncertain,2,phrase,,,,
0001381197,0001047469-07-000967,a2175861zex-10_6.htm,uncertain,2,phrase,,,,
0001381197,0001047469-07-000967,a2175861zex-10_7.htm,yes,2,centered_title|phrase|defined_term_realized_tax_benefit|defined_term_hypothetical_tax_liability|defined_term_exchange_basis|defined_term_tax_benefit_schedule|defined_term_early_termination_payment|defined_term_basis_adjustment,,,,
0001381197,0001047469-07-003286,a2177417zex-10_5.htm,uncertain,2,phrase,,,,
0001381197,0001047469-07-003286,a2177417zex-10_6.htm,uncertain,2,phrase,,,,
0001381197,0001104659-07-047999,a07-15961_1ex10d2.htm,uncertain,2,phrase,,,,
0001381197,0001104659-07-047999,a07-15961_1ex10d3.htm,yes,2,centered_title|phrase|defined_term_realized_tax_benefit|defined_term_hypothetical_tax_liability|defined_term_exchange_basis|defined_term_tax_benefit_schedule|defined_term_early_termination_payment|defined_term_basis_adjustment,,,,
0001381197,0001381197-09-000022,exhibit_10-3.htm,uncertain,2,phrase|defined_term_realized_tax_benefit|defined_term_hypothetical_tax_liability|defined_term_exchange_basis|defined_term_tax_benefit_schedule|defined_term_early_termination_payment|defined_term_basis_adjustment,,,,
0001381197,0001381197-15-000040,ibkr-20150930ex10162c1d4.htm,uncertain,2,phrase,,,,
0001381197,0001381197-15-000040,ibkr-20150930ex10269926e.htm,uncertain,2,phrase,,,,
0001385280,0000950134-07-005969,d42502a1exv10w8.htm,uncertain,2,phrase,,,,
0001385280,0000950134-07-005969,d42502a1exv10w9.htm,uncertain,2,phrase,,,,
0001385280,0001193125-14-077445,d641540dex1045.htm,uncertain,2,phrase,,,,
0001393818,0001047469-07-004475,a2177939zex-10_6.htm,yes,2,centered_title|phrase|defined_term_realized_tax_benefit|defined_term_exchange_basis|defined_term_tax_benefit_schedule|defined_term_early_termination_payment|defined_term_basis_adjustment,,,,
0001393818,0001193125-07-180760,dex106.htm,yes,2,centered_title|phrase|defined_term_realized_tax_benefit|defined_term_exchange_basis|defined_term_tax_benefit_schedule|defined_term_early_termination_payment|defined_term_basis_adjustment,,,,
0001393818,0001193125-11-130720,dex101.htm,no,2,,,,,
0001393818,0001193125-15-179529,d899728dex101.htm,uncertain,2,phrase,,,,
0001393818,0001193125-19-061011,d663205dex1091.htm,uncertain,2,phrase,,,,
0001393818,0001193125-21-154893,d174285dex106.htm,yes,2,centered_title|phrase|defined_term_realized_tax_benefit|defined_term_exchange_basis|defined_term_tax_benefit_schedule|defined_term_early_termination_payment|defined_term_basis_adjustment,,,,
0001396546,0001193125-07-195226,dex102.htm,yes,2,centered_title|phrase|defined_term_realized_tax_benefit|defined_term_exchange_basis|defined_term_tax_benefit_schedule|defined_term_early_termination_payment|defined_term_basis_adjustment,,,,
0001396546,0001193125-07-195226,dex103.htm,yes,2,centered_title|phrase|defined_term_realized_tax_benefit|defined_term_tax_benefit_schedule|defined_term_early_termination_payment|defined_term_basis_adjustment|defined_term_section_754,,,,
0001396546,0001193125-07-206656,dex101.htm,uncertain,2,phrase,,,,
0001396546,0001193125-07-206656,dex1014.htm,uncertain,2,phrase,,,,
0001396546,0001193125-07-206656,dex102.htm,yes,2,centered_title|phrase|defined_term_realized_tax_benefit|defined_term_exchange_basis|defined_term_tax_benefit_schedule|defined_term_early_termination_payment|defined_term_basis_adjustment,,,,
0001396546,0001193125-07-206656,dex103.htm,yes,2,centered_title|phrase|defined_term_realized_tax_benefit|defined_term_tax_benefit_schedule|defined_term_early_termination_payment|defined_term_basis_adjustment|defined_term_section_754,,,,
0001396546,0001193125-07-212081,dex1015.htm,uncertain,2,phrase,,,,
0001396546,0001193125-07-219673,dex101.htm,yes,2,centered_title|phrase|defined_term_realized_tax_benefit|defined_term_exchange_basis|defined_term_tax_benefit_schedule|defined_term_early_termination_payment|defined_term_basis_adjustment,,,,
0001396546,0001193125-07-219673,dex102.htm,yes,2,centered_title|phrase|defined_term_realized_tax_benefit|defined_term_tax_benefit_schedule|defined_term_early_termination_payment|defined_term_basis_adjustment|defined_term_section_754,,,,
0001396546,0001193125-07-219673,dex103.htm,uncertain,2,phrase,,,,
0001396546,0001193125-08-186804,dex101.htm,uncertain,2,phrase,,,,
0001396546,0001193125-08-186806,dex101.htm,uncertain,2,phrase,,,,
0001397821,0001047469-07-007119,a2179823zex-10_6.htm,yes,2,centered_title|phrase|defined_term_realized_tax_benefit|defined_term_hypothetical_tax_liability|defined_term_exchange_basis|defined_term_tax_benefit_schedule|defined_term_early_termination_payment|defined_term_basis_adjustment,,,,
0001397821,0001047469-07-009224,a2181120zex-10_1.htm,uncertain,2,phrase,,,no,"Centered title 'THIRD AMENDED AND RESTATED LIMITED LIABILITY COMPANY AGREEMENT' of Duff & Phelps Acquisitions, LLC; not a TRA."
0001397821,0001047469-07-009224,a2181120zex-10_3.htm,yes,2,centered_title|phrase|defined_term_realized_tax_benefit|defined_term_hypothetical_tax_liability|defined_term_exchange_basis|defined_term_tax_benefit_schedule|defined_term_early_termination_payment|defined_term_basis_adjustment,,,,
0001397821,0001144204-08-043673,v121449_ex10-1.htm,no,2,,,,,
0001399249,0000950123-07-010879,y35056a2exv10w7.htm,uncertain,2,phrase,,,no,"Centered title 'CREDIT AGREEMENT' (Pzena Investment Management, LLC as Borrower, Bank of America as Administrative Agent); not a TRA."
0001399249,0000950123-07-013642,y35056a3exv10w6.htm,yes,2,centered_title|phrase|defined_term_realized_tax_benefit|defined_term_hypothetical_tax_liability|defined_term_exchange_basis|defined_term_tax_benefit_schedule|defined_term_early_termination_payment|defined_term_basis_adjustment,,,,
0001399249,0000950123-07-016285,y41571exv10w2.htm,yes,2,centered_title|phrase|defined_term_realized_tax_benefit|defined_term_hypothetical_tax_liability|defined_term_exchange_basis|defined_term_tax_benefit_schedule|defined_term_early_termination_payment|defined_term_basis_adjustment,,,,
0001399249,0000950170-22-003157,pzn-ex10_22.htm,uncertain,2,phrase,,,no,"Centered title 'PZENA INVESTMENT MANAGEMENT, LLC PROFITS INTEREST AWARD AGREEMENT' (Class B-1 unit grant); not a TRA."
0001399249,0001047469-08-012170,a2188869zex-10_2.htm,uncertain,2,phrase,,,,
0001399249,0001144204-13-014631,v336889_ex10-26.htm,yes,2,centered_title|phrase|defined_term_basis_adjustment,,,,
0001399249,0001193125-22-204112,d385398dex102.htm,uncertain,2,phrase,,,,
0001399249,0001399249-15-000010,pzn201410kex1029.htm,uncertain,2,phrase,,,,
0001399249,0001399249-15-000010,pzn201410kex1032.htm,uncertain,2,phrase,,,,
0001399249,0001399249-16-000071,pzn201510kex1033.htm,uncertain,2,phrase,,,no,"Centered title 'PZENA INVESTMENT MANAGEMENT, LLC AMENDED AND RESTATED 2006 EQUITY INCENTIVE PLAN — Form of Class B Unit-Based Agreement'; references TRA only in Section 4.2."
0001399249,0001399249-16-000071,pzn201510kex1034.htm,uncertain,2,phrase,,,,
0001399249,0001399249-17-000040,pzn2017q2exhibit101.htm,uncertain,2,phrase,,,,
0001399249,0001399249-18-000012,pzn201710kex1034.htm,uncertain,2,phrase,,,no,Centered title 'FORM OF CLASS B UNIT AGREEMENT' (Delayed Exchange Class B Unit under Pzena's 2006 Equity Incentive Plan); not a TRA.
0001399249,0001399249-18-000012,pzn201710kex1035.htm,yes,2,centered_title|phrase|defined_term_early_termination_payment,,,,
0001399249,0001564590-20-009500,pzn-ex1022_211.htm,uncertain,2,phrase,,,,
0001403256,0001193125-07-225925,dex103.htm,yes,2,centered_title|phrase|defined_term_realized_tax_benefit|defined_term_hypothetical_tax_liability|defined_term_exchange_basis|defined_term_tax_benefit_schedule|defined_term_early_termination_payment|defined_term_basis_adjustment,,,,
0001403256,0001193125-07-240457,dex1012.htm,uncertain,2,phrase,,,,
0001403256,0001193125-07-240457,dex103.htm,yes,2,centered_title|phrase|defined_term_realized_tax_benefit|defined_term_hypothetical_tax_liability|defined_term_exchange_basis|defined_term_tax_benefit_schedule|defined_term_early_termination_payment|defined_term_basis_adjustment,,,,
0001403256,0001193125-08-064885,dex1012.htm,uncertain,2,phrase,,,no,"Centered title 'AMENDED AND RESTATED AGREEMENT OF LIMITED PARTNERSHIP OF OZ ADVISORS LP'; partnership agreement, not a TRA."
0001403256,0001193125-08-064885,dex1013.htm,uncertain,2,phrase,,,,
0001403256,0001193125-08-064885,dex1014.htm,uncertain,2,phrase,,,,
0001403256,0001193125-08-064885,dex1015.htm,uncertain,2,phrase,,,,
0001403256,0001193125-08-064885,dex1016.htm,uncertain,2,phrase,,,,
0001403256,0001193125-08-064885,dex1017.htm,uncertain,2,phrase,,,no,"Centered title 'AMENDED AND RESTATED AGREEMENT OF LIMITED PARTNERSHIP OF OZ MANAGEMENT LP'; a limited partnership agreement, not a TRA."
0001403256,0001193125-08-064885,dex103.htm,yes,2,centered_title|phrase|defined_term_realized_tax_benefit|defined_term_hypothetical_tax_liability|defined_term_exchange_basis|defined_term_tax_benefit_schedule|defined_term_early_termination_payment|defined_term_basis_adjustment,,,,
0001403256,0001193125-08-173599,dex101.htm,uncertain,2,phrase,,,,
0001403256,0001193125-08-173599,dex102.htm,uncertain,2,phrase,,,,
0001403256,0001193125-09-052250,dex103.htm,yes,2,centered_title|phrase|defined_term_realized_tax_benefit|defined_term_hypothetical_tax_liability|defined_term_exchange_basis|defined_term_tax_benefit_schedule|defined_term_early_termination_payment|defined_term_basis_adjustment,,,,
0001403256,0001193125-09-223816,dex101.htm,uncertain,2,phrase,,,,
0001403256,0001193125-09-223816,dex102.htm,uncertain,2,phrase,,,,
0001403256,0001193125-09-223816,dex103.htm,uncertain,2,phrase,,,,
0001403256,0001193125-12-332025,d349832dex103.htm,uncertain,2,phrase,,,,
0001403256,0001193125-12-332025,d349832dex104.htm,uncertain,2,phrase,,,,
0001403256,0001193125-12-332025,d349832dex105.htm,uncertain,2,phrase,,,,
0001403256,0001193125-18-343068,d665930dex101.htm,yes,2,centered_title|phrase,,,,
0001403256,0001193125-19-032705,d696214dex101.htm,uncertain,2,phrase,,,,
0001403256,0001193125-19-032705,d696214dex1010.htm,uncertain,2,phrase,,,,
0001403256,0001193125-19-032705,d696214dex1011.htm,yes,2,centered_title|phrase,,,,
0001403256,0001193125-19-032705,d696214dex1012.htm,uncertain,2,phrase,,,,
0001403256,0001193125-19-032705,d696214dex1013.htm,uncertain,2,phrase,,,no,"Centered title is 'Omnibus Agreement Between James Levin and OZ Management LP, OZ Advisors LP and OZ Advisors II LP' — a partner-agreement amendment, not a Tax Receivable Agreement."
0001403256,0001193125-19-032705,d696214dex1014.htm,uncertain,2,phrase,,,,
0001403256,0001193125-19-032705,d696214dex1015.htm,uncertain,2,phrase,,,,
0001403256,0001193125-19-032705,d696214dex1017.htm,uncertain,2,phrase,,,,
0001403256,0001193125-19-032705,d696214dex102.htm,uncertain,2,phrase,,,,
0001403256,0001193125-19-032705,d696214dex103.htm,uncertain,2,phrase,,,,
0001403256,0001193125-19-032705,d696214dex104.htm,uncertain,2,phrase,,,no,Centered title is 'Distribution Holiday Agreement' (a letter agreement re RSU distribution mechanics); the document only references a separate TRA Amendment in the Exhibit A Consent narrative.
0001403256,0001193125-19-032705,d696214dex105.htm,uncertain,2,phrase,,,,
0001403256,0001193125-19-032705,d696214dex108.htm,uncertain,2,phrase,,,,
0001403256,0001193125-19-032705,d696214dex109.htm,yes,2,centered_title|phrase|defined_term_realized_tax_benefit|defined_term_exchange_basis|defined_term_tax_benefit_schedule|defined_term_early_termination_payment|defined_term_basis_adjustment,,,,
0001403256,0001193125-20-254715,d905861dex101.htm,uncertain,2,phrase,,,,
0001403256,0001403256-15-000082,ozm-10xqx1q2015xex101.htm,uncertain,2,phrase,,,,
0001403256,0001403256-16-000197,ozm10k12312015ex1010.htm,uncertain,2,phrase,,,,
0001403256,0001403256-16-000197,ozm10k12312015ex1011.htm,uncertain,2,phrase,,,no,"Centered title 'AMENDED AND RESTATED AGREEMENT OF LIMITED PARTNERSHIP OF OZ MANAGEMENT LP'; a limited partnership agreement, not a TRA."
0001403256,0001403256-16-000197,ozm10k12312015ex109.htm,uncertain,2,phrase,,,,
0001403256,0001403256-16-000262,exhibit101traamendment.htm,yes,2,centered_title|phrase|defined_term_tax_benefit_schedule|defined_term_early_termination_payment,,,,
0001403256,0001403256-17-000090,a10q1q2017ex106.htm,uncertain,2,phrase,,,,
0001403256,0001403256-17-000090,ozm10q1q2017ex10-5.htm,uncertain,2,phrase,,,,
0001403256,0001403256-17-000090,ozm10q1q2017ex10_4.htm,uncertain,2,phrase,,,,
0001403256,0001403256-18-000023,d529939d8k101.htm,uncertain,2,phrase,,,no,Binding letter agreement on OZ corporate governance arrangements between Och-Ziff and Daniel S. Och; not a TRA.
0001403256,0001403256-18-000053,ozm-10xkx4q2017ex1065.htm,uncertain,2,phrase,,,,
0001403256,0001403256-23-000051,exhibit10891.htm,uncertain,2,phrase,,,,
0001403528,0001193125-11-203631,dex1012.htm,uncertain,2,phrase,,,,
0001403528,0001193125-11-203631,dex1013.htm,uncertain,2,phrase,,,,
0001403528,0001193125-11-276126,d189118dex107.htm,yes,2,centered_title|phrase|defined_term_realized_tax_benefit|defined_term_exchange_basis|defined_term_tax_benefit_schedule|defined_term_early_termination_payment|defined_term_basis_adjustment,,,,
0001403528,0001193125-12-076545,d189118dex1027.htm,uncertain,2,phrase,,,,
0001403528,0001193125-12-141333,d189118dex107.htm,yes,2,centered_title|phrase|defined_term_realized_tax_benefit|defined_term_exchange_basis|defined_term_tax_benefit_schedule|defined_term_early_termination_payment|defined_term_basis_adjustment,,,,
0001403528,0001403528-15-000009,exhibit1020201410k.htm,uncertain,2,phrase,,,,
0001403528,0001403528-15-000009,exhibit1023201410k.htm,uncertain,2,phrase,,,,
0001403528,0001403528-16-000054,exhibit103-formofocghrestr.htm,uncertain,2,phrase,,,,
0001403528,0001403528-17-000019,exhibit1021q17.htm,uncertain,2,phrase,,,no,"Equity Incentive Plan document; TRA only in mixed-case body mentions, not document title."
0001403528,0001403528-18-000009,exhibit1020201710k.htm,uncertain,2,phrase,,,,
0001403528,0001403528-19-000015,exhibit1031q2019.htm,uncertain,2,phrase,,,,
0001403528,0001403528-19-000027,exhibit1033q2019.htm,yes,2,centered_title|phrase|defined_term_realized_tax_benefit|defined_term_exchange_basis|defined_term_tax_benefit_schedule|defined_term_early_termination_payment|defined_term_basis_adjustment,,,,
0001403528,0001403528-23-000028,exh101-amendmenttothirdart.htm,yes,2,centered_title|phrase|defined_term_early_termination_payment,,,,
0001403528,0001403528-24-000019,exh101-amendmenttothirdart.htm,yes,2,centered_title|phrase|defined_term_early_termination_payment,,,,
0001404912,0001047469-08-009276,a2186771zex-10_4.htm,yes,2,centered_title|phrase|defined_term_realized_tax_benefit|defined_term_exchange_basis|defined_term_tax_benefit_schedule|defined_term_early_termination_payment|defined_term_basis_adjustment,,,,
0001404912,0001047469-10-002110,a2197068zex-10_3.htm,uncertain,2,phrase,,,,
0001404912,0001047469-10-002110,a2197068zex-10_4.htm,uncertain,2,phrase,,,,
0001404912,0001047469-10-002110,a2197068zex-10_5.htm,yes,2,centered_title|phrase|defined_term_realized_tax_benefit|defined_term_exchange_basis|defined_term_tax_benefit_schedule|defined_term_early_termination_payment|defined_term_basis_adjustment,,,,
0001404912,0001104659-10-038689,a10-14121_1ex10d3.htm,yes,2,centered_title|phrase|defined_term_realized_tax_benefit|defined_term_exchange_basis|defined_term_tax_benefit_schedule|defined_term_early_termination_payment|defined_term_basis_adjustment,,,,
0001404912,0001140361-21-034251,brhc10029724_ex10-1.htm,uncertain,2,phrase,,,,
0001404912,0001140361-22-021298,ny20004325x5_ex10-1.htm,yes,2,centered_title|phrase,,,,
0001404912,0001140361-22-021298,ny20004325x5_ex10-2.htm,uncertain,2,phrase,,,,
0001404912,0001404912-18-000009,ex10_1.htm,yes,2,centered_title|phrase|defined_term_section_754,,,,
0001408075,0001193125-18-000257,d506041dex101.htm,uncertain,2,phrase,,,,
0001408075,0001193125-18-000257,d506041dex102.htm,uncertain,2,phrase,,,,
0001408075,0001193125-18-000257,d506041dex104.htm,yes,2,centered_title|phrase|defined_term_early_termination_payment|defined_term_basis_adjustment|defined_term_section_754,,,,
0001408075,0001193125-20-015977,d836674dex101.htm,uncertain,2,phrase|defined_term_basis_adjustment,,,,
0001408075,0001193125-20-215087,d92307dex101.htm,uncertain,2,phrase|defined_term_basis_adjustment,,,,
0001408075,0001193125-21-043320,d110109dex101.htm,uncertain,2,phrase|defined_term_basis_adjustment,,,no,"Centered title is 'CONSENT AND WAIVER AGREEMENT' among International Paper and Graphic Packaging entities, not a Tax Receivable Agreement."
0001408075,0001193125-21-166868,d138872dex101.htm,uncertain,2,phrase,,,,
0001410637,0000950123-08-009061,y64250exv10w1.htm,uncertain,2,phrase,,,,
0001410637,0000950123-08-009061,y64250exv10w2.htm,yes,2,centered_title|phrase|defined_term_realized_tax_benefit|defined_term_hypothetical_tax_liability|defined_term_exchange_basis|defined_term_tax_benefit_schedule|defined_term_early_termination_payment|defined_term_basis_adjustment,,,,
0001410637,0000950136-07-007117,file6.htm,yes,2,centered_title|phrase|defined_term_realized_tax_benefit|defined_term_hypothetical_tax_liability|defined_term_exchange_basis|defined_term_tax_benefit_schedule|defined_term_early_termination_payment|defined_term_basis_adjustment,,,,
0001410637,0000950136-08-003066,file3.htm,yes,2,centered_title|phrase|defined_term_realized_tax_benefit|defined_term_hypothetical_tax_liability|defined_term_exchange_basis|defined_term_tax_benefit_schedule|defined_term_early_termination_payment|defined_term_basis_adjustment,,,,
0001411494,0000950142-20-001846,eh2000979_ex1001.htm,uncertain,2,phrase,,,,
0001411494,0001193125-08-174812,dex1012.htm,yes,2,centered_title|phrase|defined_term_realized_tax_benefit|defined_term_exchange_basis|defined_term_tax_benefit_schedule|defined_term_early_termination_payment|defined_term_basis_adjustment,,,,
0001411494,0001193125-08-174812,dex102.htm,uncertain,2,phrase,,,no,"Centered title 'AMENDED AND RESTATED LIMITED PARTNERSHIP AGREEMENT OF APOLLO PRINCIPAL HOLDINGS I, L.P.'; not a TRA."
0001411494,0001193125-08-174812,dex103.htm,uncertain,2,phrase,,,,
0001411494,0001193125-08-174812,dex104.htm,uncertain,2,phrase,,,,
0001411494,0001193125-08-174812,dex105.htm,uncertain,2,phrase,,,no,"Centered title 'AMENDED AND RESTATED EXEMPTED LIMITED PARTNERSHIP AGREEMENT OF APOLLO PRINCIPAL HOLDINGS IV, L.P.'; not a TRA."
0001411494,0001193125-08-174812,dex109.htm,uncertain,2,phrase,,,,
0001411494,0001193125-09-239721,dex1023.htm,uncertain,2,phrase,,,,
0001411494,0001193125-09-239721,dex1024.htm,uncertain,2,phrase,,,,
0001411494,0001193125-09-239721,dex1025.htm,uncertain,2,phrase,,,,
0001411494,0001193125-09-239721,dex104.htm,uncertain,2,phrase,,,,
0001411494,0001193125-10-225955,dex102.htm,uncertain,2,phrase,,,,
0001411494,0001193125-10-225955,dex1020.htm,uncertain,2,phrase,,,,
0001411494,0001193125-10-225955,dex1021.htm,uncertain,2,phrase,,,,
0001411494,0001193125-10-225955,dex1022.htm,uncertain,2,phrase,,,no,"Centered title 'SECOND AMENDED AND RESTATED EXEMPTED LIMITED PARTNERSHIP AGREEMENT OF APOLLO PRINCIPAL HOLDINGS VII, L.P.'; not a TRA."
0001411494,0001193125-10-225955,dex1023.htm,uncertain,2,phrase,,,no,"Centered title is 'SECOND AMENDED AND RESTATED EXEMPTED LIMITED PARTNERSHIP AGREEMENT OF APOLLO PRINCIPAL HOLDINGS VIII, L.P.'; partnership agreement, not a TRA."
0001411494,0001193125-10-225955,dex1024.htm,uncertain,2,phrase,,,,
0001411494,0001193125-10-225955,dex1025.htm,uncertain,2,phrase,,,,
0001411494,0001193125-10-225955,dex103.htm,uncertain,2,phrase,,,,
0001411494,0001193125-10-225955,dex1036.htm,uncertain,2,phrase|defined_term_tax_benefit_schedule,,,,
0001411494,0001193125-10-225955,dex104.htm,uncertain,2,phrase,,,,
0001411494,0001193125-10-225955,dex105.htm,uncertain,2,phrase,,,,
0001411494,0001193125-11-071959,dex1030.htm,uncertain,2,phrase,,,,
0001411494,0001193125-12-470963,d410610dex1046.htm,uncertain,2,phrase,,,no,"Centered title 'AMENDED AND RESTATED EXEMPTED LIMITED PARTNERSHIP AGREEMENT OF AMH HOLDINGS, L.P.'; partnership agreement, not a TRA."
0001411494,0001193125-13-204748,d532543dex101.htm,uncertain,2,phrase,,,,
0001411494,0001193125-13-204748,d532543dex102.htm,yes,2,centered_title|phrase|defined_term_realized_tax_benefit|defined_term_exchange_basis|defined_term_tax_benefit_schedule|defined_term_early_termination_payment|defined_term_basis_adjustment,,,,
0001411494,0001411494-14-000012,ex1050amh2013creditagreeme.htm,uncertain,2,phrase|defined_term_tax_asset,,,,
0001411494,0001411494-14-000021,exhibit1011q114.htm,uncertain,2,phrase,,,,
0001411494,0001411494-15-000013,exhibit1019-apolloprincipa.htm,uncertain,2,phrase,,,no,Apollo Principal Holdings limited partnership / indemnification-type agreement; no 'Receivable Agreement' text and no TRA defined terms.
0001411494,0001411494-15-000019,a1038secondarlpa-amhholdin.htm,uncertain,2,phrase,,,,
0001411494,0001411494-16-000038,exhibit1020q116.htm,uncertain,2,phrase,,,,
0001411494,0001411494-16-000038,exhibit109q116.htm,uncertain,2,phrase,,,,
0001411494,0001411494-16-000043,exhibit10102q16.htm,yes,2,centered_title|phrase|defined_term_realized_tax_benefit|defined_term_exchange_basis|defined_term_tax_benefit_schedule|defined_term_early_termination_payment|defined_term_basis_adjustment,,,,
0001411494,0001411494-17-000020,exhibit1014q117.htm,uncertain,2,phrase,,,no,"Centered title 'AMENDED AND RESTATED LIMITED PARTNERSHIP AGREEMENT' of Apollo Principal Holdings; partnership mechanics, not a TRA."
0001411494,0001411494-17-000020,exhibit1015q117.htm,uncertain,2,phrase,,,,
0001411494,0001411494-17-000020,exhibit1016q117.htm,uncertain,2,phrase,,,no,"Centered title 'THIRD AMENDED AND RESTATED EXEMPTED LIMITED PARTNERSHIP AGREEMENT'; partnership mechanics, not a TRA."
0001411494,0001411494-17-000020,exhibit1017q117.htm,uncertain,2,phrase,,,,
0001411494,0001411494-17-000020,exhibit1018q117.htm,uncertain,2,phrase,,,no,"Centered title 'THIRD AMENDED AND RESTATED EXEMPTED LIMITED PARTNERSHIP AGREEMENT'; Up-C operating-entity partnership agreement, not a TRA."
0001411494,0001411494-17-000020,exhibit1019q117.htm,uncertain,2,phrase,,,,
0001411494,0001411494-17-000020,exhibit1020q117.htm,uncertain,2,phrase,,,,
0001411494,0001411494-17-000020,exhibit1021q117.htm,uncertain,2,phrase,,,,
0001411494,0001411494-17-000020,exhibit102q117.htm,uncertain,2,phrase,,,,
0001411494,0001411494-17-000020,exhibit1038q117.htm,uncertain,2,phrase,,,no,"Centered title 'THIRD AMENDED AND RESTATED EXEMPTED LIMITED PARTNERSHIP AGREEMENT'; partnership mechanics, TRA only incidental cross-reference."
0001411494,0001411494-17-000020,exhibit103q117.htm,uncertain,2,phrase,,,,
0001411494,0001411494-17-000020,exhibit104q117.htm,uncertain,2,phrase,,,no,"Centered title is 'Fourth Amended and Restated Exempted Limited Partnership Agreement of Apollo Principal Holdings III'; partnership agreement, not a TRA."
0001411494,0001411494-17-000020,exhibit105q117.htm,uncertain,2,phrase,,,,
0001411494,0001411494-17-000020,exhibit109q117.htm,uncertain,2,phrase,,,,
0001411494,0001411494-18-000035,exhibit1014.htm,uncertain,2,phrase,,,no,"Centered title 'AMENDMENT NO. 2 TO CREDIT AGREEMENT'; credit-agreement amendment, not a TRA."
0001411494,0001411494-18-000035,exhibit1015.htm,uncertain,2,phrase,,,no,"Centered title 'FIFTH AMENDED AND RESTATED EXEMPTED LIMITED PARTNERSHIP AGREEMENT' of Apollo Principal Holdings VI, L.P.; a partnership agreement, not a TRA."
0001411494,0001411494-18-000035,exhibit1016.htm,uncertain,2,phrase,,,,
0001411494,0001411494-18-000035,exhibit1017.htm,uncertain,2,phrase,,,,
0001411494,0001411494-18-000035,exhibit1018.htm,uncertain,2,phrase,,,no,"Centered title 'FOURTH AMENDED AND RESTATED EXEMPTED LIMITED PARTNERSHIP AGREEMENT'; partnership-governance contract, TRA only in passing."
0001411494,0001411494-18-000035,exhibit1019.htm,uncertain,2,phrase,,,no,Indemnification agreement; passing reference to TRA among related transaction docs; not itself a TRA.
0001411494,0001411494-18-000035,exhibit102.htm,uncertain,2,phrase,,,,
0001411494,0001411494-18-000035,exhibit1020.htm,uncertain,2,phrase,,,,
0001411494,0001411494-18-000035,exhibit1021.htm,uncertain,2,phrase,,,,
0001411494,0001411494-18-000035,exhibit103.htm,uncertain,2,phrase,,,,
0001411494,0001411494-18-000035,exhibit1039.htm,uncertain,2,phrase,,,no,Document is a 'Fourth Amended and Restated Exempted Limited Partnership Agreement' that mentions the TRA only twice as a referenced definition; no TRA defined terms.
0001411494,0001411494-18-000035,exhibit104.htm,uncertain,2,phrase,,,,
0001411494,0001411494-18-000035,exhibit1049.htm,uncertain,2,phrase|defined_term_tax_asset,,,,
0001411494,0001411494-18-000035,exhibit105.htm,uncertain,2,phrase,,,,
0001411494,0001411494-19-000016,exhibit1044q418.htm,uncertain,2,phrase,,,,
0001411494,0001411494-20-000034,exhibit103q220.htm,uncertain,2,phrase,,,,
0001411494,0001411494-20-000034,exhibit104q220.htm,uncertain,2,phrase,,,,
0001411494,0001411494-20-000034,exhibit105q220.htm,uncertain,2,phrase,,,,
0001411494,0001411494-21-000012,exhibit1098q42020.htm,uncertain,2,phrase|defined_term_tax_asset,,,,
0001411494,0001411494-21-000023,exhibit103.htm,uncertain,2,phrase,,,,
0001411494,0001411494-22-000014,exhibit1051.htm,uncertain,2,phrase,,,,
0001411494,0001411494-22-000014,exhibit1054.htm,uncertain,2,phrase,,,,
0001411494,0001411494-22-000014,exhibit1088.htm,uncertain,2,phrase|defined_term_tax_asset,,,,
0001411494,0001411494-22-000022,exhibit1010q12022aam-new.htm,yes,2,centered_title|phrase|defined_term_early_termination_payment,,,,
0001411646,0000893220-08-000061,w45617a3exv10w3.htm,uncertain,2,phrase,,,,
0001411646,0000893220-08-000061,w45617a3exv10w9.htm,yes,2,centered_title|phrase|defined_term_realized_tax_benefit|defined_term_hypothetical_tax_liability|defined_term_exchange_basis|defined_term_tax_benefit_schedule|defined_term_early_termination_payment|defined_term_basis_adjustment,,,,
0001412232,0001193125-14-343639,d743251dex1055.htm,yes,2,centered_title|phrase|defined_term_realized_tax_benefit|defined_term_tax_benefit_schedule|defined_term_early_termination_payment,,,,
0001412232,0001193125-14-365676,d800923dex103.htm,yes,2,centered_title|phrase|defined_term_realized_tax_benefit|defined_term_tax_benefit_schedule|defined_term_early_termination_payment,,,,
0001412232,0001193125-17-160891,d360368dex102.htm,uncertain,2,phrase|defined_term_early_termination_payment,,,,
0001412232,0001193125-17-160892,d360368dex102.htm,uncertain,2,phrase|defined_term_early_termination_payment,,,,
0001412232,0001412232-15-000030,a2015-09x28form8xkcex101.htm,no,2,,,,,
0001412232,0001412232-17-000008,a2016q4form10-kex108.htm,no,2,,,,,
0001419178,0000950103-09-002140,dp14551_ex1004.htm,yes,2,centered_title|phrase|defined_term_realized_tax_benefit|defined_term_hypothetical_tax_liability|defined_term_exchange_basis|defined_term_tax_benefit_schedule|defined_term_early_termination_payment|defined_term_basis_adjustment,,,,
0001419178,0000950103-10-001534,dp17739_ex1001.htm,uncertain,2,phrase,,,,
0001419178,0000950103-13-001115,dp36269_ex1001.htm,yes,2,centered_title|phrase|defined_term_realized_tax_benefit|defined_term_hypothetical_tax_liability|defined_term_exchange_basis|defined_term_tax_benefit_schedule|defined_term_early_termination_payment|defined_term_basis_adjustment,,,,
0001419178,0000950103-13-001116,dp36269_ex1001.htm,yes,2,centered_title|phrase|defined_term_realized_tax_benefit|defined_term_hypothetical_tax_liability|defined_term_exchange_basis|defined_term_tax_benefit_schedule|defined_term_early_termination_payment|defined_term_basis_adjustment,,,,
0001419178,0000950123-09-041793,y77426a7exv10w1.htm,uncertain,2,phrase,,,,
0001419178,0000950123-09-041793,y77426a7exv10w3.htm,uncertain,2,phrase,,,,
0001420750,0001193125-07-267402,dex103.htm,uncertain,2,phrase|defined_term_tax_asset,,,,
0001423902,0001423902-25-000063,wes2025q28-kxex102.htm,yes,2,centered_title|phrase|defined_term_early_termination_payment,,,,
0001433642,0001433642-16-000021,filename4.htm,uncertain,2,phrase,,,,
0001433642,0001433642-16-000021,filename5.htm,yes,2,centered_title|phrase|defined_term_realized_tax_benefit|defined_term_hypothetical_tax_liability|defined_term_exchange_basis|defined_term_tax_benefit_schedule|defined_term_early_termination_payment|defined_term_basis_adjustment,,,,
0001433642,0001433642-16-000021,filename6.htm,uncertain,2,phrase,,,no,Centered title is 'FORM OF EXCHANGE AGREEMENT' with Article II titled 'EXCHANGES'; TRA named only in cross-references.
0001433642,0001433642-17-000002,filename3.htm,uncertain,2,phrase,,,no,Centered title is 'EXCHANGE AGREEMENT' with no occurrences of 'TAX RECEIVABLE AGREEMENT' or TRA defined terms in the body.
0001433642,0001433642-17-000008,hlexhibit101.htm,uncertain,2,phrase,,,,
0001433642,0001433642-17-000008,hlexhibit102.htm,yes,2,centered_title|phrase|defined_term_realized_tax_benefit|defined_term_hypothetical_tax_liability|defined_term_exchange_basis|defined_term_tax_benefit_schedule|defined_term_early_termination_payment|defined_term_basis_adjustment,,,,
0001433642,0001433642-17-000008,hlexhibit103.htm,uncertain,2,phrase,,,,
0001433642,0001433642-17-000016,hlexhibit101.htm,uncertain,2,phrase,,,,
0001433642,0001433642-17-000016,hlexhibit102.htm,yes,2,centered_title|phrase|defined_term_realized_tax_benefit|defined_term_hypothetical_tax_liability|defined_term_exchange_basis|defined_term_tax_benefit_schedule|defined_term_early_termination_payment|defined_term_basis_adjustment,,,,
0001433642,0001433642-17-000016,hlexhibit103.htm,uncertain,2,phrase,,,,
0001433642,0001433642-17-000020,hlexhibit101.htm,uncertain,2,phrase,,,,
0001433642,0001433642-17-000035,hlexhibit101.htm,uncertain,2,phrase,,,,
0001433642,0001433642-17-000035,hlexhibit102.htm,yes,2,centered_title|phrase|defined_term_realized_tax_benefit|defined_term_hypothetical_tax_liability|defined_term_exchange_basis|defined_term_tax_benefit_schedule|defined_term_early_termination_payment|defined_term_basis_adjustment,,,,
0001433642,0001433642-17-000035,hlexhibit103.htm,uncertain,2,phrase,,,,
0001433642,0001433642-18-000011,hlnes-1ex1022018.htm,uncertain,2,phrase,,,,
0001433642,0001433642-18-000038,exhibit10310k2018.htm,uncertain,2,phrase,,,no,"Centered title 'AMENDMENT No. 2 TO THE FOURTH AMENDED AND RESTATED LIMITED LIABILITY COMPANY AGREEMENT OF HAMILTON LANE ADVISORS, L.L.C.'; TRA named only as a parenthetical reference."
0001433642,0001433642-21-000005,amendmentno1tothetaxreceiv.htm,yes,2,centered_title|phrase|defined_term_early_termination_payment,,,,
0001433642,0001433642-23-000051,amendmentno3tohlallcagreem.htm,uncertain,2,phrase,,,no,"Centered title 'AMENDMENT No. 3 TO THE FOURTH AMENDED AND RESTATED LIMITED LIABILITY COMPANY AGREEMENT OF HAMILTON LANE ADVISORS, L.L.C.'; LLC amendment, TRA referenced only in passing."
0001433642,0001433642-24-000110,ex101-hamiltonlanexnotepur.htm,no,2,,,,,
0001434804,0001047469-10-007630,a2199507zex-10_33.htm,uncertain,2,phrase|defined_term_basis_adjustment,,,,
0001434804,0001047469-10-007630,a2199507zex-10_34.htm,yes,2,centered_title|phrase|defined_term_realized_tax_benefit|defined_term_hypothetical_tax_liability|defined_term_exchange_basis|defined_term_tax_benefit_schedule|defined_term_early_termination_payment|defined_term_basis_adjustment,,,,
0001434804,0001047469-10-007630,a2199507zex-10_47.htm,uncertain,2,phrase,,,,
0001434804,0001047469-10-008574,a2200305zex-10_33.htm,uncertain,2,phrase|defined_term_basis_adjustment,,,,
0001434804,0001047469-10-008574,a2200305zex-10_34.htm,yes,2,centered_title|phrase|defined_term_realized_tax_benefit|defined_term_hypothetical_tax_liability|defined_term_exchange_basis|defined_term_tax_benefit_schedule|defined_term_early_termination_payment|defined_term_basis_adjustment,,,,
0001437107,0001193125-21-167834,d68084dex107.htm,yes,2,centered_title|phrase|defined_term_early_termination_payment,,,,
0001439288,0001104659-21-025773,tm216920d2_ex10-1.htm,uncertain,2,phrase,,,,
0001441849,0001047469-09-009188,a2194979zex-10_25.htm,uncertain,2,phrase,,,,
0001441849,0001047469-09-009188,a2194979zex-10_26.htm,uncertain,2,phrase,,,no,Centered title is 'ACQUISITION AGREEMENT' between Cloud Peak Energy and Rio Tinto Energy America; the TRA is named only as one of the Transaction Documents to be entered into concurrently.
0001441849,0001047469-09-009188,a2194979zex-10_31.htm,yes,2,centered_title|phrase|defined_term_realized_tax_benefit|defined_term_exchange_basis|defined_term_tax_benefit_schedule|defined_term_early_termination_payment|defined_term_basis_adjustment,,,,
0001441849,0001047469-09-009409,a2195113zex-10_21.htm,uncertain,2,phrase,,,,
0001441849,0001047469-09-010170,a2195519zex-10_21.htm,uncertain,2,phrase,,,,
0001441849,0001047469-09-010170,a2195519zex-10_25.htm,uncertain,2,phrase,,,,
0001441849,0001047469-09-010170,a2195519zex-10_31.htm,yes,2,centered_title|phrase|defined_term_realized_tax_benefit|defined_term_hypothetical_tax_liability|defined_term_exchange_basis|defined_term_tax_benefit_schedule|defined_term_early_termination_payment|defined_term_basis_adjustment,,,,
0001441849,0001047469-09-010170,a2195519zex-10_41.htm,uncertain,2,phrase|defined_term_basis_adjustment,,,,
0001441849,0001104659-09-067108,a09-34217_1ex10d1.htm,uncertain,2,phrase,,,,
0001441849,0001104659-09-067108,a09-34217_1ex10d11.htm,yes,2,centered_title|phrase|defined_term_realized_tax_benefit|defined_term_hypothetical_tax_liability|defined_term_exchange_basis|defined_term_tax_benefit_schedule|defined_term_early_termination_payment|defined_term_basis_adjustment,,,,
0001441849,0001104659-09-067108,a09-34217_1ex10d5.htm,uncertain,2,phrase,,,,
0001441849,0001104659-09-067108,a09-34217_1ex10d6.htm,uncertain,2,phrase,,,no,Centered title 'ACQUISITION AGREEMENT' (Cloud Peak Energy and RTEA); TRA only named as one of several Transaction Documents.
0001441849,0001104659-09-068212,a09-34573_1ex10d1.htm,uncertain,2,phrase|defined_term_basis_adjustment,,,no,"Centered title 'CREDIT AGREEMENT' dated November 25, 2009 (Cloud Peak Energy Resources LLC and lenders); not a TRA."
0001441849,0001104659-11-033353,a11-13357_1ex10d1.htm,uncertain,2,phrase,,,,
0001441849,0001104659-11-033623,a11-13357_1ex10d1.htm,uncertain,2,phrase,,,no,Centered title 'AMENDED AND RESTATED CREDIT AGREEMENT' (Cloud Peak Energy Resources LLC and lenders); not a TRA.
0001441849,0001104659-13-009812,a13-4543_3ex10d1.htm,uncertain,2,phrase,,,no,"Centered title 'RECEIVABLES PURCHASE AGREEMENT' (Cloud Peak Energy Receivables LLC and PNC Bank); A/R securitization, not a TRA."
0001441849,0001104659-14-012290,a14-6464_1ex10d1.htm,uncertain,2,phrase,,,,
0001441849,0001104659-14-062137,a14-19281_1ex10d1.htm,uncertain,2,phrase,,,,
0001441849,0001104659-17-005565,a17-3547_1ex10d1.htm,no,2,,,,,
0001441849,0001104659-19-030120,a19-10016_1ex10d1.htm,no,2,,,,,
0001444598,0000950123-09-021018,y01809a3exv10w6.htm,uncertain,2,phrase,,,no,"Centered title 'AGREEMENT AND PLAN OF MERGER' (Emdeon, Sub 1, EBS Acquisition II); TRA only as a parallel agreement."
0001444598,0000950123-09-021018,y01809a3exv10w7.htm,uncertain,2,phrase,,,,
0001444598,0000950123-09-021018,y01809a3exv10w9.htm,uncertain,2,phrase,,,no,Centered title 'REORGANIZATION AGREEMENT' (2009); not a TRA.
0001444598,0000950123-09-025946,y01809a4exv10w24.htm,uncertain,2,phrase,,,,
0001444598,0000950123-09-025946,y01809a4exv10w3.htm,yes,2,centered_title|phrase|defined_term_realized_tax_benefit|defined_term_hypothetical_tax_liability|defined_term_exchange_basis|defined_term_tax_benefit_schedule|defined_term_early_termination_payment|defined_term_basis_adjustment,,,,
0001444598,0000950123-09-025946,y01809a4exv10w4.htm,yes,2,centered_title|phrase|defined_term_realized_tax_benefit|defined_term_hypothetical_tax_liability|defined_term_tax_benefit_schedule|defined_term_early_termination_payment|defined_term_basis_adjustment,,,,
0001444598,0000950123-09-025946,y01809a4exv10w5.htm,yes,2,centered_title|phrase|defined_term_realized_tax_benefit|defined_term_hypothetical_tax_liability|defined_term_exchange_basis|defined_term_tax_benefit_schedule|defined_term_early_termination_payment|defined_term_basis_adjustment,,,,
0001444598,0000950123-09-025946,y01809a4exv10w8.htm,uncertain,2,phrase|defined_term_basis_adjustment,,,,
0001444598,0000950123-09-025946,y01809a4exv10w9.htm,uncertain,2,phrase,,,,
0001444598,0000950123-09-035841,y02127exv10w1.htm,uncertain,2,phrase,,,,
0001444598,0000950123-09-035841,y02127exv10w3.htm,uncertain,2,phrase|defined_term_basis_adjustment|defined_term_section_754,,,,
0001444598,0000950123-09-035841,y02127exv10w4.htm,yes,2,centered_title|phrase|defined_term_realized_tax_benefit|defined_term_hypothetical_tax_liability|defined_term_exchange_basis|defined_term_tax_benefit_schedule|defined_term_early_termination_payment|defined_term_basis_adjustment,,,,
0001444598,0000950123-09-035841,y02127exv10w5.htm,yes,2,centered_title|phrase|defined_term_realized_tax_benefit|defined_term_hypothetical_tax_liability|defined_term_tax_benefit_schedule|defined_term_early_termination_payment|defined_term_basis_adjustment,,,,
0001444598,0000950123-09-035841,y02127exv10w6.htm,yes,2,centered_title|phrase|defined_term_realized_tax_benefit|defined_term_hypothetical_tax_liability|defined_term_exchange_basis|defined_term_tax_benefit_schedule|defined_term_early_termination_payment|defined_term_basis_adjustment,,,,
0001444598,0000950123-09-035841,y02127exv10w7.htm,uncertain,2,phrase,,,,
0001444598,0000950123-09-035841,y02127exv10w8.htm,uncertain,2,phrase,,,,
0001444598,0001193125-13-173718,d528235dex101.htm,uncertain,2,phrase,,,no,"Centered title 'AMENDMENT NO. 2' to a Credit Agreement (Beagle Intermediate, Emdeon); TRA only carve-out from debt definitions."
0001444598,0001193125-14-102710,d691102dex1015.htm,uncertain,2,phrase,,,,
0001444598,0001193125-16-503653,d152055dex1016.htm,uncertain,2,phrase,,,,
0001444598,0001193125-16-715948,d257456dex101.htm,uncertain,2,phrase,,,no,Centered title 'AMENDMENT NO. 5' to a Credit Agreement (Change Healthcare entities); not a TRA.
0001445049,0001193125-15-322554,d13208dex10a.htm,uncertain,2,phrase,,,no,Centered title 'AMENDED & RESTATED PLAN SUPPORT AGREEMENT' (Energy Future Holdings Chapter 11 restructuring); not a TRA.
0001456772,0001104659-15-043973,a15-13684_1ex10d1.htm,uncertain,2,phrase,,,,
0001464790,0001464790-25-000011,exhibit1039greatamericanho.htm,no,2,,,,,
0001464963,0001193125-17-373640,d506220dex101.htm,no,2,,,,,
0001464963,0001193125-19-092652,d612175dex101.htm,no,2,,,,,
0001464963,0001193125-20-108085,d915429dex101.htm,no,2,,,,,
0001474299,0001047469-09-010134,a2195356zex-10_1.htm,yes,2,centered_title|phrase|defined_term_realized_tax_benefit|defined_term_hypothetical_tax_liability|defined_term_exchange_basis|defined_term_tax_benefit_schedule|defined_term_early_termination_payment|defined_term_basis_adjustment,,,,
0001474299,0001047469-09-010134,a2195356zex-10_3.htm,uncertain,2,phrase,,,no,Centered title 'FORM OF EXCHANGE AGREEMENT' governing NBP LLC unit exchanges for Class A Common Stock; not a TRA.
0001474299,0001047469-09-010506,a2195596zex-10_9g.htm,uncertain,2,phrase,,,,
0001474299,0001047469-10-007645,a2198786zex-10_1.htm,yes,2,centered_title|phrase|defined_term_realized_tax_benefit|defined_term_hypothetical_tax_liability|defined_term_exchange_basis|defined_term_tax_benefit_schedule|defined_term_early_termination_payment|defined_term_basis_adjustment,,,,
0001474299,0001047469-10-007645,a2198786zex-10_3.htm,uncertain,2,phrase,,,,
0001474315,0001193125-09-249412,dex101.htm,uncertain,2,phrase,,,,
0001474315,0001193125-09-249412,dex102.htm,uncertain,2,phrase,,,no,Centered title 'EXCHANGE AGREEMENT' (Imperial Capital Group entities); not a TRA.
0001474315,0001193125-09-249412,dex103.htm,yes,2,centered_title|phrase|defined_term_realized_tax_benefit|defined_term_hypothetical_tax_liability|defined_term_exchange_basis|defined_term_tax_benefit_schedule|defined_term_early_termination_payment|defined_term_basis_adjustment,,,,
0001474315,0001193125-09-249412,dex105.htm,uncertain,2,phrase,,,,
0001474315,0001193125-09-249412,dex106.htm,uncertain,2,phrase|defined_term_basis_adjustment,,,,
0001474315,0001193125-10-014389,dex101.htm,uncertain,2,phrase,,,,
0001474315,0001193125-10-014389,dex102.htm,uncertain,2,phrase,,,,
0001474315,0001193125-10-014389,dex103.htm,yes,2,centered_title|phrase|defined_term_realized_tax_benefit|defined_term_hypothetical_tax_liability|defined_term_exchange_basis|defined_term_tax_benefit_schedule|defined_term_early_termination_payment|defined_term_basis_adjustment,,,,
0001474315,0001193125-10-014389,dex105.htm,uncertain,2,phrase,,,,
0001474315,0001193125-10-014389,dex106.htm,uncertain,2,phrase|defined_term_basis_adjustment,,,,
0001476719,0000950123-11-048961,w82761exv10w1.htm,uncertain,2,phrase,,,,
0001476719,0000950123-11-048961,w82761exv10w25.htm,yes,2,centered_title|phrase|defined_term_realized_tax_benefit|defined_term_exchange_basis|defined_term_early_termination_payment|defined_term_basis_adjustment,,,,
0001476719,0000950123-11-099179,c24828exv10w1.htm,uncertain,2,phrase,,,no,Centered title 'EMPLOYMENT AGREEMENT' (Crumbs Bake Shop and an executive); TRA only named as an Ancillary Document.
0001476719,0000950123-11-099179,c24828exv10w5.htm,uncertain,2,phrase,,,,
0001476719,0001144204-13-024860,v343163_ex10-1.htm,uncertain,2,phrase,,,,
0001476719,0001144204-14-003931,v366025_ex10-1.htm,uncertain,2,phrase,,,,
0001478085,0001193125-10-011050,dex1031.htm,yes,2,centered_title|phrase|defined_term_realized_tax_benefit|defined_term_tax_benefit_schedule|defined_term_early_termination_payment|defined_term_basis_adjustment|defined_term_section_754,,,,
0001478085,0001193125-10-011050,dex1032.htm,yes,2,centered_title|phrase|defined_term_realized_tax_benefit|defined_term_tax_benefit_schedule|defined_term_early_termination_payment|defined_term_basis_adjustment,,,,
0001478085,0001193125-10-033343,dex103.htm,yes,2,centered_title|phrase|defined_term_realized_tax_benefit|defined_term_tax_benefit_schedule|defined_term_early_termination_payment|defined_term_basis_adjustment,,,,
0001478085,0001193125-10-033343,dex104.htm,yes,2,centered_title|phrase|defined_term_realized_tax_benefit|defined_term_tax_benefit_schedule|defined_term_early_termination_payment|defined_term_basis_adjustment|defined_term_section_754,,,,
0001479426,0001047469-10-002497,a2196980zex-10_1.htm,uncertain,2,phrase,,,,
0001479426,0001047469-10-002497,a2196980zex-10_3.htm,yes,2,centered_title|phrase|defined_term_realized_tax_benefit|defined_term_hypothetical_tax_liability|defined_term_exchange_basis|defined_term_tax_benefit_schedule|defined_term_early_termination_payment|defined_term_basis_adjustment,,,,
0001479426,0001047469-10-003510,a2197494zex-10_1.htm,uncertain,2,phrase,,,no,Centered title 'THIRD AMENDED AND RESTATED LIMITED LIABILITY COMPANY AGREEMENT' of DynaVox Systems Holdings LLC; not a TRA.
0001479426,0001047469-10-003510,a2197494zex-10_3.htm,yes,2,centered_title|phrase|defined_term_realized_tax_benefit|defined_term_hypothetical_tax_liability|defined_term_exchange_basis|defined_term_tax_benefit_schedule|defined_term_early_termination_payment|defined_term_basis_adjustment,,,,
0001479426,0001047469-10-004266,a2198285zex-10_1.htm,uncertain,2,phrase,,,,
0001479426,0001047469-10-004266,a2198285zex-10_3.htm,yes,2,centered_title|phrase|defined_term_realized_tax_benefit|defined_term_hypothetical_tax_liability|defined_term_exchange_basis|defined_term_tax_benefit_schedule|defined_term_early_termination_payment|defined_term_basis_adjustment,,,,
0001483321,0001193125-10-230177,dex104.htm,yes,2,centered_title|phrase|defined_term_realized_tax_benefit|defined_term_hypothetical_tax_liability|defined_term_exchange_basis|defined_term_tax_benefit_schedule|defined_term_early_termination_payment|defined_term_basis_adjustment,,,,
0001483321,0001193125-10-262879,dex104.htm,yes,2,centered_title|phrase|defined_term_realized_tax_benefit|defined_term_hypothetical_tax_liability|defined_term_exchange_basis|defined_term_tax_benefit_schedule|defined_term_early_termination_payment|defined_term_basis_adjustment,,,,
0001484769,0001493152-25-020163,ex10-2.htm,uncertain,2,phrase|defined_term_hypothetical_tax_liability|defined_term_tax_benefit_schedule|defined_term_early_termination_payment|defined_term_basis_adjustment|defined_term_section_754,,,,
0001484769,0001493152-25-020163,ex10-3.htm,uncertain,2,phrase,,,,
0001488139,0001628280-26-034108,celtic-llcaexecutionvers.htm,uncertain,2,phrase,,,no,"Centered title 'AMENDED AND RESTATED LIMITED LIABILITY COMPANY AGREEMENT OF NEOGENYX FUELS LLC'; LLC agreement, not a TRA."
0001490304,0000950123-10-065576,g22658a2exv10w5.htm,uncertain,2,phrase,,,,
0001490304,0000950123-10-070973,g22658a3exv10w5.htm,uncertain,2,phrase,,,,
0001490304,0000950123-10-080006,g22658a4exv10w5.htm,uncertain,2,phrase,,,,
0001490304,0000950123-10-095354,g22658a5exv10w2.htm,yes,2,centered_title|phrase|defined_term_realized_tax_benefit|defined_term_hypothetical_tax_liability|defined_term_tax_benefit_schedule|defined_term_early_termination_payment|defined_term_basis_adjustment,,,,
0001490304,0000950123-10-095354,g22658a5exv10w4.htm,uncertain,2,phrase,,,,
0001490304,0000950123-10-106744,g22658a6exv10w4.htm,uncertain,2,phrase,,,,
0001490978,0001490978-24-000072,sdgr-20240630xex1032022pla.htm,uncertain,2,phrase,,,,
0001497350,0001193125-16-614409,d156892dex1026.htm,yes,2,centered_title|phrase|defined_term_realized_tax_benefit|defined_term_hypothetical_tax_liability|defined_term_early_termination_payment|defined_term_tax_asset,,,,
0001497350,0001193125-16-614409,d156892dex1027.htm,uncertain,2,phrase|defined_term_early_termination_payment|defined_term_tax_asset,,,,
0001498068,0001047469-16-010499,a2226835zex-10_24.htm,yes,2,centered_title|phrase|defined_term_realized_tax_benefit|defined_term_hypothetical_tax_liability|defined_term_tax_benefit_schedule|defined_term_early_termination_payment,,,,
0001498068,0001047469-16-012011,a2228035zex-10_2.htm,uncertain,2,phrase,,,,
0001498068,0001047469-16-012011,a2228035zex-10_24.htm,yes,2,centered_title|phrase|defined_term_realized_tax_benefit|defined_term_hypothetical_tax_liability|defined_term_tax_benefit_schedule|defined_term_early_termination_payment,,,,
0001498068,0001104659-16-114271,a16-9415_1ex10d3.htm,yes,2,centered_title|phrase|defined_term_realized_tax_benefit|defined_term_hypothetical_tax_liability|defined_term_tax_benefit_schedule|defined_term_early_termination_payment,,,,
0001498068,0001104659-16-114271,a16-9415_1ex10d4.htm,uncertain,2,phrase,,,,
0001498068,0001498068-17-000071,ara-6302017xex102.htm,no,2,,,,,
0001498068,0001498068-19-000032,americanrenalamendment1.htm,no,2,,,,,
0001498710,0001193125-10-212371,dex1011.htm,uncertain,2,phrase,,,no,"Centered title 'RECAPITALIZATION AGREEMENT' (Spirit Airlines); TRA referenced only as Section 2.7, not as contract identity."
0001498710,0001193125-10-265039,dex1012.htm,yes,2,centered_title|phrase|defined_term_realized_tax_benefit|defined_term_tax_benefit_schedule|defined_term_early_termination_payment,,,,
0001498710,0001193125-11-136483,dex1012.htm,yes,2,centered_title|phrase|defined_term_realized_tax_benefit|defined_term_tax_benefit_schedule|defined_term_early_termination_payment,,,,
0001498710,0001193125-11-330952,d250422dex1012.htm,yes,2,centered_title|phrase|defined_term_realized_tax_benefit|defined_term_tax_benefit_schedule|defined_term_early_termination_payment,,,,
0001498710,0001498710-12-000021,save-ex101x20120331x10q.htm,uncertain,2,phrase,,,,
0001499912,0000909518-15-000025,mm01-2615_8ka1e101.htm,uncertain,2,phrase,,,,
0001499912,0000909518-15-000025,mm01-2615_8ka1e102b.htm,uncertain,2,phrase,,,,
0001499912,0000950123-10-092418,y86406a1exv10w1.htm,uncertain,2,phrase,,,,
0001499912,0000950123-10-092418,y86406a1exv10w2.htm,yes,2,centered_title|phrase|defined_term_realized_tax_benefit|defined_term_hypothetical_tax_liability|defined_term_exchange_basis|defined_term_tax_benefit_schedule|defined_term_early_termination_payment|defined_term_basis_adjustment,,,,
0001499912,0000950123-10-105211,y87330a3exv10w1.htm,uncertain,2,phrase,,,,
0001499912,0000950123-10-111573,y88193exv10w1.htm,uncertain,2,phrase,,,,
0001499912,0000950123-10-111573,y88193exv10w3.htm,yes,2,centered_title|phrase|defined_term_realized_tax_benefit|defined_term_hypothetical_tax_liability|defined_term_exchange_basis|defined_term_tax_benefit_schedule|defined_term_early_termination_payment|defined_term_basis_adjustment,,,,
0001499912,0001144204-16-123246,v448363_ex10-1.htm,uncertain,2,phrase,,,,
0001499912,0001615774-17-006527,s108138_ex10-1.htm,no,2,,,,,
0001503579,0001104659-16-116746,a16-9904_1ex10d1.htm,no,2,,,,,
0001517302,0001193125-12-506395,d429881dex1017.htm,uncertain,2,phrase,,,no,"Centered title 'FIVE-YEAR REVOLVING CREDIT AGREEMENT' (Artisan Partners Holdings LP, Citibank); credit agreement, not a TRA."
0001517302,0001193125-12-506395,d429881dex1018.htm,uncertain,2,phrase,,,,
0001517302,0001193125-13-016808,d429881dex102.htm,uncertain,2,phrase,,,,
0001517302,0001193125-13-059236,d474016dex101.htm,uncertain,2,phrase|defined_term_section_754,,,,
0001517302,0001193125-13-059236,d474016dex104.htm,yes,2,centered_title|phrase|defined_term_realized_tax_benefit|defined_term_hypothetical_tax_liability|defined_term_exchange_basis|defined_term_tax_benefit_schedule|defined_term_early_termination_payment|defined_term_basis_adjustment,,,,
0001517302,0001193125-13-059236,d474016dex105.htm,yes,2,centered_title|phrase|defined_term_realized_tax_benefit|defined_term_hypothetical_tax_liability|defined_term_exchange_basis|defined_term_tax_benefit_schedule|defined_term_early_termination_payment|defined_term_basis_adjustment,,,,
0001517302,0001193125-13-400101,d611205dex102.htm,uncertain,2,phrase|defined_term_section_754,,,,
0001517302,0001193125-13-400101,d611205dex104.htm,uncertain,2,phrase,,,no,Centered title 'FORM OF AMENDED AND RESTATED RESALE AND REGISTRATION RIGHTS AGREEMENT'; not a TRA.
0001517302,0001517302-13-000005,partnershipagreementdocx.htm,uncertain,2,phrase|defined_term_section_754,,,,
0001517302,0001517302-13-000005,registrationrightsresaleag.htm,uncertain,2,phrase,,,,
0001517302,0001517302-13-000005,taxreceivableagreementexch.htm,yes,2,centered_title|phrase|defined_term_realized_tax_benefit|defined_term_hypothetical_tax_liability|defined_term_exchange_basis|defined_term_tax_benefit_schedule|defined_term_early_termination_payment|defined_term_basis_adjustment,,,,
0001517302,0001517302-13-000005,taxreceivableagreementmerg.htm,yes,2,centered_title|phrase|defined_term_realized_tax_benefit|defined_term_hypothetical_tax_liability|defined_term_exchange_basis|defined_term_tax_benefit_schedule|defined_term_early_termination_payment|defined_term_basis_adjustment,,,,
0001517302,0001517302-13-000025,exhibit101fifthamendedandr.htm,uncertain,2,phrase|defined_term_section_754,,,no,"SEC <DESCRIPTION> header and filename identify this as a 'FIFTH AMENDED AND RESTATED LIMITED PARTNERSHIP AGREEMENT'; partnership governance, not a TRA."
0001517302,0001517302-13-000025,exhibit102amendedandrestat.htm,uncertain,2,phrase,,,no,Document is 'Amended and Restated Resale and Registration Rights Agreement'; not a TRA.
0001517302,0001517302-16-000074,apam-ex101x2015x12x31.htm,uncertain,2,phrase|defined_term_section_754,,,,
0001517302,0001517302-16-000074,apam-ex102x2015x12x31.htm,uncertain,2,phrase,,,,
0001517302,0001517302-16-000074,apam-ex104x2013x3x31.htm,yes,2,centered_title|phrase|defined_term_realized_tax_benefit|defined_term_hypothetical_tax_liability|defined_term_exchange_basis|defined_term_tax_benefit_schedule|defined_term_early_termination_payment|defined_term_basis_adjustment,,,,
0001517302,0001517302-16-000074,apam-ex105x2013x3x31.htm,yes,2,centered_title|phrase|defined_term_realized_tax_benefit|defined_term_hypothetical_tax_liability|defined_term_exchange_basis|defined_term_tax_benefit_schedule|defined_term_early_termination_payment|defined_term_basis_adjustment,,,,
0001517302,0001517302-17-000044,ex1012017818.htm,uncertain,2,phrase,,,,
0001517302,0001517302-17-000044,ex1022017818.htm,no,2,,,,,
0001517302,0001517302-17-000054,apam-ex103x2017x9x30.htm,uncertain,2,phrase,,,,
0001517302,0001517302-19-000034,ex10120190606.htm,uncertain,2,phrase,,,,
0001517302,0001517302-21-000072,notepurchaseagreement_arti.htm,no,2,,,,,
0001517302,0001517302-22-000066,amendedfive-yearrevolvingc.htm,no,2,,,,,
0001517302,0001517302-24-000015,apamex105-2023x12x31.htm,yes,2,centered_title|phrase,,,,
0001517302,0001517302-24-000015,apamex107-2023x12x31.htm,yes,2,centered_title|phrase,,,,
0001517302,0001628280-25-029667,notepurchaseagreement_arti.htm,uncertain,2,phrase,,,,
0001519622,0001193125-11-173100,dex106.htm,uncertain,2,phrase,,,,
0001519751,0001193125-22-306146,d420098dex102.htm,uncertain,2,phrase,,,no,Centered title 'TAX ALLOCATION AGREEMENT' (Fortune Brands and MasterBrand); not a TRA.
0001524223,0001193125-11-255480,d201800dex102.htm,uncertain,2,phrase,,,,
0001524223,0001193125-11-255480,d201800dex104.htm,yes,2,centered_title|phrase|defined_term_realized_tax_benefit|defined_term_hypothetical_tax_liability|defined_term_exchange_basis|defined_term_tax_benefit_schedule|defined_term_early_termination_payment|defined_term_basis_adjustment,,,,
0001524223,0001193125-11-255480,d201800dex109.htm,uncertain,2,phrase,,,,
0001524223,0001193125-11-299994,d201800dex1010.htm,uncertain,2,phrase,,,no,"Centered title 'FORM OF AMENDED AND RESTATED SHAREHOLDERS AGREEMENT'; shareholders agreement, not a TRA."
0001524223,0001193125-11-299994,d201800dex1011.htm,uncertain,2,phrase,,,no,Centered title 'FORM OF AMENDED AND RESTATED SHAREHOLDERS AGREEMENT' (S-corporation shareholders agreement); not a TRA.
0001524223,0001193125-12-134807,d283564dex1010.htm,uncertain,2,phrase,,,no,Centered title 'AMENDED AND RESTATED SHAREHOLDERS AGREEMENT OF M&N ADVISORY ADVANTAGE CORPORATION'; not a TRA.
0001524223,0001193125-12-134807,d283564dex1011.htm,uncertain,2,phrase,,,no,"Centered title 'AMENDED AND RESTATED SHAREHOLDERS AGREEMENT OF M&N ALTERNATIVE OPPORTUNITIES, INC.'; not a TRA."
0001524223,0001193125-12-134807,d283564dex102.htm,uncertain,2,phrase,,,,
0001524223,0001193125-12-134807,d283564dex104.htm,yes,2,centered_title|phrase|defined_term_realized_tax_benefit|defined_term_hypothetical_tax_liability|defined_term_exchange_basis|defined_term_tax_benefit_schedule|defined_term_early_termination_payment|defined_term_basis_adjustment,,,,
0001524223,0001193125-12-134807,d283564dex109.htm,uncertain,2,phrase,,,,
0001524223,0001193125-15-144646,d914160dex101.htm,uncertain,2,phrase,,,,
0001524223,0001193125-21-208722,d188775dex101.htm,uncertain,2,phrase,,,,
0001524223,0001193125-21-208722,d188775dex102.htm,uncertain,2,phrase,,,,
0001524223,0001193125-21-208722,d188775dex103.htm,uncertain,2,phrase,,,,
0001524223,0001193125-21-208722,d188775dex104.htm,uncertain,2,phrase,,,no,"Centered title is 'SHARE REDEMPTION AND EXCHANGE AGREEMENT'; the TRA is referenced only as a carve-out from Released Claims, not the contract's subject."
0001524223,0001193125-22-241062,d359265dex101.htm,yes,2,centered_title|phrase|defined_term_early_termination_payment,,,,
0001524223,0001524223-16-000031,exhibit103_q12016form10-q.htm,uncertain,2,phrase,,,,
0001524223,0001524223-22-000014,exhibit1032_q42021form10-k.htm,uncertain,2,phrase,,,,
0001524223,0001524223-22-000014,exhibit1033_q42021form10-k.htm,uncertain,2,phrase,,,,
0001527166,0000950123-12-005979,x83442a7exv10w4.htm,yes,2,centered_title|phrase|defined_term_realized_tax_benefit|defined_term_exchange_basis|defined_term_tax_benefit_schedule|defined_term_early_termination_payment|defined_term_basis_adjustment,,,,
0001527166,0001193125-12-218876,d348678dex102.htm,yes,2,centered_title|phrase|defined_term_realized_tax_benefit|defined_term_exchange_basis|defined_term_tax_benefit_schedule|defined_term_early_termination_payment|defined_term_basis_adjustment,,,,
0001528129,0001628280-25-046275,exhibit-1018xk.htm,no,2,,,,,
0001528930,0001171843-19-004537,exh_101.htm,uncertain,2,phrase|defined_term_section_754,,,,
0001528930,0001171843-19-004537,exh_106.htm,yes,2,centered_title|phrase|defined_term_realized_tax_benefit|defined_term_exchange_basis|defined_term_tax_benefit_schedule|defined_term_early_termination_payment|defined_term_basis_adjustment,,,,
0001528930,0001171843-19-004537,exh_107.htm,uncertain,2,phrase,,,,
0001528930,0001171843-19-004538,exh_101.htm,uncertain,2,phrase|defined_term_section_754,,,,
0001528930,0001171843-19-004538,exh_106.htm,yes,2,centered_title|phrase|defined_term_realized_tax_benefit|defined_term_exchange_basis|defined_term_tax_benefit_schedule|defined_term_early_termination_payment|defined_term_basis_adjustment,,,,
0001528930,0001171843-19-004538,exh_107.htm,uncertain,2,phrase,,,,
0001528930,0001171843-19-004539,exh_101.htm,uncertain,2,phrase|defined_term_section_754,,,,
0001528930,0001171843-19-004539,exh_106.htm,yes,2,centered_title|phrase|defined_term_realized_tax_benefit|defined_term_exchange_basis|defined_term_tax_benefit_schedule|defined_term_early_termination_payment|defined_term_basis_adjustment,,,,
0001528930,0001171843-19-004539,exh_107.htm,uncertain,2,phrase,,,,
0001528930,0001171843-19-006362,exh_102.htm,uncertain,2,phrase,,,,
0001528930,0001171843-20-006709,exh_103.htm,no,2,,,,,
0001530950,0001193125-22-071987,d683386dex101.htm,uncertain,2,phrase,,,no,Centered title 'TAX MATTERS AGREEMENT' (Post Holdings spin-off tax sharing); not a TRA.
0001533932,0001047469-12-002084,a2207597zex-10_1.htm,uncertain,2,phrase|defined_term_hypothetical_tax_liability|defined_term_basis_adjustment|defined_term_section_754,,,,
0001533932,0001047469-12-002084,a2207597zex-10_21.htm,uncertain,2,phrase,,,,
0001533932,0001047469-12-002084,a2207597zex-10_30.htm,yes,2,centered_title|phrase|defined_term_realized_tax_benefit|defined_term_hypothetical_tax_liability|defined_term_exchange_basis|defined_term_tax_benefit_schedule|defined_term_early_termination_payment|defined_term_basis_adjustment,,,,
0001533932,0001047469-12-002084,a2207597zex-10_31.htm,yes,2,centered_title|phrase|defined_term_realized_tax_benefit|defined_term_hypothetical_tax_liability|defined_term_tax_benefit_schedule|defined_term_early_termination_payment|defined_term_basis_adjustment,,,,
0001533932,0001047469-12-002084,a2207597zex-10_32.htm,yes,2,centered_title|phrase|defined_term_realized_tax_benefit|defined_term_hypothetical_tax_liability|defined_term_exchange_basis|defined_term_tax_benefit_schedule|defined_term_early_termination_payment|defined_term_basis_adjustment,,,,
0001533932,0001047469-12-002084,a2207597zex-10_33.htm,yes,2,centered_title|phrase|defined_term_realized_tax_benefit|defined_term_hypothetical_tax_liability|defined_term_tax_benefit_schedule|defined_term_early_termination_payment,,,,
0001533932,0001104659-12-033971,a12-9265_1ex10d1.htm,uncertain,2,phrase|defined_term_hypothetical_tax_liability|defined_term_section_754,,,,
0001533932,0001104659-12-033971,a12-9265_1ex10d10.htm,uncertain,2,phrase,,,,
0001533932,0001104659-12-033971,a12-9265_1ex10d2.htm,uncertain,2,phrase,,,,
0001533932,0001104659-12-033971,a12-9265_1ex10d6.htm,yes,2,centered_title|phrase|defined_term_realized_tax_benefit|defined_term_hypothetical_tax_liability|defined_term_exchange_basis|defined_term_tax_benefit_schedule|defined_term_early_termination_payment|defined_term_basis_adjustment,,,,
0001533932,0001104659-12-033971,a12-9265_1ex10d7.htm,yes,2,centered_title|phrase|defined_term_realized_tax_benefit|defined_term_hypothetical_tax_liability|defined_term_tax_benefit_schedule|defined_term_early_termination_payment|defined_term_basis_adjustment,,,,
0001533932,0001104659-12-033971,a12-9265_1ex10d8.htm,yes,2,centered_title|phrase|defined_term_realized_tax_benefit|defined_term_hypothetical_tax_liability|defined_term_exchange_basis|defined_term_tax_benefit_schedule|defined_term_early_termination_payment|defined_term_basis_adjustment,,,,
0001533932,0001104659-12-033971,a12-9265_1ex10d9.htm,yes,2,centered_title|phrase|defined_term_realized_tax_benefit|defined_term_hypothetical_tax_liability|defined_term_tax_benefit_schedule|defined_term_early_termination_payment,,,,
0001533932,0001193125-17-252076,d431317dex101.htm,uncertain,2,phrase,,,,
0001533932,0001193125-17-252077,d431317dex101.htm,uncertain,2,phrase,,,,
0001533932,0001193125-17-252903,d437865dex101.htm,uncertain,2,phrase,,,,
0001533932,0001193125-17-281198,d432768dex101.htm,uncertain,2,phrase,,,,
0001533932,0001193125-17-303527,d311752dex101.htm,uncertain,2,phrase,,,,
0001533932,0001193125-18-200512,d600985dex101.htm,uncertain,2,phrase,,,,
0001533932,0001533932-13-000168,ex101loanagreement.htm,uncertain,2,phrase|defined_term_section_754,,,,
0001533932,0001533932-13-000259,ex10-1adventtratermination.htm,uncertain,2,phrase,,,,
0001533932,0001533932-13-000259,ex10-2jpdntratermination.htm,uncertain,2,phrase,,,yes,Centered title 'TAX RECEIVABLE TERMINATION AGREEMENT' (JPDN); termination of a TRA is itself a TRA contract per the amendments/restatements/terminations rule.
0001533932,0001533932-14-000179,amendedandrestatedloanagre.htm,uncertain,2,phrase,,,,
0001533932,0001533932-14-000179,amendmentandrestatementagr.htm,uncertain,2,phrase,,,,
0001533932,0001533932-14-000179,mercurytaxreceivableagreem.htm,yes,2,centered_title|phrase|defined_term_realized_tax_benefit|defined_term_hypothetical_tax_liability|defined_term_early_termination_payment|defined_term_basis_adjustment,,,,
0001533932,0001533932-14-000220,amendedandrestatedloanagre.htm,uncertain,2,phrase,,,,
0001533932,0001533932-15-000212,vntvex-101traaddendum.htm,yes,2,centered_title|phrase|defined_term_basis_adjustment,,,,
0001533932,0001533932-15-000264,ex-101taxreceivablepurchas.htm,uncertain,2,phrase|defined_term_basis_adjustment,,,,
0001533932,0001533932-16-000440,vntvex-10353trapurchaseadd.htm,uncertain,2,phrase|defined_term_hypothetical_tax_liability|defined_term_basis_adjustment,,,no,"Title 'TAX RECEIVABLE PURCHASE ADDENDUM'; separate purchase addendum governing purchase of rights under a pre-existing TRA, not a TRA itself."
0001533932,0001533932-16-000458,ex101-amendmentandrestatem.htm,uncertain,2,phrase,,,,
0001533932,0001533932-16-000458,ex102-secondamendedandrest.htm,uncertain,2,phrase,,,no,"SEC document header 'SECOND AMENDED AND RESTATED LOAN AGREEMENT'; loan agreement, not a TRA."
0001533932,0001533932-17-000128,exhibit101transactionagree.htm,uncertain,2,phrase,,,no,"Centered title 'TRANSACTION AGREEMENT' (IPO transaction); references TRA, not a TRA itself."
0001534504,0001193125-12-455752,d430958dex1020.htm,yes,2,centered_title|phrase|defined_term_realized_tax_benefit|defined_term_hypothetical_tax_liability|defined_term_exchange_basis|defined_term_tax_benefit_schedule|defined_term_early_termination_payment|defined_term_basis_adjustment,,,,
0001534504,0001193125-12-455752,d430958dex1022.htm,uncertain,2,phrase,,,no,"Centered title 'AMENDED AND RESTATED LIMITED LIABILITY COMPANY AGREEMENT OF PBF ENERGY COMPANY LLC'; LLC agreement, not a TRA."
0001534504,0001193125-12-506649,d456149dex101.htm,uncertain,2,phrase,,,,
0001534504,0001193125-12-506649,d456149dex102.htm,yes,2,centered_title|phrase|defined_term_realized_tax_benefit|defined_term_hypothetical_tax_liability|defined_term_exchange_basis|defined_term_tax_benefit_schedule|defined_term_early_termination_payment|defined_term_basis_adjustment,,,,
0001534504,0001193125-12-506649,d456149dex103.htm,uncertain,2,phrase,,,no,Centered title 'EXCHANGE AGREEMENT' governing PBF LLC Unit exchanges for Class A Common Stock; TRA referenced only as a defined term naming a separate agreement.
0001535929,0001535929-22-000080,ex101.htm,no,2,,,,,
0001536577,0001536577-17-000006,exhibit101amendmentmedleyl.htm,no,2,,,,,
0001537667,0001104659-15-043972,a15-13688_1ex10d1.htm,uncertain,2,phrase,,,,
0001537951,0001193125-12-134838,d273299dex1013.htm,yes,2,centered_title|phrase|defined_term_realized_tax_benefit|defined_term_hypothetical_tax_liability|defined_term_exchange_basis|defined_term_tax_benefit_schedule|defined_term_basis_adjustment,,,,
0001537951,0001193125-12-134838,d273299dex1017.htm,uncertain,2,phrase,,,no,Centered title 'REORGANIZATION AGREEMENT' (Edgen Group IPO reorganization); not a TRA.
0001537951,0001193125-12-205091,d342287dex101.htm,uncertain,2,phrase,,,,
0001537951,0001193125-13-385887,d604739dex101.htm,uncertain,2,phrase,,,,
0001537951,0001437749-12-004784,ex10-4.htm,yes,2,centered_title|phrase|defined_term_realized_tax_benefit|defined_term_hypothetical_tax_liability|defined_term_exchange_basis|defined_term_tax_benefit_schedule|defined_term_basis_adjustment,,,,
0001537951,0001437749-12-004784,ex10-5.htm,yes,2,centered_title|phrase|defined_term_realized_tax_benefit|defined_term_hypothetical_tax_liability|defined_term_exchange_basis|defined_term_tax_benefit_schedule|defined_term_basis_adjustment,,,,
0001537951,0001437749-12-004784,ex10-9.htm,uncertain,2,phrase,,,,
0001537951,0001437749-12-013261,ex10-5.htm,uncertain,2,phrase,,,,
0001540047,0001104659-16-107187,a16-6317_3ex10d2.htm,yes,2,centered_title|phrase|defined_term_realized_tax_benefit|defined_term_hypothetical_tax_liability|defined_term_tax_benefit_schedule|defined_term_early_termination_payment|defined_term_net_tax_benefit_payment|defined_term_basis_adjustment,,,,
0001540729,0000950123-14-002775,filename3.htm,no,2,,,,,
0001540729,0001193125-12-160439,d279673dex103.htm,uncertain,2,phrase|defined_term_early_termination_payment,,,,
0001540729,0001193125-16-702135,d252634dex1012.htm,uncertain,2,phrase|defined_term_early_termination_payment,,,,
0001549966,0001193125-12-417847,d421420dex101.htm,uncertain,2,phrase,,,,
0001549966,0001193125-12-417847,d421420dex102.htm,yes,2,centered_title|phrase|defined_term_realized_tax_benefit|defined_term_hypothetical_tax_liability|defined_term_exchange_basis|defined_term_tax_benefit_schedule|defined_term_early_termination_payment|defined_term_basis_adjustment,,,,
0001549966,0001193125-13-231645,d513839dex101.htm,uncertain,2,phrase,,,no,Centered title 'SECOND AMENDED AND RESTATED LIMITED PARTNERSHIP AGREEMENT of SILVERCREST L.P.'; not a TRA.
0001549966,0001193125-13-231645,d513839dex102.htm,yes,2,centered_title|phrase|defined_term_realized_tax_benefit|defined_term_hypothetical_tax_liability|defined_term_exchange_basis|defined_term_tax_benefit_schedule|defined_term_early_termination_payment|defined_term_basis_adjustment,,,,
0001549966,0001564590-15-002173,samg-ex101_201503307.htm,uncertain,2,phrase,,,,
0001549966,0001564590-15-006473,samg-ex106_421.htm,uncertain,2,phrase,,,,
0001549966,0001564590-18-023517,samg-ex101_45.htm,uncertain,2,phrase,,,,
0001549966,0001564590-20-035533,samg-ex102_392.htm,uncertain,2,phrase,,,,
0001556263,0000950170-24-088224,syrs-ex10_2.htm,uncertain,2,phrase,,,,
0001556263,0001193125-22-195811,d365321dex105.htm,uncertain,2,phrase,,,,
0001556593,0001140361-23-049804,ef20013513_ex10-1.htm,uncertain,2,phrase|defined_term_exchange_basis|defined_term_tax_benefit_schedule|defined_term_early_termination_payment,,,,
0001561387,0001140361-20-015855,ex10_1.htm,uncertain,2,phrase,,,,
0001561387,0001140361-20-015855,ex10_2.htm,uncertain,2,phrase|defined_term_early_termination_payment,,,,
0001561387,0001140361-20-015855,ex2_1.htm,uncertain,2,phrase,,,,
0001561387,0001193125-13-010873,d439448dex101.htm,uncertain,2,phrase|defined_term_basis_adjustment,,,,
0001561387,0001193125-13-010873,d439448dex105.htm,yes,2,centered_title|phrase|defined_term_realized_tax_benefit|defined_term_hypothetical_tax_liability|defined_term_exchange_basis|defined_term_tax_benefit_schedule|defined_term_early_termination_payment|defined_term_basis_adjustment|defined_term_section_754,,,,
0001561387,0001193125-13-010873,d439448dex106.htm,uncertain,2,phrase,,,,
0001561387,0001193125-13-054645,d485543dex101.htm,uncertain,2,phrase|defined_term_basis_adjustment,,,,
0001561387,0001193125-13-054645,d485543dex102.htm,yes,2,centered_title|phrase|defined_term_realized_tax_benefit|defined_term_hypothetical_tax_liability|defined_term_exchange_basis|defined_term_tax_benefit_schedule|defined_term_early_termination_payment|defined_term_basis_adjustment|defined_term_section_754,,,,
0001561387,0001493152-17-007969,ex10-1.htm,uncertain,2,phrase,,,,
0001561387,0001493152-19-008882,ex10-1.htm,uncertain,2,phrase,,,,
0001561387,0001561387-19-000008,exhibit103.htm,uncertain,2,phrase,,,,
0001562214,0001144204-15-017816,v404972_ex10-1.htm,uncertain,2,phrase|defined_term_section_754,,,,
0001562214,0001144204-15-017816,v404972_ex10-3.htm,uncertain,2,phrase|defined_term_basis_adjustment,,,,
0001562214,0001144204-15-017816,v404972_ex10-5.htm,yes,2,centered_title|phrase|defined_term_realized_tax_benefit|defined_term_hypothetical_tax_liability|defined_term_exchange_basis|defined_term_tax_benefit_schedule|defined_term_early_termination_payment|defined_term_basis_adjustment|defined_term_section_754,,,,
0001562214,0001144204-15-044385,v416140_ex10-2.htm,uncertain,2,phrase,,,no,"Centered title 'FIRST AMENDMENT TO EXCHANGE AGREEMENT'; amends an Exchange Agreement, not a TRA."
0001562214,0001144204-15-044385,v416140_ex10-3.htm,yes,2,centered_title|phrase,,,,
0001562214,0001144204-15-046989,v416305_ex10-4.htm,uncertain,2,phrase,,,,
0001562214,0001144204-16-100113,v438405_ex10-1.htm,uncertain,2,phrase,,,,
0001562214,0001144204-17-016574,v461169_ex10-35.htm,uncertain,2,phrase,,,,
0001564709,0001214659-13-001353,ex10_16.htm,yes,2,centered_title|phrase|defined_term_realized_tax_benefit|defined_term_hypothetical_tax_liability|defined_term_exchange_basis|defined_term_tax_benefit_schedule|defined_term_early_termination_payment|defined_term_basis_adjustment,,,,
0001564709,0001214659-13-001651,ex10_16.htm,yes,2,centered_title|phrase|defined_term_realized_tax_benefit|defined_term_hypothetical_tax_liability|defined_term_exchange_basis|defined_term_tax_benefit_schedule|defined_term_early_termination_payment|defined_term_basis_adjustment,,,,
0001564709,0001214659-13-003578,ex10_1.htm,uncertain,2,phrase|defined_term_section_754,,,,
0001564709,0001214659-13-003578,ex10_3.htm,yes,2,centered_title|phrase|defined_term_realized_tax_benefit|defined_term_hypothetical_tax_liability|defined_term_exchange_basis|defined_term_tax_benefit_schedule|defined_term_early_termination_payment|defined_term_basis_adjustment,,,,
0001568669,0001047469-13-004003,a2214142zex-10_1.htm,uncertain,2,phrase,,,no,"Centered title 'FOURTH AMENDED AND RESTATED LIMITED LIABILITY COMPANY AGREEMENT OF PRIVATE NATIONAL MORTGAGE ACCEPTANCE COMPANY, LLC'; LLC agreement, not a TRA."
0001568669,0001047469-13-004003,a2214142zex-10_2.htm,yes,2,centered_title|phrase|defined_term_realized_tax_benefit|defined_term_hypothetical_tax_liability|defined_term_exchange_basis|defined_term_tax_benefit_schedule|defined_term_early_termination_payment|defined_term_basis_adjustment,,,,
0001568669,0001047469-13-004003,a2214142zex-10_3.htm,uncertain,2,phrase,,,,
0001568669,0001104659-13-041295,a13-3564_8ex10d1.htm,uncertain,2,phrase,,,,
0001568669,0001104659-13-041295,a13-3564_8ex10d2.htm,uncertain,2,phrase,,,,
0001568669,0001104659-13-041295,a13-3564_8ex10d3.htm,yes,2,centered_title|phrase|defined_term_realized_tax_benefit|defined_term_hypothetical_tax_liability|defined_term_exchange_basis|defined_term_tax_benefit_schedule|defined_term_early_termination_payment|defined_term_basis_adjustment,,,,
0001568832,0001144204-13-030675,v344734_ex10-1.htm,uncertain,2,phrase,,,,
0001568832,0001144204-13-030675,v344734_ex10-2.htm,uncertain,2,phrase,,,,
0001568832,0001144204-13-030675,v344734_ex10-3.htm,uncertain,2,phrase,,,,
0001568832,0001144204-13-030675,v344734_ex10-5.htm,uncertain,2,phrase,,,no,"Centered title 'EXCHANGE AGREEMENT' (RCS Capital Corporation and RCAP Holdings, LLC) governing Operating Subsidiaries Group Unit exchanges; not a TRA."
0001568832,0001144204-13-030675,v344734_ex10-6.htm,yes,2,centered_title|phrase|defined_term_realized_tax_benefit|defined_term_hypothetical_tax_liability|defined_term_exchange_basis|defined_term_tax_benefit_schedule|defined_term_early_termination_payment|defined_term_basis_adjustment,,,,
0001568832,0001144204-13-032186,v346477_ex10-1.htm,uncertain,2,phrase,,,,
0001568832,0001144204-13-032186,v346477_ex10-2.htm,uncertain,2,phrase,,,,
0001568832,0001144204-13-032186,v346477_ex10-3.htm,uncertain,2,phrase,,,,
0001568832,0001445305-14-000765,exhibit101realtycapitalsecur.htm,uncertain,2,phrase,,,,
0001568832,0001445305-14-000765,exhibit102rcsadvisoryseconda.htm,uncertain,2,phrase,,,no,"Centered title 'SECOND AMENDED AND RESTATED LIMITED LIABILITY COMPANY AGREEMENT of RCS ADVISORY SERVICES, LLC'; LLC agreement, not a TRA."
0001568832,0001445305-14-000765,exhibit103anstsecondarllcagr.htm,uncertain,2,phrase,,,,
0001568832,0001568832-13-000004,a101amendedandrestatedlimite.htm,uncertain,2,phrase,,,,
0001568832,0001568832-13-000004,a102amendedandrestatedlimite.htm,uncertain,2,phrase,,,,
0001568832,0001568832-13-000004,a103amendedandrestatedlimite.htm,uncertain,2,phrase,,,no,"Centered title 'AMENDED AND RESTATED LIMITED LIABILITY COMPANY AGREEMENT of AMERICAN NATIONAL STOCK TRANSFER, LLC'; LLC operating agreement, not a TRA."
0001568832,0001568832-13-000004,a105exchangeagreement.htm,uncertain,2,phrase,,,,
0001568832,0001568832-13-000004,a106taxreceivableagreement.htm,yes,2,centered_title|phrase|defined_term_realized_tax_benefit|defined_term_hypothetical_tax_liability|defined_term_exchange_basis|defined_term_tax_benefit_schedule|defined_term_early_termination_payment|defined_term_basis_adjustment,,,,
0001571498,0001193125-22-154514,d349205dex101.htm,uncertain,2,phrase,,,no,"Centered title 'EPIZYME, INC. 2022 EQUITY INCENTIVE PLAN'; not a TRA."
0001572684,0000830122-14-000040,ex107taxreceivableagreemen.htm,yes,2,centered_title|phrase|defined_term_realized_tax_benefit|defined_term_hypothetical_tax_liability|defined_term_exchange_basis|defined_term_tax_benefit_schedule|defined_term_early_termination_payment|defined_term_basis_adjustment|defined_term_section_754,,,,
0001572684,0000830122-14-000040,ex109secondamendmendandres.htm,uncertain,2,phrase|defined_term_basis_adjustment|defined_term_section_754,,,no,Centered title 'SECOND AMENDED AND RESTATED LIMITED LIABILITY COMPANY OPERATING AGREEMENT'; TRA only as parallel transaction doc.
0001572684,0001193125-17-119218,d369736dex101.htm,uncertain,2,phrase,,,,
0001572684,0001193125-17-119220,d369736dex101.htm,uncertain,2,phrase,,,,
0001572684,0001572684-13-000020,ex108formoftaxreceivableag.htm,yes,2,centered_title|phrase|defined_term_realized_tax_benefit|defined_term_hypothetical_tax_liability|defined_term_exchange_basis|defined_term_tax_benefit_schedule|defined_term_early_termination_payment|defined_term_basis_adjustment|defined_term_section_754,,,,
0001572684,0001572684-13-000026,ex1011formof2ndamendedllco.htm,uncertain,2,phrase|defined_term_basis_adjustment|defined_term_section_754,,,,
0001572684,0001572684-13-000038,ex1010amendedandrestatedll.htm,uncertain,2,phrase|defined_term_basis_adjustment|defined_term_section_754,,,,
0001572684,0001572684-13-000038,ex108taxreceivableagreement.htm,yes,2,centered_title|phrase|defined_term_realized_tax_benefit|defined_term_hypothetical_tax_liability|defined_term_exchange_basis|defined_term_tax_benefit_schedule|defined_term_early_termination_payment|defined_term_basis_adjustment|defined_term_section_754,,,,
0001573166,0001047469-13-006521,a2215172zex-10_3.htm,yes,2,centered_title|phrase|defined_term_realized_tax_benefit|defined_term_hypothetical_tax_liability|defined_term_exchange_basis|defined_term_tax_benefit_schedule|defined_term_early_termination_payment|defined_term_basis_adjustment,,,,
0001573166,0001047469-13-006826,a2215590zex-10_23.htm,uncertain,2,phrase,,,,
0001573166,0001047469-13-006826,a2215590zex-10_24.htm,uncertain,2,phrase,,,,
0001573166,0001047469-14-002407,a2218830zex-10_20.htm,no,2,,,,,
0001573166,0001047469-16-010925,a2227553zex-10_22.htm,no,2,,,,,
0001573166,0001104659-13-057840,a13-17492_2ex10d1.htm,uncertain,2,phrase,,,no,"Centered title 'THIRD AMENDED AND RESTATED LIMITED LIABILITY COMPANY AGREEMENT' of Jones Energy Holdings, LLC; LLC agreement, not a TRA."
0001573166,0001104659-13-057840,a13-17492_2ex10d2.htm,uncertain,2,phrase,,,,
0001573166,0001104659-13-057840,a13-17492_2ex10d4.htm,yes,2,centered_title|phrase|defined_term_realized_tax_benefit|defined_term_hypothetical_tax_liability|defined_term_exchange_basis|defined_term_tax_benefit_schedule|defined_term_early_termination_payment|defined_term_basis_adjustment,,,,
0001573166,0001104659-16-141676,a16-16913_7ex10d1.htm,uncertain,2,phrase,,,,
0001573166,0001104659-18-043562,a18-16239_1ex10d1.htm,uncertain,2,phrase,,,no,"Centered title 'AMENDMENT NO. 13 TO CREDIT AGREEMENT' (Jones Energy Holdings, Wells Fargo); not a TRA."
0001573166,0001104659-19-019650,a19-7668_1ex10d1.htm,no,2,,,,,
0001573166,0001558370-16-009284,jone-20160930ex1019b5186.htm,no,2,,,,,
0001574197,0001193125-17-116314,d302947dex101.htm,uncertain,2,phrase,,,,
0001574197,0001193125-17-116314,d302947dex104.htm,uncertain,2,phrase,,,,
0001574197,0001193125-17-116314,d302947dex105.htm,yes,2,centered_title|phrase|defined_term_realized_tax_benefit|defined_term_hypothetical_tax_liability|defined_term_tax_benefit_schedule|defined_term_early_termination_payment|defined_term_basis_adjustment|defined_term_tax_asset,,,,
0001574197,0001193125-17-301029,d642716dex101.htm,uncertain,2,phrase,,,,
0001574197,0001574197-21-000057,ex-101xfphx93021x10q.htm,uncertain,2,phrase,,,,
0001574197,0001574197-22-000050,ex-101xfphx33122x10q.htm,uncertain,2,phrase,,,no,Document title 'EMPLOYMENT TRANSITION AGREEMENT'; not a TRA.
0001574632,0001047469-14-002155,a2218751zex-10_4.htm,yes,2,centered_title|phrase|defined_term_realized_tax_benefit|defined_term_hypothetical_tax_liability|defined_term_exchange_basis|defined_term_tax_benefit_schedule|defined_term_early_termination_payment|defined_term_basis_adjustment,,,,
0001574648,0001047469-13-007239,a2215581zex-10_13.htm,yes,2,centered_title|phrase|defined_term_realized_tax_benefit|defined_term_hypothetical_tax_liability|defined_term_exchange_basis|defined_term_tax_benefit_schedule|defined_term_early_termination_payment|defined_term_basis_adjustment,,,,
0001574648,0001047469-13-007526,a2215951zex-10_11.htm,uncertain,2,phrase,,,no,"Centered title 'AMENDED AND RESTATED LIMITED PARTNERSHIP AGREEMENT OF ATHLON HOLDINGS LP'; partnership agreement, not a TRA."
0001574648,0001104659-13-084750,a13-19876_1ex10d11.htm,uncertain,2,phrase,,,no,"Centered title 'AMENDED AND RESTATED LIMITED PARTNERSHIP AGREEMENT OF ATHLON HOLDINGS LP'; partnership agreement, not a TRA."
0001574648,0001104659-13-084750,a13-19876_1ex10d7.htm,yes,2,centered_title|phrase|defined_term_realized_tax_benefit|defined_term_hypothetical_tax_liability|defined_term_exchange_basis|defined_term_tax_benefit_schedule|defined_term_early_termination_payment|defined_term_basis_adjustment,,,,
0001575828,0001193125-13-291201,d527343dex1010.htm,yes,2,centered_title|phrase|defined_term_realized_tax_benefit|defined_term_hypothetical_tax_liability|defined_term_exchange_basis|defined_term_tax_benefit_schedule|defined_term_early_termination_payment|defined_term_basis_adjustment|defined_term_tax_asset,,,,
0001575828,0001193125-13-291201,d527343dex1011.htm,uncertain,2,phrase,,,,
0001575828,0001193125-13-300736,d527343dex1011.htm,uncertain,2,phrase,,,,
0001575828,0001193125-13-339720,d585089dex101.htm,yes,2,centered_title|phrase|defined_term_realized_tax_benefit|defined_term_hypothetical_tax_liability|defined_term_exchange_basis|defined_term_tax_benefit_schedule|defined_term_early_termination_payment|defined_term_basis_adjustment,,,,
0001575828,0001193125-21-077955,d74132dex101.htm,uncertain,2,phrase,,,no,"Centered title is 'FORM OF VOTING AND SUPPORT AGREEMENT' tied to a Merger Agreement, with no TRA defined-terms body."
0001575828,0001193125-21-077955,d74132dex103.htm,yes,2,centered_title|phrase|defined_term_realized_tax_benefit|defined_term_hypothetical_tax_liability|defined_term_exchange_basis|defined_term_tax_benefit_schedule|defined_term_early_termination_payment|defined_term_basis_adjustment,,,,
0001576940,0001193125-17-119575,d373497dex101.htm,uncertain,2,phrase,,,,
0001577670,0001104659-15-000348,a14-26875_1ex10d3.htm,uncertain,2,phrase|defined_term_basis_adjustment,,,,
0001577670,0001104659-15-000348,a14-26875_1ex10d4.htm,yes,2,centered_title|phrase|defined_term_realized_tax_benefit|defined_term_hypothetical_tax_liability|defined_term_exchange_basis|defined_term_tax_benefit_schedule|defined_term_early_termination_payment|defined_term_basis_adjustment,,,,
0001577670,0001104659-17-040947,a17-15631_1ex10d1.htm,uncertain,2,phrase,,,,
0001577670,0001193125-13-483267,d555727dex102.htm,yes,2,centered_title|phrase|defined_term_realized_tax_benefit|defined_term_hypothetical_tax_liability|defined_term_exchange_basis|defined_term_tax_benefit_schedule|defined_term_early_termination_payment|defined_term_basis_adjustment,,,,
0001577916,0000912057-13-000266,filename4.htm,uncertain,2,phrase|defined_term_basis_adjustment,,,,
0001577916,0000912057-13-000266,filename6.htm,yes,2,centered_title|phrase|defined_term_realized_tax_benefit|defined_term_hypothetical_tax_liability|defined_term_exchange_basis|defined_term_tax_benefit_schedule|defined_term_early_termination_payment|defined_term_basis_adjustment,,,,
0001577916,0000912057-13-000266,filename7.htm,uncertain,2,phrase|defined_term_basis_adjustment,,,,
0001577916,0001047469-13-008658,a2216023zex-10_1.htm,uncertain,2,phrase|defined_term_basis_adjustment,,,,
0001577916,0001047469-13-008658,a2216023zex-10_3.htm,yes,2,centered_title|phrase|defined_term_realized_tax_benefit|defined_term_hypothetical_tax_liability|defined_term_exchange_basis|defined_term_tax_benefit_schedule|defined_term_early_termination_payment|defined_term_basis_adjustment,,,,
0001577916,0001047469-13-008658,a2216023zex-10_4.htm,uncertain,2,phrase|defined_term_basis_adjustment,,,,
0001577916,0001047469-13-009072,a2216569zex-10_34.htm,uncertain,2,phrase,,,,
0001577916,0001047469-13-009292,a2216741zex-10_1.htm,uncertain,2,phrase|defined_term_basis_adjustment,,,no,Centered title 'FORM OF AMENDED AND RESTATED LIMITED PARTNERSHIP AGREEMENT' (Premier Healthcare Alliance L.P.); not a TRA.
0001577916,0001104659-13-074328,a13-21744_1ex10d1.htm,uncertain,2,phrase|defined_term_basis_adjustment|defined_term_section_754,,,,
0001577916,0001104659-13-074328,a13-21744_1ex10d2.htm,uncertain,2,phrase|defined_term_basis_adjustment,,,,
0001577916,0001104659-13-074328,a13-21744_1ex10d3.htm,yes,2,centered_title|phrase|defined_term_realized_tax_benefit|defined_term_hypothetical_tax_liability|defined_term_exchange_basis|defined_term_tax_benefit_schedule|defined_term_early_termination_payment|defined_term_basis_adjustment,,,,
0001577916,0001193125-20-216431,d59221dex101.htm,yes,2,centered_title|phrase|defined_term_early_termination_payment,,,,
0001579157,0000950170-23-027589,vnce-ex10_2.htm,uncertain,2,phrase,,,,
0001579157,0000950170-23-027589,vnce-ex10_3.htm,uncertain,2,phrase,,,no,"Centered title is 'CONSENT AND THIRD AMENDMENT TO CREDIT AGREEMENT' between Vince, LLC and SK Financial Services as agent; not a TRA."
0001579157,0000950170-23-029729,vnce-ex10_1.htm,uncertain,2,phrase,,,,
0001579157,0000950170-23-029729,vnce-ex10_2.htm,uncertain,2,phrase,,,,
0001579157,0000950170-25-007775,vnce-ex10_1.htm,uncertain,2,phrase,,,no,"Centered title 'FIRST AMENDMENT TO CREDIT AGREEMENT' (V OPCO, LLC and Bank of America as agent); not a TRA."
0001579157,0000950170-25-007775,vnce-ex10_2.htm,uncertain,2,phrase|defined_term_early_termination_payment,,,,
0001579157,0001193125-13-419180,d559406dex103.htm,yes,2,centered_title|phrase|defined_term_realized_tax_benefit|defined_term_tax_benefit_schedule|defined_term_early_termination_payment,,,,
0001579157,0001193125-13-436816,d559406dex1038.htm,uncertain,2,phrase|defined_term_early_termination_payment|defined_term_tax_asset,,,,
0001579157,0001193125-13-436816,d559406dex1039.htm,uncertain,2,phrase|defined_term_early_termination_payment,,,,
0001579157,0001193125-13-457161,d636948dex102.htm,yes,2,centered_title|phrase|defined_term_realized_tax_benefit|defined_term_tax_benefit_schedule|defined_term_early_termination_payment,,,,
0001579157,0001193125-13-457161,d636948dex104.htm,uncertain,2,phrase|defined_term_early_termination_payment,,,,
0001579157,0001193125-13-457161,d636948dex105.htm,uncertain,2,phrase|defined_term_early_termination_payment|defined_term_tax_asset,,,,
0001579157,0001193125-16-506920,d151998dex101.htm,uncertain,2,phrase,,,,
0001579157,0001193125-17-254666,d415161dex101.htm,uncertain,2,phrase,,,no,"Centered title 'INVESTMENT AGREEMENT' (Vince Holding, Sun Cardinal, SCSF Cardinal); not a TRA."
0001579157,0001564590-15-011419,vnce-ex101_175.htm,uncertain,2,phrase|defined_term_tax_benefit_schedule,,,no,"Letter agreement to Vince Holding Corp. referencing and amending payment timing under an existing TRA dated November 27, 2013; not itself a TRA."
0001579157,0001564590-16-016221,vnce-ex1043_439.htm,uncertain,2,phrase,,,,
0001579157,0001564590-17-013208,vnce-ex101_9.htm,uncertain,2,phrase,,,,
0001579157,0001564590-17-013208,vnce-ex102_10.htm,uncertain,2,phrase,,,,
0001579157,0001564590-18-022157,vnce-ex101_6.htm,uncertain,2,phrase|defined_term_early_termination_payment,,,,
0001579157,0001564590-18-022157,vnce-ex102_7.htm,uncertain,2,phrase|defined_term_early_termination_payment,,,,
0001579157,0001564590-20-043479,vnce-ex101_111.htm,uncertain,2,phrase|defined_term_early_termination_payment,,,,
0001579157,0001564590-20-043479,vnce-ex102_110.htm,uncertain,2,phrase|defined_term_early_termination_payment,,,no,"Centered title 'THIRD AMENDMENT TO CREDIT AGREEMENT' (Vince, LLC and Citizens Bank); not a TRA."
0001579157,0001564590-21-022575,vnce-ex1044_276.htm,uncertain,2,phrase|defined_term_early_termination_payment,,,,
0001579157,0001564590-21-022575,vnce-ex1047_1111.htm,uncertain,2,phrase,,,,
0001579157,0001564590-21-022575,vnce-ex1048_1232.htm,uncertain,2,phrase|defined_term_early_termination_payment,,,,
0001579157,0001564590-21-047478,vnce-ex101_291.htm,uncertain,2,phrase|defined_term_early_termination_payment,,,,
0001579157,0001564590-21-047478,vnce-ex102_401.htm,uncertain,2,phrase,,,,
0001579157,0001564590-21-047478,vnce-ex103_400.htm,uncertain,2,phrase|defined_term_early_termination_payment,,,,
0001580185,0001104659-13-091911,a13-26134_1ex10d1.htm,uncertain,2,phrase,,,,
0001580185,0001104659-13-091911,a13-26134_1ex10d2.htm,yes,2,centered_title|phrase|defined_term_realized_tax_benefit|defined_term_hypothetical_tax_liability|defined_term_exchange_basis|defined_term_tax_benefit_schedule|defined_term_early_termination_payment|defined_term_basis_adjustment,,,,
0001580185,0001567619-13-000087,s000086x3_ex10-9.htm,no,2,,,,,
0001580185,0001567619-13-000108,s000086x4_ex10-1.htm,uncertain,2,phrase,,,,
0001580185,0001567619-13-000108,s000086x4_ex10-2.htm,yes,2,centered_title|phrase|defined_term_realized_tax_benefit|defined_term_hypothetical_tax_liability|defined_term_exchange_basis|defined_term_tax_benefit_schedule|defined_term_early_termination_payment|defined_term_basis_adjustment,,,,
0001580185,0001580185-17-000079,rsafilingversion-101.htm,uncertain,2,phrase,,,no,Centered title 'RESTRUCTURING SUPPORT AGREEMENT'; not a TRA.
0001581091,0001104659-26-049628,tm2612789d1_ex10-1.htm,uncertain,2,phrase,,,,
0001581091,0001104659-26-049628,tm2612789d1_ex10-3.htm,uncertain,2,phrase,,,,
0001581091,0001104659-26-049628,tm2612789d1_ex10-4.htm,yes,2,centered_title|phrase|defined_term_early_termination_payment,,,,
0001581091,0001104659-26-049630,tm2612789d5_ex10-1.htm,uncertain,2,phrase,,,,
0001581091,0001104659-26-049630,tm2612789d5_ex10-3.htm,uncertain,2,phrase,,,,
0001581091,0001104659-26-049630,tm2612789d5_ex10-4.htm,yes,2,centered_title|phrase|defined_term_early_termination_payment,,,,
0001581091,0001193125-13-381949,d558338dex1011.htm,uncertain,2,phrase,,,,
0001581091,0001193125-13-381949,d558338dex1012.htm,uncertain,2,phrase|defined_term_basis_adjustment,,,,
0001581091,0001193125-13-381949,d558338dex1013.htm,yes,2,centered_title|phrase|defined_term_realized_tax_benefit|defined_term_hypothetical_tax_liability|defined_term_tax_benefit_schedule|defined_term_early_termination_payment|defined_term_basis_adjustment|defined_term_tax_asset,,,,
0001581091,0001193125-13-381949,d558338dex1022.htm,yes,2,centered_title|phrase|defined_term_realized_tax_benefit|defined_term_hypothetical_tax_liability|defined_term_tax_benefit_schedule|defined_term_early_termination_payment|defined_term_basis_adjustment|defined_term_tax_asset,,,,
0001581091,0001558370-15-001514,rmax-20150630ex1038ac69c.htm,uncertain,2,phrase,,,,
0001581091,0001558370-19-000930,rmax-20181231ex101808862.htm,uncertain,2,phrase,,,,
0001581091,0001558370-19-000930,rmax-20181231ex1019b8134.htm,uncertain,2,phrase,,,,
0001581091,0001558370-20-001165,ex-10d5.htm,uncertain,2,phrase|defined_term_basis_adjustment,,,,
0001581091,0001564590-13-001337,rmax-ex10_20130930291.htm,uncertain,2,phrase|defined_term_basis_adjustment,,,,
0001581091,0001564590-13-001337,rmax-ex10_20130930292.htm,yes,2,centered_title|phrase|defined_term_realized_tax_benefit|defined_term_hypothetical_tax_liability|defined_term_tax_benefit_schedule|defined_term_early_termination_payment|defined_term_basis_adjustment|defined_term_tax_asset,,,,
0001581091,0001564590-13-001337,rmax-ex10_20130930293.htm,yes,2,centered_title|phrase|defined_term_realized_tax_benefit|defined_term_hypothetical_tax_liability|defined_term_tax_benefit_schedule|defined_term_early_termination_payment|defined_term_basis_adjustment|defined_term_tax_asset,,,,
0001581091,0001564590-13-001337,rmax-ex10_20130930295.htm,uncertain,2,phrase,,,,
0001582616,0001193125-13-401066,d566832dex1019.htm,uncertain,2,phrase,,,,
0001582616,0001193125-13-401066,d566832dex1020.htm,uncertain,2,phrase|defined_term_basis_adjustment,,,,
0001582616,0001193125-13-401066,d566832dex1025.htm,yes,2,centered_title|phrase|defined_term_realized_tax_benefit|defined_term_hypothetical_tax_liability|defined_term_tax_benefit_schedule|defined_term_early_termination_payment|defined_term_basis_adjustment,,,,
0001582616,0001193125-13-401066,d566832dex1026.htm,yes,2,centered_title|phrase|defined_term_realized_tax_benefit|defined_term_hypothetical_tax_liability|defined_term_tax_benefit_schedule|defined_term_early_termination_payment|defined_term_basis_adjustment,,,,
0001582616,0001193125-13-401066,d566832dex1027.htm,yes,2,centered_title|phrase|defined_term_realized_tax_benefit|defined_term_hypothetical_tax_liability|defined_term_tax_benefit_schedule|defined_term_early_termination_payment|defined_term_basis_adjustment,,,,
0001582616,0001193125-15-114434,d898975dex101.htm,uncertain,2,phrase|defined_term_early_termination_payment,,,,
0001582616,0001193125-15-114434,d898975dex102.htm,uncertain,2,phrase|defined_term_early_termination_payment,,,,
0001582616,0001193125-15-114434,d898975dex103.htm,uncertain,2,phrase|defined_term_early_termination_payment,,,,
0001582616,0001582616-14-000007,ex1014traexchanges.htm,yes,2,centered_title|phrase|defined_term_realized_tax_benefit|defined_term_hypothetical_tax_liability|defined_term_tax_benefit_schedule|defined_term_early_termination_payment|defined_term_basis_adjustment,,,,
0001582616,0001582616-14-000007,ex1015traskm.htm,yes,2,centered_title|phrase|defined_term_realized_tax_benefit|defined_term_hypothetical_tax_liability|defined_term_tax_benefit_schedule|defined_term_early_termination_payment|defined_term_basis_adjustment,,,,
0001582616,0001582616-14-000007,ex1016tratrimaran.htm,yes,2,centered_title|phrase|defined_term_realized_tax_benefit|defined_term_hypothetical_tax_liability|defined_term_tax_benefit_schedule|defined_term_early_termination_payment|defined_term_basis_adjustment,,,,
0001582616,0001582616-14-000007,ex1017tlbwithschedulesandex.htm,no,2,,,,,
0001582616,0001582616-14-000007,ex1018norcraftablwithexhib.htm,no,2,,,,,
0001582616,0001582616-14-000007,ex109llcagreementofnorcraft.htm,uncertain,2,phrase|defined_term_basis_adjustment|defined_term_section_754,,,,
0001584423,0001193125-15-085753,d888690dex101.htm,uncertain,2,phrase,,,,
0001584423,0001193125-17-254492,d441784dex101.htm,uncertain,2,phrase,,,,
0001584423,0001193125-18-268243,d620443dex101.htm,uncertain,2,phrase,,,,
0001584443,0001193125-13-365437,d572964dex101.htm,uncertain,2,phrase,,,,
0001587205,0001047469-20-005232,a2242541zex-10_1.htm,no,2,,,,,
0001590976,0001193125-13-473426,d621288dex1017.htm,yes,2,centered_title|phrase|defined_term_realized_tax_benefit|defined_term_hypothetical_tax_liability|defined_term_exchange_basis|defined_term_tax_benefit_schedule|defined_term_early_termination_payment|defined_term_basis_adjustment,,,,
0001590976,0001193125-14-004501,d621288dex1011.htm,uncertain,2,phrase|defined_term_basis_adjustment,,,,
0001590976,0001193125-14-038886,d672080dex101.htm,uncertain,2,phrase,,,,
0001590976,0001193125-14-038886,d672080dex104.htm,yes,2,centered_title|phrase|defined_term_realized_tax_benefit|defined_term_hypothetical_tax_liability|defined_term_exchange_basis|defined_term_tax_benefit_schedule|defined_term_early_termination_payment|defined_term_basis_adjustment,,,,
0001590976,0001193125-15-118086,d902674dex101.htm,uncertain,2,phrase|defined_term_basis_adjustment,,,,
0001590976,0001590976-17-000052,exhibit101-creditagreement.htm,uncertain,2,phrase|defined_term_basis_adjustment,,,,
0001590976,0001590976-22-000042,exhibit101thirdamendedandr.htm,uncertain,2,phrase|defined_term_basis_adjustment,,,,
0001592016,0001104659-15-057259,a15-16788_2ex10d1.htm,uncertain,2,phrase,,,no,Centered title 'CREDIT AGREEMENT' (AgroFresh / Bank of Montreal parties); not a TRA.
0001592016,0001104659-15-057259,a15-16788_2ex10d3.htm,uncertain,2,phrase|defined_term_hypothetical_tax_liability|defined_term_net_tax_benefit_payment|defined_term_basis_adjustment,,,yes,"Centered title 'TAX RECEIVABLES AGREEMENT' followed by parties block and TRA-standard defined terms (Tax Benefit Payment, Basis Adjustment, Hypothetical Tax Liability, Acceleration Payment)."
0001592016,0001592016-17-000008,exhibit101.htm,uncertain,2,phrase,,,,
0001592016,0001592016-17-000008,exhibit102.htm,uncertain,2,phrase,,,,
0001592016,0001628280-19-015266,exhibit101dowtraagreem.htm,uncertain,2,phrase,,,yes,Centered title 'TERMINATION AGREEMENT' (EX-10.1 description 'DOW TRA TERMINATION AGREEMENT') terminating the Dow Tax Receivables Agreement; a TRA termination counts as a TRA contract.
0001592386,0001047469-14-003044,a2219101zex-10_10.htm,uncertain,2,phrase,,,,
0001592386,0001047469-14-003044,a2219101zex-10_17.htm,uncertain,2,phrase,,,,
0001592386,0001047469-14-003044,a2219101zex-10_18.htm,uncertain,2,phrase,,,,
0001592386,0001047469-14-003044,a2219101zex-10_4.htm,uncertain,2,phrase,,,,
0001592386,0001047469-14-003044,a2219101zex-10_9.htm,uncertain,2,phrase,,,,
0001592386,0001047469-15-001003,a2219372zex-10_10.htm,uncertain,2,phrase,,,no,"Centered title 'AMENDED AND RESTATED LIMITED LIABILITY COMPANY AGREEMENT of VIRTU EMPLOYEE HOLDCO LLC'; LLC agreement, not a TRA."
0001592386,0001047469-15-001003,a2219372zex-10_17.htm,uncertain,2,phrase,,,,
0001592386,0001047469-15-001003,a2219372zex-10_18.htm,uncertain,2,phrase,,,no,"Centered title 'UNIT VESTING, EQUITY RETENTION AND RESTRICTIVE COVENANT AGREEMENT' (Virtu); governs lock-up/restrictive covenants, not TRA payments."
0001592386,0001047469-15-001003,a2219372zex-10_4.htm,uncertain,2,phrase,,,,
0001592386,0001047469-15-001003,a2219372zex-10_6.htm,yes,2,centered_title|phrase|defined_term_realized_tax_benefit|defined_term_hypothetical_tax_liability|defined_term_exchange_basis|defined_term_tax_benefit_schedule|defined_term_early_termination_payment|defined_term_basis_adjustment,,,,
0001592386,0001047469-15-001003,a2219372zex-10_7.htm,yes,2,centered_title|phrase|defined_term_realized_tax_benefit|defined_term_hypothetical_tax_liability|defined_term_exchange_basis|defined_term_tax_benefit_schedule|defined_term_early_termination_payment|defined_term_basis_adjustment,,,,
0001592386,0001047469-15-001003,a2219372zex-10_8.htm,yes,2,centered_title|phrase|defined_term_realized_tax_benefit|defined_term_hypothetical_tax_liability|defined_term_exchange_basis|defined_term_tax_benefit_schedule|defined_term_early_termination_payment|defined_term_basis_adjustment,,,,
0001592386,0001047469-15-001003,a2219372zex-10_9.htm,uncertain,2,phrase,,,,
0001592386,0001047469-15-002610,a2223212zex-10_10.htm,uncertain,2,phrase,,,,
0001592386,0001047469-15-002610,a2223212zex-10_17.htm,uncertain,2,phrase,,,,
0001592386,0001047469-15-002610,a2223212zex-10_18.htm,uncertain,2,phrase,,,,
0001592386,0001047469-15-002610,a2223212zex-10_6.htm,yes,2,centered_title|phrase|defined_term_realized_tax_benefit|defined_term_hypothetical_tax_liability|defined_term_exchange_basis|defined_term_tax_benefit_schedule|defined_term_early_termination_payment|defined_term_basis_adjustment,,,,
0001592386,0001047469-15-002610,a2223212zex-10_7.htm,yes,2,centered_title|phrase|defined_term_realized_tax_benefit|defined_term_hypothetical_tax_liability|defined_term_exchange_basis|defined_term_tax_benefit_schedule|defined_term_early_termination_payment|defined_term_basis_adjustment,,,,
0001592386,0001047469-15-002610,a2223212zex-10_8.htm,yes,2,centered_title|phrase|defined_term_realized_tax_benefit|defined_term_hypothetical_tax_liability|defined_term_exchange_basis|defined_term_tax_benefit_schedule|defined_term_early_termination_payment|defined_term_basis_adjustment,,,,
0001592386,0001047469-15-002610,a2223212zex-10_9.htm,uncertain,2,phrase,,,,
0001592386,0001047469-15-003193,a2224040zex-10_6.htm,yes,2,centered_title|phrase|defined_term_realized_tax_benefit|defined_term_hypothetical_tax_liability|defined_term_exchange_basis|defined_term_tax_benefit_schedule|defined_term_early_termination_payment|defined_term_basis_adjustment,,,,
0001592386,0001047469-15-003193,a2224040zex-10_7.htm,yes,2,centered_title|phrase|defined_term_realized_tax_benefit|defined_term_hypothetical_tax_liability|defined_term_exchange_basis|defined_term_tax_benefit_schedule|defined_term_early_termination_payment|defined_term_basis_adjustment,,,,
0001592386,0001047469-15-003193,a2224040zex-10_8.htm,yes,2,centered_title|phrase|defined_term_realized_tax_benefit|defined_term_hypothetical_tax_liability|defined_term_exchange_basis|defined_term_tax_benefit_schedule|defined_term_early_termination_payment|defined_term_basis_adjustment,,,,
0001592386,0001104659-15-042100,a15-8228_1ex10d3.htm,uncertain,2,phrase,,,,
0001592386,0001104659-15-042100,a15-8228_1ex10d5.htm,yes,2,centered_title|phrase|defined_term_realized_tax_benefit|defined_term_hypothetical_tax_liability|defined_term_exchange_basis|defined_term_tax_benefit_schedule|defined_term_early_termination_payment|defined_term_basis_adjustment,,,,
0001592386,0001104659-15-042100,a15-8228_1ex10d6.htm,yes,2,centered_title|phrase|defined_term_realized_tax_benefit|defined_term_hypothetical_tax_liability|defined_term_exchange_basis|defined_term_tax_benefit_schedule|defined_term_early_termination_payment|defined_term_basis_adjustment,,,,
0001592386,0001104659-15-042100,a15-8228_1ex10d7.htm,yes,2,centered_title|phrase|defined_term_realized_tax_benefit|defined_term_hypothetical_tax_liability|defined_term_exchange_basis|defined_term_tax_benefit_schedule|defined_term_early_termination_payment|defined_term_basis_adjustment,,,,
0001592386,0001104659-15-042100,a15-8228_1ex10d8.htm,uncertain,2,phrase,,,,
0001592386,0001104659-15-042100,a15-8228_1ex10d9.htm,uncertain,2,phrase,,,,
0001592386,0001104659-17-037232,a17-14679_1ex10d1.htm,uncertain,2,phrase,,,no,Second Amendment to the Third Amended and Restated LLC Agreement of Virtu Financial LLC; TRAs referenced only in a Section 5.03(c) carve-out.
0001594466,0000950123-14-000580,filename3.htm,uncertain,2,phrase,,,,
0001594466,0001193125-14-140752,d644323dex104.htm,yes,2,centered_title|phrase|defined_term_realized_tax_benefit|defined_term_hypothetical_tax_liability|defined_term_exchange_basis|defined_term_tax_benefit_schedule|defined_term_early_termination_payment|defined_term_basis_adjustment,,,,
0001594466,0001193125-14-140752,d644323dex105.htm,uncertain,2,phrase,,,,
0001594466,0001193125-14-181256,d644323dex104.htm,yes,2,centered_title|phrase|defined_term_realized_tax_benefit|defined_term_hypothetical_tax_liability|defined_term_exchange_basis|defined_term_tax_benefit_schedule|defined_term_early_termination_payment|defined_term_basis_adjustment,,,,
0001594466,0001193125-14-194190,d644323dex1019.htm,uncertain,2,phrase|defined_term_basis_adjustment,,,,
0001594466,0001193125-14-225854,d736716dex101.htm,uncertain,2,phrase,,,no,"Centered title 'FIRST AMENDED AND RESTATED LIMITED LIABILITY COMPANY AGREEMENT OF PARSLEY ENERGY, LLC'; LLC agreement, not a TRA."
0001594466,0001193125-14-225854,d736716dex102.htm,yes,2,centered_title|phrase|defined_term_realized_tax_benefit|defined_term_hypothetical_tax_liability|defined_term_exchange_basis|defined_term_tax_benefit_schedule|defined_term_early_termination_payment|defined_term_basis_adjustment,,,,
0001594466,0001193125-17-130657,d374474dex101.htm,uncertain,2,phrase,,,,
0001594466,0001193125-19-052013,d715300dex101.htm,uncertain,2,phrase,,,,
0001594466,0001193125-20-273256,d71669dex101.htm,yes,2,centered_title|phrase|defined_term_early_termination_payment,,,,
0001594466,0001594466-19-000087,parsley-fourthamendedresta.htm,uncertain,2,phrase,,,,
0001596967,0000912057-14-000065,filename11.htm,yes,2,centered_title|phrase|defined_term_realized_tax_benefit|defined_term_hypothetical_tax_liability|defined_term_exchange_basis|defined_term_tax_benefit_schedule|defined_term_early_termination_payment|defined_term_basis_adjustment,,,,
0001596967,0000950170-24-018791,mc-ex10_11.htm,yes,2,centered_title|phrase|defined_term_early_termination_payment,,,,
0001596967,0000950170-24-018791,mc-ex10_7.htm,uncertain,2,phrase,,,,
0001596967,0001047469-14-001758,a2218542zex-10_7.htm,yes,2,centered_title|phrase|defined_term_realized_tax_benefit|defined_term_hypothetical_tax_liability|defined_term_exchange_basis|defined_term_tax_benefit_schedule|defined_term_early_termination_payment|defined_term_basis_adjustment,,,,
0001596967,0001047469-14-003406,a2219289zex-10_7.htm,yes,2,centered_title|phrase|defined_term_realized_tax_benefit|defined_term_hypothetical_tax_liability|defined_term_exchange_basis|defined_term_tax_benefit_schedule|defined_term_early_termination_payment|defined_term_basis_adjustment,,,,
0001596967,0001104659-14-029215,a14-10912_1ex10d3.htm,yes,2,centered_title|phrase|defined_term_realized_tax_benefit|defined_term_hypothetical_tax_liability|defined_term_exchange_basis|defined_term_tax_benefit_schedule|defined_term_early_termination_payment|defined_term_basis_adjustment,,,,
0001596967,0001193125-25-137453,d10407dex103.htm,uncertain,2,phrase,,,,
0001597033,0001193125-14-100227,d652688dex1044.htm,yes,2,centered_title|phrase|defined_term_realized_tax_benefit|defined_term_tax_benefit_schedule|defined_term_early_termination_payment|defined_term_tax_asset,,,,
0001597033,0001193125-14-155070,d714044dex101.htm,yes,2,centered_title|phrase|defined_term_realized_tax_benefit|defined_term_tax_benefit_schedule|defined_term_early_termination_payment|defined_term_tax_asset,,,,
0001597033,0001597033-20-000026,exhibit1078paymentandt.htm,uncertain,2,phrase|defined_term_early_termination_payment|defined_term_tax_asset,,,,
0001599489,0001104659-16-139770,a16-16741_1ex10d1.htm,no,2,,,,,
0001599489,0001104659-20-046099,tm2015671d1_ex10-1.htm,no,2,,,,,
0001599489,0001104659-21-000302,tm2039559d1_ex10-1.htm,uncertain,2,phrase,,,,
0001599489,0001193125-14-054268,d668968dex104.htm,yes,2,centered_title|phrase|defined_term_realized_tax_benefit|defined_term_tax_benefit_schedule,,,,
0001599489,0001193125-14-054268,d668968dex105.htm,uncertain,2,phrase,,,,
0001599489,0001193125-14-054268,d668968dex106.htm,uncertain,2,phrase,,,,
0001599489,0001193125-14-226512,d668968dex1013.htm,yes,2,centered_title|phrase|defined_term_realized_tax_benefit|defined_term_tax_benefit_schedule,,,,
0001599489,0001193125-14-233462,d668968dex105.htm,no,2,,,,,
0001599489,0001193125-14-259659,d750071dex101.htm,no,2,,,,,
0001599489,0001193125-14-259659,d750071dex105.htm,yes,2,centered_title|phrase|defined_term_realized_tax_benefit|defined_term_tax_benefit_schedule,,,,
0001599489,0001599489-20-000011,amendmentno1totra042820.htm,yes,2,centered_title|phrase|defined_term_realized_tax_benefit|defined_term_tax_benefit_schedule,,,,
0001599489,0001599489-23-000070,thirdamendmenttoabl2023.htm,no,2,,,,,
0001601758,0001047469-14-005861,a2220546zex-10_1.htm,uncertain,2,phrase,,,no,"Centered title 'SECOND AMENDED AND RESTATED LIMITED LIABILITY COMPANY AGREEMENT OF WOODSIDE HOMES COMPANY, LLC'; an LLC agreement, not a TRA."
0001601758,0001047469-14-005861,a2220546zex-10_3.htm,uncertain,2,phrase,,,,
0001601758,0001047469-14-005861,a2220546zex-10_5.htm,yes,2,centered_title|phrase|defined_term_realized_tax_benefit|defined_term_hypothetical_tax_liability|defined_term_exchange_basis|defined_term_tax_benefit_schedule|defined_term_early_termination_payment|defined_term_basis_adjustment,,,,
0001601758,0001047469-14-007122,a2220762zex-10_1.htm,uncertain,2,phrase,,,,
0001602367,0001047469-14-005528,a2220427zex-10_1.htm,yes,2,centered_title|phrase|defined_term_realized_tax_benefit|defined_term_hypothetical_tax_liability|defined_term_exchange_basis|defined_term_tax_benefit_schedule|defined_term_early_termination_payment|defined_term_basis_adjustment,,,,
0001602367,0001047469-14-005528,a2220427zex-10_14.htm,uncertain,2,phrase,,,,
0001602367,0001047469-14-005528,a2220427zex-10_16.htm,uncertain,2,phrase,,,,
0001602367,0001047469-14-005528,a2220427zex-10_19.htm,uncertain,2,phrase,,,,
0001602367,0001047469-14-005528,a2220427zex-10_7.htm,uncertain,2,phrase,,,,
0001602367,0001104659-14-049401,a14-16257_1ex10d1.htm,uncertain,2,phrase,,,,
0001602367,0001104659-14-049401,a14-16257_1ex10d3.htm,yes,2,centered_title|phrase|defined_term_realized_tax_benefit|defined_term_hypothetical_tax_liability|defined_term_exchange_basis|defined_term_tax_benefit_schedule|defined_term_early_termination_payment|defined_term_basis_adjustment,,,,
0001602367,0001104659-14-049401,a14-16257_1ex10d5.htm,uncertain,2,phrase,,,,
0001602367,0001104659-15-070139,a15-20920_1ex10d1.htm,uncertain,2,phrase|defined_term_basis_adjustment,,,,
0001604416,0001104659-16-127383,a16-13346_1ex10d1.htm,yes,2,centered_title|phrase|defined_term_realized_tax_benefit|defined_term_hypothetical_tax_liability|defined_term_tax_benefit_schedule|defined_term_early_termination_payment|defined_term_net_tax_benefit_payment|defined_term_basis_adjustment,,,,
0001604416,0001104659-16-127383,a16-13346_1ex10d2.htm,uncertain,2,phrase,,,no,Centered title 'FORM OF JOINDER AGREEMENT' executed pursuant to a referenced TRA; not a TRA itself.
0001604416,0001104659-16-127383,a16-13346_1ex10d3.htm,uncertain,2,phrase,,,,
0001604416,0001104659-16-127383,a16-13346_1ex10d4.htm,uncertain,2,phrase,,,,
0001604416,0001144204-16-089622,v434869_ex10-2.htm,yes,2,centered_title|phrase|defined_term_realized_tax_benefit|defined_term_hypothetical_tax_liability|defined_term_tax_benefit_schedule|defined_term_early_termination_payment|defined_term_net_tax_benefit_payment|defined_term_basis_adjustment,,,,
0001604416,0001144204-16-089623,v434869_ex10-2.htm,yes,2,centered_title|phrase|defined_term_realized_tax_benefit|defined_term_hypothetical_tax_liability|defined_term_tax_benefit_schedule|defined_term_early_termination_payment|defined_term_net_tax_benefit_payment|defined_term_basis_adjustment,,,,
0001604416,0001193125-18-276580,d620013dex101.htm,yes,2,centered_title|phrase,,,,
0001604416,0001193125-18-276582,d620013dex101.htm,yes,2,centered_title|phrase,,,,
0001604416,0001628280-17-002796,ex101termloanamendmentno.htm,uncertain,2,phrase,,,no,"Amendment No. 1 to a Credit Agreement (Nexeo Solutions, Bank of America as administrative agent); not a TRA."
0001604416,0001628280-17-012416,ex101termloanamendmentno.htm,uncertain,2,phrase,,,no,Document is Amendment No. 2 to a Credit Agreement (Nexeo Solutions and Bank of America) with the Credit Agreement attached as Exhibit A; not a TRA.
0001606268,0001193125-14-253831,d699121dex102.htm,uncertain,2,phrase,,,,
0001606268,0001193125-14-253831,d699121dex106.htm,yes,2,centered_title|phrase|defined_term_realized_tax_benefit|defined_term_hypothetical_tax_liability|defined_term_exchange_basis|defined_term_tax_benefit_schedule|defined_term_early_termination_payment|defined_term_basis_adjustment,,,,
0001606268,0001193125-14-253831,d699121dex107.htm,uncertain,2,phrase,,,,
0001606268,0001193125-14-293754,d768423dex101.htm,uncertain,2,phrase,,,,
0001606268,0001193125-14-293754,d768423dex102.htm,yes,2,centered_title|phrase|defined_term_realized_tax_benefit|defined_term_hypothetical_tax_liability|defined_term_exchange_basis|defined_term_tax_benefit_schedule|defined_term_early_termination_payment|defined_term_basis_adjustment,,,,
0001606268,0001193125-14-293754,d768423dex103.htm,uncertain,2,phrase,,,no,"Centered title 'SECOND AMENDED AND RESTATED LIMITED LIABILITY COMPANY AGREEMENT OF SPARK HOLDCO, LLC'; LLC agreement, not a TRA."
0001606268,0001606268-15-000106,creditagreementjuly2015.htm,uncertain,2,phrase,,,,
0001606268,0001606268-16-000225,a103amendment_nox2xtoxcred.htm,uncertain,2,phrase,,,no,Centered title 'AMENDMENT NO. 2' to the Credit Agreement (filing description 'EXHIBIT 10.3 CREDIT FACILITY AMENDMENT 2'); not a TRA.
0001606268,0001606268-16-000312,exhibit102amendment_nox4xt.htm,uncertain,2,phrase,,,no,"Centered title 'AMENDMENT NO. 4' to a Credit Agreement (Spark Holdco co-borrowers, Spark Energy Inc., Société Générale as administrative agent); not a TRA."
0001606268,0001606268-17-000045,sparkenergyllcagreementex1.htm,uncertain,2,phrase,,,,
0001606268,0001606268-17-000065,sparkholdcocreditagreement.htm,uncertain,2,phrase,,,,
0001606268,0001606268-19-000089,traterminationagreement.htm,uncertain,2,phrase|defined_term_early_termination_payment,,,,
0001606268,0001606268-22-000008,a106amendmentno5.htm,uncertain,2,phrase,,,,
0001606268,0001606268-22-000053,exhibit101-viarenewablesxc.htm,no,2,,,,,
0001606268,0001606268-24-000032,amendmentno3tothirdarllcag.htm,uncertain,2,phrase,,,,
0001606366,0001193125-14-267807,d714963dex1013.htm,yes,2,centered_title|phrase|defined_term_realized_tax_benefit|defined_term_tax_benefit_schedule|defined_term_early_termination_payment,,,,
0001606366,0001193125-14-275282,d714963dex102.htm,uncertain,2,phrase,,,no,Centered title 'AMENDMENT NO. 1 TO FIRST LIEN CREDIT AGREEMENT'; TRA only a defined term for covenant carve-outs.
0001606366,0001193125-14-403640,d809146dex101.htm,yes,2,centered_title|phrase|defined_term_realized_tax_benefit|defined_term_tax_benefit_schedule|defined_term_early_termination_payment,,,,
0001606366,0001193125-14-443996,d838272dex101.htm,uncertain,2,phrase|defined_term_tax_asset,,,no,"Centered title 'CREDIT AGREEMENT' (El Pollo Loco, Inc. and Bank of America as Administrative Agent); not a TRA."
0001606366,0001558370-22-011677,loco-20220802xex10d1.htm,uncertain,2,phrase|defined_term_tax_asset,,,,
0001609711,0001193125-15-042658,d728713dex101.htm,uncertain,2,phrase,,,,
0001609711,0001193125-15-042658,d728713dex102.htm,uncertain,2,phrase,,,no,"Centered title 'FORM OF SECOND AMENDED AND RESTATED LIMITED LIABILITY COMPANY AGREEMENT OF DESERT NEWCO, LLC'; LLC agreement, not a TRA."
0001609711,0001193125-15-042658,d728713dex103.htm,uncertain,2,phrase,,,,
0001609711,0001193125-15-042658,d728713dex104.htm,yes,2,centered_title|phrase|defined_term_realized_tax_benefit|defined_term_hypothetical_tax_liability|defined_term_tax_benefit_schedule|defined_term_early_termination_payment|defined_term_basis_adjustment,,,,
0001609711,0001193125-15-042658,d728713dex105.htm,yes,2,centered_title|phrase|defined_term_realized_tax_benefit|defined_term_hypothetical_tax_liability|defined_term_tax_benefit_schedule|defined_term_early_termination_payment|defined_term_basis_adjustment,,,,
0001609711,0001193125-15-042658,d728713dex106.htm,uncertain,2,phrase,,,,
0001609711,0001193125-15-050384,d728713dex1014.htm,uncertain,2,phrase,,,,
0001609711,0001193125-15-060244,d728713dex102.htm,uncertain,2,phrase,,,no,"Centered title 'FORM OF SECOND AMENDED AND RESTATED LIMITED LIABILITY COMPANY AGREEMENT OF DESERT NEWCO, LLC'; LLC agreement, not a TRA."
0001609711,0001193125-15-060244,d728713dex103.htm,uncertain,2,phrase,,,,
0001609711,0001193125-15-120133,d903539dex101.htm,uncertain,2,phrase,,,,
0001609711,0001193125-15-120133,d903539dex102.htm,uncertain,2,phrase,,,,
0001609711,0001193125-15-120133,d903539dex104.htm,uncertain,2,phrase,,,,
0001609711,0001193125-15-120133,d903539dex105.htm,yes,2,centered_title|phrase|defined_term_realized_tax_benefit|defined_term_hypothetical_tax_liability|defined_term_tax_benefit_schedule|defined_term_early_termination_payment|defined_term_basis_adjustment,,,,
0001609711,0001193125-15-120133,d903539dex106.htm,yes,2,centered_title|phrase|defined_term_realized_tax_benefit|defined_term_hypothetical_tax_liability|defined_term_tax_benefit_schedule|defined_term_early_termination_payment|defined_term_basis_adjustment,,,,
0001609711,0001193125-15-120133,d903539dex107.htm,yes,2,centered_title|phrase|defined_term_realized_tax_benefit|defined_term_hypothetical_tax_liability|defined_term_tax_benefit_schedule|defined_term_early_termination_payment|defined_term_basis_adjustment,,,,
0001609711,0001193125-15-120133,d903539dex108.htm,yes,2,centered_title|phrase|defined_term_realized_tax_benefit|defined_term_hypothetical_tax_liability|defined_term_tax_benefit_schedule|defined_term_early_termination_payment|defined_term_basis_adjustment,,,,
0001609711,0001193125-15-120133,d903539dex109.htm,yes,2,centered_title|phrase|defined_term_realized_tax_benefit|defined_term_hypothetical_tax_liability|defined_term_tax_benefit_schedule|defined_term_early_termination_payment|defined_term_basis_adjustment,,,,
0001609711,0001609711-17-000029,ex101-creditagreement.htm,uncertain,2,phrase,,,no,Filename and document title identify this as a CREDIT AGREEMENT; not a TRA.
0001609711,0001609711-17-000070,a101bridgeloanagreement.htm,uncertain,2,phrase,,,no,Filename and document content indicate a bridge loan/credit agreement; no 'TAX RECEIVABLE AGREEMENT' anywhere.
0001609711,0001609711-20-000105,exhibit101-traexchange.htm,yes,2,centered_title|phrase,,,,
0001609711,0001609711-20-000105,exhibit102-traexchange.htm,uncertain,2,phrase,,,yes,"Title 'TRA (EXCHANGES) TERMINATION AND RELEASE AGREEMENT'; termination of a TRA, treated as a TRA contract per the amendments/restatements/terminations rule."
0001609711,0001609711-20-000105,exhibit103-trakkrreorg.htm,uncertain,2,phrase|defined_term_early_termination_payment,,,,
0001609711,0001609711-20-000105,exhibit104-trakkrcoxin.htm,uncertain,2,phrase|defined_term_early_termination_payment,,,,
0001609711,0001609711-20-000105,exhibit105-traslpreorg.htm,uncertain,2,phrase|defined_term_early_termination_payment,,,,
0001609711,0001609711-20-000105,exhibit106-tratcvreorg.htm,uncertain,2,phrase|defined_term_early_termination_payment,,,,
0001609711,0001609711-22-000141,godaddy-amendmentno6.htm,uncertain,2,phrase,,,,
0001609711,0001609711-23-000092,ex101-conformedcreditagree.htm,uncertain,2,phrase,,,no,Document is a Credit Agreement (filename ex101-conformedcreditagree.htm; centered title 'CREDIT AGREEMENT' in title block); not a TRA.
0001609711,0001609711-23-000122,ex101-amendmentno8andcredi.htm,no,2,,,,,
0001609711,0001609711-23-000167,ex102-amendmentno9.htm,uncertain,2,phrase,,,,
0001609711,0001609711-24-000009,ex101-1222024.htm,uncertain,2,phrase,,,,
0001609711,0001609711-24-000082,ex101-53124.htm,uncertain,2,phrase,,,,
0001609711,0001609711-24-000205,ex101-121624.htm,uncertain,2,phrase,,,no,Document is a CREDIT AGREEMENT with no occurrences of 'Tax Receivable Agreement' or TRA defined terms; not a TRA.
0001611110,0001144204-14-051029,v384892_ex10-10.htm,uncertain,2,phrase,,,,
0001611110,0001144204-14-051029,v384892_ex10-2.htm,yes,2,centered_title|phrase|defined_term_realized_tax_benefit|defined_term_hypothetical_tax_liability|defined_term_exchange_basis|defined_term_tax_benefit_schedule|defined_term_early_termination_payment|defined_term_basis_adjustment,,,,
0001611110,0001144204-14-053884,v388111_ex10-1.htm,uncertain,2,phrase,,,,
0001611110,0001144204-14-053884,v388111_ex10-11.htm,uncertain,2,phrase,,,,
0001611110,0001144204-14-058383,v390178_ex10-1.htm,uncertain,2,phrase,,,,
0001611110,0001144204-14-058383,v390178_ex10-3.htm,yes,2,centered_title|phrase|defined_term_realized_tax_benefit|defined_term_hypothetical_tax_liability|defined_term_exchange_basis|defined_term_tax_benefit_schedule|defined_term_early_termination_payment|defined_term_basis_adjustment,,,,
0001611110,0001437749-21-014011,ex_254706.htm,uncertain,2,phrase,,,,
0001611110,0001611110-17-000032,exhibit101amendmentmarked.htm,no,2,,,,,
0001611983,0001104659-25-060920,tm2518377d1_ex10-1.htm,uncertain,2,phrase,,,,
0001611983,0001104659-25-067806,tm2520147d2_ex10-1.htm,uncertain,2,phrase,,,,
0001611983,0001104659-25-067806,tm2520147d2_ex10-2.htm,uncertain,2,phrase|defined_term_realized_tax_benefit|defined_term_early_termination_payment|defined_term_basis_adjustment,,,,
0001611988,0001144204-14-057010,v389070_ex10-5.htm,yes,2,centered_title|phrase|defined_term_realized_tax_benefit|defined_term_hypothetical_tax_liability|defined_term_exchange_basis|defined_term_tax_benefit_schedule|defined_term_early_termination_payment|defined_term_basis_adjustment,,,,
0001611988,0001144204-14-064964,v393113_ex10-3.htm,yes,2,centered_title|phrase|defined_term_realized_tax_benefit|defined_term_hypothetical_tax_liability|defined_term_exchange_basis|defined_term_tax_benefit_schedule|defined_term_early_termination_payment|defined_term_basis_adjustment,,,,
0001611988,0001144204-17-036099,v470401_ex10-1.htm,no,2,,,,,
0001613136,0000950123-14-009354,filename12.htm,uncertain,2,phrase|defined_term_basis_adjustment,,,no,"Centered title 'CREDIT AGREEMENT' (Enovation Controls, LLC, dated June 30, 2014); not a TRA."
0001613136,0000950123-14-009354,filename8.htm,uncertain,2,phrase|defined_term_basis_adjustment,,,,
0001613136,0000950123-14-009354,filename9.htm,yes,2,centered_title|phrase|defined_term_realized_tax_benefit|defined_term_hypothetical_tax_liability|defined_term_exchange_basis|defined_term_tax_benefit_schedule|defined_term_early_termination_payment|defined_term_basis_adjustment,,,,
0001613136,0001193125-14-327505,d753506dex101.htm,uncertain,2,phrase|defined_term_basis_adjustment,,,,
0001613136,0001193125-14-327505,d753506dex102.htm,yes,2,centered_title|phrase|defined_term_realized_tax_benefit|defined_term_hypothetical_tax_liability|defined_term_exchange_basis|defined_term_tax_benefit_schedule|defined_term_early_termination_payment|defined_term_basis_adjustment,,,,
0001613136,0001193125-14-327505,d753506dex107.htm,uncertain,2,phrase|defined_term_basis_adjustment,,,,
0001617227,0000950123-14-009344,filename7.htm,uncertain,2,phrase,,,,
0001617227,0001193125-14-385250,d776473dex101.htm,uncertain,2,phrase,,,no,"Centered title 'FORM OF AMENDED AND RESTATED LIMITED LIABILITY COMPANY AGREEMENT OF J. ALEXANDER'S HOLDINGS, LLC'; an LLC agreement, not a TRA."
0001617667,0001047469-14-009020,a2222054zex-10_1.htm,yes,2,centered_title|phrase|defined_term_realized_tax_benefit|defined_term_hypothetical_tax_liability|defined_term_tax_benefit_schedule|defined_term_early_termination_payment|defined_term_basis_adjustment,,,,
0001617667,0001047469-14-009020,a2222054zex-10_4.htm,uncertain,2,phrase,,,,
0001617667,0001047469-14-009020,a2222054zex-10_6.htm,uncertain,2,phrase,,,,
0001617667,0001047469-14-009020,a2222054zex-10_9.htm,uncertain,2,phrase,,,no,Centered title 'AMENDMENT NO. 2 TO AMENDED AND RESTATED CREDIT AGREEMENT' (Neff LLC); TRA only a restricted-payment carve-out.
0001617667,0001047469-14-009175,a2222201zex-10_25.htm,uncertain,2,phrase,,,,
0001617667,0001047469-14-009175,a2222201zex-10_27.htm,uncertain,2,phrase,,,no,Centered title 'AMENDED AND RESTATED EMPLOYMENT AGREEMENT' (Neff Holdings LLC and an executive); not a TRA.
0001617667,0001104659-14-084462,a14-25263_1ex10d1.htm,yes,2,centered_title|phrase|defined_term_realized_tax_benefit|defined_term_hypothetical_tax_liability|defined_term_tax_benefit_schedule|defined_term_early_termination_payment|defined_term_basis_adjustment,,,,
0001617667,0001104659-14-084462,a14-25263_1ex10d25.htm,uncertain,2,phrase,,,,
0001617667,0001104659-14-084462,a14-25263_1ex10d27.htm,uncertain,2,phrase,,,,
0001617667,0001104659-14-084462,a14-25263_1ex10d4.htm,uncertain,2,phrase,,,,
0001617667,0001104659-15-043460,a15-13545_1ex10d1.htm,yes,2,centered_title|phrase|defined_term_basis_adjustment,,,,
0001617667,0001104659-16-101478,a16-5510_1ex10d1.htm,no,2,,,,,
0001617667,0001104659-17-045075,a17-17963_1ex10d1.htm,uncertain,2,phrase,,,no,Centered title 'EXCHANGE AND TERMINATION AGREEMENT' (executed alongside a merger); document terminates a TRA but is not itself a TRA contract.
0001617667,0001104659-17-045075,a17-17963_1ex10d2.htm,uncertain,2,phrase,,,,
0001617667,0001104659-17-052473,a17-20319_1ex10d1.htm,uncertain,2,phrase,,,no,Centered title 'EXCHANGE AND TERMINATION AGREEMENT' tied to a merger; TRA named only as one of several agreements being terminated.
0001617667,0001104659-17-052473,a17-20319_1ex10d2.htm,uncertain,2,phrase,,,,
0001617977,0001193125-14-381866,d776094dex101.htm,uncertain,2,phrase|defined_term_basis_adjustment,,,,
0001617977,0001193125-14-381866,d776094dex1013.htm,uncertain,2,phrase,,,,
0001617977,0001193125-14-381866,d776094dex102.htm,yes,2,centered_title|phrase|defined_term_realized_tax_benefit|defined_term_hypothetical_tax_liability|defined_term_tax_benefit_schedule|defined_term_early_termination_payment|defined_term_basis_adjustment,,,,
0001617977,0001193125-15-087772,d889740dex101.htm,uncertain,2,phrase|defined_term_basis_adjustment,,,,
0001617977,0001193125-15-087772,d889740dex1016.htm,uncertain,2,phrase,,,,
0001617977,0001193125-15-087772,d889740dex102.htm,yes,2,centered_title|phrase|defined_term_realized_tax_benefit|defined_term_hypothetical_tax_liability|defined_term_tax_benefit_schedule|defined_term_early_termination_payment|defined_term_basis_adjustment,,,,
0001617977,0001193125-15-121541,d884946dex101.htm,uncertain,2,phrase|defined_term_basis_adjustment,,,,
0001617977,0001193125-20-001833,d861195dex101.htm,yes,2,centered_title|phrase|defined_term_early_termination_payment,,,,
0001617977,0001193125-20-001834,d861195dex101.htm,yes,2,centered_title|phrase|defined_term_early_termination_payment,,,,
0001617977,0001564590-17-015227,habt-ex101_113.htm,no,2,,,,,
0001617996,0001047469-14-009715,a2222116zex-10_1.htm,uncertain,2,phrase,,,,
0001617996,0001047469-14-009715,a2222116zex-10_4.htm,yes,2,centered_title|phrase|defined_term_realized_tax_benefit|defined_term_tax_benefit_schedule|defined_term_early_termination_payment,,,,
0001618921,0001193125-21-277874,d210784dex101.htm,uncertain,2,phrase|defined_term_basis_adjustment,,,,
0001618921,0001193125-21-313320,d211154dex101.htm,uncertain,2,phrase|defined_term_basis_adjustment,,,,
0001618921,0001193125-22-279589,d409149dex101.htm,no,2,,,,,
0001618921,0001193125-23-001940,d391469dex101.htm,no,2,,,,,
0001620533,0001047469-14-010114,a2222577zex-10_1.htm,yes,2,centered_title|phrase|defined_term_realized_tax_benefit|defined_term_hypothetical_tax_liability|defined_term_tax_benefit_schedule|defined_term_early_termination_payment|defined_term_basis_adjustment,,,,
0001620533,0001047469-14-010114,a2222577zex-10_3.htm,uncertain,2,phrase,,,,
0001620533,0001047469-15-000292,a2222777zex-10_1.htm,yes,2,centered_title|phrase|defined_term_realized_tax_benefit|defined_term_hypothetical_tax_liability|defined_term_tax_benefit_schedule|defined_term_early_termination_payment|defined_term_basis_adjustment,,,,
0001620533,0001047469-15-000292,a2222777zex-10_3.htm,uncertain,2,phrase,,,,
0001620533,0001047469-15-000292,a2222777zex-10_5.htm,uncertain,2,phrase,,,,
0001620533,0001104659-15-008009,a15-4012_1ex10d1.htm,yes,2,centered_title|phrase|defined_term_realized_tax_benefit|defined_term_hypothetical_tax_liability|defined_term_tax_benefit_schedule|defined_term_early_termination_payment|defined_term_basis_adjustment,,,,
0001620533,0001104659-15-008009,a15-4012_1ex10d3.htm,uncertain,2,phrase,,,,
0001620533,0001144204-19-037667,tv526670_ex10-1.htm,uncertain,2,phrase|defined_term_early_termination_payment|defined_term_tax_asset,,,no,"Centered title 'CREDIT AGREEMENT' dated August 2, 2019 (SSE Holdings, Wells Fargo); not a TRA."
0001620533,0001620533-15-000003,shak-20141231_ex106.htm,uncertain,2,phrase,,,,
0001620533,0001620533-17-000041,shak-20161228_exhibit1012.htm,uncertain,2,phrase,,,,
0001620533,0001620533-19-000010,shak-20181226_exhibit1061.htm,uncertain,2,phrase|defined_term_tax_asset,,,,
0001620533,0001620533-20-000029,shak-20200325exhibit103.htm,uncertain,2,phrase|defined_term_early_termination_payment,,,,
0001620533,0001620533-23-000078,fourthamendmenttocreditagr.htm,no,2,,,,,
0001620533,0001620533-25-000065,shak-20250625_exhibit102.htm,uncertain,2,phrase|defined_term_early_termination_payment|defined_term_tax_asset,,,,
0001621563,0001193125-14-447101,d789569dex104.htm,uncertain,2,phrase,,,,
0001621563,0001193125-15-005780,d789569dex102.htm,yes,2,centered_title|phrase|defined_term_realized_tax_benefit|defined_term_hypothetical_tax_liability|defined_term_exchange_basis|defined_term_tax_benefit_schedule|defined_term_early_termination_payment|defined_term_basis_adjustment,,,,
0001621563,0001193125-15-005780,d789569dex104.htm,uncertain,2,phrase,,,no,"Centered title 'STOCKHOLDERS' AGREEMENT' (Summit Materials, Inc.); governs corporate governance, not TRA payments."
0001621563,0001193125-15-095513,d890805dex103.htm,yes,2,centered_title|phrase|defined_term_realized_tax_benefit|defined_term_hypothetical_tax_liability|defined_term_exchange_basis|defined_term_tax_benefit_schedule|defined_term_early_termination_payment|defined_term_basis_adjustment,,,,
0001621563,0001193125-15-095513,d890805dex105.htm,uncertain,2,phrase,,,,
0001621563,0001628280-22-024709,summit-brianharristransi.htm,uncertain,2,phrase,,,,
0001621563,0001628280-23-027121,ex10110q22023.htm,yes,2,centered_title|phrase|defined_term_early_termination_payment,,,,
0001621563,0001628280-23-036315,ex10110q32023.htm,uncertain,2,phrase,,,no,"Centered title 'ASSIGNMENT AGREEMENT' assigning TRA Rights under Section 7.6(a) of an existing TRA; references TRA, not a TRA itself."
0001626115,0000950170-24-022152,pjt-ex10_13.htm,uncertain,2,phrase,,,,
0001626115,0000950170-24-090024,pjt-ex10_1.htm,uncertain,2,phrase,,,no,"Centered title 'THIRD AMENDED AND RESTATED LIMITED PARTNERSHIP AGREEMENT OF PJT PARTNERS HOLDINGS LP'; a partnership agreement, not a TRA."
0001626115,0001193125-15-286966,d883787dex101.htm,uncertain,2,phrase,,,,
0001626115,0001193125-15-286966,d883787dex103.htm,yes,2,centered_title|phrase|defined_term_realized_tax_benefit|defined_term_exchange_basis|defined_term_tax_benefit_schedule|defined_term_early_termination_payment|defined_term_basis_adjustment,,,,
0001626115,0001193125-15-286966,d883787dex108.htm,uncertain,2,phrase,,,,
0001626115,0001193125-15-337529,d21345dex101.htm,uncertain,2,phrase,,,,
0001626115,0001193125-15-337529,d21345dex105.htm,uncertain,2,phrase,,,,
0001626115,0001193125-15-337529,d21345dex107.htm,yes,2,centered_title|phrase|defined_term_realized_tax_benefit|defined_term_exchange_basis|defined_term_tax_benefit_schedule|defined_term_early_termination_payment|defined_term_basis_adjustment,,,,
0001626115,0001564590-16-013745,pjt-ex1020_1194.htm,uncertain,2,phrase,,,,
0001626115,0001564590-16-013745,pjt-ex1021_1103.htm,uncertain,2,phrase,,,,
0001626115,0001564590-16-013745,pjt-ex1022_1195.htm,uncertain,2,phrase,,,,
0001626115,0001564590-16-013745,pjt-ex1023_1102.htm,uncertain,2,phrase,,,,
0001626115,0001564590-16-013745,pjt-ex1024_1100.htm,uncertain,2,phrase,,,,
0001626115,0001564590-16-013745,pjt-ex106_1111.htm,uncertain,2,phrase,,,,
0001626115,0001564590-17-002891,pjt-ex108_842.htm,uncertain,2,phrase,,,,
0001626115,0001564590-22-016468,pjt-ex102_86.htm,uncertain,2,phrase,,,,
0001627014,0001104659-20-105810,tm2031024d1_ex10-1.htm,uncertain,2,phrase,,,,
0001627014,0001193125-15-112122,d837244dex104.htm,uncertain,2,phrase,,,,
0001627014,0001627014-21-000005,bkiexhibit102910-kx2020.htm,uncertain,2,phrase,,,,
0001628908,0001193125-15-169530,d838828dex105.htm,uncertain,2,phrase,,,,
0001628908,0001193125-15-199503,d838828dex102.htm,uncertain,2,phrase|defined_term_basis_adjustment,,,,
0001628908,0001193125-15-199503,d838828dex103.htm,uncertain,2,phrase|defined_term_realized_tax_benefit|defined_term_hypothetical_tax_liability|defined_term_tax_benefit_schedule|defined_term_early_termination_payment|defined_term_basis_adjustment|defined_term_section_754,,,,
0001628908,0001193125-15-199503,d838828dex106.htm,uncertain,2,phrase,,,,
0001628908,0001193125-15-219372,d939182dex101.htm,uncertain,2,phrase,,,,
0001628908,0001193125-15-219372,d939182dex102.htm,uncertain,2,phrase,,,,
0001628908,0001193125-15-219372,d939182dex103.htm,uncertain,2,phrase|defined_term_basis_adjustment,,,,
0001628908,0001193125-15-219372,d939182dex104.htm,uncertain,2,phrase|defined_term_realized_tax_benefit|defined_term_hypothetical_tax_liability|defined_term_tax_benefit_schedule|defined_term_early_termination_payment|defined_term_basis_adjustment|defined_term_section_754,,,,
0001628908,0001193125-23-012645,d331612dex101.htm,no,2,,,,,
0001628908,0001193125-23-012645,d331612dex102.htm,no,2,,,,,
0001628908,0001193125-23-012645,d331612dex103.htm,uncertain,2,phrase,,,,
0001628908,0001628908-19-000084,exhibit101passportcredit.htm,uncertain,2,phrase,,,,
0001628908,0001628908-20-000121,exhibit101-amendedcredit.htm,uncertain,2,phrase,,,no,Title 'FIRST AMENDMENT TO CREDIT AGREEMENT' (Evolent Health and Ares Capital); not a TRA.
0001628908,0001628908-22-000098,a2022q2form10qex101.htm,no,2,,,,,
0001628908,0001628908-23-000192,exhibit102creditagreement.htm,no,2,,,,,
0001628908,0001628908-24-000117,a2024126exhibit101.htm,no,2,,,,,
0001628908,0001628908-25-000116,a6302025exhibit107.htm,no,2,,,,,
0001632127,0000950157-15-000588,ex10-2.htm,uncertain,2,phrase,,,,
0001632127,0001193125-15-136053,d869451dex102.htm,uncertain,2,phrase,,,,
0001632808,0001047469-15-005921,a2225134zex-10_1.htm,yes,2,centered_title|phrase|defined_term_realized_tax_benefit|defined_term_hypothetical_tax_liability|defined_term_tax_benefit_schedule|defined_term_early_termination_payment|defined_term_basis_adjustment,,,,
0001636032,0001567619-15-000529,s000769x2_ex10-3.htm,yes,2,centered_title|phrase|defined_term_realized_tax_benefit|defined_term_hypothetical_tax_liability|defined_term_tax_benefit_schedule|defined_term_early_termination_payment|defined_term_basis_adjustment|defined_term_tax_asset,,,,
0001636032,0001567619-15-000529,s000769x2_ex10-4.htm,uncertain,2,phrase|defined_term_basis_adjustment,,,,
0001636032,0001567619-15-000529,s000769x2_ex10-7.htm,uncertain,2,phrase,,,no,"Centered title 'FOURTH AMENDED AND RESTATED CREDIT AGREEMENT' (Wayne Farms LLC); credit agreement, not a TRA."
0001636032,0001567619-15-000824,s000769x6_ex10-3.htm,yes,2,centered_title|phrase|defined_term_realized_tax_benefit|defined_term_hypothetical_tax_liability|defined_term_tax_benefit_schedule|defined_term_early_termination_payment|defined_term_basis_adjustment|defined_term_tax_asset,,,,
0001636032,0001567619-15-000824,s000769x6_ex10-4.htm,uncertain,2,phrase|defined_term_basis_adjustment,,,,
0001636032,0001567619-15-000824,s000769x6_ex10-8.htm,uncertain,2,phrase|defined_term_basis_adjustment,,,,
0001637207,0000950142-23-002414,eh230400535_ex1001.htm,uncertain,2,phrase,,,,
0001637207,0001193125-15-253757,d888681dex1018.htm,uncertain,2,phrase,,,,
0001637207,0001193125-15-253757,d888681dex104.htm,uncertain,2,phrase|defined_term_basis_adjustment,,,,
0001637207,0001193125-15-253757,d888681dex105.htm,yes,2,centered_title|phrase|defined_term_realized_tax_benefit|defined_term_hypothetical_tax_liability|defined_term_tax_benefit_schedule|defined_term_early_termination_payment|defined_term_basis_adjustment,,,,
0001637207,0001193125-15-253757,d888681dex106.htm,yes,2,centered_title|phrase|defined_term_realized_tax_benefit|defined_term_hypothetical_tax_liability|defined_term_tax_benefit_schedule|defined_term_early_termination_payment|defined_term_basis_adjustment,,,,
0001637207,0001193125-15-253757,d888681dex109.htm,uncertain,2,phrase,,,,
0001637207,0001637207-24-000020,ex103firstamendmenttotaxre.htm,yes,2,centered_title|phrase|defined_term_hypothetical_tax_liability|defined_term_early_termination_payment|defined_term_basis_adjustment,,,,
0001637207,0001637207-24-000020,ex105firstamendmenttotaxre.htm,yes,2,centered_title|phrase|defined_term_hypothetical_tax_liability|defined_term_basis_adjustment,,,,
0001638833,0000950123-15-007939,filename2.htm,yes,2,centered_title|phrase|defined_term_realized_tax_benefit|defined_term_tax_benefit_schedule|defined_term_early_termination_payment,,,,
0001638833,0001104659-17-055001,a17-21150_1ex10d2.htm,no,2,,,,,
0001638833,0001104659-17-055002,a17-21150_2ex10d2.htm,no,2,,,,,
0001638833,0001104659-17-056338,a17-21454_1ex10d2.htm,uncertain,2,phrase,,,,
0001638833,0001104659-17-056338,a17-21454_1ex10d4.htm,uncertain,2,phrase,,,,
0001638833,0001104659-21-061310,tm2115097d1_ex10-1.htm,no,2,,,,,
0001638833,0001104659-23-127412,tm2333274d1_ex10-1.htm,no,2,,,,,
0001638833,0001104659-24-073419,tm2417299d1_ex10-1.htm,no,2,,,,,
0001638833,0001104659-25-077656,tm2523271d1_ex10-1.htm,no,2,,,,,
0001638833,0001193125-15-293354,d898342dex1013.htm,yes,2,centered_title|phrase|defined_term_realized_tax_benefit|defined_term_tax_benefit_schedule|defined_term_early_termination_payment,,,,
0001638833,0001193125-15-318621,d898342dex1016.htm,uncertain,2,phrase,,,,
0001638833,0001193125-17-166717,d368189dex102.htm,uncertain,2,phrase,,,,
0001638833,0001193125-17-166717,d368189dex103.htm,yes,2,centered_title|phrase|defined_term_early_termination_payment,,,,
0001638833,0001638833-15-000007,exhibit101taxreceivableagr.htm,yes,2,centered_title|phrase|defined_term_realized_tax_benefit|defined_term_tax_benefit_schedule|defined_term_early_termination_payment,,,,
0001638833,0001638833-15-000007,exhibit103reorganizationag.htm,uncertain,2,phrase|defined_term_realized_tax_benefit|defined_term_tax_benefit_schedule|defined_term_early_termination_payment,,,no,Centered title 'REORGANIZATION AGREEMENT' (Exhibit 10.3 IPO reorganization); not a TRA.
0001638833,0001638833-15-000007,exhibit107formofrestricted.htm,uncertain,2,phrase,,,,
0001638833,0001638833-18-000004,exhibit1011trawaiveragreem.htm,uncertain,2,phrase,,,no,Centered title 'TRA Waiver and Assignment Agreement' (waiver/assignment of rights under a referenced TRA); not a TRA contract itself.
0001638833,0001638833-20-000038,a202004228-kexhibit102.htm,no,2,,,,,
0001638833,0001638833-22-000134,a2022q3exhibit101.htm,no,2,,,,,
0001638833,0001638833-23-000082,surgerypartners-tenthame.htm,uncertain,2,phrase,,,no,"Document title 'CREDIT AGREEMENT dated as of August 31, 2017' (SP Holdco, Surgery Center Holdings, Jefferies Finance); not a TRA."
0001640313,0001193125-15-254878,d893087dex1018.htm,yes,2,centered_title|phrase|defined_term_realized_tax_benefit|defined_term_hypothetical_tax_liability|defined_term_tax_benefit_schedule|defined_term_early_termination_payment|defined_term_basis_adjustment,,,,
0001640313,0001193125-15-254878,d893087dex1023.htm,uncertain,2,phrase,,,,
0001640313,0001193125-16-700252,d251011dex102.htm,uncertain,2,phrase,,,,
0001641489,0001567619-15-000982,s000971x7_ex10-1.htm,uncertain,2,phrase,,,,
0001641489,0001567619-15-000982,s000971x7_ex10-3.htm,uncertain,2,phrase|defined_term_section_754,,,,
0001641489,0001567619-15-000982,s000971x7_ex10-4.htm,uncertain,2,phrase,,,,
0001641489,0001567619-15-000982,s000971x7_ex10-5.htm,yes,2,centered_title|phrase|defined_term_realized_tax_benefit|defined_term_hypothetical_tax_liability|defined_term_exchange_basis|defined_term_tax_benefit_schedule|defined_term_early_termination_payment|defined_term_basis_adjustment,,,,
0001641489,0001567619-15-001036,s000995x1_ex10-1.htm,uncertain,2,phrase,,,,
0001641489,0001567619-15-001036,s000995x1_ex10-2.htm,uncertain,2,phrase|defined_term_section_754,,,,
0001641489,0001567619-15-001036,s000995x1_ex10-4.htm,uncertain,2,phrase,,,,
0001641489,0001567619-15-001036,s000995x1_ex10-5.htm,yes,2,centered_title|phrase|defined_term_realized_tax_benefit|defined_term_hypothetical_tax_liability|defined_term_exchange_basis|defined_term_tax_benefit_schedule|defined_term_early_termination_payment|defined_term_basis_adjustment,,,,
0001643953,0001213900-18-001442,f8k0218ex10-1_purpleinnova.htm,uncertain,2,phrase|defined_term_basis_adjustment,,,,
0001643953,0001213900-18-001442,f8k0218ex10-2_purpleinnova.htm,yes,2,centered_title|phrase|defined_term_realized_tax_benefit|defined_term_hypothetical_tax_liability|defined_term_exchange_basis|defined_term_tax_benefit_schedule|defined_term_early_termination_payment|defined_term_basis_adjustment,,,,
0001643953,0001213900-19-001463,f8k0119ex10-2_purple.htm,uncertain,2,phrase,,,,
0001643953,0001213900-19-003226,f8k022119ex10-1_purple.htm,uncertain,2,phrase,,,,
0001643953,0001213900-20-025218,ea126416ex10-1_purpleinnov.htm,uncertain,2,phrase,,,,
0001643953,0001213900-22-010057,f10k2021ex10-60_purpleinn.htm,uncertain,2,phrase,,,no,"Centered title 'FIRST AMENDMENT TO CREDIT AGREEMENT' (Purple Innovation, KeyBank); not a TRA."
0001643953,0001213900-22-014616,ea157311ex10-1_purple.htm,uncertain,2,phrase,,,,
0001643953,0001213900-23-013019,ea173932ex10-1_purpleinnov.htm,uncertain,2,phrase,,,,
0001643953,0001213900-23-065011,f10q0623ex10-10_purplein.htm,uncertain,2,phrase,,,no,"Centered title 'CREDIT AGREEMENT' (ABL Credit Agreement, Purple Innovation and Bank of Montreal); not a TRA."
0001643953,0001213900-23-065011,f10q0623ex10-8_purplein.htm,uncertain,2,phrase,,,,
0001643953,0001213900-24-005735,ea192025ex10-1_purple.htm,uncertain,2,phrase,,,,
0001643953,0001213900-24-005735,ea192025ex10-2_purple.htm,uncertain,2,phrase,,,,
0001643953,0001213900-25-023703,ea023371901ex10-1_purple.htm,uncertain,2,phrase,,,,
0001643953,0001213900-25-023703,ea023371901ex10-2_purple.htm,uncertain,2,phrase,,,,
0001643953,0001213900-25-023815,ea023007701ex10-41_purplein.htm,uncertain,2,phrase,,,,
0001643953,0001213900-25-023815,ea023007701ex10-42_purplein.htm,uncertain,2,phrase,,,,
0001643953,0001213900-25-040151,ea024094101ex10-1_purple.htm,uncertain,2,phrase,,,,
0001643953,0001213900-25-040151,ea024094101ex10-2_purple.htm,uncertain,2,phrase,,,no,"Centered title 'CLASS A COMMON STOCK PURCHASE WARRANT / PURPLE INNOVATION, INC.'; Form of Incremental Warrant, not a TRA."
0001643953,0001213900-25-040151,ea024094101ex10-3_purple.htm,uncertain,2,phrase,,,no,"Centered title 'CLASS A COMMON STOCK PURCHASE WARRANT' (Purple Innovation); warrant agreement, not a TRA."
0001644378,0000912057-15-000213,filename11.htm,uncertain,2,phrase,,,,
0001644378,0000912057-15-000213,filename12.htm,uncertain,2,phrase,,,,
0001644378,0000912057-15-000213,filename13.htm,uncertain,2,phrase,,,,
0001644378,0000912057-15-000213,filename14.htm,uncertain,2,phrase,,,,
0001644378,0000912057-15-000213,filename15.htm,uncertain,2,phrase,,,no,Centered title 'TRANSACTION AGREEMENT' (REIT Management & Research entities and Senior Housing Properties Trust); not a TRA.
0001644378,0000912057-15-000213,filename27.htm,yes,2,centered_title|phrase|defined_term_realized_tax_benefit|defined_term_hypothetical_tax_liability|defined_term_tax_benefit_schedule|defined_term_basis_adjustment,,,,
0001644378,0001047469-15-007855,a2226223zex-10_1.htm,uncertain,2,phrase,,,,
0001644378,0001047469-15-007855,a2226223zex-10_17.htm,yes,2,centered_title|phrase|defined_term_realized_tax_benefit|defined_term_hypothetical_tax_liability|defined_term_tax_benefit_schedule|defined_term_basis_adjustment,,,,
0001644378,0001047469-15-007855,a2226223zex-10_2.htm,uncertain,2,phrase,,,no,Centered title 'TRANSACTION AGREEMENT' (REIT Management & Research entities and Government Properties Income Trust); not a TRA.
0001644378,0001047469-15-007855,a2226223zex-10_3.htm,uncertain,2,phrase,,,,
0001644378,0001047469-15-007855,a2226223zex-10_4.htm,uncertain,2,phrase,,,no,Centered title 'TRANSACTION AGREEMENT' (REIT Management & Research entities and Select Income REIT); not a TRA.
0001644378,0001047469-15-007855,a2226223zex-10_5.htm,uncertain,2,phrase,,,no,Centered title 'TRANSACTION AGREEMENT' (RMR entities and Senior Housing Properties Trust); not a TRA.
0001644378,0001644378-18-000009,exhibit104.htm,uncertain,2,phrase,,,no,Document title 'AMENDED AND RESTATED OPERATING AGREEMENT' (Up-C LLC operating agreement); TRA named only as a parallel transaction document with no TRA defined terms in the body.
0001644406,0001193125-16-641691,d191744dex104.htm,yes,2,centered_title|phrase|defined_term_realized_tax_benefit|defined_term_hypothetical_tax_liability|defined_term_tax_benefit_schedule|defined_term_early_termination_payment|defined_term_basis_adjustment,,,,
0001644406,0001193125-16-641692,d191744dex104.htm,yes,2,centered_title|phrase|defined_term_realized_tax_benefit|defined_term_hypothetical_tax_liability|defined_term_tax_benefit_schedule|defined_term_early_termination_payment|defined_term_basis_adjustment,,,,
0001644406,0001193125-16-763385,d281040dex1015.htm,yes,2,centered_title|phrase|defined_term_realized_tax_benefit|defined_term_hypothetical_tax_liability|defined_term_tax_benefit_schedule|defined_term_early_termination_payment|defined_term_basis_adjustment,,,,
0001644406,0001193125-16-763385,d281040dex1019.htm,uncertain,2,phrase,,,,
0001644406,0001193125-16-763385,d281040dex1021.htm,uncertain,2,phrase,,,,
0001644406,0001644406-18-000002,buyout_amendment.htm,uncertain,2,phrase|defined_term_realized_tax_benefit|defined_term_early_termination_payment|defined_term_basis_adjustment,,,,
0001644406,0001644406-23-000030,hostess-2023firstliencredi.htm,no,2,,,,,
0001651052,0000912057-18-000188,filename2.htm,no,2,,,,,
0001651052,0000912057-18-000188,filename6.htm,no,2,,,,,
0001651052,0001047469-18-004033,a2235502zex-10_11.htm,no,2,,,,,
0001651052,0001047469-18-004033,a2235502zex-10_7.htm,no,2,,,,,
0001651052,0001047469-18-004821,a2236026zex-10_1.htm,uncertain,2,phrase,,,,
0001651052,0001047469-18-004821,a2236026zex-10_11.htm,no,2,,,,,
0001651052,0001047469-18-004821,a2236026zex-10_2.htm,yes,2,centered_title|phrase|defined_term_realized_tax_benefit|defined_term_hypothetical_tax_liability|defined_term_early_termination_payment|defined_term_basis_adjustment,,,,
0001651052,0001047469-18-004821,a2236026zex-10_3.htm,yes,2,centered_title|phrase|defined_term_realized_tax_benefit|defined_term_hypothetical_tax_liability|defined_term_early_termination_payment|defined_term_basis_adjustment,,,,
0001651052,0001104659-18-048427,a18-18012_1ex10d1.htm,uncertain,2,phrase,,,no,"Centered title 'FOURTH AMENDED AND RESTATED OPERATING AGREEMENT OF FOCUS FINANCIAL PARTNERS, LLC'; LLC operating agreement, not a TRA."
0001651052,0001104659-18-048427,a18-18012_1ex10d2.htm,yes,2,centered_title|phrase|defined_term_realized_tax_benefit|defined_term_hypothetical_tax_liability|defined_term_early_termination_payment|defined_term_basis_adjustment,,,,
0001651052,0001104659-18-048427,a18-18012_1ex10d3.htm,yes,2,centered_title|phrase|defined_term_realized_tax_benefit|defined_term_hypothetical_tax_liability|defined_term_early_termination_payment|defined_term_basis_adjustment,,,,
0001651052,0001104659-20-039636,tm2013937d1_ex10-1.htm,yes,2,centered_title|phrase|defined_term_realized_tax_benefit|defined_term_hypothetical_tax_liability|defined_term_early_termination_payment|defined_term_basis_adjustment|defined_term_section_754,,,,
0001651052,0001104659-21-088236,tm2120997d1_ex10-1.htm,no,2,,,,,
0001651052,0001104659-22-046893,tm2211311d1_ex10-1.htm,no,2,,,,,
0001651052,0001104659-22-122856,tm2231365d1_ex10-1.htm,no,2,,,,,
0001651052,0001104659-23-026345,tm237908d2_ex10-2.htm,uncertain,2,phrase|defined_term_early_termination_payment,,,,
0001651052,0001410578-16-000664,filename2.htm,uncertain,2,phrase,,,,
0001651502,0001193125-15-357099,d53727dex102.htm,yes,2,centered_title|phrase|defined_term_realized_tax_benefit|defined_term_hypothetical_tax_liability|defined_term_exchange_basis|defined_term_tax_benefit_schedule|defined_term_early_termination_payment|defined_term_basis_adjustment,,,,
0001651502,0001193125-15-357099,d53727dex1039.htm,uncertain,2,phrase,,,,
0001653653,0001047469-16-009692,a2226927zex-10_3.htm,uncertain,2,phrase,,,,
0001653653,0001047469-16-009692,a2226927zex-10_4.htm,yes,2,centered_title|phrase|defined_term_realized_tax_benefit|defined_term_hypothetical_tax_liability|defined_term_exchange_basis|defined_term_tax_benefit_schedule|defined_term_early_termination_payment|defined_term_basis_adjustment,,,,
0001653653,0001047469-16-011186,a2227620zex-10_1.htm,uncertain,2,phrase,,,,
0001653653,0001104659-16-116745,a16-10164_1ex10d1.htm,yes,2,centered_title|phrase|defined_term_realized_tax_benefit|defined_term_hypothetical_tax_liability|defined_term_exchange_basis|defined_term_tax_benefit_schedule|defined_term_early_termination_payment|defined_term_basis_adjustment,,,,
0001653653,0001104659-16-116745,a16-10164_1ex10d2.htm,uncertain,2,phrase,,,,
0001653653,0001104659-16-116745,a16-10164_1ex10d3.htm,uncertain,2,phrase,,,,
0001653653,0001653653-19-000009,rrr-03312019xex101.htm,yes,2,centered_title|phrase|defined_term_realized_tax_benefit|defined_term_tax_benefit_schedule,,,,
0001656987,0001567619-16-001764,s001076x10_ex10-7.htm,uncertain,2,phrase,,,,
0001656987,0001567619-16-001764,s001076x10_ex10-8.htm,yes,2,centered_title|phrase|defined_term_realized_tax_benefit|defined_term_hypothetical_tax_liability|defined_term_exchange_basis|defined_term_tax_benefit_schedule|defined_term_early_termination_payment|defined_term_basis_adjustment,,,,
0001656987,0001567619-16-001773,s001076x11_ex10-15.htm,no,2,,,,,
0001656987,0001567619-16-001773,s001076x11_ex10-16.htm,uncertain,2,phrase,,,,
0001656987,0001567619-16-001773,s001076x11_ex10-17.htm,uncertain,2,phrase,,,no,Centered title 'MERGER AND WARRANT EXERCISE AGREEMENT'; TRA only named as parallel IPO-restructuring doc.
0001658099,0001193125-18-291631,d641212dex108.htm,uncertain,2,phrase,,,no,Centered title is 'FIRST AMENDMENT TO AMENDED AND RESTATED CREDIT AGREEMENT'; the document is a credit agreement amendment that merely references a 'tax receivables agreement' as part of the IPOCo Transactions definition.
0001659122,0001193125-16-798531,d283804dex101.htm,uncertain,2,phrase,,,,
0001659122,0001193125-16-798531,d283804dex102.htm,uncertain,2,phrase,,,,
0001659122,0001193125-16-798532,d283804dex101.htm,uncertain,2,phrase,,,,
0001659122,0001193125-16-798532,d283804dex102.htm,uncertain,2,phrase,,,,
0001659122,0001193125-17-156370,d388902dex101.htm,yes,2,centered_title|phrase|defined_term_realized_tax_benefit|defined_term_hypothetical_tax_liability|defined_term_exchange_basis|defined_term_early_termination_payment|defined_term_basis_adjustment|defined_term_section_754,,,,
0001659122,0001193125-17-156370,d388902dex103.htm,uncertain,2,phrase,,,no,"Centered title 'FIRST AMENDED AND RESTATED LIMITED LIABILITY COMPANY AGREEMENT OF ROSEHILL OPERATING COMPANY, LLC'; LLC agreement, not a TRA."
0001659122,0001193125-17-156370,d388902dex108.htm,uncertain,2,phrase,,,,
0001659122,0001193125-17-369604,d461384dex102.htm,uncertain,2,phrase,,,no,"Centered title 'SECOND AMENDED AND RESTATED LIMITED LIABILITY COMPANY AGREEMENT OF ROSEHILL OPERATING COMPANY, LLC'; not a TRA."
0001659122,0001193125-17-369604,d461384dex103.htm,uncertain,2,phrase,,,,
0001659122,0001193125-17-369604,d461384dex104.htm,uncertain,2,phrase,,,,
0001659122,0001193125-18-100598,d559817dex101.htm,uncertain,2,phrase,,,no,"Centered title 'AMENDED & RESTATED CREDIT AGREEMENT' (Rosehill Operating Company, JPMorgan); not a TRA."
0001659122,0001193125-18-100598,d559817dex102.htm,uncertain,2,phrase,,,,
0001659122,0001193125-20-184563,d936731dex101.htm,uncertain,2,phrase,,,no,Centered title 'RESTRUCTURING SUPPORT AGREEMENT' (Chapter 11 prepackaged restructuring); TRA only as creditor obligation.
0001659122,0001628280-20-006474,rosehill-1lforbearanceagre.htm,uncertain,2,phrase,,,,
0001659122,0001628280-20-010614,a101rosehill-juniordipcred.htm,uncertain,2,phrase,,,,
0001665988,0001193125-16-650677,d22578dex101.htm,yes,2,centered_title|phrase|defined_term_realized_tax_benefit|defined_term_hypothetical_tax_liability|defined_term_tax_benefit_schedule|defined_term_early_termination_payment|defined_term_basis_adjustment|defined_term_section_754,,,,
0001665988,0001193125-16-650677,d22578dex1012.htm,uncertain,2,phrase,,,,
0001665988,0001193125-16-650677,d22578dex104.htm,uncertain,2,phrase|defined_term_early_termination_payment,,,,
0001665988,0001193125-21-011667,d58473dex1011.htm,no,2,,,,,
0001665988,0001193125-21-028021,d58473dex101.htm,yes,2,centered_title|phrase|defined_term_realized_tax_benefit|defined_term_hypothetical_tax_liability|defined_term_tax_benefit_schedule|defined_term_early_termination_payment|defined_term_basis_adjustment|defined_term_section_754,,,,
0001665988,0001193125-21-028021,d58473dex104.htm,uncertain,2,phrase|defined_term_early_termination_payment,,,,
0001665988,0001193125-21-035490,d58473dex104.htm,uncertain,2,phrase|defined_term_early_termination_payment,,,,
0001665988,0001193125-21-045802,d134776dex101.htm,uncertain,2,phrase|defined_term_early_termination_payment,,,,
0001665988,0001193125-21-045802,d134776dex102.htm,yes,2,centered_title|phrase|defined_term_realized_tax_benefit|defined_term_hypothetical_tax_liability|defined_term_tax_benefit_schedule|defined_term_early_termination_payment|defined_term_basis_adjustment|defined_term_section_754,,,,
0001665988,0001193125-21-313521,d248592dex101.htm,no,2,,,,,
0001665988,0001193125-24-010779,d709819dex101.htm,no,2,,,,,
0001665988,0001193125-25-172192,d865758dex101.htm,no,2,,,,,
0001665988,0001628280-22-018848,exhibit101july2022amendmen.htm,no,2,,,,,
0001665988,0001628280-23-010151,a108damendmentno4tocredita.htm,no,2,,,,,
0001669779,0001047469-16-015560,a2229763zex-10_1.htm,yes,2,centered_title|phrase|defined_term_realized_tax_benefit|defined_term_hypothetical_tax_liability|defined_term_tax_benefit_schedule|defined_term_early_termination_payment|defined_term_basis_adjustment,,,,
0001669779,0001047469-16-015560,a2229763zex-10_3.htm,uncertain,2,phrase,,,,
0001669779,0001047469-16-015697,a2229814zex-10_1.htm,yes,2,centered_title|phrase|defined_term_realized_tax_benefit|defined_term_hypothetical_tax_liability|defined_term_tax_benefit_schedule|defined_term_early_termination_payment|defined_term_basis_adjustment,,,,
0001669779,0001047469-16-015697,a2229814zex-10_3.htm,uncertain,2,phrase,,,,
0001669779,0001047469-16-015697,a2229814zex-10_32.htm,uncertain,2,phrase,,,,
0001669779,0001104659-21-153126,tm2136191d1_ex10-1.htm,uncertain,2,phrase,,,,
0001669779,0001558370-16-009958,cwh-20160930ex1038f8588.htm,uncertain,2,phrase,,,,
0001669779,0001558370-17-001687,cwh-20161231ex101c4a695.htm,yes,2,centered_title|phrase|defined_term_realized_tax_benefit|defined_term_hypothetical_tax_liability|defined_term_tax_benefit_schedule|defined_term_early_termination_payment|defined_term_basis_adjustment|defined_term_section_754,,,,
0001669779,0001558370-17-001687,cwh-20161231ex103b782d8.htm,uncertain,2,phrase,,,,
0001669779,0001558370-18-002545,ex-10d1.htm,uncertain,2,phrase,,,,
0001669779,0001558370-21-008114,cwh-20210603xex10d1.htm,uncertain,2,phrase,,,no,Document title 'CREDIT AGREEMENT'; not a TRA.
0001669779,0001558370-24-001703,cwh-20231231xex10d22.htm,uncertain,2,phrase,,,,
0001669779,0001558370-24-016046,cwh-20241202xex10d1.htm,uncertain,2,phrase,,,,
0001669792,0001047469-16-013816,a2228918zex-10_4.htm,yes,2,centered_title|phrase|defined_term_realized_tax_benefit|defined_term_tax_benefit_schedule|defined_term_early_termination_payment|defined_term_tax_asset,,,,
0001669792,0001047469-16-013816,a2228918zex-10_5.htm,no,2,,,,,
0001669792,0001047469-16-013816,a2228918zex-10_6.htm,no,2,,,,,
0001669792,0001047469-16-014002,a2228971zex-10_4.htm,yes,2,centered_title|phrase|defined_term_realized_tax_benefit|defined_term_tax_benefit_schedule|defined_term_early_termination_payment|defined_term_tax_asset,,,,
0001669792,0001047469-16-014002,a2228971zex-10_5.htm,no,2,,,,,
0001669792,0001047469-16-014002,a2228971zex-10_6.htm,no,2,,,,,
0001669792,0001104659-16-134051,a16-6876_13ex10d3.htm,yes,2,centered_title|phrase|defined_term_realized_tax_benefit|defined_term_tax_benefit_schedule|defined_term_early_termination_payment|defined_term_tax_asset,,,,
0001670349,0001193125-21-202199,d190800dex105.htm,uncertain,2,phrase,,,,
0001670349,0001193125-22-206709,d387852dex101.htm,no,2,,,,,
0001670349,0001193125-22-206709,d387852dex102.htm,no,2,,,,,
0001670349,0001564590-19-017796,usws-ex102_302.htm,no,2,,,,,
0001674101,0001193125-20-028315,d880241dex104.htm,yes,2,centered_title|phrase|defined_term_realized_tax_benefit|defined_term_hypothetical_tax_liability|defined_term_tax_benefit_schedule|defined_term_early_termination_payment|defined_term_tax_asset,,,,
0001674101,0001193125-20-028316,d880298dex104.htm,yes,2,centered_title|phrase|defined_term_realized_tax_benefit|defined_term_hypothetical_tax_liability|defined_term_tax_benefit_schedule|defined_term_early_termination_payment|defined_term_tax_asset,,,,
0001674101,0001193125-21-076423,d105467dex101.htm,no,2,,,,,
0001674101,0001193125-22-247717,d347490dex101a.htm,no,2,,,,,
0001674101,0001193125-23-173872,d355125dex101.htm,no,2,,,,,
0001674101,0001193125-23-293984,d648019dex101.htm,no,2,,,,,
0001674101,0001193125-24-038556,d595876dex101.htm,no,2,,,,,
0001674101,0001193125-24-160352,d937211dex101.htm,no,2,,,,,
0001674101,0001193125-24-256070,d901217dex101.htm,no,2,,,,,
0001674101,0001193125-24-278680,d863923dex101.htm,no,2,,,,,
0001674101,0001193125-25-178982,d25970dex101.htm,no,2,,,,,
0001674101,0001628280-20-002714,exhibitno101termloancred.htm,uncertain,2,phrase,,,,
0001674101,0001628280-20-002714,exhibitno103revolvingcre.htm,no,2,,,,,
0001674101,0001628280-22-000426,exhibit101-trarepurchaseag.htm,uncertain,2,phrase|defined_term_realized_tax_benefit|defined_term_tax_benefit_schedule|defined_term_early_termination_payment,,,yes,"Centered title 'TRA REPURCHASE AGREEMENT' (Vertiv Holdings Co and VPE Holdings, LLC) that terminates/supersedes the underlying TRA; Section 7.8 amends and forms part of the TRA."
0001674101,0001628280-22-017243,ex101-amendmentno1totrarep.htm,uncertain,2,phrase,,,no,"Centered title 'AMENDMENT NO. 1 to TRA REPURCHASE AGREEMENT'; a repurchase/termination agreement referencing the TRA, not an amendment of the TRA itself."
0001674335,0001193125-16-770028,d181517dex1012.htm,uncertain,2,phrase,,,no,"Document is 'AMENDMENT NO. 2' to a Credit Agreement (JELD-WEN entities, Wells Fargo as Administrative Agent); not a TRA."
0001674335,0001193125-16-770028,d181517dex1022.htm,uncertain,2,phrase,,,,
0001674335,0001193125-17-073723,d342319dex101.htm,uncertain,2,phrase,,,,
0001674335,0001193125-17-369972,d479375dex101.htm,uncertain,2,phrase,,,,
0001674335,0001193125-17-369972,d479375dex102.htm,uncertain,2,phrase|defined_term_tax_asset,,,no,Document is 'AMENDMENT NO. 4' to a Term Loan Credit Agreement (JELD-WEN and Bank of America lenders); not a TRA.
0001678463,0001193125-16-681246,d201367dex1014.htm,yes,2,centered_title|phrase|defined_term_realized_tax_benefit|defined_term_tax_benefit_schedule|defined_term_early_termination_payment|defined_term_tax_asset,,,,
0001678463,0001193125-16-739405,d267135dex1014.htm,yes,2,centered_title|phrase|defined_term_realized_tax_benefit|defined_term_tax_benefit_schedule|defined_term_early_termination_payment|defined_term_tax_asset,,,,
0001678463,0001193125-16-765397,d287018dex101.htm,uncertain,2,phrase|defined_term_tax_asset,,,,
0001678463,0001193125-16-765397,d287018dex102.htm,uncertain,2,phrase,,,,
0001679063,0001104659-22-059491,tm2215197d3_ex10-2.htm,yes,2,centered_title|phrase|defined_term_early_termination_payment,,,,
0001679063,0001104659-22-059491,tm2215197d3_ex10-3.htm,no,2,,,,,
0001679063,0001104659-22-059496,tm2215197d3_ex10-2.htm,yes,2,centered_title|phrase|defined_term_early_termination_payment,,,,
0001679063,0001104659-22-059496,tm2215197d3_ex10-3.htm,no,2,,,,,
0001679063,0001104659-22-090071,tm2223232d1_ex10-1.htm,no,2,,,,,
0001679063,0001104659-24-056705,tm2413244d1_ex10-2.htm,no,2,,,,,
0001679273,0001193125-16-693702,d205931dex101.htm,uncertain,2,phrase|defined_term_tax_asset,,,,
0001679273,0001193125-16-766127,d273163dex101.htm,uncertain,2,phrase|defined_term_tax_asset,,,,
0001682745,0001104659-18-041476,a18-15692_1ex10d2.htm,yes,2,centered_title|phrase|defined_term_realized_tax_benefit|defined_term_hypothetical_tax_liability|defined_term_tax_benefit_schedule|defined_term_early_termination_payment,,,,
0001682745,0001104659-18-041477,a18-15692_1ex10d2.htm,yes,2,centered_title|phrase|defined_term_realized_tax_benefit|defined_term_hypothetical_tax_liability|defined_term_tax_benefit_schedule|defined_term_early_termination_payment,,,,
0001682745,0001564590-18-024644,vrrm-ex104_937.htm,yes,2,centered_title|phrase|defined_term_realized_tax_benefit|defined_term_hypothetical_tax_liability|defined_term_tax_benefit_schedule|defined_term_early_termination_payment,,,,
0001685040,0001193125-17-126443,d271055dex105.htm,uncertain,2,phrase|defined_term_realized_tax_benefit|defined_term_tax_benefit_schedule|defined_term_early_termination_payment|defined_term_tax_asset,,,,
0001685040,0001193125-17-126443,d271055dex106.htm,uncertain,2,phrase,,,,
0001685040,0001193125-17-252871,d428466dex105.htm,uncertain,2,phrase|defined_term_realized_tax_benefit|defined_term_tax_benefit_schedule|defined_term_early_termination_payment|defined_term_tax_asset,,,,
0001685040,0001193125-17-252871,d428466dex106.htm,uncertain,2,phrase,,,no,Centered title 'TAX SEPARATION AGREEMENT' between MetLife and Brighthouse (spin-off tax allocation); not a TRA.
0001688941,0000950123-16-022770,filename5.htm,yes,2,centered_title|phrase|defined_term_realized_tax_benefit|defined_term_tax_benefit_schedule|defined_term_early_termination_payment|defined_term_tax_asset,,,,
0001688941,0001193125-17-009960,d264719dex103.htm,yes,2,centered_title|phrase|defined_term_realized_tax_benefit|defined_term_tax_benefit_schedule|defined_term_early_termination_payment|defined_term_tax_asset,,,,
0001688941,0001193125-18-251688,d598470dex1020.htm,no,2,,,,,
0001688941,0001193125-18-251688,d598470dex1021.htm,uncertain,2,phrase|defined_term_tax_asset,,,,
0001688941,0001628280-20-016457,traamendmentexhibit101.htm,uncertain,2,phrase|defined_term_early_termination_payment,,,,
0001690680,0001193125-17-359952,d298983dex105.htm,uncertain,2,phrase,,,,
0001690680,0001193125-17-359952,d298983dex106.htm,yes,2,centered_title|phrase|defined_term_realized_tax_benefit|defined_term_hypothetical_tax_liability|defined_term_early_termination_payment|defined_term_basis_adjustment,,,,
0001690680,0001193125-17-366544,d298983dex105.htm,uncertain,2,phrase,,,,
0001690680,0001193125-17-373644,d451435dex107.htm,uncertain,2,phrase,,,,
0001690680,0001193125-17-373644,d451435dex108.htm,yes,2,centered_title|phrase|defined_term_realized_tax_benefit|defined_term_hypothetical_tax_liability|defined_term_early_termination_payment|defined_term_basis_adjustment,,,,
0001690769,0001193125-18-038241,d508878dex101.htm,no,2,,,,,
0001690769,0001193125-18-038241,d508878dex104.htm,uncertain,2,phrase,,,,
0001690769,0001193125-18-038241,d508878dex105.htm,yes,2,centered_title|phrase|defined_term_realized_tax_benefit|defined_term_hypothetical_tax_liability|defined_term_exchange_basis|defined_term_tax_benefit_schedule|defined_term_early_termination_payment|defined_term_basis_adjustment,,,,
0001690820,0000950123-17-003051,filename3.htm,yes,2,centered_title|phrase|defined_term_realized_tax_benefit|defined_term_hypothetical_tax_liability|defined_term_tax_benefit_schedule|defined_term_early_termination_payment|defined_term_basis_adjustment,,,,
0001690820,0000950123-17-003051,filename4.htm,uncertain,2,phrase,,,,
0001690820,0000950123-17-003051,filename5.htm,uncertain,2,phrase|defined_term_section_754,,,,
0001690820,0000950123-17-003051,filename6.htm,uncertain,2,phrase,,,no,Centered title is 'LIMITED LIABILITY COMPANY AGREEMENT OF CARVANA CO. SUB LLC'; TRA named only as one of several Transaction Documents.
0001690820,0001193125-17-106717,d297157dex101.htm,yes,2,centered_title|phrase|defined_term_realized_tax_benefit|defined_term_hypothetical_tax_liability|defined_term_tax_benefit_schedule|defined_term_early_termination_payment|defined_term_basis_adjustment,,,,
0001690820,0001193125-17-106717,d297157dex102.htm,uncertain,2,phrase,,,,
0001690820,0001193125-17-106717,d297157dex1028.htm,uncertain,2,phrase,,,,
0001690820,0001193125-17-106717,d297157dex103.htm,uncertain,2,phrase|defined_term_section_754,,,,
0001690820,0001193125-17-119018,d297157dex101.htm,yes,2,centered_title|phrase|defined_term_realized_tax_benefit|defined_term_hypothetical_tax_liability|defined_term_tax_benefit_schedule|defined_term_early_termination_payment|defined_term_basis_adjustment,,,,
0001690820,0001193125-17-119018,d297157dex103.htm,uncertain,2,phrase|defined_term_section_754,,,,
0001690820,0001193125-17-156305,d388690dex101.htm,yes,2,centered_title|phrase|defined_term_realized_tax_benefit|defined_term_hypothetical_tax_liability|defined_term_tax_benefit_schedule|defined_term_early_termination_payment|defined_term_basis_adjustment,,,,
0001690820,0001193125-17-156305,d388690dex102.htm,uncertain,2,phrase|defined_term_section_754,,,,
0001690820,0001193125-17-156305,d388690dex103.htm,uncertain,2,phrase,,,,
0001690820,0001193125-20-263341,d42993dex101.htm,uncertain,2,phrase|defined_term_section_754,,,,
0001690820,0001193125-23-189188,d537573dex101.htm,uncertain,2,phrase,,,,
0001691936,0001493152-21-017760,ex10-11.htm,uncertain,2,phrase|defined_term_realized_tax_benefit|defined_term_exchange_basis|defined_term_tax_benefit_schedule|defined_term_early_termination_payment|defined_term_basis_adjustment,,,yes,"Centered title 'TAX RECEIVABLES AGREEMENT' (Vertiv) followed by parties block and Article I Definitions with standard TRA defined terms (Basis Adjustment, Section 754, Taxable Exchange)."
0001691936,0001493152-21-017760,ex10-12.htm,uncertain,2,phrase|defined_term_early_termination_payment,,,no,"Centered title 'AMENDED AND RESTATED LIMITED LIABILITY COMPANY AGREEMENT OF ANDINA HOLDINGS, LLC'; LLC agreement, not a TRA."
0001692787,0001193125-22-173139,d259336dex101.htm,uncertain,2,phrase,,,no,Centered title 'CREDIT AGREEMENT' for a $1.25B senior revolving credit facility (Kinetik Holdings LP); not a TRA.
0001692787,0001193125-22-173139,d259336dex102.htm,uncertain,2,phrase,,,,
0001692787,0001193125-25-133719,d857465dex101.htm,uncertain,2,phrase,,,,
0001692787,0001193125-25-133719,d857465dex102.htm,uncertain,2,phrase,,,no,"Centered title 'CREDIT AGREEMENT' dated May 30, 2025 (Kinetik Holdings LP); not a TRA."
0001692819,0001193125-16-802608,d312912dex101.htm,no,2,,,,,
0001692819,0001193125-16-802608,d312912dex1010.htm,yes,2,centered_title|phrase|defined_term_realized_tax_benefit|defined_term_hypothetical_tax_liability|defined_term_basis_adjustment,,,,
0001692819,0001193125-16-802608,d312912dex1011.htm,uncertain,2,phrase,,,,
0001692819,0001193125-17-110857,d312912dex1013.htm,yes,2,centered_title|phrase|defined_term_realized_tax_benefit|defined_term_hypothetical_tax_liability|defined_term_basis_adjustment,,,,
0001692819,0001193125-17-110857,d312912dex1014.htm,uncertain,2,phrase,,,,
0001692819,0001193125-18-194479,d594759dex101.htm,no,2,,,,,
0001692819,0001193125-19-297658,d101098dex101.htm,no,2,,,,,
0001692819,0001193125-22-142366,d356887dex101.htm,no,2,,,,,
0001692819,0001193125-22-151962,d302328dex101.htm,no,2,,,,,
0001692819,0001193125-23-302260,d69396dex101.htm,no,2,,,,,
0001692819,0001193125-24-002418,d694804dex101.htm,yes,2,centered_title|phrase|defined_term_realized_tax_benefit|defined_term_hypothetical_tax_liability|defined_term_basis_adjustment,,,,
0001692819,0001193125-24-083639,d820354dex101.htm,no,2,,,,,
0001692819,0001193125-24-282044,d903599dex101.htm,no,2,,,,,
0001692819,0001628280-23-028436,vistra-20230630xex101.htm,no,2,,,,,
0001692819,0001628280-23-037205,vistra-20230930x101.htm,no,2,,,,,
0001692819,0001692819-18-000018,vistra-20171231xexhibit10d.htm,uncertain,2,phrase,,,,
0001692819,0001692819-22-000024,vistra-20220930xex103.htm,no,2,,,,,
0001692819,0001692819-24-000069,vistra-20240930xex106.htm,no,2,,,,,
0001693256,0000912057-17-000017,filename12.htm,uncertain,2,phrase,,,,
0001693256,0000912057-17-000017,filename7.htm,no,2,,,,,
0001693256,0000912057-17-000017,filename8.htm,yes,2,centered_title|phrase|defined_term_realized_tax_benefit|defined_term_hypothetical_tax_liability|defined_term_early_termination_payment|defined_term_basis_adjustment,,,,
0001693256,0000912057-17-000017,filename9.htm,yes,2,centered_title|phrase|defined_term_realized_tax_benefit|defined_term_hypothetical_tax_liability|defined_term_early_termination_payment|defined_term_basis_adjustment,,,,
0001693256,0001047469-17-001192,a2231067zex-10_2.htm,no,2,,,,,
0001693256,0001047469-17-001192,a2231067zex-10_5.htm,yes,2,centered_title|phrase|defined_term_realized_tax_benefit|defined_term_hypothetical_tax_liability|defined_term_early_termination_payment|defined_term_basis_adjustment,,,,
0001693256,0001047469-17-001192,a2231067zex-10_6.htm,yes,2,centered_title|phrase|defined_term_realized_tax_benefit|defined_term_hypothetical_tax_liability|defined_term_early_termination_payment|defined_term_basis_adjustment,,,,
0001693256,0001047469-17-001192,a2231067zex-10_9.htm,uncertain,2,phrase,,,,
0001693256,0001104659-17-065412,a17-24967_1ex10d1.htm,no,2,,,,,
0001693256,0001104659-22-035557,tm229712d1_ex10-1.htm,uncertain,2,phrase,,,,
0001693256,0001104659-25-006825,tm254551d1_ex10-1.htm,uncertain,2,phrase,,,,
0001693256,0001558370-17-006568,wttr-20170630ex1030a98b1.htm,yes,2,centered_title|phrase|defined_term_early_termination_payment,,,,
0001693256,0001558370-17-006568,wttr-20170630ex104cbe710.htm,yes,2,centered_title|phrase|defined_term_early_termination_payment,,,,
0001693256,0001558370-23-013256,wttr-20230630xex10d2.htm,uncertain,2,phrase|defined_term_early_termination_payment,,,,
0001693256,0001558370-23-013256,wttr-20230630xex10d3.htm,uncertain,2,phrase|defined_term_early_termination_payment,,,,
0001693853,0000950123-17-003069,filename11.htm,yes,2,centered_title|phrase|defined_term_realized_tax_benefit|defined_term_hypothetical_tax_liability|defined_term_exchange_basis|defined_term_tax_benefit_schedule|defined_term_early_termination_payment|defined_term_basis_adjustment,,,,
0001693853,0001193125-17-118785,d299355dex1027.htm,yes,2,centered_title|phrase|defined_term_realized_tax_benefit|defined_term_hypothetical_tax_liability|defined_term_exchange_basis|defined_term_tax_benefit_schedule|defined_term_early_termination_payment|defined_term_basis_adjustment,,,,
0001693853,0001193125-17-349467,d462291dex1033.htm,uncertain,2,phrase|defined_term_tax_asset,,,,
0001693853,0001193125-21-050849,d86799dex1010.htm,uncertain,2,phrase|defined_term_tax_asset,,,no,"Centered title 'INDENTURE' for 9.75% Senior Notes Due 2023 (Vine Oil & Gas LP, Wilmington Trust); not a TRA."
0001693853,0001193125-21-050849,d86799dex1013.htm,yes,2,centered_title|phrase|defined_term_realized_tax_benefit|defined_term_hypothetical_tax_liability|defined_term_tax_benefit_schedule|defined_term_early_termination_payment|defined_term_basis_adjustment|defined_term_tax_asset,,,,
0001693853,0001193125-21-050849,d86799dex109.htm,uncertain,2,phrase|defined_term_tax_asset,,,,
0001693853,0001193125-21-071647,d86799dex108.htm,no,2,,,,,
0001693853,0001193125-21-091165,d117650dex101.htm,uncertain,2,phrase,,,no,"Centered title 'FORM OF AMENDED AND RESTATED LIMITED LIABILITY COMPANY AGREEMENT OF VINE ENERGY HOLDINGS LLC'; LLC agreement, not a TRA."
0001693853,0001193125-21-091165,d117650dex102.htm,yes,2,centered_title|phrase|defined_term_realized_tax_benefit|defined_term_hypothetical_tax_liability|defined_term_tax_benefit_schedule|defined_term_early_termination_payment|defined_term_basis_adjustment|defined_term_tax_asset,,,,
0001693853,0001193125-21-091165,d117650dex107.htm,no,2,,,,,
0001693853,0001193125-21-243574,d204861dex102.htm,yes,2,centered_title|phrase|defined_term_early_termination_payment,,,,
0001694028,0001193125-17-118739,d313047dex103.htm,yes,2,centered_title|phrase|defined_term_realized_tax_benefit|defined_term_hypothetical_tax_liability|defined_term_early_termination_payment|defined_term_basis_adjustment,,,,
0001694028,0001193125-17-118739,d313047dex104.htm,yes,2,centered_title|phrase|defined_term_realized_tax_benefit|defined_term_hypothetical_tax_liability|defined_term_early_termination_payment|defined_term_basis_adjustment|defined_term_section_754,,,,
0001694028,0001193125-17-118739,d313047dex105.htm,uncertain,2,phrase,,,,
0001694028,0001193125-18-000719,d313047dex105.htm,uncertain,2,phrase,,,,
0001694028,0001193125-18-013495,d513358dex101.htm,uncertain,2,phrase,,,,
0001694028,0001193125-18-013495,d513358dex102.htm,yes,2,centered_title|phrase|defined_term_realized_tax_benefit|defined_term_hypothetical_tax_liability|defined_term_early_termination_payment|defined_term_basis_adjustment,,,,
0001694028,0001193125-18-013495,d513358dex103.htm,yes,2,centered_title|phrase|defined_term_realized_tax_benefit|defined_term_hypothetical_tax_liability|defined_term_early_termination_payment|defined_term_basis_adjustment|defined_term_section_754,,,,
0001694028,0001694028-22-000020,lbrt-agentreplacementxexec.htm,yes,2,centered_title|phrase,,,,
0001697500,0001193125-17-126442,d304379dex103.htm,yes,2,centered_title|phrase|defined_term_realized_tax_benefit|defined_term_hypothetical_tax_liability|defined_term_early_termination_payment|defined_term_basis_adjustment|defined_term_section_754,,,,
0001697500,0001193125-17-126442,d304379dex104.htm,uncertain,2,phrase,,,,
0001697500,0001193125-17-173651,d381590dex101.htm,uncertain,2,phrase,,,,
0001697500,0001193125-17-179697,d382278dex101.htm,yes,2,centered_title|phrase|defined_term_realized_tax_benefit|defined_term_hypothetical_tax_liability|defined_term_early_termination_payment|defined_term_basis_adjustment|defined_term_section_754,,,,
0001697500,0001193125-24-220668,d896105dex104.htm,uncertain,2,phrase|defined_term_basis_adjustment,,,,
0001697500,0001193125-24-233911,d842961dex101.htm,uncertain,2,phrase|defined_term_basis_adjustment,,,,
0001697500,0001193125-25-107559,d939534dex101.htm,uncertain,2,phrase|defined_term_basis_adjustment,,,,
0001697500,0001193125-25-107559,d939534dex102.htm,uncertain,2,phrase|defined_term_basis_adjustment,,,,
0001697500,0001193125-26-117930,d69360dex101.htm,uncertain,2,phrase|defined_term_basis_adjustment,,,,
0001697500,0001193125-26-148031,d132412dex101.htm,uncertain,2,phrase|defined_term_basis_adjustment,,,,
0001697500,0001193125-26-219852,d112244dex101.htm,uncertain,2,phrase|defined_term_basis_adjustment,,,,
0001697500,0001558370-18-001571,soi-20171231ex10234e643.htm,uncertain,2,phrase|defined_term_basis_adjustment,,,,
0001697500,0001558370-23-008140,soi-20230331xex10d3.htm,no,2,,,,,
0001697500,0001558370-25-009911,sei-20250630xex10d2.htm,uncertain,2,phrase,,,yes,"Centered title 'AMENDMENT NO. 1 TO TAX RECEIVABLE AGREEMENT' amending the Solaris Oilfield Infrastructure TRA dated May 17, 2017; qualifies as a TRA contract per the amendment rule."
0001697500,0001697500-19-000024,soi-20190331ex101c4c238.htm,uncertain,2,phrase|defined_term_basis_adjustment,,,,
0001697500,0001697500-22-000011,soi-20211231ex10204dfe8.htm,uncertain,2,phrase|defined_term_basis_adjustment,,,no,Centered title 'CREDIT AGREEMENT' (Borrower/Lender/Administrative Agent); TRA only a restricted-payment carve-out.
0001697500,0001697500-23-000013,soi-20230630xex10d2.htm,uncertain,2,phrase,,,,
0001697500,0001697500-25-000042,sei-20250930xex10d1.htm,no,2,,,,,
0001698990,0001104659-24-117696,tm2427987d3_ex10-1.htm,no,2,,,,,
0001698990,0001193125-18-239706,d568153dex101.htm,no,2,,,,,
0001698990,0001698990-22-000007,ex104-rblamendmentxye21.htm,no,2,,,,,
0001699039,0001047469-17-003978,a2232274zex-10_3.htm,yes,2,centered_title|phrase|defined_term_realized_tax_benefit|defined_term_hypothetical_tax_liability|defined_term_early_termination_payment|defined_term_basis_adjustment|defined_term_section_754,,,,
0001699039,0001047469-17-003978,a2232274zex-10_4.htm,uncertain,2,phrase,,,no,"Centered title 'AMENDED AND RESTATED LIMITED LIABILITY COMPANY AGREEMENT OF RNGR ENERGY SERVICES, LLC'; LLC agreement, not a TRA."
0001699039,0001047469-17-003978,a2232274zex-10_5.htm,uncertain,2,phrase,,,,
0001699039,0001104659-17-053149,a17-20834_1ex10d1.htm,uncertain,2,phrase,,,,
0001699039,0001104659-17-053149,a17-20834_1ex10d2.htm,yes,2,centered_title|phrase|defined_term_realized_tax_benefit|defined_term_hypothetical_tax_liability|defined_term_early_termination_payment|defined_term_basis_adjustment,,,,
0001699039,0001104659-17-053149,a17-20834_1ex10d3.htm,uncertain,2,phrase,,,,
0001699039,0001699039-21-000099,rngr-092921ex102.htm,uncertain,2,phrase,,,,
0001699039,0001699039-21-000105,rngr-ex101securitiespurcha.htm,uncertain,2,phrase,,,,
0001699039,0001699039-21-000105,rngr-ex104tratermination.htm,uncertain,2,phrase|defined_term_early_termination_payment,,,,
0001699039,0001699039-22-000147,rngr-093022xfourthamendment.htm,no,2,,,,,
0001699136,0000912057-17-000054,filename4.htm,yes,2,centered_title|phrase|defined_term_realized_tax_benefit|defined_term_hypothetical_tax_liability|defined_term_early_termination_payment|defined_term_basis_adjustment,,,,
0001699136,0000912057-17-000054,filename5.htm,uncertain,2,phrase,,,no,"Centered title 'FIRST AMENDED AND RESTATED LIMITED LIABILITY COMPANY OPERATING AGREEMENT OF CACTUS WELLHEAD, LLC'; LLC operating agreement, not a TRA."
0001699136,0000912057-17-000163,filename8.htm,yes,2,centered_title|phrase|defined_term_realized_tax_benefit|defined_term_hypothetical_tax_liability|defined_term_early_termination_payment|defined_term_basis_adjustment,,,,
0001699136,0000912057-17-000163,filename9.htm,uncertain,2,phrase,,,,
0001699136,0001047469-18-000260,a2234279zex-10_3.htm,yes,2,centered_title|phrase|defined_term_realized_tax_benefit|defined_term_hypothetical_tax_liability|defined_term_early_termination_payment|defined_term_basis_adjustment,,,,
0001699136,0001047469-18-000260,a2234279zex-10_4.htm,uncertain,2,phrase,,,,
0001699136,0001104659-18-008554,a17-7305_14ex10d1.htm,yes,2,centered_title|phrase|defined_term_realized_tax_benefit|defined_term_hypothetical_tax_liability|defined_term_early_termination_payment|defined_term_basis_adjustment,,,,
0001699136,0001104659-18-008554,a17-7305_14ex10d2.htm,uncertain,2,phrase,,,,
0001699136,0001104659-20-034821,tm2012996d1_ex10-1.htm,uncertain,2,phrase,,,,
0001699136,0001104659-20-034821,tm2012996d1_ex10-2.htm,uncertain,2,phrase,,,no,"Centered title 'CACTUS, INC. LONG TERM INCENTIVE PLAN / PERFORMANCE STOCK UNIT AGREEMENT'; an equity award agreement, not a TRA."
0001699136,0001104659-23-027188,tm238037d1_ex10-1.htm,uncertain,2,phrase|defined_term_basis_adjustment,,,no,"Centered title 'AMENDED AND RESTATED CREDIT AGREEMENT' (Cactus Companies, JPMorgan Chase); not a TRA."
0001699136,0001104659-23-027188,tm238037d1_ex10-2.htm,uncertain,2,phrase,,,,
0001699136,0001558370-18-007225,ex-10d1.htm,uncertain,2,phrase,,,,
0001699136,0001628280-25-054820,whd-20251201x8kxexhibit101.htm,no,2,,,,,
0001699136,0001699136-22-000011,a20211231-exhibit1026.htm,uncertain,2,phrase,,,,
0001699136,0001699136-22-000160,whd-20220930xex101.htm,no,2,,,,,
0001699136,0001699136-23-000003,whd-20230103xexhibit101.htm,uncertain,2,phrase,,,no,Title 'SECOND AMENDED... LIMITED LIABILITY COMPANY OPERATING AGREEMENT'; zero 'Tax Receivable' occurrences in document.
0001699136,0001699136-24-000007,a20231231-exhibit1014.htm,no,2,,,,,
0001699136,0001699136-24-000065,a20240331-exhibit101.htm,yes,2,centered_title|phrase,,,,
0001699136,0001699136-25-000078,whd-2025033125xex102.htm,uncertain,2,phrase|defined_term_tax_asset,,,,
0001699136,0001699136-25-000105,whd-2025063025xex101.htm,uncertain,2,phrase,,,no,Centered title is 'CREDIT AGREEMENT' (with GUARANTY); TRA referenced only as a contextual carve-out.
0001701605,0000950103-18-013305,dp98267_ex1004.htm,uncertain,2,phrase,,,,
0001701605,0001193125-17-220852,d343521dex101.htm,uncertain,2,phrase,,,,
0001702744,0001104659-22-007427,tm224221d1_ex10-1.htm,no,2,,,,,
0001702744,0001104659-23-051350,tm2313759d1_ex10-1.htm,no,2,,,,,
0001702744,0001104659-25-008352,tm254954d1_ex10-1.htm,no,2,,,,,
0001702744,0001104659-25-114309,tm2531697d1_ex10-1.htm,no,2,,,,,
0001702744,0001213900-17-006350,fs42017a3ex10ix_simply.htm,no,2,,,,,
0001702744,0001213900-17-007546,f8k070717ex10i_simplygood.htm,no,2,,,,,
0001702744,0001213900-17-007546,f8k070717ex10vi_simplygood.htm,yes,2,centered_title|phrase|defined_term_realized_tax_benefit|defined_term_hypothetical_tax_liability|defined_term_tax_benefit_schedule,,,,
0001702744,0001702744-18-000072,traterminationagreement.htm,uncertain,2,phrase,,,,
0001703085,0000950123-17-005648,filename2.htm,uncertain,2,phrase,,,,
0001703085,0001193125-17-228632,d319841dex105.htm,uncertain,2,phrase,,,,
0001703085,0001193125-17-235126,d319841dex102.htm,yes,2,centered_title|phrase|defined_term_realized_tax_benefit|defined_term_hypothetical_tax_liability|defined_term_tax_benefit_schedule|defined_term_early_termination_payment|defined_term_basis_adjustment,,,,
0001703085,0001193125-17-235126,d319841dex103.htm,uncertain,2,phrase,,,,
0001704596,0001104659-18-040208,a18-15407_1ex10d1.htm,no,2,,,,,
0001704596,0001193125-18-153470,d386290dex101.htm,yes,2,centered_title|phrase|defined_term_realized_tax_benefit|defined_term_hypothetical_tax_liability|defined_term_tax_benefit_schedule|defined_term_early_termination_payment|defined_term_basis_adjustment,,,,
0001704596,0001193125-18-153470,d386290dex1014.htm,uncertain,2,phrase|defined_term_basis_adjustment,,,,
0001704596,0001193125-18-153470,d386290dex1018.htm,uncertain,2,phrase|defined_term_basis_adjustment,,,,
0001704596,0001193125-18-153470,d386290dex102.htm,uncertain,2,phrase,,,,
0001704596,0001193125-18-153470,d386290dex104.htm,uncertain,2,phrase,,,,
0001704596,0001193125-18-168533,d386290dex101.htm,yes,2,centered_title|phrase|defined_term_realized_tax_benefit|defined_term_hypothetical_tax_liability|defined_term_tax_benefit_schedule|defined_term_early_termination_payment|defined_term_basis_adjustment,,,,
0001704596,0001193125-18-168533,d386290dex102.htm,uncertain,2,phrase,,,,
0001704596,0001193125-18-168533,d386290dex104.htm,uncertain,2,phrase,,,no,"Centered title 'EXCHANGE AGREEMENT' (EVO Investco, EVO Payments); paired-interest exchange mechanics, not a TRA."
0001704596,0001193125-22-209539,d378815dex104.htm,yes,2,centered_title|phrase|defined_term_early_termination_payment,,,,
0001704596,0001558370-18-006940,evop-20180630ex10172ad95.htm,yes,2,centered_title|phrase|defined_term_realized_tax_benefit|defined_term_hypothetical_tax_liability|defined_term_tax_benefit_schedule|defined_term_early_termination_payment|defined_term_basis_adjustment|defined_term_section_754,,,,
0001704596,0001558370-18-006940,evop-20180630ex102ed5009.htm,uncertain,2,phrase,,,,
0001704596,0001558370-18-006940,evop-20180630ex104fd2827.htm,uncertain,2,phrase,,,,
0001704596,0001558370-21-014303,evop-20210930xex10d2.htm,no,2,,,,,
0001704596,0001558370-22-007062,evop-20220331xex10d2.htm,no,2,,,,,
0001704711,0001193125-17-308863,d369769dex101.htm,yes,2,centered_title|phrase|defined_term_realized_tax_benefit|defined_term_hypothetical_tax_liability|defined_term_tax_benefit_schedule|defined_term_early_termination_payment|defined_term_basis_adjustment,,,,
0001704711,0001193125-17-308863,d369769dex1011.htm,uncertain,2,phrase|defined_term_tax_asset,,,,
0001704711,0001193125-17-308863,d369769dex103.htm,uncertain,2,phrase,,,no,"Centered title 'SECOND AMENDED AND RESTATED LIMITED LIABILITY COMPANY AGREEMENT' of Funko Acquisition Holdings, L.L.C.; an LLC agreement, not a TRA."
0001704711,0001193125-17-315943,d369769dex103.htm,uncertain,2,phrase,,,,
0001704711,0001193125-18-075212,d519860dex101.htm,uncertain,2,phrase|defined_term_tax_asset,,,,
0001704711,0001193125-18-306791,d642324dex101.htm,uncertain,2,phrase|defined_term_tax_asset,,,,
0001704711,0001193125-19-253713,d820313dex101.htm,uncertain,2,phrase|defined_term_tax_asset,,,no,"Centered title 'SECOND AMENDMENT TO CREDIT AGREEMENT' (Funko entities, PNC Bank); not a TRA."
0001704711,0001193125-20-136621,d928224dex101.htm,uncertain,2,phrase|defined_term_tax_asset,,,,
0001704711,0001564590-18-006124,fnko-ex1025_587.htm,yes,2,centered_title|phrase|defined_term_realized_tax_benefit|defined_term_hypothetical_tax_liability|defined_term_tax_benefit_schedule|defined_term_early_termination_payment|defined_term_basis_adjustment|defined_term_section_754,,,,
0001704711,0001564590-18-006124,fnko-ex1027_586.htm,uncertain,2,phrase,,,,
0001704711,0001704711-21-000052,funko_2021creditagreement.htm,uncertain,2,phrase,,,,
0001704711,0001704711-22-000029,exhibit106.htm,no,2,,,,,
0001704711,0001704711-23-000008,ex-10232022.htm,uncertain,2,phrase,,,,
0001704711,0001704711-25-000107,exhibit1017162025.htm,no,2,,,,,
0001704711,0001704711-26-000005,exhibit10121326.htm,uncertain,2,phrase,,,,
0001704720,0001104659-20-105811,tm2031027d1_ex10-1.htm,uncertain,2,phrase,,,,
0001704720,0001704720-21-000024,exhibit1014optimalbluearll.htm,uncertain,2,phrase,,,,
0001705327,0001047469-17-003292,a2231927zex-10_10.htm,no,2,,,,,
0001705327,0001047469-17-003292,a2231927zex-10_15.htm,no,2,,,,,
0001705327,0001047469-17-003292,a2231927zex-10_23.htm,no,2,,,,,
0001705327,0001047469-17-005467,a2233048zex-10_42.htm,uncertain,2,phrase,,,,
0001705327,0001047469-17-005467,a2233048zex-10_43.htm,uncertain,2,phrase,,,,
0001705327,0001047469-18-002005,a2234781zex-10_5.htm,yes,2,centered_title|phrase|defined_term_realized_tax_benefit|defined_term_hypothetical_tax_liability|defined_term_exchange_basis|defined_term_tax_benefit_schedule|defined_term_early_termination_payment|defined_term_basis_adjustment,,,,
0001705327,0001047469-18-002005,a2234781zex-10_6.htm,yes,2,centered_title|phrase|defined_term_realized_tax_benefit|defined_term_hypothetical_tax_liability|defined_term_exchange_basis|defined_term_tax_benefit_schedule|defined_term_early_termination_payment|defined_term_basis_adjustment,,,,
0001705327,0001047469-18-002005,a2234781zex-10_7.htm,uncertain,2,phrase,,,,
0001705327,0001047469-18-002005,a2234781zex-10_9.htm,uncertain,2,phrase,,,no,"Centered title 'FORM OF EXCHANGE AGREEMENT'; references 'Continuing LLC Owner Tax Receivable Agreement' as a related party agreement, not a TRA itself."
0001705327,0001047469-19-006516,a2238012zex-10_49.htm,no,2,,,,,
0001705843,0001193125-23-158545,d487053dex102.htm,uncertain,2,phrase|defined_term_basis_adjustment,,,,
0001705843,0001193125-23-158545,d487053dex103.htm,yes,2,centered_title|phrase|defined_term_realized_tax_benefit|defined_term_hypothetical_tax_liability|defined_term_exchange_basis|defined_term_tax_benefit_schedule|defined_term_early_termination_payment|defined_term_basis_adjustment|defined_term_section_754,,,,
0001705843,0001193125-23-158545,d487053dex104.htm,uncertain,2,phrase,,,,
0001707502,0001564590-22-009963,sldb-ex1026_670.htm,uncertain,2,phrase,,,,
0001709768,0001213900-18-014134,f8k1018ex10-3_sentinelenergy.htm,uncertain,2,phrase|defined_term_tax_asset,,,,
0001709768,0001213900-18-014135,f8k1018ex10-3_sentinelenergy.htm,uncertain,2,phrase|defined_term_tax_asset,,,,
0001710583,0000950123-17-007208,filename2.htm,uncertain,2,phrase,,,,
0001710583,0001193125-17-280759,d393780dex101.htm,yes,2,centered_title|phrase|defined_term_realized_tax_benefit|defined_term_hypothetical_tax_liability|defined_term_tax_benefit_schedule|defined_term_early_termination_payment|defined_term_basis_adjustment,,,,
0001710583,0001193125-17-280759,d393780dex103.htm,uncertain,2,phrase,,,no,"Centered title 'FIFTH AMENDED AND RESTATED OPERATING AGREEMENT OF SWITCH, LTD.'; LLC operating agreement, not a TRA."
0001710583,0001193125-17-280759,d393780dex104.htm,uncertain,2,phrase,,,,
0001710583,0001193125-17-307910,d465087dex101.htm,yes,2,centered_title|phrase|defined_term_realized_tax_benefit|defined_term_hypothetical_tax_liability|defined_term_tax_benefit_schedule|defined_term_early_termination_payment|defined_term_basis_adjustment,,,,
0001710583,0001193125-17-307910,d465087dex103.htm,uncertain,2,phrase,,,,
0001710583,0001193125-20-248685,d93026dex101.htm,uncertain,2,phrase,,,,
0001710583,0001193125-22-147632,d353797dex101.htm,yes,2,centered_title|phrase|defined_term_early_termination_payment,,,,
0001710583,0001710583-21-000052,thirdamendmenttoamendedand.htm,no,2,,,,,
0001712923,0000930413-17-003314,filename7.htm,no,2,,,,,
0001712923,0000930413-18-001566,c88906_ex10-3.htm,uncertain,2,phrase|defined_term_section_754,,,,
0001712923,0000930413-18-001566,c88906_ex10-8.htm,no,2,,,,,
0001712923,0000930413-18-001730,c88906_ex10-1.htm,yes,2,centered_title|phrase|defined_term_realized_tax_benefit|defined_term_hypothetical_tax_liability|defined_term_exchange_basis|defined_term_tax_benefit_schedule|defined_term_early_termination_payment|defined_term_basis_adjustment|defined_term_section_754,,,,
0001712923,0000930413-18-001730,c88906_ex10-3.htm,uncertain,2,phrase|defined_term_section_754,,,,
0001712923,0000930413-18-001935,c88906_ex10-1.htm,yes,2,centered_title|phrase|defined_term_realized_tax_benefit|defined_term_hypothetical_tax_liability|defined_term_exchange_basis|defined_term_tax_benefit_schedule|defined_term_early_termination_payment|defined_term_basis_adjustment|defined_term_section_754,,,,
0001712923,0000930413-18-001935,c88906_ex10-3.htm,uncertain,2,phrase|defined_term_section_754,,,no,"Centered title 'SECOND AMENDED AND RESTATED OPERATING AGREEMENT OF GREENSKY HOLDINGS, LLC'; an LLC operating agreement, not a TRA."
0001713854,0001193125-18-010066,d498363dex101.htm,uncertain,2,phrase,,,,
0001713952,0001193125-20-042057,d891371dex102.htm,uncertain,2,phrase,,,,
0001713952,0001193125-20-042057,d891371dex103.htm,uncertain,2,phrase,,,no,"Centered title 'FOURTH AMENDED AND RESTATED CREDIT AGREEMENT' (APX Group, Bank of America lenders); not a TRA."
0001720592,0000950170-23-002466,rpay-ex10_1.htm,no,2,,,,,
0001720592,0000950170-24-082963,rpay-ex10_1.htm,no,2,,,,,
0001720592,0001193125-20-029800,d884933dex101.htm,no,2,,,,,
0001720592,0001213900-19-001007,f8k0119ex10-2_thunderbridge.htm,yes,2,centered_title|phrase|defined_term_realized_tax_benefit|defined_term_hypothetical_tax_liability|defined_term_exchange_basis|defined_term_tax_benefit_schedule|defined_term_early_termination_payment|defined_term_basis_adjustment,,,,
0001720592,0001213900-19-001008,f8k0119ex10-2_thunderbridge.htm,yes,2,centered_title|phrase|defined_term_realized_tax_benefit|defined_term_hypothetical_tax_liability|defined_term_exchange_basis|defined_term_tax_benefit_schedule|defined_term_early_termination_payment|defined_term_basis_adjustment,,,,
0001720592,0001213900-19-002183,fs42019ex10-22_thunder.htm,uncertain,2,phrase,,,no,"Centered title 'Second Amended and Restated LIMITED LIABILITY COMPANY AGREEMENT OF HAWK PARENT HOLDINGS LLC'; LLC agreement, not a TRA."
0001720592,0001213900-19-002183,fs42019ex10-35_thunder.htm,uncertain,2,phrase,,,,
0001720592,0001213900-19-010700,fs42019a3ex10-11_thunder.htm,yes,2,centered_title|phrase|defined_term_realized_tax_benefit|defined_term_hypothetical_tax_liability|defined_term_exchange_basis|defined_term_tax_benefit_schedule|defined_term_early_termination_payment|defined_term_basis_adjustment,,,,
0001720592,0001213900-19-010700,fs42019a3ex10-22_thunder.htm,uncertain,2,phrase,,,,
0001720592,0001213900-19-013004,f8k0719ex10-2_repayhold.htm,yes,2,centered_title|phrase|defined_term_realized_tax_benefit|defined_term_hypothetical_tax_liability|defined_term_exchange_basis|defined_term_tax_benefit_schedule|defined_term_early_termination_payment|defined_term_basis_adjustment,,,,
0001720592,0001213900-19-013004,f8k0719ex10-8_repayhold.htm,uncertain,2,phrase,,,,
0001720592,0001564590-21-004507,rpay-ex101_6.htm,uncertain,2,phrase,,,no,"Centered title 'AMENDED AND RESTATED REVOLVING CREDIT AGREEMENT' (Repay Holdings Corporation, Truist Bank); not a TRA."
0001720592,0001564590-21-033010,rpay-ex101_7.htm,uncertain,2,phrase,,,,
0001720893,0001104659-24-012333,tm244487d1_ex10-1.htm,no,2,,,,,
0001720893,0001104659-24-121582,tm2428677d2_ex10-1.htm,no,2,,,,,
0001720893,0001558370-22-013353,btai-20220630xex10d1.htm,no,2,,,,,
0001722684,0001047469-18-002970,a2235147zex-10_2.htm,uncertain,2,phrase,,,,
0001722684,0001104659-18-037816,a18-14429_1ex10d2.htm,uncertain,2,phrase,,,,
0001723128,0000950103-25-009701,dp232462_ex1001.htm,no,2,,,,,
0001723128,0000950103-25-009701,dp232462_ex1002.htm,no,2,,,,,
0001723128,0001193125-18-116990,d414240dex104.htm,uncertain,2,phrase,,,no,"Centered title is 'SECOND AMENDED AND RESTATED STOCKHOLDERS AGREEMENT' between Amneal Group and Atlas Holdings, not a Tax Receivable Agreement."
0001723128,0001193125-18-116990,d414240dex105.htm,yes,2,centered_title|phrase|defined_term_realized_tax_benefit|defined_term_hypothetical_tax_liability|defined_term_tax_benefit_schedule|defined_term_early_termination_payment|defined_term_basis_adjustment,,,,
0001723128,0001193125-18-153558,d582441dex101.htm,no,2,,,,,
0001723128,0001193125-18-153558,d582441dex102.htm,no,2,,,,,
0001723128,0001193125-18-153558,d582441dex105.htm,uncertain,2,phrase,,,,
0001723128,0001193125-18-153558,d582441dex106.htm,yes,2,centered_title|phrase|defined_term_realized_tax_benefit|defined_term_hypothetical_tax_liability|defined_term_tax_benefit_schedule|defined_term_early_termination_payment|defined_term_basis_adjustment,,,,
0001723128,0001193125-18-153798,d414240dex102.htm,no,2,,,,,
0001723128,0001193125-18-153798,d414240dex103.htm,no,2,,,,,
0001723128,0001193125-18-153798,d414240dex104.htm,uncertain,2,phrase,,,,
0001723128,0001193125-18-153798,d414240dex105.htm,yes,2,centered_title|phrase|defined_term_realized_tax_benefit|defined_term_hypothetical_tax_liability|defined_term_tax_benefit_schedule|defined_term_early_termination_payment|defined_term_basis_adjustment,,,,
0001723128,0001193125-23-257254,d560382dex101.htm,uncertain,2,phrase,,,no,"Centered title 'Term Sheet' (Amneal Pharmaceuticals reorganization); TRA referenced as existing May 4 2018 agreement to be amended, not the document itself."
0001723128,0001193125-23-272933,d454203dex104.htm,yes,2,centered_title|phrase|defined_term_realized_tax_benefit,,,,
0001723128,0001193125-23-272933,d454203dex105.htm,uncertain,2,phrase,,,,
0001723128,0001193125-23-272933,d454203dex106.htm,uncertain,2,phrase,,,no,"Centered title 'AMNEAL PHARMACEUTICALS LLC FOURTH AMENDED AND RESTATED LIMITED LIABILITY COMPANY AGREEMENT'; LLC agreement, not a TRA."
0001723128,0001193125-23-277184,d78181dex101.htm,no,2,,,,,
0001723128,0001193125-23-277184,d78181dex102.htm,no,2,,,,,
0001723128,0001193125-23-277184,d78181dex103.htm,no,2,,,,,
0001723128,0001628280-26-004738,amneal-amendmentno2toterml.htm,no,2,,,,,
0001723128,0001723128-19-000028,amendmentno1tothirdamended.htm,uncertain,2,phrase,,,,
0001723128,0001723128-22-000023,exhibit101-truistxamneal.htm,uncertain,2,phrase,,,no,"Document title 'REVOLVING CREDIT AGREEMENT' (Amneal Pharmaceuticals, Truist Bank); not a TRA."
0001723128,0001723128-23-000044,amneal-amendmentno1toter.htm,uncertain,2,phrase,,,,
0001723128,0001723128-23-000044,fn153-rondoxamendmentno2.htm,no,2,,,,,
0001723128,0001723128-23-000044,projectrondo-amendmentno.htm,no,2,,,,,
0001723128,0001723128-25-000047,projectrondo-arrevolving.htm,no,2,,,,,
0001725134,0001193125-20-195157,d900714dex103.htm,uncertain,2,phrase,,,,
0001725134,0001193125-20-195157,d900714dex106.htm,yes,2,centered_title|phrase|defined_term_realized_tax_benefit|defined_term_hypothetical_tax_liability|defined_term_tax_benefit_schedule|defined_term_early_termination_payment|defined_term_basis_adjustment,,,,
0001725255,0001104659-19-063569,a19-22526_2ex10d1.htm,uncertain,2,phrase,,,,
0001725255,0001104659-19-063569,a19-22526_2ex10d2.htm,yes,2,centered_title|phrase|defined_term_realized_tax_benefit|defined_term_hypothetical_tax_liability|defined_term_tax_benefit_schedule|defined_term_early_termination_payment|defined_term_basis_adjustment,,,,
0001725579,0000950123-18-002912,filename3.htm,uncertain,2,phrase,,,,
0001725579,0001193125-18-118572,d498179dex1020.htm,uncertain,2,phrase,,,no,"Centered title 'CREDIT AGREEMENT' dated June 12, 2017 (Pluralsight Holdings, Guggenheim Corporate Funding); not a TRA."
0001725579,0001193125-18-153459,d498179dex102.htm,yes,2,centered_title|phrase|defined_term_realized_tax_benefit|defined_term_hypothetical_tax_liability|defined_term_tax_benefit_schedule|defined_term_early_termination_payment|defined_term_basis_adjustment,,,,
0001725579,0001193125-18-153459,d498179dex1027.htm,uncertain,2,phrase,,,,
0001725579,0001193125-20-316375,d51165dex102.htm,yes,2,centered_title|phrase|defined_term_early_termination_payment,,,,
0001725579,0001193125-21-073332,d101911dex101.htm,uncertain,2,phrase,,,,
0001725579,0001193125-21-073332,d101911dex102.htm,uncertain,2,phrase,,,no,"Centered title is 'TENDER AND SUPPORT AGREEMENT' tied to a Pluralsight merger, not a Tax Receivable Agreement."
0001725579,0001193125-21-073332,d101911dex103.htm,uncertain,2,phrase,,,,
0001725579,0001725579-18-000008,psq218-ex101.htm,yes,2,centered_title|phrase|defined_term_realized_tax_benefit|defined_term_hypothetical_tax_liability|defined_term_tax_benefit_schedule|defined_term_early_termination_payment|defined_term_basis_adjustment|defined_term_section_754,,,,
0001725579,0001725579-18-000008,psq218-ex102.htm,uncertain,2,phrase,,,,
0001726978,0001193125-18-104654,d514619dex101.htm,uncertain,2,phrase,,,,
0001726978,0001193125-18-104654,d514619dex103.htm,uncertain,2,phrase,,,,
0001726978,0001193125-18-104654,d514619dex104.htm,yes,2,centered_title|phrase|defined_term_realized_tax_benefit|defined_term_hypothetical_tax_liability|defined_term_exchange_basis|defined_term_tax_benefit_schedule|defined_term_early_termination_payment|defined_term_basis_adjustment,,,,
0001726978,0001193125-18-148760,d580158dex101.htm,uncertain,2,phrase,,,,
0001726978,0001193125-18-148760,d580158dex102.htm,uncertain,2,phrase,,,,
0001726978,0001193125-18-148760,d580158dex103.htm,yes,2,centered_title|phrase|defined_term_realized_tax_benefit|defined_term_hypothetical_tax_liability|defined_term_exchange_basis|defined_term_tax_benefit_schedule|defined_term_early_termination_payment|defined_term_basis_adjustment,,,,
0001726978,0001726978-25-000056,january2025creditloanagree.htm,no,2,,,,,
0001726978,0001726978-25-000141,goosehead-am1conformedcred.htm,no,2,,,,,
0001728688,0001193125-20-040854,d846267dex101.htm,uncertain,2,phrase,,,,
0001728688,0001628279-18-000066,filename7.htm,yes,2,centered_title|phrase|defined_term_realized_tax_benefit|defined_term_hypothetical_tax_liability|defined_term_tax_benefit_schedule|defined_term_early_termination_payment|defined_term_basis_adjustment|defined_term_section_754,,,,
0001728688,0001628280-18-007205,exhibit102s-1.htm,yes,2,centered_title|phrase|defined_term_realized_tax_benefit|defined_term_hypothetical_tax_liability|defined_term_tax_benefit_schedule|defined_term_early_termination_payment|defined_term_basis_adjustment|defined_term_section_754,,,,
0001728688,0001628280-18-007773,exhibit101s-1a1.htm,uncertain,2,phrase,,,,
0001728688,0001628280-18-008317,exhibit1038-k.htm,uncertain,2,phrase,,,,
0001728688,0001628280-18-008317,exhibit1058-k.htm,uncertain,2,phrase,,,,
0001728688,0001728688-19-000047,arcreditagreement-i3ve.htm,uncertain,2,phrase,,,,
0001728688,0001728688-22-000061,i310k2022exhibit1030.htm,yes,2,centered_title|phrase,,,,
0001728688,0001728688-23-000030,i3verticals2023creditagree.htm,uncertain,2,phrase,,,,
0001728688,0001728688-24-000079,firstamendment-i3verticals.htm,uncertain,2,phrase,,,,
0001737927,0000950170-23-040694,cgc-ex10_10.htm,uncertain,2,phrase,,,,
0001737927,0000950170-23-040740,cgc-ex10_10.htm,uncertain,2,phrase,,,,
0001737927,0001193125-20-252335,d60893dex101.htm,uncertain,2,phrase,,,,
0001737927,0001193125-22-269590,d362632dex103.htm,uncertain,2,phrase,,,,
0001737927,0001193125-22-270041,d362632dex103.htm,uncertain,2,phrase,,,no,"Centered title is 'ARRANGEMENT AGREEMENT' between Canopy USA, Canopy Growth Corporation, and Acreage Holdings; not a TRA."
0001739566,0001104659-20-102266,tm2029975d1_ex10-1.htm,uncertain,2,phrase,,,,
0001739566,0001104659-20-102266,tm2029975d1_ex10-2.htm,yes,2,centered_title|phrase|defined_term_realized_tax_benefit|defined_term_hypothetical_tax_liability|defined_term_exchange_basis|defined_term_tax_benefit_schedule|defined_term_early_termination_payment|defined_term_basis_adjustment,,,,
0001739942,0001628279-18-000080,filename14.htm,no,2,,,,,
0001739942,0001628280-18-012025,exhibit102s-1.htm,no,2,,,,,
0001739942,0001739942-21-000121,swi202107278xkex101amendme.htm,no,2,,,,,
0001739942,0001739942-22-000111,swi20221123ex101.htm,no,2,,,,,
0001739942,0001739942-24-000005,swi20240123-ex101.htm,no,2,,,,,
0001739942,0001739942-24-000088,solarwinds-amendmentno8toc.htm,no,2,,,,,
0001742924,0000950103-18-012035,dp96887_ex1004.htm,uncertain,2,phrase|defined_term_tax_asset,,,,
0001742924,0001193125-18-288488,d603292dex104.htm,uncertain,2,phrase|defined_term_tax_asset,,,,
0001743745,0001213900-19-004519,fs12019ex10-1_greenlane.htm,uncertain,2,phrase,,,,
0001743745,0001213900-19-004519,fs12019ex10-3_greenlane.htm,uncertain,2,phrase,,,,
0001743745,0001213900-19-004519,fs12019ex10-4_greenlane.htm,yes,2,centered_title|phrase|defined_term_realized_tax_benefit|defined_term_hypothetical_tax_liability|defined_term_tax_benefit_schedule|defined_term_early_termination_payment|defined_term_basis_adjustment,,,,
0001743745,0001213900-19-007106,f8k042319ex10-2_greenlane.htm,uncertain,2,phrase,,,no,"Centered title 'THIRD AMENDED AND RESTATED OPERATING AGREEMENT OF GREENLANE HOLDINGS, LLC'; LLC operating agreement, not a TRA."
0001743745,0001213900-19-007106,f8k042319ex10-3_greenlane.htm,uncertain,2,phrase,,,,
0001743745,0001213900-19-007106,f8k042319ex10-4_greenlane.htm,yes,2,centered_title|phrase|defined_term_realized_tax_benefit|defined_term_hypothetical_tax_liability|defined_term_tax_benefit_schedule|defined_term_early_termination_payment|defined_term_basis_adjustment,,,,
0001743745,0001493152-25-018597,ex10-4.htm,uncertain,2,phrase,,,,
0001743745,0001743745-22-000011,ex104-greenlane_holdingsxl.htm,uncertain,2,phrase,,,no,Centered title 'AMENDED AND RESTATED OPERATING AGREEMENT' of Greenlane Holdings LLC; TRA only a parallel transaction doc.
0001743907,0001193125-21-051676,d71456dex1046.htm,yes,2,centered_title|phrase|defined_term_realized_tax_benefit|defined_term_tax_benefit_schedule|defined_term_early_termination_payment,,,,
0001743907,0001193125-21-051676,d71456dex1047.htm,uncertain,2,phrase|defined_term_tax_asset,,,,
0001743907,0001193125-21-072301,d71456dex1046.htm,yes,2,centered_title|phrase|defined_term_realized_tax_benefit|defined_term_tax_benefit_schedule|defined_term_early_termination_payment,,,,
0001743907,0001193125-21-089702,d151286dex103.htm,yes,2,centered_title|phrase|defined_term_realized_tax_benefit|defined_term_tax_benefit_schedule|defined_term_early_termination_payment,,,,
0001743907,0001743907-25-000021,suncountrycreditandguarant.htm,uncertain,2,phrase|defined_term_tax_asset,,,,
0001747079,0001747079-24-000082,ex102-sbgsupportagreement.htm,uncertain,2,phrase,,,,
0001748024,0001193125-19-013079,d630637dex101.htm,uncertain,2,phrase,,,,
0001748024,0001193125-19-013079,d630637dex102.htm,yes,2,centered_title|phrase|defined_term_realized_tax_benefit|defined_term_exchange_basis|defined_term_tax_benefit_schedule|defined_term_early_termination_payment|defined_term_basis_adjustment,,,,
0001748824,0001748824-21-000023,landmarkequitypurchaseagre.htm,uncertain,2,phrase,,,,
0001749704,0001104659-19-001493,a19-2323_1ex10d4.htm,yes,2,centered_title|phrase|defined_term_realized_tax_benefit|defined_term_hypothetical_tax_liability|defined_term_tax_benefit_schedule|defined_term_early_termination_payment|defined_term_tax_asset,,,,
0001749704,0001749704-23-000045,ex103amendmentno1totaxrece.htm,yes,2,centered_title|phrase|defined_term_realized_tax_benefit|defined_term_tax_benefit_schedule,,,,
0001749723,0001140361-18-042889,s002392x7_ex10-11.htm,uncertain,2,phrase|defined_term_early_termination_payment,,,,
0001749723,0001140361-19-000862,s002392x10_ex10-15.htm,no,2,,,,,
0001750690,0001193125-18-303218,d632104dex104.htm,uncertain,2,phrase,,,,
0001750690,0001193125-18-315432,d632104dex101.htm,yes,2,centered_title|phrase|defined_term_realized_tax_benefit|defined_term_hypothetical_tax_liability|defined_term_tax_benefit_schedule|defined_term_early_termination_payment|defined_term_basis_adjustment,,,,
0001750690,0001193125-18-315432,d632104dex102.htm,uncertain,2,phrase|defined_term_basis_adjustment,,,,
0001750690,0001193125-18-315432,d632104dex103.htm,uncertain,2,phrase|defined_term_section_754,,,,
0001751008,0000950123-20-012512,filename10.htm,uncertain,2,phrase,,,,
0001751008,0000950123-20-012512,filename12.htm,uncertain,2,phrase,,,,
0001751008,0000950123-20-012512,filename13.htm,no,2,,,,,
0001751008,0000950123-20-012512,filename9.htm,uncertain,2,phrase,,,,
0001751008,0001193125-21-065782,d73804dex1010.htm,uncertain,2,phrase,,,,
0001751008,0001193125-21-065782,d73804dex1012.htm,uncertain,2,phrase,,,,
0001751008,0001193125-21-065782,d73804dex1013.htm,no,2,,,,,
0001751008,0001193125-21-065782,d73804dex109.htm,uncertain,2,phrase,,,,
0001751008,0001193125-21-089656,d73804dex1016.htm,no,2,,,,,
0001751008,0001193125-21-313339,d234175dex101.htm,no,2,,,,,
0001751008,0001751008-23-000048,exhibit102-amendmentno7t.htm,uncertain,2,phrase,,,no,Document is 'AMENDMENT NO. 7 TO CREDIT AGREEMENT' (AppLovin Corporation); not a TRA.
0001751008,0001751008-23-000054,app-20230612x8kxexhibit101.htm,no,2,,,,,
0001751008,0001751008-23-000064,exhibit101-amendmentno9toc.htm,no,2,,,,,
0001751008,0001751008-24-000017,creditagreementexhibit101.htm,no,2,,,,,
0001751008,0001751008-24-000043,exhibit101-amendmentno10to.htm,no,2,,,,,
0001752836,0001193125-18-358169,d609285dex103.htm,uncertain,2,phrase,,,,
0001752836,0001193125-19-004173,d609285dex103.htm,uncertain,2,phrase,,,,
0001753676,0001193125-19-040841,d621537dex101.htm,uncertain,2,phrase,,,,
0001753676,0001193125-19-040841,d621537dex102.htm,yes,2,centered_title|phrase|defined_term_realized_tax_benefit|defined_term_hypothetical_tax_liability|defined_term_tax_benefit_schedule|defined_term_early_termination_payment|defined_term_basis_adjustment,,,,
0001753850,0000950103-18-011246,filename4.htm,uncertain,2,phrase|defined_term_section_754,,,,
0001753850,0000950103-18-011246,filename5.htm,yes,2,centered_title|phrase|defined_term_realized_tax_benefit|defined_term_hypothetical_tax_liability|defined_term_exchange_basis|defined_term_tax_benefit_schedule|defined_term_early_termination_payment|defined_term_basis_adjustment,,,,
0001756497,0000950123-18-012316,filename10.htm,yes,2,centered_title|phrase|defined_term_realized_tax_benefit|defined_term_hypothetical_tax_liability|defined_term_exchange_basis|defined_term_tax_benefit_schedule|defined_term_early_termination_payment|defined_term_basis_adjustment,,,,
0001756497,0000950123-18-012316,filename11.htm,yes,2,centered_title|phrase|defined_term_realized_tax_benefit|defined_term_hypothetical_tax_liability|defined_term_exchange_basis|defined_term_tax_benefit_schedule|defined_term_early_termination_payment|defined_term_basis_adjustment,,,,
0001756497,0000950123-18-012316,filename12.htm,yes,2,centered_title|phrase|defined_term_basis_adjustment,,,,
0001756497,0000950123-18-012316,filename15.htm,no,2,,,,,
0001756497,0000950123-18-012316,filename19.htm,uncertain,2,phrase,,,no,"Centered title is 'AMENDED AND RESTATED LETTER AGREEMENT RELATING TO AGREEMENT OF CONTRIBUTION AND SALE'; body governs amortization position and indemnification, and merely references the separate 'MCK Tax Receivable Agreement' as a parallel agreement."
0001756497,0000950123-18-012316,filename6.htm,no,2,,,,,
0001756497,0000950123-18-012316,filename7.htm,yes,2,centered_title|phrase|defined_term_realized_tax_benefit|defined_term_hypothetical_tax_liability|defined_term_tax_benefit_schedule|defined_term_early_termination_payment|defined_term_basis_adjustment|defined_term_tax_asset,,,,
0001756497,0000950123-18-012316,filename8.htm,yes,2,centered_title|phrase|defined_term_realized_tax_benefit|defined_term_hypothetical_tax_liability|defined_term_tax_benefit_schedule|defined_term_early_termination_payment|defined_term_basis_adjustment|defined_term_tax_asset,,,,
0001756497,0000950123-18-012316,filename9.htm,yes,2,centered_title|phrase|defined_term_realized_tax_benefit|defined_term_hypothetical_tax_liability|defined_term_tax_benefit_schedule|defined_term_early_termination_payment|defined_term_basis_adjustment,,,,
0001756497,0000950123-19-009881,filename12.htm,no,2,,,,,
0001756497,0000950123-19-009881,filename13.htm,yes,2,centered_title|phrase|defined_term_realized_tax_benefit|defined_term_hypothetical_tax_liability|defined_term_tax_benefit_schedule|defined_term_early_termination_payment|defined_term_basis_adjustment|defined_term_tax_asset,,,,
0001756497,0000950123-19-009881,filename14.htm,yes,2,centered_title|phrase|defined_term_realized_tax_benefit|defined_term_hypothetical_tax_liability|defined_term_tax_benefit_schedule|defined_term_early_termination_payment|defined_term_basis_adjustment|defined_term_tax_asset,,,,
0001756497,0000950123-19-009881,filename15.htm,yes,2,centered_title|phrase|defined_term_realized_tax_benefit|defined_term_hypothetical_tax_liability|defined_term_tax_benefit_schedule|defined_term_early_termination_payment|defined_term_basis_adjustment,,,,
0001756497,0000950123-19-009881,filename16.htm,yes,2,centered_title|phrase|defined_term_realized_tax_benefit|defined_term_hypothetical_tax_liability|defined_term_exchange_basis|defined_term_tax_benefit_schedule|defined_term_early_termination_payment|defined_term_basis_adjustment,,,,
0001756497,0000950123-19-009881,filename17.htm,yes,2,centered_title|phrase|defined_term_realized_tax_benefit|defined_term_hypothetical_tax_liability|defined_term_exchange_basis|defined_term_tax_benefit_schedule|defined_term_early_termination_payment|defined_term_basis_adjustment,,,,
0001756497,0000950123-19-009881,filename18.htm,yes,2,centered_title|phrase|defined_term_basis_adjustment,,,,
0001756497,0000950123-19-009881,filename23.htm,no,2,,,,,
0001756497,0000950123-19-009881,filename27.htm,uncertain,2,phrase,,,,
0001756497,0001193125-19-076886,d638353dex101.htm,no,2,,,,,
0001756497,0001193125-19-076886,d638353dex1012.htm,uncertain,2,phrase,,,,
0001756497,0001193125-19-076886,d638353dex1018.htm,uncertain,2,phrase,,,no,Centered title is 'AMENDED AND RESTATED LETTER AGREEMENT RELATING TO AGREEMENT OF CONTRIBUTION AND SALE'; references the MCK Tax Receivable Agreement but is itself a letter agreement on tax amortization and indemnification.
0001756497,0001193125-19-076886,d638353dex102.htm,yes,2,centered_title|phrase|defined_term_realized_tax_benefit|defined_term_hypothetical_tax_liability|defined_term_tax_benefit_schedule|defined_term_early_termination_payment|defined_term_basis_adjustment|defined_term_tax_asset,,,,
0001756497,0001193125-19-076886,d638353dex103.htm,yes,2,centered_title|phrase|defined_term_realized_tax_benefit|defined_term_hypothetical_tax_liability|defined_term_tax_benefit_schedule|defined_term_early_termination_payment|defined_term_basis_adjustment|defined_term_tax_asset,,,,
0001756497,0001193125-19-076886,d638353dex104.htm,yes,2,centered_title|phrase|defined_term_realized_tax_benefit|defined_term_hypothetical_tax_liability|defined_term_tax_benefit_schedule|defined_term_early_termination_payment|defined_term_basis_adjustment,,,,
0001756497,0001193125-19-076886,d638353dex105.htm,yes,2,centered_title|phrase|defined_term_realized_tax_benefit|defined_term_hypothetical_tax_liability|defined_term_exchange_basis|defined_term_tax_benefit_schedule|defined_term_early_termination_payment|defined_term_basis_adjustment,,,,
0001756497,0001193125-19-076886,d638353dex106.htm,yes,2,centered_title|phrase|defined_term_realized_tax_benefit|defined_term_hypothetical_tax_liability|defined_term_exchange_basis|defined_term_tax_benefit_schedule|defined_term_early_termination_payment|defined_term_basis_adjustment,,,,
0001756497,0001193125-19-076886,d638353dex107.htm,yes,2,centered_title|phrase|defined_term_basis_adjustment,,,,
0001756497,0001193125-20-023378,d826474dex101.htm,no,2,,,,,
0001756497,0001193125-20-023378,d826474dex1012.htm,uncertain,2,phrase,,,,
0001756497,0001193125-20-023378,d826474dex1016.htm,uncertain,2,phrase,,,no,"Centered title is 'TAX MATTERS AGREEMENT' between McKesson, PF2 SpinCo, and Change Healthcare — a spin-off tax sharing agreement, not a Tax Receivable Agreement."
0001756497,0001193125-20-023378,d826474dex1017.htm,uncertain,2,phrase,,,,
0001756497,0001193125-20-023378,d826474dex102.htm,yes,2,centered_title|phrase|defined_term_realized_tax_benefit|defined_term_hypothetical_tax_liability|defined_term_tax_benefit_schedule|defined_term_early_termination_payment|defined_term_basis_adjustment|defined_term_tax_asset,,,,
0001756497,0001193125-20-023378,d826474dex103.htm,yes,2,centered_title|phrase|defined_term_realized_tax_benefit|defined_term_hypothetical_tax_liability|defined_term_tax_benefit_schedule|defined_term_early_termination_payment|defined_term_basis_adjustment|defined_term_tax_asset,,,,
0001756497,0001193125-20-023378,d826474dex104.htm,yes,2,centered_title|phrase|defined_term_realized_tax_benefit|defined_term_hypothetical_tax_liability|defined_term_tax_benefit_schedule|defined_term_early_termination_payment|defined_term_basis_adjustment,,,,
0001756497,0001193125-20-023378,d826474dex105.htm,yes,2,centered_title|phrase|defined_term_realized_tax_benefit|defined_term_hypothetical_tax_liability|defined_term_exchange_basis|defined_term_tax_benefit_schedule|defined_term_early_termination_payment|defined_term_basis_adjustment,,,,
0001756497,0001193125-20-023378,d826474dex106.htm,yes,2,centered_title|phrase|defined_term_realized_tax_benefit|defined_term_hypothetical_tax_liability|defined_term_exchange_basis|defined_term_tax_benefit_schedule|defined_term_early_termination_payment|defined_term_basis_adjustment,,,,
0001756497,0001193125-20-023378,d826474dex107.htm,yes,2,centered_title|phrase|defined_term_basis_adjustment,,,,
0001756497,0001193125-21-003258,d28897dex101.htm,yes,2,centered_title|phrase|defined_term_early_termination_payment,,,,
0001756497,0001193125-21-003260,d28897dex101.htm,yes,2,centered_title|phrase|defined_term_early_termination_payment,,,,
0001758730,0001104659-19-030556,a19-9947_1ex10d3.htm,uncertain,2,phrase,,,,
0001758730,0001104659-19-030556,a19-9947_1ex10d4.htm,yes,2,centered_title|phrase|defined_term_realized_tax_benefit|defined_term_hypothetical_tax_liability|defined_term_tax_benefit_schedule|defined_term_early_termination_payment|defined_term_basis_adjustment,,,,
0001758730,0001104659-19-030556,a19-9947_1ex10d6.htm,no,2,,,,,
0001758730,0001144204-19-015220,tv516514_ex10-3.htm,uncertain,2,phrase,,,no,"Centered title 'TRADEWEB MARKETS LLC FIFTH AMENDED AND RESTATED LIMITED LIABILITY COMPANY AGREEMENT'; LLC agreement, not a TRA."
0001758730,0001144204-19-015220,tv516514_ex10-4.htm,yes,2,centered_title|phrase|defined_term_realized_tax_benefit|defined_term_hypothetical_tax_liability|defined_term_tax_benefit_schedule|defined_term_early_termination_payment|defined_term_basis_adjustment|defined_term_section_754,,,,
0001758730,0001144204-19-015706,tv515721_ex10-7.htm,uncertain,2,phrase,,,no,Centered title 'CREDIT AGREEMENT' (Tradeweb Markets LLC and Citibank); not a TRA.
0001758730,0001193125-23-089885,d472523dex101.htm,uncertain,2,phrase,,,no,"Centered title 'AMENDMENT NO. 2' to a Credit Agreement (Tradeweb Markets LLC, Citibank); not a TRA."
0001760717,0000950157-22-000224,ex10-1.htm,no,2,,,,,
0001760717,0001047469-19-002173,a2238399zex-10_4.htm,yes,2,centered_title|phrase|defined_term_realized_tax_benefit|defined_term_hypothetical_tax_liability|defined_term_tax_benefit_schedule|defined_term_early_termination_payment|defined_term_basis_adjustment,,,,
0001760717,0001047469-19-002173,a2238399zex-10_5.htm,uncertain,2,phrase|defined_term_early_termination_payment,,,,
0001760717,0001047469-19-002697,a2238613zex-10_7.htm,uncertain,2,phrase,,,,
0001760717,0001104659-19-027606,a18-41001_14ex10d1.htm,uncertain,2,phrase|defined_term_early_termination_payment,,,,
0001760717,0001104659-19-027606,a18-41001_14ex10d2.htm,yes,2,centered_title|phrase|defined_term_realized_tax_benefit|defined_term_hypothetical_tax_liability|defined_term_tax_benefit_schedule|defined_term_early_termination_payment|defined_term_basis_adjustment,,,,
0001760717,0001104659-19-027606,a18-41001_14ex10d7.htm,no,2,,,,,
0001760717,0001104659-21-073305,tm2117135d1_ex10-1.htm,uncertain,2,phrase,,,,
0001760717,0001104659-23-110660,tm2328754d2_ex10-1.htm,uncertain,2,phrase|defined_term_early_termination_payment,,,no,"Centered title 'WAIVER' executed for an existing Tax Receivable Agreement; waiver, not a TRA contract."
0001760717,0001104659-23-110660,tm2328754d2_ex10-2.htm,uncertain,2,phrase|defined_term_early_termination_payment,,,,
0001760717,0001104659-23-110660,tm2328754d2_ex10-3.htm,uncertain,2,phrase|defined_term_early_termination_payment,,,,
0001760965,0000950123-19-002577,filename6.htm,uncertain,2,phrase|defined_term_tax_asset,,,,
0001760965,0001193125-19-093535,d618285dex102.htm,uncertain,2,phrase|defined_term_tax_asset,,,,
0001760965,0001193125-19-127045,d618285dex102.htm,uncertain,2,phrase|defined_term_tax_asset,,,,
0001760965,0001193125-19-155386,d749655dex101.htm,uncertain,2,phrase|defined_term_tax_asset,,,no,Centered title is 'TAX MATTERS AGREEMENT' between VF Corporation and Kontoor Brands (spin-off tax sharing agreement); not a TRA.
0001762359,0001104659-20-109123,tm2031882d1_ex10-1.htm,uncertain,2,phrase,,,,
0001762359,0001104659-21-013360,tm214484d1_ex10-7.htm,uncertain,2,phrase,,,,
0001762359,0001104659-22-112573,tm2229001d1_ex10-1.htm,no,2,,,,,
0001762359,0001104659-22-112573,tm2229001d1_ex10-4.htm,yes,2,centered_title|phrase,,,,
0001762359,0001104659-22-112573,tm2229001d1_ex10-5.htm,uncertain,2,phrase,,,,
0001762359,0001762359-20-000017,ex107-secondamendmenta.htm,uncertain,2,phrase,,,,
0001764046,0001144204-19-010375,tv514564_ex10-8.htm,yes,2,centered_title|phrase|defined_term_realized_tax_benefit|defined_term_tax_benefit_schedule|defined_term_early_termination_payment|defined_term_tax_asset,,,,
0001764046,0001144204-19-017150,tv514876_ex10-9.htm,yes,2,centered_title|phrase|defined_term_realized_tax_benefit|defined_term_tax_benefit_schedule|defined_term_early_termination_payment|defined_term_tax_asset,,,,
0001764046,0001144204-19-043088,tv528146_ex10-8.htm,uncertain,2,phrase,,,,
0001766363,0000950123-19-003693,filename2.htm,uncertain,2,phrase,,,no,"Centered title 'FIRST LIEN CREDIT AGREEMENT' (WME IMG Holdings, JPMorgan); credit agreement, not a TRA."
0001766363,0000950123-19-003693,filename7.htm,no,2,,,,,
0001766363,0000950123-19-003693,filename8.htm,uncertain,2,phrase,,,,
0001766363,0000950123-21-002886,filename10.htm,no,2,,,,,
0001766363,0000950123-21-002886,filename11.htm,uncertain,2,phrase,,,,
0001766363,0000950123-21-002886,filename16.htm,no,2,,,,,
0001766363,0000950123-21-002886,filename5.htm,uncertain,2,phrase,,,,
0001766363,0000950170-23-019738,edr-ex10_3.htm,no,2,,,,,
0001766363,0000950170-23-019738,edr-ex10_4.htm,no,2,,,,,
0001766363,0000950170-23-039879,edr-ex10_5.htm,no,2,,,,,
0001766363,0000950170-23-039879,edr-ex10_6.htm,no,2,,,,,
0001766363,0000950170-23-039879,edr-ex10_7.htm,uncertain,2,phrase,,,,
0001766363,0000950170-24-056306,edr-ex10_9.htm,no,2,,,,,
0001766363,0001193125-19-163004,d681105dex101.htm,uncertain,2,phrase,,,,
0001766363,0001193125-19-163004,d681105dex1012.htm,no,2,,,,,
0001766363,0001193125-19-163004,d681105dex106.htm,no,2,,,,,
0001766363,0001193125-19-163004,d681105dex107.htm,uncertain,2,phrase,,,,
0001766363,0001193125-19-245311,d681105dex1016.htm,yes,2,centered_title|phrase|defined_term_realized_tax_benefit|defined_term_hypothetical_tax_liability|defined_term_tax_benefit_schedule|defined_term_early_termination_payment|defined_term_basis_adjustment|defined_term_tax_asset,,,,
0001766363,0001193125-19-245311,d681105dex1017.htm,uncertain,2,phrase,,,,
0001766363,0001193125-19-245311,d681105dex1018.htm,uncertain,2,phrase,,,,
0001766363,0001193125-21-102184,d67085dex101.htm,uncertain,2,phrase,,,,
0001766363,0001193125-21-102184,d67085dex1010.htm,uncertain,2,phrase,,,,
0001766363,0001193125-21-102184,d67085dex1015.htm,no,2,,,,,
0001766363,0001193125-21-102184,d67085dex106.htm,no,2,,,,,
0001766363,0001193125-21-122043,d67085dex1010.htm,no,2,,,,,
0001766363,0001193125-21-122043,d67085dex1023.htm,yes,2,centered_title|phrase|defined_term_realized_tax_benefit|defined_term_hypothetical_tax_liability|defined_term_tax_benefit_schedule|defined_term_early_termination_payment|defined_term_basis_adjustment|defined_term_tax_asset,,,,
0001766363,0001193125-21-122043,d67085dex1024.htm,uncertain,2,phrase,,,,
0001766363,0001193125-21-122043,d67085dex1025.htm,uncertain,2,phrase,,,,
0001766363,0001193125-21-180032,d482927dex105.htm,yes,2,centered_title|phrase|defined_term_realized_tax_benefit|defined_term_hypothetical_tax_liability|defined_term_tax_benefit_schedule|defined_term_early_termination_payment|defined_term_basis_adjustment|defined_term_tax_asset,,,,
0001766363,0001193125-21-180032,d482927dex106.htm,uncertain,2,phrase,,,,
0001766363,0001193125-21-180032,d482927dex107.htm,uncertain,2,phrase,,,no,"Centered title 'LIMITED LIABILITY COMPANY AGREEMENT of ENDEAVOR MANAGER, LLC'; an LLC operating agreement, not a TRA."
0001766363,0001193125-24-085506,d799790dex101.htm,uncertain,2,phrase,,,,
0001766363,0001193125-24-085506,d799790dex102.htm,uncertain,2,phrase,,,no,"Centered title is 'ROLLOVER AGREEMENT' tied to a merger transaction; document governs rollover of equity interests, not TRA payments."
0001766363,0001193125-25-060947,d897469dex102.htm,yes,2,centered_title|phrase|defined_term_early_termination_payment,,,,
0001768012,0001104659-21-001022,tm2039558d1_ex10-1.htm,uncertain,2,phrase,,,,
0001768012,0001104659-21-001022,tm2039558d1_ex10-2.htm,yes,2,centered_title|phrase|defined_term_realized_tax_benefit|defined_term_hypothetical_tax_liability|defined_term_tax_benefit_schedule|defined_term_early_termination_payment|defined_term_basis_adjustment,,,,
0001769318,0001213900-20-042670,ea131644ex10-3_thunder2.htm,yes,2,centered_title|phrase|defined_term_realized_tax_benefit|defined_term_hypothetical_tax_liability|defined_term_tax_benefit_schedule|defined_term_early_termination_payment|defined_term_basis_adjustment,,,,
0001769318,0001213900-20-042671,ea131644ex10-3_thunder2.htm,yes,2,centered_title|phrase|defined_term_realized_tax_benefit|defined_term_hypothetical_tax_liability|defined_term_tax_benefit_schedule|defined_term_early_termination_payment|defined_term_basis_adjustment,,,,
0001771815,0001193125-21-010222,d82662dex1015.htm,yes,2,centered_title|phrase|defined_term_realized_tax_benefit|defined_term_hypothetical_tax_liability|defined_term_tax_benefit_schedule|defined_term_early_termination_payment|defined_term_basis_adjustment,,,,
0001772016,0001193125-19-250692,d727525dex101.htm,uncertain,2,phrase,,,,
0001772016,0001193125-19-250692,d727525dex104.htm,uncertain,2,phrase,,,,
0001772016,0001193125-19-250692,d727525dex106.htm,yes,2,centered_title|phrase|defined_term_realized_tax_benefit|defined_term_hypothetical_tax_liability|defined_term_tax_benefit_schedule|defined_term_early_termination_payment|defined_term_basis_adjustment,,,,
0001772016,0001193125-19-266329,d727525dex101.htm,uncertain,2,phrase,,,no,"Centered title 'MASTER TRANSACTION AGREEMENT' (Post Holdings, BellRing Brands); IPO/formation transaction agreement, not a TRA."
0001772016,0001193125-19-270862,d812149dex101.htm,uncertain,2,phrase,,,no,"Centered title is 'AMENDED AND RESTATED LIMITED LIABILITY COMPANY AGREEMENT of BELLRING BRANDS, LLC'; an LLC agreement, not a TRA."
0001772016,0001193125-19-270862,d812149dex105.htm,yes,2,centered_title|phrase|defined_term_realized_tax_benefit|defined_term_hypothetical_tax_liability|defined_term_tax_benefit_schedule|defined_term_early_termination_payment|defined_term_basis_adjustment,,,,
0001772016,0001193125-19-270862,d812149dex109.htm,uncertain,2,phrase,,,,
0001772016,0001193125-22-072017,d212065dex103.htm,uncertain,2,phrase,,,,
0001772016,0001193125-22-072132,d319129dex104.htm,uncertain,2,phrase,,,,
0001772016,0001193125-22-072132,d319129dex105.htm,uncertain,2,phrase,,,,
0001772016,0001772016-25-000153,fy25form-exh1021firstamend.htm,no,2,,,,,
0001772757,0001104659-21-102406,tm2124529d3_ex10-1.htm,uncertain,2,phrase,,,,
0001772921,0001140361-19-013231,nt10001138x7_ex10-3.htm,yes,2,centered_title|phrase|defined_term_realized_tax_benefit|defined_term_hypothetical_tax_liability|defined_term_early_termination_payment|defined_term_basis_adjustment|defined_term_section_754,,,,
0001772921,0001140361-19-013231,nt10001138x7_ex10-4.htm,uncertain,2,phrase,,,,
0001772921,0001140361-20-003554,nt10006686x13_ex10-1.htm,yes,2,centered_title|phrase|defined_term_realized_tax_benefit|defined_term_hypothetical_tax_liability|defined_term_early_termination_payment|defined_term_basis_adjustment|defined_term_section_754,,,,
0001772921,0001140361-20-003554,nt10006686x13_ex10-2.htm,uncertain,2,phrase,,,,
0001772921,0001140361-20-003554,nt10006686x13_ex10-3.htm,uncertain,2,phrase,,,,
0001772921,0001140361-20-003554,nt10006686x13_ex10-4.htm,uncertain,2,phrase,,,,
0001772921,0001140361-20-016620,brhc10013671_ex10-1.htm,uncertain,2,phrase,,,,
0001772921,0001140361-20-016620,brhc10013671_ex10-2.htm,uncertain,2,phrase,,,,
0001772921,0001140361-22-000471,brhc10032343_ex10-1.htm,uncertain,2,phrase,,,,
0001772921,0001140361-22-028843,brhc10040519_ex10-1.htm,uncertain,2,phrase,,,,
0001772921,0001772921-23-000077,cdf-onewaterx8tharifafinal.htm,uncertain,2,phrase,,,,
0001772921,0001772921-24-000046,onew-2024630xexx102.htm,no,2,,,,,
0001772921,0001772921-24-000089,onew-6thamendmenttoarcredi.htm,no,2,,,,,
0001772921,0001772921-25-000077,cdf-onewaterxthirdamendmen.htm,uncertain,2,phrase,,,,
0001772921,0001772921-25-000077,onew-7thamendmenttoarcredi.htm,no,2,,,,,
0001775625,0001047469-19-005062,a2239587zex-10_2.htm,uncertain,2,phrase,,,,
0001775625,0001047469-19-005062,a2239587zex-10_3.htm,yes,2,centered_title|phrase|defined_term_realized_tax_benefit|defined_term_hypothetical_tax_liability|defined_term_exchange_basis|defined_term_tax_benefit_schedule|defined_term_early_termination_payment|defined_term_basis_adjustment,,,,
0001775625,0001104659-19-050419,a19-8964_14ex10d1.htm,uncertain,2,phrase,,,,
0001775625,0001104659-19-050419,a19-8964_14ex10d2.htm,yes,2,centered_title|phrase|defined_term_realized_tax_benefit|defined_term_hypothetical_tax_liability|defined_term_exchange_basis|defined_term_tax_benefit_schedule|defined_term_early_termination_payment|defined_term_basis_adjustment,,,,
0001775625,0001775625-23-000099,ex101cluster-revolvingcr.htm,uncertain,2,phrase,,,,
0001776932,0001477932-20-005764,mmen_ex102.htm,uncertain,2,phrase,,,,
0001776932,0001477932-20-005764,mmen_ex105.htm,uncertain,2,phrase,,,,
0001776932,0001477932-20-005764,mmen_ex106.htm,yes,2,centered_title|phrase|defined_term_realized_tax_benefit|defined_term_hypothetical_tax_liability|defined_term_tax_benefit_schedule|defined_term_early_termination_payment|defined_term_basis_adjustment|defined_term_section_754,,,,
0001776932,0001477932-20-005940,mmen_ex102.htm,uncertain,2,phrase,,,,
0001776932,0001477932-20-005940,mmen_ex105.htm,uncertain,2,phrase,,,,
0001776932,0001477932-20-005940,mmen_ex106.htm,yes,2,centered_title|phrase|defined_term_realized_tax_benefit|defined_term_hypothetical_tax_liability|defined_term_tax_benefit_schedule|defined_term_early_termination_payment|defined_term_basis_adjustment|defined_term_section_754,,,,
0001776932,0001477932-20-007111,mmen_ex108.htm,uncertain,2,phrase|defined_term_tax_asset,,,,
0001777835,0001193125-21-204696,d119701dex102.htm,yes,2,centered_title|phrase|defined_term_realized_tax_benefit|defined_term_hypothetical_tax_liability|defined_term_exchange_basis|defined_term_tax_benefit_schedule|defined_term_early_termination_payment|defined_term_basis_adjustment,,,,
0001777835,0001193125-21-204696,d119701dex109.htm,no,2,,,,,
0001777835,0001777835-23-000116,pwp-cadenceamendmentno3t.htm,uncertain,2,phrase,,,no,"Amendment Agreement to Amended and Restated Credit Agreement (Perella Weinberg Partners Group LP, Cadence Bank); not a TRA."
0001779474,0000950103-20-024045,dp142700_ex1002.htm,yes,2,centered_title|phrase|defined_term_realized_tax_benefit|defined_term_hypothetical_tax_liability|defined_term_exchange_basis|defined_term_tax_benefit_schedule|defined_term_early_termination_payment|defined_term_basis_adjustment,,,,
0001779474,0000950103-20-024046,dp142700_ex1002.htm,yes,2,centered_title|phrase|defined_term_realized_tax_benefit|defined_term_hypothetical_tax_liability|defined_term_exchange_basis|defined_term_tax_benefit_schedule|defined_term_early_termination_payment|defined_term_basis_adjustment,,,,
0001779474,0000950103-20-024284,dp142915_ex1001.htm,uncertain,2,phrase|defined_term_basis_adjustment,,,,
0001779474,0000950103-20-024285,dp142915_ex1001.htm,uncertain,2,phrase|defined_term_basis_adjustment,,,,
0001779474,0001140361-21-021785,brhc10025756_ex10-1.htm,uncertain,2,phrase|defined_term_basis_adjustment,,,no,Centered title 'EXCHANGE AGREEMENT' (WM Technology and WM Holding Company); TRA referenced only as a defined cross-reference.
0001779474,0001140361-21-021785,brhc10025756_ex10-2.htm,yes,2,centered_title|phrase|defined_term_realized_tax_benefit|defined_term_hypothetical_tax_liability|defined_term_exchange_basis|defined_term_tax_benefit_schedule|defined_term_early_termination_payment|defined_term_basis_adjustment,,,,
0001779474,0001140361-21-021785,brhc10025756_ex10-3.htm,uncertain,2,phrase,,,,
0001780312,0000950170-22-010115,asts-ex10_2.htm,uncertain,2,phrase,,,,
0001780312,0000950170-22-010115,asts-ex10_2.pdf,uncertain,2,pdf_no_text,,,,
0001780312,0001493152-21-008574,ex10-1.htm,uncertain,2,phrase,,,no,Centered title 'STOCKHOLDERS' AGREEMENT' (AST SpaceMobile equityholders); not a TRA.
0001780312,0001493152-21-008574,ex10-4.htm,yes,2,centered_title|phrase|defined_term_realized_tax_benefit|defined_term_hypothetical_tax_liability|defined_term_tax_benefit_schedule|defined_term_early_termination_payment|defined_term_basis_adjustment|defined_term_section_754,,,,
0001780312,0001493152-21-008574,ex10-5.htm,uncertain,2,phrase|defined_term_basis_adjustment|defined_term_section_754,,,,
0001780312,0001493152-24-023007,ex10-1.htm,uncertain,2,phrase,,,,
0001781755,0000950103-21-008390,dp152207_ex1001.htm,no,2,,,,,
0001781755,0000950103-21-019994,dp163770_ex1001.htm,no,2,,,,,
0001781755,0000950103-22-005627,dp170212_1001.htm,no,2,,,,,
0001781755,0001193125-19-252351,d220886dex101.htm,uncertain,2,phrase|defined_term_section_754,,,,
0001781755,0001193125-19-252351,d220886dex1015.htm,uncertain,2,phrase,,,no,"Centered title is 'FIRST AMENDMENT TO LOAN DOCUMENTS AND CONSENT OF GUARANTORS'; a loan agreement amendment, not a TRA."
0001781755,0001193125-19-252351,d220886dex103.htm,uncertain,2,phrase,,,,
0001781755,0001193125-19-252351,d220886dex104.htm,yes,2,centered_title|phrase|defined_term_realized_tax_benefit|defined_term_hypothetical_tax_liability|defined_term_exchange_basis|defined_term_tax_benefit_schedule|defined_term_early_termination_payment|defined_term_basis_adjustment,,,,
0001781755,0001193125-19-266232,d220886dex101.htm,uncertain,2,phrase|defined_term_section_754,,,,
0001781755,0001193125-19-266232,d220886dex103.htm,uncertain,2,phrase,,,,
0001781755,0001193125-19-280565,d826170dex101.htm,yes,2,centered_title|phrase|defined_term_realized_tax_benefit|defined_term_hypothetical_tax_liability|defined_term_exchange_basis|defined_term_tax_benefit_schedule|defined_term_early_termination_payment|defined_term_basis_adjustment,,,,
0001781755,0001193125-20-269464,d942169dex101.htm,no,2,,,,,
0001781755,0001193125-24-149333,d823548dex101.htm,no,2,,,,,
0001781755,0001193125-25-207391,d71891dex101.htm,no,2,,,,,
0001781755,0001781755-19-000017,exhibit101brpamendmentandr.htm,no,2,,,,,
0001781755,0001781755-20-000022,exhibit-105brpfy2019q4.htm,uncertain,2,phrase|defined_term_section_754,,,,
0001781755,0001781755-20-000022,exhibit-106brpfy2019q4.htm,uncertain,2,phrase,,,,
0001781755,0001781755-22-000008,exhibit-1011fy2021q4.htm,uncertain,2,phrase,,,,
0001781755,0001781755-23-000027,exhibit-102fy2023q2.htm,no,2,,,,,
0001781755,0001781755-23-000032,exhibit101amendmentno7.htm,no,2,,,,,
0001781755,0001781755-25-000017,exhibit-1027fy2024q4.htm,no,2,,,,,
0001781755,0001781755-26-000004,exhibit102cacclosingxamend.htm,no,2,,,,,
0001783317,0000950170-21-003793,mcfe-ex10_3.htm,uncertain,2,phrase,,,no,"Separation/severance letter agreement (McAfee, addressed 'Dear Mr. Hicks'); TRA referenced only in passing in Section 6."
0001783317,0001193125-20-265672,d89887dex1025.htm,uncertain,2,phrase,,,,
0001783317,0001193125-20-265672,d89887dex1038.htm,uncertain,2,phrase,,,,
0001783317,0001193125-20-268184,d89887dex1010.htm,yes,2,centered_title|phrase|defined_term_realized_tax_benefit|defined_term_hypothetical_tax_liability|defined_term_tax_benefit_schedule|defined_term_early_termination_payment|defined_term_basis_adjustment|defined_term_tax_asset,,,,
0001783317,0001193125-20-268184,d89887dex1012.htm,uncertain,2,phrase,,,,
0001783317,0001193125-20-268184,d89887dex109.htm,uncertain,2,phrase|defined_term_basis_adjustment,,,no,"Centered title is 'SECOND AMENDED AND RESTATED LIMITED LIABILITY COMPANY AGREEMENT of FOUNDATION TECHNOLOGY WORLDWIDE LLC'; an LLC agreement, not a TRA."
0001783317,0001193125-20-277068,d74994dex101.htm,uncertain,2,phrase|defined_term_basis_adjustment,,,,
0001783317,0001193125-20-277068,d74994dex102.htm,yes,2,centered_title|phrase|defined_term_realized_tax_benefit|defined_term_hypothetical_tax_liability|defined_term_tax_benefit_schedule|defined_term_early_termination_payment|defined_term_basis_adjustment|defined_term_tax_asset,,,,
0001783317,0001193125-20-277068,d74994dex104.htm,uncertain,2,phrase,,,,
0001783398,0001193125-21-014912,d110523dex102.htm,yes,2,centered_title|phrase|defined_term_realized_tax_benefit|defined_term_hypothetical_tax_liability|defined_term_exchange_basis|defined_term_tax_benefit_schedule|defined_term_early_termination_payment|defined_term_basis_adjustment,,,,
0001783398,0001783398-22-000068,exhibit1021sfs-uwmrevolvin.htm,uncertain,2,phrase,,,,
0001790930,0000950123-19-009882,filename13.htm,no,2,,,,,
0001790930,0000950123-19-009882,filename14.htm,yes,2,centered_title|phrase|defined_term_realized_tax_benefit|defined_term_hypothetical_tax_liability|defined_term_tax_benefit_schedule|defined_term_early_termination_payment|defined_term_basis_adjustment|defined_term_tax_asset,,,,
0001790930,0000950123-19-009882,filename15.htm,yes,2,centered_title|phrase|defined_term_realized_tax_benefit|defined_term_hypothetical_tax_liability|defined_term_tax_benefit_schedule|defined_term_early_termination_payment|defined_term_basis_adjustment|defined_term_tax_asset,,,,
0001790930,0000950123-19-009882,filename16.htm,yes,2,centered_title|phrase|defined_term_realized_tax_benefit|defined_term_hypothetical_tax_liability|defined_term_tax_benefit_schedule|defined_term_early_termination_payment|defined_term_basis_adjustment,,,,
0001790930,0000950123-19-009882,filename17.htm,yes,2,centered_title|phrase|defined_term_realized_tax_benefit|defined_term_hypothetical_tax_liability|defined_term_exchange_basis|defined_term_tax_benefit_schedule|defined_term_early_termination_payment|defined_term_basis_adjustment,,,,
0001790930,0000950123-19-009882,filename18.htm,yes,2,centered_title|phrase|defined_term_realized_tax_benefit|defined_term_hypothetical_tax_liability|defined_term_exchange_basis|defined_term_tax_benefit_schedule|defined_term_early_termination_payment|defined_term_basis_adjustment,,,,
0001790930,0000950123-19-009882,filename19.htm,yes,2,centered_title|phrase|defined_term_basis_adjustment,,,,
0001790930,0000950123-19-009882,filename23.htm,no,2,,,,,
0001790930,0000950123-19-009882,filename27.htm,uncertain,2,phrase,,,,
0001790930,0001193125-20-023439,d804285dex101.htm,no,2,,,,,
0001790930,0001193125-20-023439,d804285dex1012.htm,uncertain,2,phrase,,,no,"Centered title 'CREDIT AGREEMENT' dated March 1, 2017 (Change Healthcare entities, Bank of America); not a TRA."
0001790930,0001193125-20-023439,d804285dex1016.htm,uncertain,2,phrase,,,no,"Centered title is 'TAX MATTERS AGREEMENT' between McKesson, PF2 SpinCo, and Change Healthcare entities; a spin-off tax-sharing agreement, not a TRA."
0001790930,0001193125-20-023439,d804285dex1017.htm,uncertain,2,phrase,,,,
0001790930,0001193125-20-023439,d804285dex102.htm,yes,2,centered_title|phrase|defined_term_realized_tax_benefit|defined_term_hypothetical_tax_liability|defined_term_tax_benefit_schedule|defined_term_early_termination_payment|defined_term_basis_adjustment|defined_term_tax_asset,,,,
0001790930,0001193125-20-023439,d804285dex103.htm,yes,2,centered_title|phrase|defined_term_realized_tax_benefit|defined_term_hypothetical_tax_liability|defined_term_tax_benefit_schedule|defined_term_early_termination_payment|defined_term_basis_adjustment|defined_term_tax_asset,,,,
0001790930,0001193125-20-023439,d804285dex104.htm,yes,2,centered_title|phrase|defined_term_realized_tax_benefit|defined_term_hypothetical_tax_liability|defined_term_tax_benefit_schedule|defined_term_early_termination_payment|defined_term_basis_adjustment,,,,
0001790930,0001193125-20-023439,d804285dex105.htm,yes,2,centered_title|phrase|defined_term_realized_tax_benefit|defined_term_hypothetical_tax_liability|defined_term_exchange_basis|defined_term_tax_benefit_schedule|defined_term_early_termination_payment|defined_term_basis_adjustment,,,,
0001790930,0001193125-20-023439,d804285dex106.htm,yes,2,centered_title|phrase|defined_term_realized_tax_benefit|defined_term_hypothetical_tax_liability|defined_term_exchange_basis|defined_term_tax_benefit_schedule|defined_term_early_termination_payment|defined_term_basis_adjustment,,,,
0001790930,0001193125-20-023439,d804285dex107.htm,yes,2,centered_title|phrase|defined_term_basis_adjustment,,,,
0001793659,0001104659-21-041536,tm219436d1_ex10-28.htm,uncertain,2,phrase,,,no,Centered title 'RECAPITALIZATION AGREEMENT' governing partnership-unit conversion; not a TRA.
0001793659,0001193125-21-002054,d74872dex101.htm,uncertain,2,phrase,,,,
0001793659,0001193125-21-002054,d74872dex104.htm,yes,2,centered_title|phrase|defined_term_realized_tax_benefit|defined_term_hypothetical_tax_liability|defined_term_exchange_basis|defined_term_tax_benefit_schedule|defined_term_early_termination_payment|defined_term_basis_adjustment,,,,
0001793659,0001793659-25-000047,amendmentno1totheamendedan.htm,uncertain,2,phrase,,,,
0001794515,0001628280-20-008317,exhibit101s-1aamendedandre.htm,uncertain,2,phrase,,,,
0001794515,0001628280-20-008317,exhibit1022s-1aemploymenta.htm,uncertain,2,phrase,,,,
0001794515,0001628280-20-008317,exhibit102amendedandrestat.htm,uncertain,2,phrase,,,,
0001794515,0001628280-20-008317,exhibit103taxreceivableagr.htm,yes,2,centered_title|phrase|defined_term_realized_tax_benefit|defined_term_hypothetical_tax_liability|defined_term_tax_benefit_schedule|defined_term_early_termination_payment|defined_term_basis_adjustment,,,,
0001794515,0001628280-20-008317,exhibit104taxreceivableagr.htm,yes,2,centered_title|phrase|defined_term_realized_tax_benefit|defined_term_hypothetical_tax_liability|defined_term_tax_benefit_schedule|defined_term_early_termination_payment,,,,
0001794515,0001628280-20-009137,exhibit101-closing8xkxopco.htm,uncertain,2,phrase,,,,
0001794515,0001628280-20-009137,exhibit102-closing8xkxhold.htm,uncertain,2,phrase,,,,
0001794515,0001628280-20-009137,exhibit103-closing8xkxexch.htm,yes,2,centered_title|phrase|defined_term_realized_tax_benefit|defined_term_hypothetical_tax_liability|defined_term_tax_benefit_schedule|defined_term_early_termination_payment|defined_term_basis_adjustment,,,,
0001794515,0001628280-20-009137,exhibit104-closing8xkxreor.htm,yes,2,centered_title|phrase|defined_term_realized_tax_benefit|defined_term_hypothetical_tax_liability|defined_term_tax_benefit_schedule|defined_term_early_termination_payment,,,,
0001794515,0001628280-20-009137,exhibit109-closing8xkxform.htm,uncertain,2,phrase,,,,
0001794515,0001794515-21-000307,a101exchangetraamendment.htm,yes,2,centered_title|phrase|defined_term_basis_adjustment,,,,
0001794515,0001794515-21-000307,a102reorganizationtraamend.htm,yes,2,centered_title|phrase,,,,
0001794515,0001794515-21-000318,zi-ex102x20211101.htm,yes,2,centered_title|phrase,,,,
0001794515,0001794515-21-000318,zi-ex103x20211101.htm,yes,2,centered_title|phrase|defined_term_basis_adjustment,,,,
0001794515,0001794515-22-000015,zi-ex101x0220224.htm,uncertain,2,phrase,,,,
0001794669,0001193125-20-156458,d829549dex101.htm,yes,2,centered_title|phrase|defined_term_realized_tax_benefit|defined_term_hypothetical_tax_liability|defined_term_tax_benefit_schedule|defined_term_early_termination_payment|defined_term_basis_adjustment,,,,
0001794669,0001193125-20-156458,d829549dex102.htm,uncertain,2,phrase,,,no,"Centered title is 'SIXTH AMENDED AND RESTATED LIMITED LIABILITY COMPANY AGREEMENT' for Shift4 Payments, LLC; an LLC agreement, not a TRA."
0001794669,0001193125-21-025953,d17553dex101.htm,no,2,,,,,
0001794669,0001193125-24-216669,d347577dex101.htm,no,2,,,,,
0001794669,0001193125-25-155254,d36834dex101.htm,no,2,,,,,
0001794669,0001193125-26-043740,d39143dex101.htm,yes,2,centered_title|phrase,,,,
0001794669,0001564590-20-039460,four-ex101_229.htm,yes,2,centered_title|phrase|defined_term_realized_tax_benefit|defined_term_hypothetical_tax_liability|defined_term_tax_benefit_schedule|defined_term_early_termination_payment|defined_term_basis_adjustment|defined_term_section_754,,,,
0001794669,0001564590-20-039460,four-ex102_473.htm,uncertain,2,phrase,,,,
0001794669,0001794669-25-000019,fourq12025form10-qex101.htm,no,2,,,,,
0001794669,0001794669-25-000027,fourq22025form10-qex102.htm,uncertain,2,phrase,,,,
0001794669,0001794669-26-000004,form8-k1526ex101.htm,no,2,,,,,
0001796022,0001193125-20-228520,d828990dex102.htm,yes,2,centered_title|phrase|defined_term_realized_tax_benefit|defined_term_hypothetical_tax_liability|defined_term_exchange_basis|defined_term_tax_benefit_schedule|defined_term_early_termination_payment|defined_term_basis_adjustment|defined_term_tax_asset|defined_term_section_754,,,,
0001796022,0001193125-20-228520,d828990dex103.htm,yes,2,centered_title|phrase|defined_term_realized_tax_benefit|defined_term_hypothetical_tax_liability|defined_term_tax_benefit_schedule|defined_term_early_termination_payment|defined_term_basis_adjustment|defined_term_tax_asset|defined_term_section_754,,,,
0001796022,0001193125-20-228520,d828990dex104.htm,uncertain,2,phrase,,,no,"Centered title 'FORM OF EXCHANGE AGREEMENT'; defines TRA only as a related transaction document and governs unit exchanges, not TRA payments."
0001796022,0001193125-20-237321,d828990dex101.htm,uncertain,2,phrase|defined_term_basis_adjustment|defined_term_section_754,,,,
0001796022,0001193125-20-248881,d23934dex101.htm,uncertain,2,phrase|defined_term_basis_adjustment|defined_term_section_754,,,,
0001796022,0001193125-20-248881,d23934dex102.htm,yes,2,centered_title|phrase|defined_term_realized_tax_benefit|defined_term_hypothetical_tax_liability|defined_term_exchange_basis|defined_term_tax_benefit_schedule|defined_term_early_termination_payment|defined_term_basis_adjustment|defined_term_tax_asset|defined_term_section_754,,,,
0001796022,0001193125-20-248881,d23934dex103.htm,yes,2,centered_title|phrase|defined_term_realized_tax_benefit|defined_term_hypothetical_tax_liability|defined_term_tax_benefit_schedule|defined_term_early_termination_payment|defined_term_basis_adjustment|defined_term_tax_asset|defined_term_section_754,,,,
0001796022,0001193125-20-248881,d23934dex104.htm,uncertain,2,phrase,,,no,Centered title is 'EXCHANGE AGREEMENT' (StepStone Group Inc.); the Tax Receivable Agreement appears only as a cross-referenced defined term among the IPO suite of agreements.
0001796022,0001193125-21-277301,d173286dex103.htm,uncertain,2,phrase|defined_term_basis_adjustment|defined_term_section_754,,,no,"Centered title 'NINTH AMENDED AND RESTATED LIMITED PARTNERSHIP AGREEMENT OF STEPSTONE GROUP LP'; partnership agreement, not a TRA."
0001796022,0001193125-21-277301,d173286dex105.htm,uncertain,2,phrase,,,,
0001796022,0001193125-22-276867,d383780dex101.htm,uncertain,2,phrase,,,no,Centered title 'OPTION AGREEMENT' (Conversus Holdings and StepStone) put/call option; TRA only in passing.
0001796022,0001193125-24-151736,d810694dex101.htm,uncertain,2,phrase|defined_term_basis_adjustment|defined_term_section_754,,,no,"Centered title is 'Tenth Amended and Restated Limited Partnership Agreement of StepStone Group LP'; a partnership agreement, not a TRA."
0001796022,0001193125-24-151736,d810694dex103.htm,uncertain,2,phrase|defined_term_basis_adjustment,,,,
0001800347,0000950170-21-001666,etwo-20210901ex10_4.htm,no,2,,,,,
0001800347,0000950170-22-006706,etwo-ex10_17.htm,no,2,,,,,
0001800347,0000950170-23-016294,etwo-ex10_15.htm,uncertain,2,phrase,,,,
0001800347,0000950170-23-016294,etwo-ex10_19.htm,uncertain,2,phrase,,,,
0001800347,0000950170-23-029142,etwo-ex10_1.htm,no,2,,,,,
0001800347,0000950170-23-052617,etwo-ex10_1.htm,uncertain,2,phrase,,,,
0001800347,0000950170-24-049948,etwo-ex10_16.htm,uncertain,2,phrase,,,no,"Centered title 'E2open Parent Holdings, Inc. Performance-Based Restricted Stock Unit Notice'; RSU grant, not a TRA."
0001800347,0000950170-24-049948,etwo-ex10_27.htm,uncertain,2,phrase,,,,
0001800347,0000950170-25-059278,etwo-ex10_1.htm,no,2,,,,,
0001800347,0000950170-25-059414,etwo-ex10_1.htm,no,2,,,,,
0001800347,0001104659-21-019902,tm215568d1_ex10-1.htm,uncertain,2,phrase,,,,
0001800347,0001104659-21-019902,tm215568d1_ex10-2.htm,yes,2,centered_title|phrase|defined_term_realized_tax_benefit|defined_term_hypothetical_tax_liability|defined_term_exchange_basis|defined_term_tax_benefit_schedule|defined_term_early_termination_payment|defined_term_basis_adjustment|defined_term_section_754,,,,
0001800347,0001104659-21-019902,tm215568d1_ex10-6.htm,no,2,,,,,
0001800347,0001193125-25-126316,d924933dex101.htm,yes,2,centered_title|phrase|defined_term_early_termination_payment,,,,
0001800347,0001564590-21-036600,etwo-ex102_491.htm,no,2,,,,,
0001800347,0001564590-21-047022,etwo-ex104_10.htm,no,2,,,,,
0001800682,0001193125-21-105250,d107336dex109.htm,uncertain,2,phrase,,,,
0001800682,0001193125-21-200638,d362319dex103.htm,yes,2,centered_title|phrase|defined_term_realized_tax_benefit|defined_term_hypothetical_tax_liability|defined_term_tax_benefit_schedule|defined_term_early_termination_payment|defined_term_basis_adjustment,,,,
0001800682,0001193125-21-247992,d79672dex1015.htm,uncertain,2,phrase,,,no,"Centered title is 'BRIDGE LOAN AGREEMENT' for Cano Health, LLC with Credit Suisse as administrative agent; not a TRA."
0001800682,0001193125-23-050862,d456543dex101.htm,uncertain,2,phrase,,,,
0001800682,0001193125-23-209473,d520305dex101.htm,uncertain,2,phrase,,,,
0001800682,0001193125-24-023512,d733561dex101.htm,uncertain,2,phrase,,,no,Centered title 'RESTRUCTURING SUPPORT AGREEMENT' (Cano Health Chapter 11); not a TRA.
0001800682,0001193125-24-026829,d718831dex101.htm,uncertain,2,phrase,,,,
0001801956,0001193125-21-286825,d169592dex102.htm,uncertain,2,phrase,,,,
0001801956,0001193125-21-286825,d169592dex104.htm,uncertain,2,phrase,,,,
0001802156,0000950123-21-004653,filename2.htm,uncertain,2,phrase,,,no,"Centered title 'SECOND AMENDMENT TO FINANCING AGREEMENT'; credit/financing amendment, not a TRA."
0001802156,0000950123-21-007521,filename3.htm,uncertain,2,phrase,,,,
0001802156,0000950123-21-007521,filename4.htm,no,2,,,,,
0001802156,0000950170-23-060612,xpof-ex10_1.htm,no,2,,,,,
0001802156,0000950170-24-053165,xpof-ex10_1.htm,no,2,,,,,
0001802156,0000950170-24-124333,xpof-ex10_1.htm,no,2,,,,,
0001802156,0000950170-25-039541,xpof-ex10_31.htm,uncertain,2,phrase,,,,
0001802156,0000950170-25-068272,xpof-ex10_1.htm,no,2,,,,,
0001802156,0000950170-25-101565,xpof-ex10.htm,uncertain,2,phrase|defined_term_tax_benefit_schedule|defined_term_early_termination_payment,,,,
0001802156,0001193125-21-200626,d753938dex105.htm,uncertain,2,phrase,,,,
0001802156,0001193125-21-200626,d753938dex106.htm,no,2,,,,,
0001802156,0001193125-21-200626,d753938dex107.htm,uncertain,2,phrase,,,,
0001802156,0001193125-21-200626,d753938dex108.htm,uncertain,2,phrase,,,,
0001802156,0001193125-21-203392,d753938dex1012.htm,uncertain,2,phrase,,,,
0001802156,0001193125-21-203392,d753938dex1013.htm,yes,2,centered_title|phrase|defined_term_realized_tax_benefit|defined_term_hypothetical_tax_liability|defined_term_tax_benefit_schedule|defined_term_early_termination_payment|defined_term_basis_adjustment,,,,
0001802156,0001193125-21-216585,d753938dex1013.htm,yes,2,centered_title|phrase|defined_term_realized_tax_benefit|defined_term_hypothetical_tax_liability|defined_term_tax_benefit_schedule|defined_term_early_termination_payment|defined_term_basis_adjustment,,,,
0001802156,0001193125-21-216585,d753938dex1014.htm,uncertain,2,phrase,,,,
0001802156,0001193125-25-311452,d32941dex101.htm,no,2,,,,,
0001802156,0001802156-26-000016,xpof-ex10_28.htm,uncertain,2,phrase,,,,
0001802450,0001140361-22-008991,ny20000825x6_ex10-24.htm,uncertain,2,phrase,,,no,"Centered title 'MASTER TRANSACTION AGREEMENT' for a SPAC closing; governs a membership-interest purchase, not TRA payments."
0001802450,0001193125-22-162422,d535105dex102.htm,uncertain,2,phrase|defined_term_section_754,,,,
0001802450,0001193125-22-162422,d535105dex104.htm,yes,2,centered_title|phrase|defined_term_realized_tax_benefit|defined_term_hypothetical_tax_liability|defined_term_exchange_basis|defined_term_tax_benefit_schedule|defined_term_early_termination_payment|defined_term_basis_adjustment,,,,
0001804745,0001193125-20-324705,d894111dex1014.htm,yes,2,centered_title|phrase|defined_term_realized_tax_benefit|defined_term_hypothetical_tax_liability|defined_term_tax_benefit_schedule|defined_term_early_termination_payment|defined_term_tax_asset,,,,
0001804745,0001193125-21-003790,d894111dex1025.htm,uncertain,2,phrase,,,no,"Centered title 'DRIVEN BRANDS HOLDINGS INC. 2021 OMNIBUS INCENTIVE PLAN NONQUALIFIED OPTION AWARD AGREEMENT'; stock option award, not a TRA."
0001804745,0001193125-21-003790,d894111dex1028.htm,uncertain,2,phrase,,,no,Centered title is 'DRIVEN BRANDS HOLDINGS INC. RESTRICTED STOCK AWARD AGREEMENT'; an equity grant document with no TRA content.
0001804745,0001193125-21-013664,d53072dex101.htm,yes,2,centered_title|phrase|defined_term_realized_tax_benefit|defined_term_hypothetical_tax_liability|defined_term_tax_benefit_schedule|defined_term_early_termination_payment|defined_term_tax_asset,,,,
0001805284,0000912057-20-000185,filename31.htm,uncertain,2,phrase,,,,
0001805284,0000912057-20-000185,filename5.htm,yes,2,centered_title|phrase|defined_term_realized_tax_benefit|defined_term_hypothetical_tax_liability|defined_term_exchange_basis|defined_term_tax_benefit_schedule|defined_term_early_termination_payment|defined_term_basis_adjustment,,,,
0001805284,0000912057-20-000185,filename6.htm,uncertain,2,phrase|defined_term_section_754,,,,
0001805284,0000950142-25-001738,eh250644991_ex1001.htm,yes,2,centered_title|phrase,,,,
0001805284,0000950142-25-001738,eh250644991_ex1002.htm,uncertain,2,phrase,,,,
0001805284,0000950142-25-001738,eh250644991_ex1003.htm,uncertain,2,phrase,,,,
0001805284,0000950142-25-001738,eh250644991_ex1004.htm,uncertain,2,phrase|defined_term_section_754,,,,
0001805284,0001047469-20-004008,a2241988zex-10_2.htm,yes,2,centered_title|phrase|defined_term_realized_tax_benefit|defined_term_hypothetical_tax_liability|defined_term_exchange_basis|defined_term_tax_benefit_schedule|defined_term_early_termination_payment|defined_term_basis_adjustment,,,,
0001805284,0001047469-20-004008,a2241988zex-10_36.htm,uncertain,2,phrase,,,,
0001805284,0001047469-20-004008,a2241988zex-10_5.htm,uncertain,2,phrase|defined_term_section_754,,,no,"Centered title 'SECOND AMENDED AND RESTATED OPERATING AGREEMENT of RKT HOLDINGS, LLC'; LLC operating agreement, not a TRA."
0001805284,0001047469-20-004131,a2242056zex-10_36.htm,uncertain,2,phrase,,,,
0001805284,0001047469-20-004269,a2242102zex-10_2.htm,yes,2,centered_title|phrase|defined_term_realized_tax_benefit|defined_term_hypothetical_tax_liability|defined_term_exchange_basis|defined_term_tax_benefit_schedule|defined_term_early_termination_payment|defined_term_basis_adjustment,,,,
0001805284,0001047469-20-004269,a2242102zex-10_35.htm,uncertain,2,phrase,,,no,Centered title is 'EXCHANGE AGREEMENT' between RKT Holdings LLC and Rocket Companies; 'Tax Receivable Agreement' appears only as a cross-referenced defined term.
0001805284,0001047469-20-004269,a2242102zex-10_5.htm,uncertain,2,phrase|defined_term_section_754,,,,
0001805284,0001805284-20-000032,a102-destinyxtaxreceiv.htm,yes,2,centered_title|phrase|defined_term_realized_tax_benefit|defined_term_hypothetical_tax_liability|defined_term_exchange_basis|defined_term_tax_benefit_schedule|defined_term_early_termination_payment|defined_term_basis_adjustment,,,,
0001805284,0001805284-20-000032,a103-destinyxrktholdin.htm,uncertain,2,phrase,,,,
0001805284,0001805284-20-000032,a105-exchangeagreement.htm,uncertain,2,phrase,,,no,Centered title 'EXCHANGE AGREEMENT'; no 'TAX RECEIVABLE AGREEMENT' title anywhere.
0001805284,0001805284-24-000137,exhibit107rocketllcthirdar.htm,uncertain,2,phrase|defined_term_section_754,,,,
0001805651,0001628280-21-014543,super8-kxexhibit102.htm,yes,2,centered_title|phrase|defined_term_realized_tax_benefit|defined_term_hypothetical_tax_liability|defined_term_tax_benefit_schedule|defined_term_early_termination_payment|defined_term_basis_adjustment|defined_term_section_754,,,,
0001805651,0001628280-21-014543,super8-kxexhibit103.htm,uncertain,2,phrase,,,,
0001805651,0001628280-21-020905,exhibit101-8xk_creditfacil.htm,no,2,,,,,
0001805651,0001628280-23-028734,ex103-firstamendmenttoloan.htm,no,2,,,,,
0001805651,0001805651-26-000038,exhibit101-arnoldsettlemen.htm,uncertain,2,phrase|defined_term_early_termination_payment,,,no,Centered title 'SETTLEMENT AGREEMENT' (Arnold and MarketWise) that terminates the parties' rights under a previously-executed TRA; references the TRA but is not itself a TRA.
0001805833,0001193125-22-025942,d222372dex103.htm,yes,2,centered_title|phrase|defined_term_realized_tax_benefit|defined_term_hypothetical_tax_liability|defined_term_tax_benefit_schedule|defined_term_early_termination_payment|defined_term_basis_adjustment|defined_term_section_754,,,,
0001805833,0001805833-22-000020,exhibit10-1to8xk_sixtham.htm,uncertain,2,phrase|defined_term_basis_adjustment|defined_term_section_754,,,,
0001805833,0001805833-23-000078,system1-ex107creditagreeme.htm,no,2,,,,,
0001806201,0001193125-20-119455,d921991dex108.htm,uncertain,2,phrase,,,,
0001806201,0001193125-20-141686,d921991dex109.htm,uncertain,2,phrase,,,,
0001806201,0001193125-20-169633,d941403dex107.htm,yes,2,centered_title|phrase|defined_term_realized_tax_benefit|defined_term_hypothetical_tax_liability|defined_term_tax_benefit_schedule|defined_term_early_termination_payment|defined_term_basis_adjustment,,,,
0001806201,0001193125-21-092900,d140091dex101.htm,uncertain,2,phrase,,,,
0001806201,0001193125-21-113175,d133759dex101.htm,yes,2,centered_title|phrase|defined_term_early_termination_payment,,,,
0001806201,0001193125-22-245609,d356460dex101.htm,uncertain,2,phrase,,,,
0001808220,0001193125-20-187065,d797183dex101.htm,yes,2,centered_title|phrase|defined_term_realized_tax_benefit|defined_term_hypothetical_tax_liability|defined_term_tax_benefit_schedule|defined_term_early_termination_payment|defined_term_basis_adjustment,,,,
0001808220,0001193125-20-189225,d797183dex102.htm,uncertain,2,phrase,,,,
0001808220,0001193125-20-194605,d924307dex101.htm,yes,2,centered_title|phrase|defined_term_realized_tax_benefit|defined_term_hypothetical_tax_liability|defined_term_tax_benefit_schedule|defined_term_early_termination_payment|defined_term_basis_adjustment,,,,
0001808220,0001193125-20-194605,d924307dex103.htm,uncertain,2,phrase,,,,
0001809104,0001193125-21-212035,d370626dex101.htm,uncertain,2,phrase,,,,
0001809104,0001193125-21-212035,d370626dex102.htm,yes,2,centered_title|phrase|defined_term_realized_tax_benefit|defined_term_hypothetical_tax_liability|defined_term_exchange_basis|defined_term_tax_benefit_schedule|defined_term_early_termination_payment|defined_term_basis_adjustment,,,,
0001817358,0001193125-20-242076,d934024dex101.htm,uncertain,2,phrase,,,,
0001817358,0001193125-20-242076,d934024dex105.htm,uncertain,2,phrase,,,no,"Centered title 'FIRST AMENDED AND RESTATED ABL CREDIT AGREEMENT' (Academy Ltd. as borrower); credit agreement, not a TRA."
0001817358,0001193125-20-242076,d934024dex106.htm,no,2,,,,,
0001817358,0001193125-20-287988,d22150dex102.htm,no,2,,,,,
0001818383,0001193125-20-263993,d48669dex1015.htm,uncertain,2,phrase,,,,
0001818383,0001193125-20-263993,d48669dex102.htm,uncertain,2,phrase,,,,
0001818383,0001193125-20-263993,d48669dex103.htm,uncertain,2,phrase|defined_term_realized_tax_benefit|defined_term_hypothetical_tax_liability|defined_term_tax_benefit_schedule|defined_term_early_termination_payment|defined_term_basis_adjustment,,,,
0001818383,0001193125-20-263993,d48669dex104.htm,uncertain,2,phrase,,,,
0001818383,0001193125-20-263993,d48669dex105.htm,uncertain,2,phrase,,,,
0001818383,0001193125-20-272594,d48669dex106.htm,uncertain,2,phrase,,,,
0001818383,0001193125-20-275059,d48669dex1019.htm,uncertain,2,phrase,,,,
0001818383,0001193125-20-275059,d48669dex1020.htm,uncertain,2,phrase,,,no,Centered title 'AMENDED AND RESTATED EMPLOYMENT AGREEMENT' (executive at MediaAlpha/QuoteLab); not a TRA.
0001818383,0001193125-20-275059,d48669dex1021.htm,uncertain,2,phrase,,,,
0001818383,0001193125-20-275059,d48669dex103.htm,uncertain,2,phrase|defined_term_realized_tax_benefit|defined_term_hypothetical_tax_liability|defined_term_tax_benefit_schedule|defined_term_early_termination_payment|defined_term_basis_adjustment,,,,
0001818383,0001193125-20-275059,d48669dex106.htm,uncertain,2,phrase,,,,
0001818383,0001193125-20-284007,d91630dex101.htm,uncertain,2,phrase,,,,
0001818383,0001193125-20-284007,d91630dex1010.htm,uncertain,2,phrase,,,,
0001818383,0001193125-20-284007,d91630dex1011.htm,uncertain,2,phrase,,,,
0001818383,0001193125-20-284007,d91630dex1012.htm,uncertain,2,phrase,,,,
0001818383,0001193125-20-284007,d91630dex102.htm,uncertain,2,phrase|defined_term_realized_tax_benefit|defined_term_hypothetical_tax_liability|defined_term_tax_benefit_schedule|defined_term_early_termination_payment|defined_term_basis_adjustment,,,,
0001818383,0001193125-20-284007,d91630dex103.htm,uncertain,2,phrase,,,no,"Centered title 'EXCHANGE AGREEMENT' (MediaAlpha, QL Holdings, Guilford Holdings, Class B-1 Members); not a TRA."
0001818383,0001193125-20-284007,d91630dex104.htm,uncertain,2,phrase,,,,
0001818383,0001193125-20-284007,d91630dex105.htm,uncertain,2,phrase,,,,
0001818383,0001818383-21-000046,ex101amendedcreditagreement.htm,no,2,,,,,
0001818383,0001818383-23-000096,exhibit101-secondamendment.htm,no,2,,,,,
0001818383,0001818383-23-000141,exhibit105-firstamendmentt.htm,uncertain,2,phrase|defined_term_realized_tax_benefit|defined_term_hypothetical_tax_liability|defined_term_basis_adjustment,,,,
0001818383,0001818383-25-000022,max-20241231x10kexx1025.htm,uncertain,2,phrase,,,,
0001818383,0001818383-25-000095,exhibit101-thirdamendment.htm,no,2,,,,,
0001818383,0001818383-26-000049,max-20251231x10kexx1029.htm,uncertain,2,phrase,,,,
0001818383,0001818383-26-000097,exhibit101-amendmentandres.htm,no,2,,,,,
0001818502,0001193125-21-224403,d93222dex101.htm,yes,2,centered_title|phrase|defined_term_realized_tax_benefit|defined_term_hypothetical_tax_liability|defined_term_exchange_basis|defined_term_tax_benefit_schedule|defined_term_early_termination_payment|defined_term_basis_adjustment,,,,
0001818502,0001193125-21-224403,d93222dex1028.htm,no,2,,,,,
0001818502,0001193125-21-224403,d93222dex103.htm,uncertain,2,phrase,,,,
0001818502,0001193125-21-224403,d93222dex1042.htm,no,2,,,,,
0001818502,0001818502-22-000007,amendmentno7torevolvingcre.htm,uncertain,2,phrase,,,,
0001818502,0001818502-22-000018,exhibit102-amendmentno8tor.htm,no,2,,,,,
0001818502,0001818502-24-000015,exhibit101-xopploanseleven.htm,no,2,,,,,
0001818502,0001818502-24-000019,exh103-opploanstwelfthamen.htm,no,2,,,,,
0001818502,0001818502-26-000030,exhibit102-corporatesimpli.htm,uncertain,2,phrase|defined_term_tax_benefit_schedule|defined_term_early_termination_payment,,,,
0001819253,0001193125-22-166249,d342736dex101.htm,yes,2,centered_title|phrase|defined_term_realized_tax_benefit|defined_term_hypothetical_tax_liability|defined_term_exchange_basis|defined_term_tax_benefit_schedule|defined_term_early_termination_payment|defined_term_basis_adjustment,,,,
0001819253,0001193125-22-166249,d342736dex103.htm,uncertain,2,phrase,,,no,"Centered title 'SECOND AMENDED AND RESTATED OPERATING AGREEMENT OF BIOTE HOLDINGS, LLC'; LLC operating agreement, not a TRA."
0001819253,0001193125-22-166249,d342736dex109.htm,no,2,,,,,
0001819404,0001193125-21-282190,d194845dex102.htm,uncertain,2,phrase,,,no,"Centered title is 'SECOND AMENDED AND RESTATED LIMITED LIABILITY COMPANY AGREEMENT OF NERDY LLC'; an LLC agreement, not a TRA."
0001819404,0001193125-21-282190,d194845dex103.htm,yes,2,centered_title|phrase|defined_term_realized_tax_benefit|defined_term_hypothetical_tax_liability|defined_term_tax_benefit_schedule|defined_term_early_termination_payment|defined_term_basis_adjustment,,,,
0001819404,0001193125-23-242039,d524047dex102.htm,uncertain,2,phrase,,,,
0001819404,0001819404-22-000048,amendmentno1tothetaxreceiv.htm,yes,2,centered_title|phrase,,,,
0001819404,0001819404-25-000075,loanandsecurityagreement.htm,uncertain,2,phrase,,,,
0001819796,0001213900-20-038527,ea130282ex10-1_gcmgrosvenor.htm,uncertain,2,phrase,,,,
0001819796,0001213900-20-038527,ea130282ex10-3_gcmgrosvenor.htm,yes,2,centered_title|phrase|defined_term_realized_tax_benefit|defined_term_hypothetical_tax_liability|defined_term_tax_benefit_schedule|defined_term_early_termination_payment|defined_term_basis_adjustment|defined_term_tax_asset|defined_term_section_754,,,,
0001819796,0001213900-20-038527,ea130282ex10-4_gcmgrosvenor.htm,uncertain,2,phrase,,,,
0001819881,0001213900-20-025429,fs42020a1ex10-15_fintechacq3.htm,yes,2,centered_title|phrase|defined_term_realized_tax_benefit|defined_term_hypothetical_tax_liability|defined_term_tax_benefit_schedule|defined_term_early_termination_payment|defined_term_basis_adjustment,,,,
0001819881,0001213900-20-032814,ea128692ex10-4_payaholdings.htm,yes,2,centered_title|phrase|defined_term_realized_tax_benefit|defined_term_hypothetical_tax_liability|defined_term_tax_benefit_schedule|defined_term_early_termination_payment|defined_term_basis_adjustment,,,,
0001819881,0001213900-23-001509,ea171389ex10-1_payahold.htm,uncertain,2,phrase|defined_term_early_termination_payment,,,no,"Centered title 'TENDER AND SUPPORT AGREEMENT' (Nuvei, Paya Holdings, and a stockholder); not a TRA."
0001819881,0001213900-23-001509,ea171389ex10-2_payahold.htm,uncertain,2,phrase|defined_term_early_termination_payment,,,,
0001820201,0001104659-21-131160,tm2130841d1_ex10-3.htm,uncertain,2,phrase,,,,
0001820201,0001104659-21-131160,tm2130841d1_ex10-4.htm,yes,2,centered_title|phrase|defined_term_realized_tax_benefit|defined_term_hypothetical_tax_liability|defined_term_tax_benefit_schedule|defined_term_early_termination_payment|defined_term_basis_adjustment,,,,
0001820201,0001104659-21-145086,rdbx-20211129xex10d9.htm,no,2,,,,,
0001820201,0001104659-22-051480,tm2213719d1_ex10-1.htm,uncertain,2,phrase|defined_term_tax_asset,,,,
0001820201,0001104659-22-051480,tm2213719d1_ex10-2.htm,uncertain,2,phrase,,,no,Centered title 'VOTING AND SUPPORT AGREEMENT' (stockholder voting); TRA mentioned only in a recital about a concurrent waiver.
0001820201,0001104659-22-051480,tm2213719d1_ex10-3.htm,yes,2,centered_title|phrase|defined_term_early_termination_payment,,,,
0001820201,0001104659-22-051480,tm2213719d1_ex10-4.htm,uncertain,2,phrase,,,,
0001820201,0001104659-22-058605,tm2215031d1_ex10-1.htm,uncertain,2,phrase|defined_term_basis_adjustment,,,no,Centered title 'CONTRIBUTION AND EXCHANGE AGREEMENT'; TRA referenced only in a recital about termination at merger closing.
0001820201,0001104659-22-058605,tm2215031d1_ex10-3.htm,yes,2,centered_title|phrase|defined_term_early_termination_payment,,,,
0001820201,0001104659-22-058635,tm2215031d2_ex10-1.htm,uncertain,2,phrase|defined_term_basis_adjustment,,,,
0001820201,0001104659-22-058635,tm2215031d2_ex10-3.htm,yes,2,centered_title|phrase|defined_term_early_termination_payment,,,,
0001820302,0001193125-21-005832,d913171dex102.htm,uncertain,2,phrase|defined_term_basis_adjustment,,,,
0001820302,0001193125-21-005833,d913171dex102.htm,uncertain,2,phrase|defined_term_basis_adjustment,,,,
0001820302,0001193125-21-303985,d219325dex104.htm,yes,2,centered_title|phrase|defined_term_basis_adjustment,,,,
0001820302,0001193125-21-303985,d219325dex105.htm,yes,2,centered_title|phrase|defined_term_realized_tax_benefit|defined_term_hypothetical_tax_liability|defined_term_exchange_basis|defined_term_tax_benefit_schedule|defined_term_early_termination_payment|defined_term_basis_adjustment,,,,
0001820302,0001193125-21-303985,d219325dex108.htm,uncertain,2,phrase|defined_term_basis_adjustment,,,,
0001820302,0001193125-25-242750,d74254dex101.htm,yes,2,centered_title|phrase|defined_term_early_termination_payment,,,,
0001820302,0001193125-25-242750,d74254dex102.htm,yes,2,centered_title|phrase|defined_term_early_termination_payment,,,,
0001820302,0001193125-25-262732,d83327dex101.htm,yes,2,centered_title|phrase|defined_term_early_termination_payment,,,,
0001820302,0001820302-22-000015,a101amendedandrestatedexch.htm,uncertain,2,phrase|defined_term_basis_adjustment,,,,
0001820302,0001820302-24-000119,exhibit102revolvingcredita.htm,uncertain,2,phrase,,,,
0001820566,0001193125-22-042172,d276296dex103.htm,uncertain,2,phrase,,,,
0001820566,0001193125-22-042172,d276296dex104.htm,yes,2,centered_title|phrase|defined_term_realized_tax_benefit|defined_term_hypothetical_tax_liability|defined_term_exchange_basis|defined_term_tax_benefit_schedule|defined_term_early_termination_payment|defined_term_basis_adjustment|defined_term_section_754,,,,
0001820721,0001193125-20-251336,d82970dex101.htm,uncertain,2,phrase,,,,
0001820721,0001193125-20-251336,d82970dex103.htm,yes,2,centered_title|phrase|defined_term_realized_tax_benefit|defined_term_hypothetical_tax_liability|defined_term_tax_benefit_schedule|defined_term_early_termination_payment|defined_term_basis_adjustment|defined_term_tax_asset,,,,
0001820721,0001193125-20-272092,d50569dex102.htm,no,2,,,,,
0001820721,0001193125-26-057110,d752776dex101.htm,no,2,,,,,
0001820721,0001820721-21-000009,exhibit1014-amendmentno1to.htm,no,2,,,,,
0001820721,0001820721-23-000099,i2amendmentno3tocreditag.htm,uncertain,2,phrase,,,no,"Centered title 'AMENDMENT NO. 3 TO CREDIT AGREEMENT'; credit agreement amendment, not a TRA."
0001820721,0001820721-25-000060,exhibit102202510-q.htm,no,2,,,,,
0001820807,0001047469-20-005178,a2242518zex-10_1.htm,uncertain,2,phrase,,,,
0001820807,0001047469-20-005178,a2242518zex-10_2.htm,uncertain,2,phrase,,,,
0001820807,0001047469-20-005216,a2242525zex-10_1.htm,uncertain,2,phrase,,,,
0001820807,0001047469-20-005216,a2242525zex-10_3.htm,yes,2,centered_title|phrase|defined_term_realized_tax_benefit|defined_term_hypothetical_tax_liability|defined_term_exchange_basis|defined_term_tax_benefit_schedule|defined_term_early_termination_payment|defined_term_basis_adjustment,,,,
0001820807,0001047469-20-005256,a2242545zex-10_3.htm,yes,2,centered_title|phrase|defined_term_realized_tax_benefit|defined_term_hypothetical_tax_liability|defined_term_exchange_basis|defined_term_tax_benefit_schedule|defined_term_early_termination_payment|defined_term_basis_adjustment,,,,
0001820872,0001104659-21-152269,apsg-20211221xex10d31.htm,no,2,,,,,
0001821075,0001213900-22-027414,ea159964ex10-4_proptech2.htm,yes,2,centered_title|phrase|defined_term_realized_tax_benefit|defined_term_hypothetical_tax_liability|defined_term_tax_benefit_schedule|defined_term_early_termination_payment|defined_term_basis_adjustment|defined_term_section_754,,,,
0001821075,0001213900-22-027416,ea159964ex10-4_proptech2.htm,yes,2,centered_title|phrase|defined_term_realized_tax_benefit|defined_term_hypothetical_tax_liability|defined_term_tax_benefit_schedule|defined_term_early_termination_payment|defined_term_basis_adjustment|defined_term_section_754,,,,
0001821075,0001213900-22-070779,ea168089ex10-1_proptechcorp2.htm,uncertain,2,phrase|defined_term_realized_tax_benefit|defined_term_hypothetical_tax_liability|defined_term_tax_benefit_schedule|defined_term_early_termination_payment|defined_term_basis_adjustment|defined_term_section_754,,,no,"Centered title is 'AMENDMENT NO. 5 TO BUSINESS COMBINATION AGREEMENT' that attaches a form of TRA as Exhibit A; the document itself is a business combination amendment, not a TRA."
0001821075,0001213900-22-077647,ea169605ex10-1_appreciate.htm,yes,2,centered_title|phrase|defined_term_realized_tax_benefit|defined_term_hypothetical_tax_liability|defined_term_tax_benefit_schedule|defined_term_early_termination_payment|defined_term_basis_adjustment|defined_term_section_754,,,,
0001821075,0001213900-22-077647,ea169605ex10-6_appreciate.htm,uncertain,2,phrase,,,no,"Centered title 'OMNIBUS AMENDMENT TO SECURITIES PURCHASE AGREEMENT AND 12% SECURED PROMISSORY NOTE'; forbearance/loan amendment, not a TRA."
0001821159,0001104659-21-090210,tm2120697d1_ex10-6.htm,uncertain,2,phrase,,,no,"Centered title 'AMENDED AND RESTATED LIMITED LIABILITY COMPANY AGREEMENT OF EVGO OPCO, LLC'; an LLC agreement, not a TRA."
0001821159,0001104659-21-090210,tm2120697d1_ex10-8.htm,yes,2,centered_title|phrase|defined_term_realized_tax_benefit|defined_term_hypothetical_tax_liability|defined_term_early_termination_payment|defined_term_basis_adjustment|defined_term_section_754,,,,
0001821850,0001104659-21-092678,tm2122250d1_ex10-13.htm,yes,2,centered_title|phrase|defined_term_realized_tax_benefit|defined_term_hypothetical_tax_liability|defined_term_early_termination_payment|defined_term_basis_adjustment,,,,
0001821850,0001104659-23-112707,tm2329469d1_ex10-1.htm,uncertain,2,phrase,,,,
0001821850,0001104659-23-112707,tm2329469d1_ex10-2.htm,uncertain,2,phrase|defined_term_early_termination_payment,,,,
0001821850,0001104659-23-112707,tm2329469d1_ex10-3.htm,yes,2,centered_title|phrase|defined_term_early_termination_payment,,,,
0001821850,0001104659-23-124299,tm2332394d1_ex10-1.htm,uncertain,2,phrase,,,no,Centered title 'AMENDED AND RESTATED LOAN AND SECURITY AGREEMENT' (Cross River Bank and Sunlight Financial); not a TRA.
0001821850,0001213900-21-017015,fs42021ex10-15_spartanacq2.htm,yes,2,centered_title|phrase|defined_term_realized_tax_benefit|defined_term_hypothetical_tax_liability|defined_term_early_termination_payment|defined_term_basis_adjustment,,,,
0001821850,0001213900-21-017015,fs42021ex10-16_spartanacq2.htm,uncertain,2,phrase,,,,
0001822966,0001104659-22-056493,tm2213736d7_ex10-11.htm,yes,2,centered_title|phrase|defined_term_realized_tax_benefit|defined_term_hypothetical_tax_liability|defined_term_exchange_basis|defined_term_tax_benefit_schedule|defined_term_early_termination_payment|defined_term_basis_adjustment|defined_term_tax_asset|defined_term_section_754,,,,
0001822966,0001104659-22-056493,tm2213736d7_ex10-12.htm,uncertain,2,phrase|defined_term_basis_adjustment,,,no,"Centered title 'SIXTH AMENDED AND RESTATED LIMITED LIABILITY COMPANY AGREEMENT OF NUSCALE POWER, LLC'; an LLC agreement, not a TRA."
0001822966,0001822966-25-000175,nuscale-traamendmentexec.htm,yes,2,centered_title|phrase|defined_term_early_termination_payment,,,,
0001822966,0001822966-25-000175,projectneutron-exchangea.htm,uncertain,2,phrase|defined_term_early_termination_payment,,,,
0001823143,0001104659-21-094447,tm2122033d1_ex10-1.htm,yes,2,centered_title|phrase|defined_term_realized_tax_benefit|defined_term_hypothetical_tax_liability|defined_term_tax_benefit_schedule|defined_term_early_termination_payment|defined_term_basis_adjustment,,,,
0001823143,0001104659-21-094450,tm2122033d1_ex10-1.htm,yes,2,centered_title|phrase|defined_term_realized_tax_benefit|defined_term_hypothetical_tax_liability|defined_term_tax_benefit_schedule|defined_term_early_termination_payment|defined_term_basis_adjustment,,,,
0001823144,0000950142-26-000161,eh260725955_ex1001.htm,no,2,,,,,
0001823144,0001104659-21-154308,tm2135648d1_ex10-3.htm,yes,2,centered_title|phrase|defined_term_realized_tax_benefit|defined_term_hypothetical_tax_liability|defined_term_tax_benefit_schedule|defined_term_early_termination_payment|defined_term_basis_adjustment,,,,
0001823144,0001104659-21-154308,tm2135648d1_ex10-5.htm,uncertain,2,phrase,,,,
0001823144,0001104659-21-154308,tm2135648d1_ex10-7.htm,uncertain,2,phrase,,,,
0001823144,0001104659-24-087541,tm2419908d5_ex10-1.htm,uncertain,2,phrase|defined_term_early_termination_payment,,,,
0001823144,0001104659-24-087541,tm2419908d5_ex10-2.htm,yes,2,centered_title|phrase|defined_term_early_termination_payment,,,,
0001823239,0001193125-20-288872,d73061dex1010.htm,uncertain,2,phrase,,,,
0001823239,0001193125-20-288872,d73061dex108.htm,yes,2,centered_title|phrase|defined_term_realized_tax_benefit|defined_term_hypothetical_tax_liability|defined_term_tax_benefit_schedule|defined_term_early_termination_payment|defined_term_basis_adjustment,,,,
0001823239,0001193125-20-288872,d73061dex109.htm,yes,2,centered_title|phrase,,,,
0001823239,0001193125-20-303088,d31788dex101.htm,yes,2,centered_title|phrase|defined_term_realized_tax_benefit|defined_term_hypothetical_tax_liability|defined_term_tax_benefit_schedule|defined_term_early_termination_payment|defined_term_basis_adjustment,,,,
0001823239,0001193125-20-303088,d31788dex102.htm,yes,2,centered_title|phrase,,,,
0001823239,0001193125-20-303088,d31788dex103.htm,uncertain,2,phrase,,,no,"Centered title 'SECOND AMENDED AND RESTATED LIMITED LIABILITY COMPANY AGREEMENT' of Maravai Topco Holdings, LLC; not a TRA."
0001823587,0001437749-22-001987,ex_329814.htm,yes,2,centered_title|phrase|defined_term_realized_tax_benefit|defined_term_hypothetical_tax_liability|defined_term_tax_benefit_schedule|defined_term_early_termination_payment|defined_term_basis_adjustment|defined_term_section_754,,,,
0001823587,0001437749-22-001987,ex_329815.htm,uncertain,2,phrase|defined_term_basis_adjustment|defined_term_section_754,,,,
0001823652,0001193125-22-150258,d337083dex103.htm,yes,2,centered_title|phrase|defined_term_realized_tax_benefit|defined_term_tax_benefit_schedule|defined_term_early_termination_payment|defined_term_basis_adjustment|defined_term_tax_asset,,,,
0001823652,0001193125-22-150258,d337083dex104.htm,uncertain,2,phrase|defined_term_tax_asset,,,,
0001823945,0001193125-21-169371,d422850dex101.htm,yes,2,centered_title|phrase|defined_term_realized_tax_benefit|defined_term_hypothetical_tax_liability|defined_term_tax_benefit_schedule|defined_term_early_termination_payment|defined_term_basis_adjustment|defined_term_tax_asset,,,,
0001823945,0001193125-21-169371,d422850dex104.htm,uncertain,2,phrase|defined_term_basis_adjustment,,,no,"Centered title is 'AMENDED AND RESTATED AGREEMENT OF LIMITED PARTNERSHIP OF BLUE OWL CAPITAL HOLDINGS LP'; a limited partnership agreement, not a TRA."
0001823945,0001193125-21-169371,d422850dex105.htm,uncertain,2,phrase|defined_term_basis_adjustment,,,,
0001823945,0001193125-21-169371,d422850dex107.htm,uncertain,2,phrase,,,no,Centered title 'EXCHANGE AGREEMENT' for Blue Owl Capital; TRA mentioned only as a cross-referenced defined term.
0001823945,0001193125-21-306136,d233373dex102.htm,uncertain,2,phrase|defined_term_basis_adjustment,,,no,"Centered title is 'SECOND AMENDED AND RESTATED AGREEMENT OF LIMITED PARTNERSHIP OF BLUE OWL CAPITAL CARRY LP'; a limited partnership agreement, not a TRA."
0001823945,0001193125-21-306136,d233373dex103.htm,uncertain,2,phrase|defined_term_basis_adjustment,,,,
0001823945,0001193125-21-306136,d233373dex104.htm,uncertain,2,phrase,,,,
0001823945,0001193125-24-182973,d841605dex101.htm,uncertain,2,phrase|defined_term_tax_asset,,,no,"Centered title 'AMENDMENT NO. 2 TO AMENDED AND RESTATED CREDIT AGREEMENT'; credit-agreement amendment, not a TRA."
0001823945,0001193125-25-177104,d887624dex101.htm,uncertain,2,phrase|defined_term_tax_asset,,,no,"Centered title 'AMENDMENT NO. 3 TO AMENDED AND RESTATED CREDIT AGREEMENT'; credit-agreement amendment, not a TRA."
0001823945,0001823945-23-000013,exhibit1012.htm,uncertain,2,phrase,,,,
0001823945,0001823945-23-000013,exhibit102.htm,yes,2,centered_title|phrase|defined_term_realized_tax_benefit|defined_term_hypothetical_tax_liability|defined_term_tax_benefit_schedule|defined_term_early_termination_payment|defined_term_basis_adjustment|defined_term_tax_asset,,,,
0001823945,0001823945-24-000016,a123123exhibit1014.htm,uncertain,2,phrase,,,no,Centered title 'SECOND AMENDED & RESTATED EXCHANGE AGREEMENT' (Blue Owl units exchange); not a TRA.
0001823945,0001823945-24-000016,a123123exhibit1036.htm,yes,2,centered_title|phrase,,,,
0001823945,0001823945-25-000037,a33125exhibit101.htm,yes,2,centered_title|phrase|defined_term_realized_tax_benefit|defined_term_hypothetical_tax_liability|defined_term_tax_benefit_schedule|defined_term_early_termination_payment|defined_term_basis_adjustment|defined_term_tax_asset,,,,
0001823945,0001823945-25-000037,a33125exhibit103.htm,uncertain,2,phrase,,,,
0001823945,0001823945-25-000037,a33125exhibit105.htm,uncertain,2,phrase,,,,
0001823945,0001823945-25-000048,a63025exhibit101.htm,yes,2,centered_title|phrase|defined_term_realized_tax_benefit|defined_term_hypothetical_tax_liability|defined_term_tax_benefit_schedule|defined_term_early_termination_payment|defined_term_basis_adjustment|defined_term_tax_asset,,,,
0001823945,0001823945-25-000048,a63025exhibit106.htm,uncertain,2,phrase,,,,
0001824211,0001213900-21-041667,ea145453ex10-1_astreaacquis.htm,yes,2,centered_title|phrase|defined_term_realized_tax_benefit|defined_term_hypothetical_tax_liability|defined_term_tax_benefit_schedule|defined_term_early_termination_payment|defined_term_basis_adjustment|defined_term_section_754,,,,
0001824211,0001213900-21-041668,ea145453ex10-1_astreaacquis.htm,yes,2,centered_title|phrase|defined_term_realized_tax_benefit|defined_term_hypothetical_tax_liability|defined_term_tax_benefit_schedule|defined_term_early_termination_payment|defined_term_basis_adjustment|defined_term_section_754,,,,
0001828182,0000950123-20-012946,filename22.htm,uncertain,2,phrase,,,,
0001828182,0001193125-21-011608,d12124dex1035.htm,uncertain,2,phrase,,,,
0001828182,0001193125-21-024874,d12124dex101.htm,uncertain,2,phrase|defined_term_section_754,,,,
0001828182,0001193125-21-024874,d12124dex103.htm,uncertain,2,phrase,,,,
0001828182,0001193125-21-024874,d12124dex104.htm,yes,2,centered_title|phrase|defined_term_realized_tax_benefit|defined_term_hypothetical_tax_liability|defined_term_tax_benefit_schedule|defined_term_early_termination_payment|defined_term_basis_adjustment|defined_term_tax_asset,,,,
0001828182,0001193125-21-047958,d127467dex103.htm,uncertain,2,phrase|defined_term_section_754,,,no,"Centered title 'THIRD AMENDED AND RESTATED LIMITED LIABILITY COMPANY AGREEMENT of CURE TOPCO, LLC'; LLC agreement, not a TRA."
0001828182,0001828182-21-000006,exhibit104.htm,uncertain,2,phrase,,,no,"Centered title 'REORGANIZATION AGREEMENT'; single TRA mention as ancillary doc, not the contract identity."
0001828182,0001828182-21-000006,exhibit105.htm,yes,2,centered_title|phrase|defined_term_realized_tax_benefit|defined_term_hypothetical_tax_liability|defined_term_tax_benefit_schedule|defined_term_early_termination_payment|defined_term_basis_adjustment|defined_term_tax_asset,,,,
0001828182,0001828182-21-000021,exhibit101062221.htm,no,2,,,,,
0001828791,0001193125-21-023519,d88953dex109.htm,uncertain,2,phrase,,,,
0001828791,0001193125-21-030853,d88953dex101.htm,uncertain,2,phrase|defined_term_basis_adjustment,,,,
0001828791,0001193125-21-030853,d88953dex102.htm,yes,2,centered_title|phrase|defined_term_realized_tax_benefit|defined_term_hypothetical_tax_liability|defined_term_exchange_basis|defined_term_tax_benefit_schedule|defined_term_early_termination_payment|defined_term_basis_adjustment|defined_term_tax_asset|defined_term_section_754,,,,
0001828791,0001564590-21-014855,dsp-ex101_277.htm,uncertain,2,phrase|defined_term_basis_adjustment,,,,
0001828791,0001564590-21-014855,dsp-ex103_274.htm,yes,2,centered_title|phrase|defined_term_realized_tax_benefit|defined_term_hypothetical_tax_liability|defined_term_exchange_basis|defined_term_tax_benefit_schedule|defined_term_early_termination_payment|defined_term_basis_adjustment|defined_term_tax_asset|defined_term_section_754,,,,
0001828791,0001828791-23-000030,redline-conformedcreditagr.htm,no,2,,,,,
0001828791,0001828791-26-000036,dsp-20260331xexx102xamendm.htm,uncertain,2,phrase|defined_term_basis_adjustment,,,,
0001828817,0001104659-21-129066,htpa-20211022xex10d1.htm,no,2,,,,,
0001828817,0001140361-21-030827,brhc10028831_ex10-2.htm,yes,2,centered_title|phrase|defined_term_realized_tax_benefit|defined_term_hypothetical_tax_liability|defined_term_exchange_basis|defined_term_tax_benefit_schedule|defined_term_early_termination_payment|defined_term_basis_adjustment|defined_term_section_754,,,,
0001828817,0001140361-21-030827,brhc10028831_ex10-3.htm,uncertain,2,phrase|defined_term_basis_adjustment,,,,
0001828817,0001140361-21-030827,brhc10028831_ex10-7.htm,uncertain,2,phrase,,,,
0001828817,0001140361-21-030828,brhc10028831_ex10-2.htm,yes,2,centered_title|phrase|defined_term_realized_tax_benefit|defined_term_hypothetical_tax_liability|defined_term_exchange_basis|defined_term_tax_benefit_schedule|defined_term_early_termination_payment|defined_term_basis_adjustment|defined_term_section_754,,,,
0001828817,0001140361-21-030828,brhc10028831_ex10-3.htm,uncertain,2,phrase|defined_term_basis_adjustment,,,,
0001828817,0001140361-21-030828,brhc10028831_ex10-7.htm,uncertain,2,phrase,,,,
0001828937,0001193125-21-108963,d113226dex1016.htm,uncertain,2,phrase,,,,
0001828937,0001193125-21-108963,d113226dex104.htm,uncertain,2,phrase,,,,
0001828937,0001193125-21-108963,d113226dex106.htm,yes,2,centered_title|phrase|defined_term_realized_tax_benefit|defined_term_hypothetical_tax_liability|defined_term_tax_benefit_schedule|defined_term_early_termination_payment|defined_term_basis_adjustment,,,,
0001828937,0001193125-21-108963,d113226dex107.htm,yes,2,centered_title|phrase|defined_term_realized_tax_benefit|defined_term_hypothetical_tax_liability|defined_term_tax_benefit_schedule|defined_term_early_termination_payment|defined_term_basis_adjustment,,,,
0001828937,0001193125-21-108963,d113226dex108.htm,uncertain,2,phrase,,,,
0001828937,0001193125-23-088923,d406882dex101.htm,uncertain,2,phrase,,,no,Centered title 'EQUITY MATTERS AGREEMENT' (joinder to LLC/Exchange/Registration Rights agreements); TRA only in passing.
0001828937,0001193125-25-172824,d122958dex101.htm,yes,2,centered_title|phrase,,,,
0001828937,0001628280-25-052025,exhibit101-amendedandresta.htm,uncertain,2,phrase,,,,
0001828937,0001628280-26-017692,exhibit104-secondandamen.htm,uncertain,2,phrase,,,no,"Centered title 'SECOND AMENDED AND RESTATED LIMITED LIABILITY COMPANY AGREEMENT OF FINANCE OF AMERICA EQUITY CAPITAL LLC'; LLC mechanics, TRA only a referenced defined term."
0001828937,0001828937-23-000021,exhibit1016-foaxaagxasse.htm,uncertain,2,phrase,,,,
0001829432,0001193125-22-298938,d411466dex102.htm,uncertain,2,phrase,,,,
0001830029,0001193125-21-366319,d248179dex108.htm,uncertain,2,phrase,,,,
0001830029,0001193125-22-151692,d248179dex108.htm,uncertain,2,phrase,,,,
0001830029,0001193125-22-300143,d248179dex108.htm,uncertain,2,phrase,,,no,Centered title is 'FOURTH AMENDED AND RESTATED CREDIT AGREEMENT' (GRIID Infrastructure LLC as Borrower); not a TRA.
0001830029,0001193125-23-029742,d248179dex108.htm,uncertain,2,phrase,,,,
0001830043,0001193125-21-019619,d20761dex101.htm,uncertain,2,phrase,,,,
0001830043,0001193125-21-019619,d20761dex102.htm,yes,2,centered_title|phrase|defined_term_realized_tax_benefit|defined_term_hypothetical_tax_liability|defined_term_tax_benefit_schedule|defined_term_early_termination_payment|defined_term_basis_adjustment,,,,
0001830043,0001193125-21-045254,d106038dex101.htm,uncertain,2,phrase,,,,
0001830043,0001193125-21-045254,d106038dex102.htm,yes,2,centered_title|phrase|defined_term_realized_tax_benefit|defined_term_hypothetical_tax_liability|defined_term_tax_benefit_schedule|defined_term_early_termination_payment|defined_term_basis_adjustment,,,,
0001830043,0001830043-25-000039,bmblex101pr-q32025.htm,yes,2,centered_title|phrase|defined_term_early_termination_payment,,,,
0001831617,0001104659-21-036638,tm2035458d12_ex10-17.htm,yes,2,centered_title|phrase|defined_term_realized_tax_benefit|defined_term_hypothetical_tax_liability|defined_term_tax_benefit_schedule|defined_term_early_termination_payment|defined_term_tax_asset,,,,
0001831617,0001104659-21-122251,tm2128910d1_ex10-1.htm,no,2,,,,,
0001831617,0001104659-23-030166,tm238735d6_ex10-3.htm,uncertain,2,phrase|defined_term_tax_asset,,,,
0001831617,0001104659-23-030166,tm238735d6_ex10-4.htm,uncertain,2,phrase|defined_term_realized_tax_benefit|defined_term_tax_benefit_schedule|defined_term_early_termination_payment,,,,
0001831631,0001193125-21-012994,d814714dex102.htm,yes,2,centered_title|phrase|defined_term_realized_tax_benefit|defined_term_hypothetical_tax_liability|defined_term_exchange_basis|defined_term_tax_benefit_schedule|defined_term_early_termination_payment|defined_term_basis_adjustment,,,,
0001831631,0001193125-21-018544,d814714dex1015.htm,uncertain,2,phrase,,,,
0001831631,0001193125-21-018544,d814714dex102.htm,yes,2,centered_title|phrase|defined_term_realized_tax_benefit|defined_term_hypothetical_tax_liability|defined_term_exchange_basis|defined_term_tax_benefit_schedule|defined_term_early_termination_payment|defined_term_basis_adjustment,,,,
0001831631,0001193125-21-045202,d134953dex102.htm,yes,2,centered_title|phrase|defined_term_realized_tax_benefit|defined_term_hypothetical_tax_liability|defined_term_exchange_basis|defined_term_tax_benefit_schedule|defined_term_early_termination_payment|defined_term_basis_adjustment,,,,
0001831631,0001193125-21-045202,d134953dex103.htm,uncertain,2,phrase,,,,
0001831651,0001193125-20-329920,d801436dex101.htm,no,2,,,,,
0001831651,0001193125-20-329920,d801436dex102.htm,yes,2,centered_title|phrase|defined_term_realized_tax_benefit|defined_term_hypothetical_tax_liability|defined_term_tax_benefit_schedule|defined_term_early_termination_payment|defined_term_basis_adjustment,,,,
0001831651,0001193125-20-329920,d801436dex106.htm,uncertain,2,phrase,,,,
0001831651,0001193125-21-009154,d801436dex106.htm,uncertain,2,phrase,,,,
0001831651,0001193125-21-022637,d78730dex101.htm,yes,2,centered_title|phrase|defined_term_realized_tax_benefit|defined_term_hypothetical_tax_liability|defined_term_tax_benefit_schedule|defined_term_early_termination_payment|defined_term_basis_adjustment,,,,
0001831651,0001193125-21-022637,d78730dex103.htm,uncertain,2,phrase,,,,
0001831651,0001193125-22-295404,d415701dex101.htm,yes,2,centered_title|phrase|defined_term_early_termination_payment,,,,
0001831651,0001831651-21-000027,exhibit101thirdamendmentto.htm,no,2,,,,,
0001831651,0001831651-22-000012,a8-k20220504ex101.htm,no,2,,,,,
0001831651,0001831651-24-000030,exhibit101-shoalsxconforme.htm,no,2,,,,,
0001832511,0001104659-21-148233,tm2134759d1_ex10-1.htm,uncertain,2,phrase,,,,
0001832511,0001104659-21-148233,tm2134759d1_ex10-17.htm,uncertain,2,phrase,,,,
0001832511,0001104659-21-148233,tm2134759d1_ex10-5.htm,uncertain,2,phrase,,,,
0001832511,0001104659-21-148233,tm2134759d1_ex10-6.htm,yes,2,centered_title|phrase|defined_term_realized_tax_benefit|defined_term_hypothetical_tax_liability|defined_term_tax_benefit_schedule|defined_term_early_termination_payment|defined_term_basis_adjustment|defined_term_section_754,,,,
0001835681,0001193125-21-107673,d24413dex102.htm,yes,2,centered_title|phrase|defined_term_realized_tax_benefit|defined_term_hypothetical_tax_liability|defined_term_tax_benefit_schedule|defined_term_early_termination_payment|defined_term_basis_adjustment,,,,
0001835681,0001193125-21-107673,d24413dex103.htm,yes,2,centered_title|phrase,,,,
0001835681,0001193125-21-107673,d24413dex104.htm,uncertain,2,phrase,,,,
0001835681,0001193125-21-217989,d24413dex102.htm,yes,2,centered_title|phrase|defined_term_realized_tax_benefit|defined_term_hypothetical_tax_liability|defined_term_tax_benefit_schedule|defined_term_early_termination_payment|defined_term_basis_adjustment,,,,
0001835681,0001193125-21-231680,d212484dex102.htm,yes,2,centered_title|phrase|defined_term_realized_tax_benefit|defined_term_hypothetical_tax_liability|defined_term_tax_benefit_schedule|defined_term_early_termination_payment|defined_term_basis_adjustment,,,,
0001835681,0001193125-21-231680,d212484dex103.htm,yes,2,centered_title|phrase,,,,
0001835681,0001193125-21-231680,d212484dex104.htm,uncertain,2,phrase,,,,
0001835681,0001193125-24-157845,d846178dex103.htm,yes,2,centered_title|phrase|defined_term_early_termination_payment,,,,
0001836176,0000950170-22-025101,fath-ex10_1.htm,no,2,,,,,
0001836176,0000950170-22-025283,fath-ex10_1.htm,no,2,,,,,
0001836176,0000950170-22-025284,fath-ex10_1.htm,no,2,,,,,
0001836176,0000950170-23-011064,fath-ex10_1.htm,no,2,,,,,
0001836176,0000950170-23-011601,fath-ex10_1.htm,no,2,,,,,
0001836176,0000950170-23-012198,fath-ex10_1.htm,yes,2,centered_title|phrase|defined_term_realized_tax_benefit|defined_term_hypothetical_tax_liability|defined_term_tax_benefit_schedule|defined_term_early_termination_payment|defined_term_basis_adjustment|defined_term_tax_asset|defined_term_section_754,,,,
0001836176,0000950170-23-012316,fath-ex10_1.htm,yes,2,centered_title|phrase|defined_term_realized_tax_benefit|defined_term_hypothetical_tax_liability|defined_term_tax_benefit_schedule|defined_term_early_termination_payment|defined_term_basis_adjustment|defined_term_tax_asset|defined_term_section_754,,,,
0001836176,0000950170-23-012319,fath-ex10_1.htm,yes,2,centered_title|phrase|defined_term_realized_tax_benefit|defined_term_hypothetical_tax_liability|defined_term_tax_benefit_schedule|defined_term_early_termination_payment|defined_term_basis_adjustment|defined_term_tax_asset|defined_term_section_754,,,,
0001836176,0000950170-23-063797,fath-ex10_1.htm,no,2,,,,,
0001836176,0000950170-24-016800,fath-ex10_1.htm,no,2,,,,,
0001836176,0000950170-24-016800,fath-ex10_2.htm,yes,2,centered_title|phrase|defined_term_early_termination_payment,,,,
0001836176,0000950170-24-044851,fath-ex10_1.htm,yes,2,centered_title|phrase|defined_term_realized_tax_benefit|defined_term_hypothetical_tax_liability|defined_term_tax_benefit_schedule|defined_term_early_termination_payment|defined_term_basis_adjustment|defined_term_tax_asset|defined_term_section_754,,,,
0001836176,0001193125-21-296996,d18032dex108.htm,uncertain,2,phrase,,,,
0001836176,0001193125-21-370706,d277647dex101.htm,yes,2,centered_title|phrase|defined_term_realized_tax_benefit|defined_term_hypothetical_tax_liability|defined_term_tax_benefit_schedule|defined_term_early_termination_payment|defined_term_basis_adjustment|defined_term_tax_asset,,,,
0001836176,0001193125-21-370706,d277647dex104.htm,uncertain,2,phrase,,,,
0001836176,0001193125-21-370706,d277647dex105.htm,uncertain,2,phrase,,,,
0001836707,0001104659-21-133158,tm2131550d2_ex10-6.htm,yes,2,centered_title|phrase|defined_term_realized_tax_benefit|defined_term_hypothetical_tax_liability|defined_term_tax_benefit_schedule|defined_term_early_termination_payment|defined_term_basis_adjustment,,,,
0001836707,0001104659-21-133164,tm2131550d4_ex10-6.htm,yes,2,centered_title|phrase|defined_term_realized_tax_benefit|defined_term_hypothetical_tax_liability|defined_term_tax_benefit_schedule|defined_term_early_termination_payment|defined_term_basis_adjustment,,,,
0001837240,0001193125-22-172211,d369444dex102.htm,yes,2,centered_title|phrase|defined_term_realized_tax_benefit|defined_term_hypothetical_tax_liability|defined_term_tax_benefit_schedule|defined_term_early_termination_payment|defined_term_basis_adjustment|defined_term_tax_asset,,,,
0001837240,0001193125-22-172211,d369444dex103.htm,uncertain,2,phrase,,,no,Centered title 'SECOND AMENDED AND RESTATED LIMITED LIABILITY COMPANY AGREEMENT' of Symbotic Holdings LLC; not a TRA.
0001838615,0001193125-23-004775,d431644dex1010.htm,yes,2,centered_title|phrase|defined_term_realized_tax_benefit|defined_term_exchange_basis|defined_term_tax_benefit_schedule|defined_term_early_termination_payment|defined_term_basis_adjustment,,,,
0001838615,0001193125-23-004775,d431644dex1011.htm,uncertain,2,phrase,,,,
0001838615,0001193125-23-017724,d443189dex1014.htm,uncertain,2,phrase,,,,
0001838615,0001628280-24-006447,a101-investmentagreemental.htm,uncertain,2,phrase,,,,
0001838615,0001628280-24-006447,a105-investmentagreementco.htm,uncertain,2,phrase,,,,
0001838615,0001628280-24-006447,a107-creditagreement.htm,uncertain,2,phrase,,,,
0001838615,0001628280-24-006475,a101-investmentagreemental.htm,uncertain,2,phrase,,,no,Document titled 'INVESTMENT AGREEMENT'; no occurrences of 'Tax Receivable Agreement' in body.
0001838615,0001628280-24-006475,a105-investmentagreementco.htm,uncertain,2,phrase,,,,
0001838615,0001628280-24-006475,a107-creditagreement1.htm,uncertain,2,phrase,,,,
0001838615,0001628280-24-033750,exhibit103-fourtharllcao.htm,uncertain,2,phrase|defined_term_section_754,,,,
0001838615,0001628280-24-046969,bmoalti-fifthamendmentto.htm,uncertain,2,phrase,,,,
0001839412,0001104659-21-082372,tm2119598d1_ex10-1.htm,yes,2,centered_title|phrase|defined_term_realized_tax_benefit|defined_term_hypothetical_tax_liability|defined_term_exchange_basis|defined_term_tax_benefit_schedule|defined_term_early_termination_payment|defined_term_basis_adjustment|defined_term_section_754,,,,
0001839412,0001104659-21-082372,tm2119598d1_ex10-5.htm,uncertain,2,phrase,,,no,"Centered title 'FORM OF THIRD AMENDED AND RESTATED LIMITED LIABILITY COMPANY AGREEMENT OF QUALTEK HOLDCO, LLC'; an LLC agreement, not a TRA."
0001839412,0001104659-21-082372,tm2119598d1_ex10-7.htm,uncertain,2,phrase,,,,
0001839412,0001104659-21-082373,tm2119598d1_ex10-1.htm,yes,2,centered_title|phrase|defined_term_realized_tax_benefit|defined_term_hypothetical_tax_liability|defined_term_exchange_basis|defined_term_tax_benefit_schedule|defined_term_early_termination_payment|defined_term_basis_adjustment|defined_term_section_754,,,,
0001839412,0001104659-21-082373,tm2119598d1_ex10-5.htm,uncertain,2,phrase,,,no,"Centered title 'FORM OF THIRD AMENDED AND RESTATED LIMITED LIABILITY COMPANY AGREEMENT OF QUALTEK HOLDCO, LLC'; an LLC agreement, not a TRA."
0001839412,0001104659-21-082373,tm2119598d1_ex10-7.htm,uncertain,2,phrase,,,,
0001839412,0001104659-22-010946,rocru-20220202xex10d19.htm,uncertain,2,phrase,,,no,"Centered title 'ACKNOWLEDGEMENT, WAIVER AND CONSENT AGREEMENT' (BCP QualTek HoldCo, Note Purchasers); TRA only to exclude Purchasers from benefits."
0001839412,0001104659-22-024331,tm226552d3_ex10-1.htm,yes,2,centered_title|phrase|defined_term_realized_tax_benefit|defined_term_hypothetical_tax_liability|defined_term_exchange_basis|defined_term_tax_benefit_schedule|defined_term_early_termination_payment|defined_term_basis_adjustment|defined_term_section_754,,,,
0001839412,0001104659-22-024331,tm226552d3_ex10-3.htm,uncertain,2,phrase,,,,
0001839412,0001104659-22-024331,tm226552d3_ex10-4.htm,uncertain,2,phrase,,,no,"Centered title 'INDENTURE' for QualTek Senior Unsecured Convertible Notes due 2027; trust indenture, not a TRA."
0001839412,0001104659-23-066357,tm2317209d1_ex10-1.htm,no,2,,,,,
0001840776,0001104659-21-107195,tm2125307d1_ex10-4.htm,yes,2,centered_title|phrase|defined_term_realized_tax_benefit|defined_term_hypothetical_tax_liability|defined_term_exchange_basis|defined_term_tax_benefit_schedule|defined_term_early_termination_payment|defined_term_basis_adjustment,,,,
0001840776,0001104659-21-107195,tm2125307d1_ex10-6.htm,uncertain,2,phrase,,,no,"Centered title 'FOURTH AMENDED AND RESTATED LIMITED LIABILITY COMPANY AGREEMENT OF THE HAGERTY GROUP, LLC'; LLC agreement, not a TRA."
0001840776,0001104659-21-107195,tm2125307d1_ex10-9.htm,uncertain,2,phrase|defined_term_basis_adjustment,,,no,Centered title 'EXCHANGE AGREEMENT' (Hagerty exhibit 10.9); TRA referenced only as the source of a defined term.
0001840776,0001104659-21-107196,tm2125307d1_ex10-4.htm,yes,2,centered_title|phrase|defined_term_realized_tax_benefit|defined_term_hypothetical_tax_liability|defined_term_exchange_basis|defined_term_tax_benefit_schedule|defined_term_early_termination_payment|defined_term_basis_adjustment,,,,
0001840776,0001104659-21-107196,tm2125307d1_ex10-6.htm,uncertain,2,phrase,,,no,"Centered title 'FOURTH AMENDED AND RESTATED LIMITED LIABILITY COMPANY AGREEMENT OF THE HAGERTY GROUP, LLC'; LLC agreement, not a TRA."
0001840776,0001104659-21-107196,tm2125307d1_ex10-9.htm,uncertain,2,phrase|defined_term_basis_adjustment,,,no,Centered title 'EXCHANGE AGREEMENT' (Hagerty exhibit 10.9); TRA referenced only as the source of a defined term.
0001840776,0001104659-21-147678,tm2133671d1_ex10-16.htm,uncertain,2,phrase,,,,
0001840776,0001104659-21-147678,tm2133671d1_ex10-4.htm,yes,2,centered_title|phrase|defined_term_realized_tax_benefit|defined_term_hypothetical_tax_liability|defined_term_exchange_basis|defined_term_tax_benefit_schedule|defined_term_early_termination_payment|defined_term_basis_adjustment,,,,
0001840776,0001104659-21-147678,tm2133671d1_ex10-6.htm,uncertain,2,phrase,,,no,"Centered title 'FOURTH AMENDED AND RESTATED LIMITED LIABILITY COMPANY AGREEMENT OF THE HAGERTY GROUP, LLC'; LLC agreement, not a TRA."
0001840776,0001104659-21-147678,tm2133671d1_ex10-8.htm,uncertain,2,phrase|defined_term_basis_adjustment,,,no,"Centered title 'EXCHANGE AGREEMENT' (Hagerty, Inc. and OpCo members); TRA only cross-referenced for 'Change of Control' definition."
0001840776,0001840776-22-000024,hgty-20220324xex108.htm,uncertain,2,phrase|defined_term_basis_adjustment,,,,
0001840776,0001840776-22-000147,hgty-20220930xex101.htm,no,2,,,,,
0001840776,0001840776-22-000149,hgty-20220930xex101.htm,no,2,,,,,
0001840776,0001840776-23-000021,hgty-20230314xex1024.htm,no,2,,,,,
0001840776,0001840776-23-000021,hgty-20230314xex108.htm,uncertain,2,phrase|defined_term_basis_adjustment,,,,
0001840776,0001840776-23-000126,hagerty-amendmentno1totaxr.htm,yes,2,centered_title|phrase|defined_term_early_termination_payment,,,,
0001840776,0001840776-23-000126,hagerty-fiftharoperatingag.htm,uncertain,2,phrase,,,no,"Centered title 'FIFTH AMENDED LIMITED LIABILITY COMPANY AGREEMENT' of Hagerty; Up-C LLC operating agreement, not a TRA."
0001840776,0001840776-23-000173,hgty_form8kxex101x28nov23.htm,no,2,,,,,
0001840776,0001840776-23-000178,hgty_sixtharllcaxexhx102.htm,uncertain,2,phrase,,,,
0001840776,0001840776-25-000041,jpm-hagertyxcreditagreemen.htm,no,2,,,,,
0001840776,0001840776-26-000003,a102markel-hagertyx7tharha.htm,uncertain,2,phrase,,,,
0001840927,0001104659-21-099167,tm2123195d3_ex10-5.htm,uncertain,2,phrase,,,no,"Centered title 'FOURTH AMENDED AND RESTATED LIMITED LIABILITY COMPANY AGREEMENT of VACASA HOLDINGS LLC'; LLC agreement, not a TRA."
0001840927,0001104659-21-099167,tm2123195d3_ex10-9.htm,yes,2,centered_title|phrase|defined_term_realized_tax_benefit|defined_term_hypothetical_tax_liability|defined_term_tax_benefit_schedule|defined_term_early_termination_payment|defined_term_basis_adjustment|defined_term_tax_asset,,,,
0001840927,0001104659-21-099169,tm2123195d4_ex10-5.htm,uncertain,2,phrase,,,,
0001840927,0001104659-21-099169,tm2123195d4_ex10-9.htm,yes,2,centered_title|phrase|defined_term_realized_tax_benefit|defined_term_hypothetical_tax_liability|defined_term_tax_benefit_schedule|defined_term_early_termination_payment|defined_term_basis_adjustment|defined_term_tax_asset,,,,
0001841425,0001213900-23-013297,ea173809ex10-5_verde.htm,yes,2,centered_title|phrase|defined_term_realized_tax_benefit|defined_term_hypothetical_tax_liability|defined_term_early_termination_payment|defined_term_basis_adjustment|defined_term_section_754,,,,
0001841425,0001213900-23-013297,ea173809ex10-7_verde.htm,uncertain,2,phrase|defined_term_basis_adjustment,,,,
0001841925,0001213900-21-032758,ea142795ex10-6_indiesemic.htm,yes,2,centered_title|phrase|defined_term_realized_tax_benefit|defined_term_hypothetical_tax_liability|defined_term_tax_benefit_schedule|defined_term_early_termination_payment|defined_term_basis_adjustment,,,,
0001841968,0000950123-21-002012,filename3.htm,no,2,,,,,
0001841968,0000950123-21-011768,filename2.htm,no,2,,,,,
0001841968,0001193125-21-284294,d118332dex105.htm,no,2,,,,,
0001842031,0001193125-21-113287,d935664dex102.htm,uncertain,2,phrase,,,,
0001842031,0001193125-21-113287,d935664dex103.htm,uncertain,2,phrase,,,,
0001842031,0001193125-21-113287,d935664dex104.htm,uncertain,2,phrase,,,,
0001842279,0001213900-22-042020,ea163248ex10-6_opal.htm,yes,2,centered_title|phrase|defined_term_realized_tax_benefit|defined_term_hypothetical_tax_liability|defined_term_tax_benefit_schedule|defined_term_early_termination_payment|defined_term_basis_adjustment,,,,
0001842279,0001213900-22-042020,ea163248ex10-8_opal.htm,uncertain,2,phrase|defined_term_basis_adjustment,,,,
0001843973,0001193125-24-001570,d557329dex103.htm,yes,2,centered_title|phrase|defined_term_realized_tax_benefit|defined_term_hypothetical_tax_liability|defined_term_tax_benefit_schedule|defined_term_early_termination_payment|defined_term_basis_adjustment,,,,
0001843973,0001193125-24-001570,d557329dex104.htm,uncertain,2,phrase|defined_term_basis_adjustment,,,,
0001844452,0001213900-22-056379,ea165812ex10-2_inflection.htm,uncertain,2,phrase,,,,
0001844452,0001213900-22-056381,ea165812ex10-2_inflection.htm,uncertain,2,phrase,,,,
0001844452,0001213900-23-011495,ea173246ex10-1_intuitive.htm,yes,2,centered_title|phrase|defined_term_realized_tax_benefit|defined_term_hypothetical_tax_liability|defined_term_tax_benefit_schedule|defined_term_early_termination_payment|defined_term_basis_adjustment|defined_term_tax_asset|defined_term_section_754,,,,
0001844452,0001213900-23-011495,ea173246ex10-2_intuitive.htm,uncertain,2,phrase,,,,
0001844452,0001213900-23-011809,ea173674ex10-1_intuitive.htm,yes,2,centered_title|phrase|defined_term_realized_tax_benefit|defined_term_hypothetical_tax_liability|defined_term_tax_benefit_schedule|defined_term_early_termination_payment|defined_term_basis_adjustment|defined_term_tax_asset|defined_term_section_754,,,,
0001844452,0001213900-23-011809,ea173674ex10-2_intuitive.htm,uncertain,2,phrase,,,,
0001844452,0001844452-25-000011,ex101stifelloanandsecurity.htm,uncertain,2,phrase,,,,
0001845123,0001193125-24-154754,d830635dex103.htm,yes,2,centered_title|phrase|defined_term_realized_tax_benefit|defined_term_hypothetical_tax_liability|defined_term_early_termination_payment|defined_term_basis_adjustment,,,,
0001845123,0001193125-24-154754,d830635dex104.htm,uncertain,2,phrase|defined_term_basis_adjustment,,,,
0001845437,0001213900-22-079617,ea169995ex10-2_riceacq2.htm,uncertain,2,phrase,,,,
0001845437,0001213900-22-079617,ea169995ex10-5_riceacq2.htm,yes,2,centered_title|phrase|defined_term_realized_tax_benefit|defined_term_hypothetical_tax_liability|defined_term_tax_benefit_schedule|defined_term_early_termination_payment|defined_term_basis_adjustment|defined_term_section_754,,,,
0001845437,0001213900-22-079617,ea169995ex10-6_riceacq2.htm,uncertain,2,phrase|defined_term_section_754,,,,
0001845437,0001213900-22-079619,ea169995ex10-2_riceacq2.htm,uncertain,2,phrase,,,,
0001845437,0001213900-22-079619,ea169995ex10-5_riceacq2.htm,yes,2,centered_title|phrase|defined_term_realized_tax_benefit|defined_term_hypothetical_tax_liability|defined_term_tax_benefit_schedule|defined_term_early_termination_payment|defined_term_basis_adjustment|defined_term_section_754,,,,
0001845437,0001213900-22-079619,ea169995ex10-6_riceacq2.htm,uncertain,2,phrase|defined_term_section_754,,,,
0001845437,0001213900-23-032096,ea177359ex10-2_riceacq2.htm,uncertain,2,phrase,,,,
0001845437,0001213900-23-032098,ea177359ex10-2_riceacq2.htm,uncertain,2,phrase,,,,
0001845437,0001213900-23-048958,ea180242ex10-2_netpower.htm,uncertain,2,phrase|defined_term_section_754,,,no,"Centered title 'SECOND AMENDED AND RESTATED LIMITED LIABILITY COMPANY AGREEMENT OF NET POWER OPERATIONS LLC'; LLC agreement, not a TRA."
0001845437,0001213900-23-048958,ea180242ex10-3_netpower.htm,yes,2,centered_title|phrase|defined_term_realized_tax_benefit|defined_term_hypothetical_tax_liability|defined_term_tax_benefit_schedule|defined_term_early_termination_payment|defined_term_basis_adjustment|defined_term_section_754,,,,
0001845437,0001845437-25-000008,a07np-202410xkxex105.htm,uncertain,2,phrase|defined_term_section_754,,,,
0001849253,0000950170-21-004217,ryan-ex10_2.htm,uncertain,2,phrase,,,,
0001849253,0000950170-21-004217,ryan-ex10_2.pdf,uncertain,2,pdf_no_text,,,,
0001849253,0000950170-21-004217,ryan-ex10_9.htm,uncertain,2,phrase,,,,
0001849253,0000950170-21-004217,ryan-ex10_9.pdf,uncertain,2,pdf_no_text,,,,
0001849253,0000950170-22-017005,ryan-ex10_1.htm,yes,2,centered_title|phrase|defined_term_realized_tax_benefit|defined_term_hypothetical_tax_liability|defined_term_tax_benefit_schedule|defined_term_early_termination_payment|defined_term_basis_adjustment,,,,
0001849253,0000950170-23-005335,ryan-ex10_20.htm,uncertain,2,phrase|defined_term_basis_adjustment,,,no,"Centered title 'Second Amended and Restated Limited Liability Company Agreement of New Ryan Specialty, LLC'; LLC operating agreement, not a TRA."
0001849253,0000950170-23-058503,ryan-ex10_2.htm,uncertain,2,phrase|defined_term_basis_adjustment,,,,
0001849253,0000950170-23-058503,ryan-ex10_20.htm,uncertain,2,phrase|defined_term_basis_adjustment,,,,
0001849253,0001193125-21-195083,d146849dex1012.htm,uncertain,2,phrase,,,,
0001849253,0001193125-21-195083,d146849dex102.htm,yes,2,centered_title|phrase|defined_term_realized_tax_benefit|defined_term_hypothetical_tax_liability|defined_term_tax_benefit_schedule|defined_term_early_termination_payment|defined_term_basis_adjustment,,,,
0001849253,0001193125-21-195083,d146849dex103.htm,uncertain,2,phrase,,,,
0001849253,0001193125-21-224693,d137769dex101.htm,yes,2,centered_title|phrase|defined_term_realized_tax_benefit|defined_term_hypothetical_tax_liability|defined_term_tax_benefit_schedule|defined_term_early_termination_payment|defined_term_basis_adjustment,,,,
0001849253,0001193125-21-224693,d137769dex102.htm,uncertain,2,phrase,,,,
0001850270,0000950170-24-034946,prok-ex10_5.htm,uncertain,2,phrase,,,,
0001850270,0001140361-25-024839,ef20051439_ex10-1.htm,yes,2,centered_title|phrase|defined_term_realized_tax_benefit|defined_term_hypothetical_tax_liability|defined_term_tax_benefit_schedule|defined_term_early_termination_payment|defined_term_basis_adjustment|defined_term_section_754,,,,
0001850270,0001140361-25-024839,ef20051439_ex10-3.htm,uncertain,2,phrase|defined_term_basis_adjustment,,,,
0001850270,0001140361-25-024839,ef20051439_ex10-7.htm,uncertain,2,phrase,,,,
0001850270,0001193125-22-014862,d259568dex104.htm,uncertain,2,phrase,,,,
0001850270,0001193125-22-195148,d285643dex101.htm,yes,2,centered_title|phrase|defined_term_realized_tax_benefit|defined_term_hypothetical_tax_liability|defined_term_tax_benefit_schedule|defined_term_early_termination_payment|defined_term_basis_adjustment|defined_term_section_754,,,,
0001850270,0001193125-22-195148,d285643dex102.htm,uncertain,2,phrase|defined_term_basis_adjustment,,,,
0001850270,0001193125-22-195148,d285643dex105.htm,uncertain,2,phrase,,,,
0001851959,0001104659-24-093130,tm2422691d1_ex10-4.htm,yes,2,centered_title|phrase|defined_term_realized_tax_benefit|defined_term_hypothetical_tax_liability|defined_term_tax_benefit_schedule|defined_term_early_termination_payment|defined_term_tax_asset,,,,
0001851959,0001104659-24-093132,tm2422691d1_ex10-4.htm,yes,2,centered_title|phrase|defined_term_realized_tax_benefit|defined_term_hypothetical_tax_liability|defined_term_tax_benefit_schedule|defined_term_early_termination_payment|defined_term_tax_asset,,,,
0001852131,0000950103-24-000003,dp204261_ex1001.htm,uncertain,2,phrase,,,,
0001852131,0000950103-24-008617,dp213052_ex1001.htm,no,2,,,,,
0001852131,0001193125-23-008499,d139910dex102.htm,uncertain,2,phrase,,,,
0001852131,0001193125-23-008499,d139910dex1022.htm,uncertain,2,phrase,,,,
0001852131,0001193125-23-014311,d139910dex101.htm,uncertain,2,phrase|defined_term_basis_adjustment,,,,
0001852131,0001193125-23-014311,d139910dex1016.htm,uncertain,2,phrase,,,,
0001852131,0001193125-23-014311,d139910dex103.htm,yes,2,centered_title|phrase|defined_term_realized_tax_benefit|defined_term_hypothetical_tax_liability|defined_term_tax_benefit_schedule|defined_term_early_termination_payment|defined_term_basis_adjustment,,,,
0001852131,0001193125-23-014311,d139910dex104.htm,uncertain,2,phrase|defined_term_tax_benefit_schedule|defined_term_basis_adjustment,,,no,Centered title 'LETTER AGREEMENT' that references the TRA as a separate parallel contract and modifies payments under it; not the TRA itself.
0001852131,0001193125-23-021533,d139910dex101.htm,uncertain,2,phrase|defined_term_basis_adjustment,,,,
0001852131,0001193125-23-021533,d139910dex1022.htm,uncertain,2,phrase,,,,
0001852131,0001193125-23-263031,d530891dex1016.htm,uncertain,2,phrase,,,,
0001854139,0000950170-22-001861,zvia-ex10_1.htm,no,2,,,,,
0001854139,0001193125-21-212508,d115565dex101.htm,uncertain,2,phrase|defined_term_basis_adjustment,,,,
0001854139,0001193125-21-212508,d115565dex102.htm,yes,2,centered_title|phrase|defined_term_realized_tax_benefit|defined_term_hypothetical_tax_liability|defined_term_exchange_basis|defined_term_tax_benefit_schedule|defined_term_early_termination_payment|defined_term_basis_adjustment|defined_term_tax_asset,,,,
0001854139,0001193125-21-246159,d213839dex101.htm,uncertain,2,phrase|defined_term_basis_adjustment,,,,
0001854139,0001193125-21-246159,d213839dex102.htm,yes,2,centered_title|phrase|defined_term_realized_tax_benefit|defined_term_hypothetical_tax_liability|defined_term_exchange_basis|defined_term_tax_benefit_schedule|defined_term_early_termination_payment|defined_term_basis_adjustment|defined_term_tax_asset|defined_term_section_754,,,,
0001854401,0000950170-22-009074,brdg-ex10_1.htm,yes,2,centered_title|phrase|defined_term_realized_tax_benefit|defined_term_hypothetical_tax_liability|defined_term_tax_benefit_schedule|defined_term_early_termination_payment|defined_term_basis_adjustment|defined_term_tax_asset|defined_term_section_754,,,,
0001854401,0001193125-21-206777,d136239dex101.htm,yes,2,centered_title|phrase|defined_term_realized_tax_benefit|defined_term_hypothetical_tax_liability|defined_term_tax_benefit_schedule|defined_term_early_termination_payment|defined_term_basis_adjustment|defined_term_tax_asset,,,,
0001854401,0001193125-21-209257,d136239dex102.htm,uncertain,2,phrase,,,no,Centered title is 'BRIDGE INVESTMENT GROUP HOLDINGS LLC FIFTH AMENDED AND RESTATED LIMITED LIABILITY COMPANY AGREEMENT'; not a TRA.
0001854401,0001193125-21-219664,d181549dex101.htm,yes,2,centered_title|phrase|defined_term_realized_tax_benefit|defined_term_hypothetical_tax_liability|defined_term_tax_benefit_schedule|defined_term_early_termination_payment|defined_term_basis_adjustment|defined_term_tax_asset,,,,
0001854401,0001193125-21-219664,d181549dex104.htm,uncertain,2,phrase,,,,
0001854401,0001193125-25-032823,d892124dex101.htm,yes,2,centered_title|phrase|defined_term_realized_tax_benefit|defined_term_hypothetical_tax_liability|defined_term_tax_benefit_schedule|defined_term_early_termination_payment|defined_term_basis_adjustment|defined_term_tax_asset,,,,
0001856028,0001140361-22-039408,brhc10043553_ex10-1.htm,uncertain,2,phrase,,,,
0001856028,0001140361-23-004861,ny20006440x9_ex10-1.htm,uncertain,2,phrase,,,,
0001856028,0001140361-24-038104,ef20034492_ex10-2.htm,uncertain,2,phrase|defined_term_early_termination_payment,,,,
0001856028,0001140361-24-038106,ef20034492_ex10-2.htm,uncertain,2,phrase|defined_term_early_termination_payment,,,,
0001856028,0001564590-21-038087,sdmi-ex1010_233.htm,uncertain,2,phrase,,,,
0001856028,0001564590-21-038087,sdmi-ex103_237.htm,yes,2,centered_title|phrase|defined_term_realized_tax_benefit|defined_term_hypothetical_tax_liability|defined_term_early_termination_payment|defined_term_basis_adjustment|defined_term_section_754,,,,
0001856028,0001564590-21-038087,sdmi-ex104_431.htm,uncertain,2,phrase,,,,
0001856028,0001564590-21-038087,sdmi-ex109_232.htm,uncertain,2,phrase,,,,
0001856028,0001564590-21-048559,sdmi-ex105_236.htm,uncertain,2,phrase,,,,
0001856028,0001564590-21-050445,sdmi-ex106_21.htm,uncertain,2,phrase,,,,
0001856028,0001564590-21-051744,sdmi-ex101_14.htm,uncertain,2,phrase,,,no,"Centered title 'THIRD AMENDED AND RESTATED LIMITED LIABILITY COMPANY AGREEMENT OF STRONGHOLD DIGITAL MINING HOLDINGS LLC'; LLC agreement, not a TRA."
0001856028,0001628280-22-014513,sdig1q22exxfourtharsdmhllc.htm,uncertain,2,phrase,,,,
0001856028,0001628280-23-010251,ex1035.htm,uncertain,2,phrase,,,,
0001856028,0001628280-23-010251,ex1060.htm,yes,2,centered_title|phrase,,,,
0001856028,0001628280-24-010049,ex1035.htm,uncertain,2,phrase,,,,
0001856031,0000950170-23-006371,seat-ex10_38.htm,uncertain,2,phrase,,,,
0001856031,0001140361-25-038568,ef20057412_ex10-1.htm,uncertain,2,phrase|defined_term_early_termination_payment,,,,
0001856031,0001193125-21-305506,d216055dex103.htm,yes,2,centered_title|phrase|defined_term_realized_tax_benefit|defined_term_hypothetical_tax_liability|defined_term_tax_benefit_schedule|defined_term_early_termination_payment|defined_term_basis_adjustment|defined_term_section_754,,,,
0001856031,0001193125-21-305506,d216055dex104.htm,uncertain,2,phrase,,,,
0001856236,0000950170-21-001806,ewcz-20210626ex10_4.htm,uncertain,2,phrase,,,,
0001856236,0000950170-21-001806,ewcz-20210626ex10_6.htm,yes,2,centered_title|phrase|defined_term_realized_tax_benefit|defined_term_hypothetical_tax_liability|defined_term_tax_benefit_schedule|defined_term_early_termination_payment|defined_term_basis_adjustment,,,,
0001856236,0000950170-21-001806,ewcz-20210626ex10_7.htm,uncertain,2,phrase,,,,
0001856236,0000950170-25-037202,ewcz-ex10_6.htm,yes,2,centered_title|phrase,,,,
0001856236,0001104659-21-091732,tm2114247d4_ex10-1.htm,no,2,,,,,
0001856236,0001104659-21-091732,tm2114247d4_ex10-10.htm,uncertain,2,phrase,,,,
0001856236,0001104659-21-091732,tm2114247d4_ex10-2.htm,no,2,,,,,
0001856236,0001104659-21-091732,tm2114247d4_ex10-3.htm,no,2,,,,,
0001856236,0001104659-21-091732,tm2114247d4_ex10-4.htm,no,2,,,,,
0001856236,0001104659-21-091732,tm2114247d4_ex10-7.htm,uncertain,2,phrase,,,,
0001856236,0001104659-21-091732,tm2114247d4_ex10-9.htm,yes,2,centered_title|phrase|defined_term_realized_tax_benefit|defined_term_hypothetical_tax_liability|defined_term_tax_benefit_schedule|defined_term_early_termination_payment|defined_term_basis_adjustment,,,,
0001856236,0001104659-21-102236,tm2123874d3_ex10-1.htm,no,2,,,,,
0001856236,0001193125-26-043656,d71794dex101.htm,yes,2,centered_title|phrase,,,,
0001856314,0001104659-21-070140,filename3.htm,uncertain,2,phrase|defined_term_early_termination_payment,,,,
0001856314,0001104659-21-077600,tm2112714d12_ex10-12.htm,uncertain,2,phrase|defined_term_early_termination_payment,,,,
0001856314,0001104659-21-077600,tm2112714d12_ex10-2.htm,uncertain,2,phrase,,,,
0001856314,0001104659-21-077600,tm2112714d12_ex10-4.htm,yes,2,centered_title|phrase|defined_term_realized_tax_benefit|defined_term_hypothetical_tax_liability|defined_term_exchange_basis|defined_term_tax_benefit_schedule|defined_term_early_termination_payment|defined_term_basis_adjustment,,,,
0001856314,0001104659-21-077600,tm2112714d12_ex10-5.htm,uncertain,2,phrase,,,,
0001856314,0001104659-21-084327,tm2112714d15_ex10-2.htm,uncertain,2,phrase,,,,
0001856314,0001104659-21-084327,tm2112714d15_ex10-4.htm,yes,2,centered_title|phrase|defined_term_realized_tax_benefit|defined_term_hypothetical_tax_liability|defined_term_exchange_basis|defined_term_tax_benefit_schedule|defined_term_early_termination_payment|defined_term_basis_adjustment,,,,
0001856314,0001104659-21-084327,tm2112714d15_ex10-5.htm,uncertain,2,phrase,,,,
0001856314,0001104659-21-088989,tm2112714d25_ex10-1.htm,uncertain,2,phrase,,,,
0001856314,0001104659-21-088989,tm2112714d25_ex10-2.htm,uncertain,2,phrase,,,,
0001856314,0001104659-21-088989,tm2112714d25_ex10-3.htm,uncertain,2,phrase,,,,
0001856314,0001104659-21-088989,tm2112714d25_ex10-5.htm,yes,2,centered_title|phrase|defined_term_realized_tax_benefit|defined_term_hypothetical_tax_liability|defined_term_exchange_basis|defined_term_tax_benefit_schedule|defined_term_early_termination_payment|defined_term_basis_adjustment,,,,
0001856314,0001193125-23-162657,d853507dex101.htm,uncertain,2,phrase,,,no,"Centered title 'SECOND AMENDED AND RESTATED OPERATING AGREEMENT of ALCLEAR HOLDINGS, LLC'; LLC operating agreement, not a TRA."
0001856314,0001856314-23-000024,exhibit102-clearxamendme.htm,no,2,,,,,
0001856430,0001104659-21-088496,tm2110925d10_ex10-13.htm,yes,2,centered_title|phrase|defined_term_realized_tax_benefit|defined_term_hypothetical_tax_liability|defined_term_tax_benefit_schedule|defined_term_early_termination_payment,,,,
0001856430,0001104659-21-088496,tm2110925d10_ex10-14.htm,uncertain,2,phrase,,,no,"Centered title 'Crackle Holdings, L.P. Treatment of Unvested Class B Units' (employee-letter agreement); TRA referenced as IPO doc, not a TRA itself."
0001856430,0001104659-21-088496,tm2110925d10_ex10-15.htm,uncertain,2,phrase,,,,
0001856430,0001104659-21-093218,tm2110925d13_ex10-14.htm,yes,2,centered_title|phrase|defined_term_realized_tax_benefit|defined_term_hypothetical_tax_liability|defined_term_tax_benefit_schedule|defined_term_early_termination_payment,,,,
0001856430,0001104659-21-093218,tm2110925d13_ex10-15.htm,uncertain,2,phrase,,,,
0001856430,0001104659-21-093218,tm2110925d13_ex10-16.htm,uncertain,2,phrase,,,,
0001856430,0001104659-21-093218,tm2110925d13_ex10-17.htm,uncertain,2,phrase,,,no,"Centered title 'ESCROW AGREEMENT'; references TRA as a related transaction document, not a TRA itself."
0001856430,0001856430-21-000011,whirlwind-taxreceivablea.htm,yes,2,centered_title|phrase|defined_term_realized_tax_benefit|defined_term_hypothetical_tax_liability|defined_term_tax_benefit_schedule|defined_term_early_termination_payment,,,,
0001856437,0001140361-21-019266,filename7.htm,uncertain,2,phrase|defined_term_tax_asset,,,,
0001856437,0001140361-21-021565,nt10022999x5_ex10-3.htm,uncertain,2,phrase|defined_term_tax_asset,,,,
0001856437,0001140361-21-023188,nt10022999x8_ex10-3.htm,uncertain,2,phrase|defined_term_tax_asset,,,no,Centered title 'TAX MATTERS AGREEMENT' (L Brands and Victoria's Secret spin-off); has a 'Tax Receivables Arrangements' section but not itself a TRA.
0001856437,0001140361-21-026649,nt10026698x8_ex10-3.htm,uncertain,2,phrase|defined_term_tax_asset,,,no,Centered title 'TAX MATTERS AGREEMENT' (L Brands and Victoria's Secret spin-off); not a TRA.
0001856525,0001193125-21-169332,d70382dex1011.htm,no,2,,,,,
0001856525,0001193125-21-169332,d70382dex1015.htm,no,2,,,,,
0001856525,0001193125-21-212000,d70382dex1017.htm,no,2,,,,,
0001856525,0001193125-21-212000,d70382dex104.htm,uncertain,2,phrase,,,no,"Centered title 'FORM OF EXCHANGE AGREEMENT'; governs partnership-interest exchanges, TRA only a referenced parallel doc."
0001856525,0001193125-21-212000,d70382dex105.htm,yes,2,centered_title|phrase|defined_term_realized_tax_benefit|defined_term_hypothetical_tax_liability|defined_term_exchange_basis|defined_term_tax_benefit_schedule|defined_term_early_termination_payment|defined_term_basis_adjustment|defined_term_tax_asset,,,,
0001856525,0001193125-21-212000,d70382dex106.htm,yes,2,centered_title|phrase|defined_term_realized_tax_benefit|defined_term_hypothetical_tax_liability|defined_term_exchange_basis|defined_term_tax_benefit_schedule|defined_term_early_termination_payment|defined_term_basis_adjustment,,,,
0001856525,0001193125-21-212000,d70382dex107.htm,uncertain,2,phrase,,,,
0001856525,0001193125-21-213660,d94226dex1014.htm,no,2,,,,,
0001856525,0001193125-21-226682,d185428dex101.htm,uncertain,2,phrase,,,,
0001856525,0001193125-21-226682,d185428dex1010.htm,no,2,,,,,
0001856525,0001193125-21-226682,d185428dex106.htm,yes,2,centered_title|phrase|defined_term_realized_tax_benefit|defined_term_hypothetical_tax_liability|defined_term_exchange_basis|defined_term_tax_benefit_schedule|defined_term_early_termination_payment|defined_term_basis_adjustment|defined_term_tax_asset,,,,
0001856525,0001193125-21-226682,d185428dex107.htm,yes,2,centered_title|phrase|defined_term_realized_tax_benefit|defined_term_hypothetical_tax_liability|defined_term_exchange_basis|defined_term_tax_benefit_schedule|defined_term_early_termination_payment|defined_term_basis_adjustment,,,,
0001856525,0001193125-21-226682,d185428dex108.htm,uncertain,2,phrase,,,,
0001856525,0001193125-21-226682,d185428dex109.htm,uncertain,2,phrase,,,,
0001856525,0001193125-22-208674,d353439dex101.htm,no,2,,,,,
0001856525,0001193125-24-033015,d778499dex101.htm,no,2,,,,,
0001856525,0001193125-24-033015,d778499dex102.htm,no,2,,,,,
0001856525,0001193125-26-150369,d142907dex101.htm,no,2,,,,,
0001856525,0001856525-23-000011,coremainex1019q42022.htm,no,2,,,,,
0001856725,0000950170-22-005088,rani-ex10_1.htm,yes,2,centered_title|phrase|defined_term_realized_tax_benefit|defined_term_hypothetical_tax_liability|defined_term_tax_benefit_schedule|defined_term_early_termination_payment|defined_term_basis_adjustment|defined_term_section_754,,,,
0001856725,0000950170-22-005088,rani-ex10_4.htm,uncertain,2,phrase,,,,
0001856725,0000950170-22-016492,rani-ex10_1.htm,uncertain,2,phrase,,,,
0001856725,0001193125-21-217338,d151628dex101.htm,yes,2,centered_title|phrase|defined_term_realized_tax_benefit|defined_term_hypothetical_tax_liability|defined_term_tax_benefit_schedule|defined_term_early_termination_payment|defined_term_basis_adjustment|defined_term_section_754,,,,
0001856725,0001193125-21-217338,d151628dex104.htm,uncertain,2,phrase,,,no,"Centered title 'RANI THERAPEUTICS, LLC FORM OF FIFTH AMENDED AND RESTATED LIMITED LIABILITY COMPANY AGREEMENT'; not a TRA."
0001856725,0001193125-25-241963,d38236dex101.htm,uncertain,2,phrase,,,,
0001857951,0000950103-22-020910,dp185574_ex1003.htm,yes,2,centered_title|phrase|defined_term_early_termination_payment,,,,
0001857951,0000950103-22-021510,dp186102_ex1001.htm,no,2,,,,,
0001857951,0001193125-21-212480,d39834dex1021.htm,uncertain,2,phrase,,,,
0001857951,0001193125-21-212480,d39834dex103.htm,uncertain,2,phrase,,,,
0001857951,0001193125-21-212480,d39834dex104.htm,yes,2,centered_title|phrase|defined_term_realized_tax_benefit|defined_term_hypothetical_tax_liability|defined_term_tax_benefit_schedule|defined_term_early_termination_payment|defined_term_basis_adjustment,,,,
0001857951,0001193125-21-224970,d39834dex1023.htm,no,2,,,,,
0001857951,0001193125-21-243354,d205656dex101.htm,yes,2,centered_title|phrase|defined_term_realized_tax_benefit|defined_term_hypothetical_tax_liability|defined_term_tax_benefit_schedule|defined_term_early_termination_payment|defined_term_basis_adjustment,,,,
0001857951,0001193125-21-243354,d205656dex104.htm,uncertain,2,phrase,,,,
0001857951,0001628280-21-025047,webrex1027.htm,no,2,,,,,
0001857951,0001628280-22-004722,webr-03022022x8xkexhibit101.htm,no,2,,,,,
0001857951,0001628280-22-031889,webr-20220930x10kex1024.htm,uncertain,2,phrase,,,,
0001857971,0001193125-21-207696,d149744dex102.htm,yes,2,centered_title|phrase|defined_term_realized_tax_benefit|defined_term_hypothetical_tax_liability|defined_term_tax_benefit_schedule|defined_term_early_termination_payment|defined_term_basis_adjustment,,,,
0001857971,0001193125-22-185271,d363703dex102.htm,yes,2,centered_title|phrase|defined_term_realized_tax_benefit|defined_term_hypothetical_tax_liability|defined_term_tax_benefit_schedule|defined_term_basis_adjustment,,,,
0001857971,0001193125-23-180567,d501461dex103.htm,yes,2,centered_title|phrase|defined_term_realized_tax_benefit|defined_term_hypothetical_tax_liability|defined_term_tax_benefit_schedule|defined_term_basis_adjustment,,,,
0001858681,0001193125-21-315830,d168064dex1097.htm,uncertain,2,phrase,,,,
0001858681,0001858681-22-000029,exhibit1027q12022agm.htm,uncertain,2,phrase,,,,
0001858681,0001858681-22-000029,exhibit1032q12022agm.htm,yes,2,centered_title|phrase|defined_term_early_termination_payment,,,,
0001859254,0001193125-21-265465,d141813dex101.htm,yes,2,centered_title|phrase|defined_term_realized_tax_benefit|defined_term_hypothetical_tax_liability|defined_term_tax_benefit_schedule|defined_term_early_termination_payment|defined_term_basis_adjustment,,,,
0001859254,0001193125-21-265465,d141813dex102.htm,uncertain,2,phrase,,,,
0001859254,0001193125-21-265465,d141813dex103.htm,uncertain,2,phrase,,,,
0001859285,0000950103-24-002368,dp206920_ex1001.htm,uncertain,2,phrase,,,no,Centered title 'SUPPORT AGREEMENT' tied to a Merger Agreement; TRA referenced only in a recital as pre-existing.
0001859285,0000950103-24-002371,dp206944_ex1001.htm,uncertain,2,phrase,,,,
0001859285,0000950142-21-003500,eh210198436_ex1001.htm,yes,2,centered_title|phrase|defined_term_realized_tax_benefit|defined_term_hypothetical_tax_liability|defined_term_tax_benefit_schedule|defined_term_early_termination_payment,,,,
0001859285,0001628280-21-019751,exhibit101-sx1.htm,no,2,,,,,
0001859285,0001628280-21-019751,exhibit1015-sx1.htm,yes,2,centered_title|phrase|defined_term_realized_tax_benefit|defined_term_hypothetical_tax_liability|defined_term_tax_benefit_schedule|defined_term_early_termination_payment,,,,
0001859285,0001628280-21-019751,exhibit102-sx1.htm,no,2,,,,,
0001859285,0001859285-22-000060,firstamendmenttofirstlienc.htm,no,2,,,,,
0001859285,0001859285-23-000174,exhibit101-93023.htm,no,2,,,,,
0001859392,0001104659-22-008454,tm2127871d9_ex10-1.htm,uncertain,2,phrase|defined_term_section_754,,,,
0001859392,0001104659-22-008454,tm2127871d9_ex10-3.htm,uncertain,2,phrase|defined_term_realized_tax_benefit|defined_term_hypothetical_tax_liability|defined_term_exchange_basis|defined_term_tax_benefit_schedule|defined_term_early_termination_payment|defined_term_basis_adjustment,,,,
0001859392,0001628280-25-015309,exhibit101-galaxyxgdhlpx7t.htm,uncertain,2,phrase|defined_term_section_754,,,,
0001859392,0001628280-25-015309,exhibit103-argalaxytaxrece.htm,uncertain,2,phrase|defined_term_realized_tax_benefit|defined_term_hypothetical_tax_liability|defined_term_exchange_basis|defined_term_tax_benefit_schedule|defined_term_early_termination_payment|defined_term_basis_adjustment,,,,
0001859392,0001859392-25-000010,exhibit101galaxy-gdhlpx7th.htm,uncertain,2,phrase|defined_term_section_754,,,,
0001859392,0001859392-25-000010,exhibit102argalaxytaxrecei.htm,uncertain,2,phrase|defined_term_realized_tax_benefit|defined_term_hypothetical_tax_liability|defined_term_exchange_basis|defined_term_tax_benefit_schedule|defined_term_early_termination_payment|defined_term_basis_adjustment,,,,
0001859836,0001104659-21-085941,filename4.htm,uncertain,2,phrase,,,,
0001859836,0001104659-21-117942,tm2114709d5_ex10-5.htm,uncertain,2,phrase,,,no,"Centered title 'CREDIT AGREEMENT' (BW Gas & Convenience, JPMorgan Chase); not a TRA."
0001859836,0001104659-21-117942,tm2114709d8_ex10-2.htm,uncertain,2,phrase,,,,
0001859836,0001104659-26-012540,filename6.htm,uncertain,2,phrase,,,,
0001859836,0001104659-26-035973,tm2527636d8_ex10-1.htm,yes,2,centered_title|phrase|defined_term_realized_tax_benefit|defined_term_hypothetical_tax_liability|defined_term_tax_benefit_schedule|defined_term_early_termination_payment|defined_term_basis_adjustment|defined_term_tax_asset,,,,
0001859836,0001104659-26-035973,tm2527636d8_ex10-2.htm,uncertain,2,phrase,,,no,"Centered title 'FOURTH AMENDED AND RESTATED LIMITED LIABILITY COMPANY AGREEMENT' of BW Ultimate Parent, LLC; not a TRA."
0001859836,0001104659-26-035973,tm2527636d8_ex10-5.htm,uncertain,2,phrase,,,,
0001859836,0001104659-26-035973,tm2527636d8_ex10-5a.htm,no,2,,,,,
0001859836,0001104659-26-035973,tm2527636d8_ex10-5b.htm,no,2,,,,,
0001859836,0001104659-26-035973,tm2527636d8_ex10-5d.htm,no,2,,,,,
0001859836,0001104659-26-042357,tm2527636d10_ex10-5a.htm,no,2,,,,,
0001859836,0001104659-26-042357,tm2527636d10_ex10-5b.htm,no,2,,,,,
0001859836,0001104659-26-049520,tm2527636d21_ex10-1.htm,yes,2,centered_title|phrase|defined_term_realized_tax_benefit|defined_term_hypothetical_tax_liability|defined_term_tax_benefit_schedule|defined_term_early_termination_payment|defined_term_basis_adjustment|defined_term_tax_asset,,,,
0001859836,0001104659-26-049520,tm2527636d21_ex10-2.htm,uncertain,2,phrase,,,,
0001861681,0001104659-21-095668,tm2115868d13_ex10-17.htm,uncertain,2,phrase,,,,
0001861681,0001104659-21-095668,tm2115868d13_ex10-3.htm,uncertain,2,phrase,,,,
0001861681,0001104659-21-095668,tm2115868d13_ex10-6.htm,uncertain,2,phrase|defined_term_realized_tax_benefit|defined_term_hypothetical_tax_liability|defined_term_tax_benefit_schedule|defined_term_early_termination_payment|defined_term_basis_adjustment,,,,
0001861795,0000950170-21-003484,dh-ex10_10.htm,yes,2,centered_title|phrase|defined_term_realized_tax_benefit|defined_term_hypothetical_tax_liability|defined_term_tax_benefit_schedule|defined_term_early_termination_payment|defined_term_basis_adjustment|defined_term_section_754,,,,
0001861795,0000950170-21-003484,dh-ex10_8.htm,uncertain,2,phrase,,,no,"Centered title 'REORGANIZATION AGREEMENT' governing IPO reorganization (Pubco, operating LLC, Pre-IPO Equityholders); not a TRA."
0001861795,0000950170-22-021958,dh-ex10_5.htm,no,2,,,,,
0001861795,0000950170-25-006199,dh-ex10_1.htm,no,2,,,,,
0001861795,0001193125-21-252899,d127783dex1012.htm,uncertain,2,phrase,,,,
0001861795,0001193125-21-252899,d127783dex1014.htm,yes,2,centered_title|phrase|defined_term_realized_tax_benefit|defined_term_hypothetical_tax_liability|defined_term_tax_benefit_schedule|defined_term_early_termination_payment|defined_term_basis_adjustment,,,,
0001861795,0001193125-21-277423,d402153dex101.htm,no,2,,,,,
0001862068,0001829126-22-016045,rubicontech_ex10-10.htm,yes,2,centered_title|phrase|defined_term_realized_tax_benefit|defined_term_hypothetical_tax_liability|defined_term_exchange_basis|defined_term_tax_benefit_schedule|defined_term_early_termination_payment|defined_term_basis_adjustment|defined_term_tax_asset|defined_term_section_754,,,,
0001862068,0001829126-22-016045,rubicontech_ex10-9.htm,uncertain,2,phrase|defined_term_basis_adjustment,,,,
0001862068,0001829126-24-008099,rubicontech_ex10-1.htm,uncertain,2,phrase,,,,
0001862068,0001829126-24-008099,rubicontech_ex10-4.htm,uncertain,2,phrase,,,,
0001862461,0001104659-26-049647,tm2612777d5_ex10-1.htm,uncertain,2,phrase,,,,
0001862461,0001104659-26-049647,tm2612777d5_ex10-3.htm,uncertain,2,phrase,,,,
0001865187,0001140361-21-026489,filename2.htm,uncertain,2,phrase,,,,
0001865187,0001140361-21-032208,nt10025419x7_ex10-2.htm,yes,2,centered_title|phrase|defined_term_realized_tax_benefit|defined_term_hypothetical_tax_liability|defined_term_early_termination_payment|defined_term_basis_adjustment|defined_term_section_754,,,,
0001865187,0001140361-21-032208,nt10025419x7_ex10-4.htm,uncertain,2,phrase,,,,
0001865187,0001140361-21-034016,nt10025419x8_ex10-1.htm,uncertain,2,phrase,,,,
0001865187,0001140361-21-035664,nt10025419x24_ex10-1.htm,uncertain,2,phrase,,,no,"Centered title 'FOURTH AMENDED AND RESTATED LIMITED LIABILITY COMPANY AGREEMENT OF SOLARIS MIDSTREAM HOLDINGS, LLC'; an LLC agreement, not a TRA."
0001865187,0001140361-21-035664,nt10025419x24_ex10-13.htm,yes,2,centered_title|phrase|defined_term_realized_tax_benefit|defined_term_hypothetical_tax_liability|defined_term_early_termination_payment|defined_term_basis_adjustment|defined_term_section_754,,,,
0001865187,0001193125-25-175424,d202847dex102.htm,yes,2,centered_title|phrase|defined_term_early_termination_payment,,,,
0001865187,0001423902-25-000065,wes2025q28-kxex102.htm,yes,2,centered_title|phrase|defined_term_early_termination_payment,,,,
0001865187,0001558370-23-013120,aris-20230630xex10d3.htm,no,2,,,,,
0001865506,0001213900-24-024166,ea020202901ex10-10_zeoenergy.htm,yes,2,centered_title|phrase|defined_term_realized_tax_benefit|defined_term_hypothetical_tax_liability|defined_term_early_termination_payment|defined_term_basis_adjustment|defined_term_section_754,,,,
0001865506,0001213900-24-024166,ea020202901ex10-8_zeoenergy.htm,uncertain,2,phrase|defined_term_basis_adjustment,,,,
0001865597,0001193125-21-295667,d132904dex1010.htm,uncertain,2,phrase,,,no,"Centered title 'STOCKHOLDERS AGREEMENT' (Ensemble Health Partners, Inc.); not a TRA."
0001865597,0001193125-21-295667,d132904dex107.htm,uncertain,2,phrase|defined_term_basis_adjustment,,,,
0001865597,0001193125-21-295667,d132904dex108.htm,yes,2,centered_title|phrase|defined_term_realized_tax_benefit|defined_term_hypothetical_tax_liability|defined_term_tax_benefit_schedule|defined_term_early_termination_payment|defined_term_basis_adjustment|defined_term_tax_asset,,,,
0001865782,0000950170-24-051607,btsg-ex10_1.htm,no,2,,,,,
0001865782,0000950170-24-135375,btsg-ex10_1.htm,no,2,,,,,
0001865782,0001193125-22-010052,d244865dex1010.htm,uncertain,2,phrase,,,,
0001865782,0001193125-22-010052,d244865dex102.htm,uncertain,2,phrase,,,,
0001865782,0001193125-22-010052,d244865dex109.htm,no,2,,,,,
0001865782,0001193125-24-005605,d251968dex1010.htm,no,2,,,,,
0001865782,0001193125-24-005605,d251968dex1011.htm,uncertain,2,phrase,,,,
0001865782,0001193125-24-005605,d251968dex1014.htm,no,2,,,,,
0001865782,0001193125-24-005605,d251968dex102.htm,uncertain,2,phrase,,,,
0001865782,0001193125-24-044694,d793103dex101.htm,no,2,,,,,
0001866175,0001193125-22-096179,d316318dex102.htm,no,2,,,,,
0001866175,0001193125-22-254301,d346381dex101.htm,no,2,,,,,
0001866175,0001628280-24-028816,exhibit101-pricing8xk.htm,no,2,,,,,
0001866175,0001628280-25-046274,exhibit-1018xk.htm,no,2,,,,,
0001866175,0001866175-22-000007,crescent-rblcreditagreemen.htm,no,2,,,,,
0001866175,0001866175-26-000026,ex-1048revisedwfb_crescent.htm,no,2,,,,,
0001866368,0001104659-25-003010,tm251420d4_ex10-1.htm,yes,2,centered_title|phrase|defined_term_early_termination_payment,,,,
0001866368,0001193125-21-268648,d179113dex1020.htm,uncertain,2,phrase,,,no,Centered title 'CREDIT AGREEMENT' (Clearwater Analytics term loan); not a TRA.
0001866368,0001193125-21-272296,d179113dex1017.htm,yes,2,centered_title|phrase|defined_term_early_termination_payment,,,,
0001866368,0001193125-21-272296,d179113dex102.htm,yes,2,centered_title|phrase|defined_term_realized_tax_benefit|defined_term_hypothetical_tax_liability|defined_term_tax_benefit_schedule|defined_term_early_termination_payment|defined_term_basis_adjustment,,,,
0001866368,0001193125-21-285647,d220845dex103.htm,yes,2,centered_title|phrase|defined_term_realized_tax_benefit|defined_term_hypothetical_tax_liability|defined_term_tax_benefit_schedule|defined_term_early_termination_payment|defined_term_basis_adjustment,,,,
0001866368,0001193125-21-285647,d220845dex104.htm,uncertain,2,phrase,,,,
0001866368,0001193125-21-285647,d220845dex105.htm,uncertain,2,phrase,,,,
0001866368,0001193125-21-285647,d220845dex106.htm,yes,2,centered_title|phrase|defined_term_early_termination_payment,,,,
0001866368,0001193125-25-087277,d926858dex101.htm,uncertain,2,phrase,,,,
0001866368,0001628280-23-027534,a2023sofrtransition-jpmc.htm,uncertain,2,phrase,,,,
0001866368,0001628280-24-007825,amendmentno1ofcreditagre.htm,uncertain,2,phrase,,,,
0001866368,0001628280-24-045726,clearwater-amendmenttotrae.htm,yes,2,centered_title|phrase,,,,
0001866368,0001628280-24-045729,clearwater-amendmenttotrae.htm,yes,2,centered_title|phrase,,,,
0001866581,0001628280-21-018116,exhibit101-sx1a1.htm,uncertain,2,phrase,,,,
0001866581,0001628280-21-018116,exhibit105-sx1a1.htm,yes,2,centered_title|phrase|defined_term_realized_tax_benefit|defined_term_hypothetical_tax_liability|defined_term_tax_benefit_schedule|defined_term_early_termination_payment|defined_term_basis_adjustment,,,,
0001866581,0001628280-21-018116,exhibit106-sx1a1.htm,yes,2,centered_title|phrase|defined_term_realized_tax_benefit|defined_term_hypothetical_tax_liability|defined_term_tax_benefit_schedule|defined_term_early_termination_payment|defined_term_basis_adjustment|defined_term_section_754,,,,
0001866581,0001628280-21-018861,exhibit101-8xk.htm,uncertain,2,phrase,,,,
0001866581,0001628280-21-018861,exhibit102-8xk.htm,yes,2,centered_title|phrase|defined_term_realized_tax_benefit|defined_term_hypothetical_tax_liability|defined_term_tax_benefit_schedule|defined_term_early_termination_payment|defined_term_basis_adjustment,,,,
0001866581,0001628280-21-018861,exhibit103-8xk.htm,yes,2,centered_title|phrase|defined_term_realized_tax_benefit|defined_term_hypothetical_tax_liability|defined_term_tax_benefit_schedule|defined_term_early_termination_payment|defined_term_basis_adjustment|defined_term_section_754,,,,
0001866581,0001866581-22-000020,final2022dmljpmarcredita.htm,uncertain,2,phrase,,,,
0001866581,0001866581-23-000108,a2023-08x04amendmentno1t.htm,uncertain,2,phrase,,,,
0001866581,0001866581-24-000175,dutchmafiallcfourthamend.htm,uncertain,2,phrase,,,,
0001866581,0001866581-25-000048,exh1012025-02x07dutchmaf.htm,uncertain,2,phrase,,,,
0001866581,0001866581-25-000174,jpm_dutchbrosx2ndarcax2n.htm,uncertain,2,phrase,,,,
0001866757,0001193125-21-272138,d64351dex104.htm,uncertain,2,phrase,,,,
0001866757,0001193125-21-272138,d64351dex105.htm,yes,2,centered_title|phrase|defined_term_realized_tax_benefit|defined_term_hypothetical_tax_liability|defined_term_tax_benefit_schedule|defined_term_early_termination_payment|defined_term_basis_adjustment,,,,
0001866757,0001193125-21-272138,d64351dex106.htm,uncertain,2,phrase,,,no,"Centered title 'BRILLIANT EARTH, LLC AMENDED AND RESTATED LIMITED LIABILITY COMPANY AGREEMENT'; LLC agreement, not a TRA."
0001866757,0001193125-21-284281,d61525dex101.htm,uncertain,2,phrase,,,,
0001866757,0001193125-21-284281,d61525dex102.htm,yes,2,centered_title|phrase|defined_term_realized_tax_benefit|defined_term_hypothetical_tax_liability|defined_term_tax_benefit_schedule|defined_term_early_termination_payment|defined_term_basis_adjustment,,,,
0001866757,0001866757-22-000155,v2creditagreement-brilli.htm,uncertain,2,phrase,,,,
0001866757,0001866757-24-000040,exh1015combined1afirstam.htm,uncertain,2,phrase,,,,
0001866757,0001866757-25-000038,exhibit1017amendmentno1t.htm,yes,2,centered_title|phrase,,,,
0001868726,0001193125-21-259313,d164089dex103.htm,yes,2,centered_title|phrase|defined_term_realized_tax_benefit|defined_term_hypothetical_tax_liability|defined_term_tax_benefit_schedule|defined_term_early_termination_payment|defined_term_tax_asset,,,,
0001868726,0001193125-26-126362,d119132dex101.htm,yes,2,centered_title|phrase|defined_term_early_termination_payment,,,,
0001868726,0001868726-21-000010,ex102-incometaxreceivablea.htm,yes,2,centered_title|phrase|defined_term_realized_tax_benefit|defined_term_hypothetical_tax_liability|defined_term_tax_benefit_schedule|defined_term_early_termination_payment|defined_term_tax_asset,,,,
0001868726,0001868726-22-000008,exhibit101debtagreement.htm,uncertain,2,phrase,,,,
0001868912,0001104659-25-002843,tm251420d1_ex10-1.htm,yes,2,centered_title|phrase|defined_term_early_termination_payment,,,,
0001868912,0001558370-21-013111,tmb-20211004xex10d15.htm,uncertain,2,phrase,,,,
0001868912,0001558370-21-013111,tmb-20211004xex10d2.htm,uncertain,2,phrase,,,,
0001868912,0001558370-21-013111,tmb-20211004xex10d3.htm,uncertain,2,phrase|defined_term_realized_tax_benefit|defined_term_hypothetical_tax_liability|defined_term_tax_benefit_schedule|defined_term_early_termination_payment|defined_term_basis_adjustment,,,,
0001868912,0001558370-22-004676,enfn-20211231xex10d13.htm,uncertain,2,phrase,,,,
0001868912,0001558370-22-004676,enfn-20211231xex10d2.htm,uncertain,2,phrase,,,no,Centered title 'SEVENTH AMENDED AND RESTATED OPERATING AGREEMENT' (LLC); TRA only referenced as a related transaction document.
0001868912,0001558370-22-004676,enfn-20211231xex10d3.htm,uncertain,2,phrase|defined_term_realized_tax_benefit|defined_term_hypothetical_tax_liability|defined_term_tax_benefit_schedule|defined_term_early_termination_payment|defined_term_basis_adjustment,,,,
0001868912,0001558370-23-015842,enfn-20230915xex10d1.htm,uncertain,2,phrase|defined_term_early_termination_payment,,,,
0001868912,0001558370-24-011093,enfn-20240630xex10d2.htm,uncertain,2,phrase,,,,
0001868941,0001104659-21-127372,tm2120236d12_ex10-1.htm,yes,2,centered_title|phrase|defined_term_realized_tax_benefit|defined_term_hypothetical_tax_liability|defined_term_tax_benefit_schedule|defined_term_early_termination_payment|defined_term_basis_adjustment|defined_term_tax_asset,,,,
0001868941,0001104659-21-127372,tm2120236d12_ex10-14.htm,uncertain,2,phrase,,,,
0001868941,0001104659-21-127372,tm2120236d12_ex10-2.htm,uncertain,2,phrase,,,,
0001868941,0001104659-21-133771,tm2120236d16_ex10-1.htm,uncertain,2,phrase,,,,
0001868941,0001104659-21-133771,tm2120236d16_ex10-2.htm,yes,2,centered_title|phrase|defined_term_realized_tax_benefit|defined_term_hypothetical_tax_liability|defined_term_tax_benefit_schedule|defined_term_early_termination_payment|defined_term_basis_adjustment|defined_term_tax_asset,,,,
0001868941,0001104659-26-039628,tm2610909d1_ex10-1.htm,uncertain,2,phrase,,,,
0001868941,0001104659-26-056304,flnc-20260331xex10d1.htm,no,2,,,,,
0001868941,0001868941-21-000012,ex1014_revolvingcreditag.htm,uncertain,2,phrase,,,,
0001868941,0001868941-23-000061,exhibit101-conformedamendm.htm,uncertain,2,phrase,,,,
0001868941,0001868941-23-000077,exhibit101-creditagreement.htm,uncertain,2,phrase,,,,
0001868941,0001868941-24-000045,exhibit103-amendmentno2tot.htm,uncertain,2,phrase,,,,
0001868941,0001868941-24-000059,exhibit102-amendmentno3tot.htm,no,2,,,,,
0001869113,0000950131-21-005238,filename5.htm,yes,2,centered_title|phrase|defined_term_realized_tax_benefit|defined_term_hypothetical_tax_liability|defined_term_exchange_basis|defined_term_tax_benefit_schedule|defined_term_early_termination_payment|defined_term_basis_adjustment|defined_term_tax_asset,,,,
0001870600,0001193125-21-302715,d153461dex101.htm,yes,2,centered_title|phrase|defined_term_realized_tax_benefit|defined_term_hypothetical_tax_liability|defined_term_tax_benefit_schedule|defined_term_early_termination_payment|defined_term_basis_adjustment|defined_term_section_754,,,,
0001870600,0001193125-21-302715,d153461dex104.htm,uncertain,2,phrase,,,,
0001870600,0001870600-21-000010,exhibit101-taxreceivableag.htm,yes,2,centered_title|phrase|defined_term_realized_tax_benefit|defined_term_hypothetical_tax_liability|defined_term_tax_benefit_schedule|defined_term_early_termination_payment|defined_term_basis_adjustment|defined_term_section_754,,,,
0001870600,0001870600-21-000010,exhibit102-llcagreement.htm,uncertain,2,phrase,,,no,"Centered title 'LIMITED LIABILITY COMPANY AGREEMENT'; LLC agreement, not a TRA."
0001870997,0001104659-21-119310,tm2122068d11_ex10-2.htm,uncertain,2,phrase|defined_term_tax_asset,,,,
0001870997,0001870997-21-000009,exhibit_10-2.htm,uncertain,2,phrase|defined_term_tax_asset,,,,
0001871149,0001193125-21-297036,d187927dex101.htm,yes,2,centered_title|phrase|defined_term_realized_tax_benefit|defined_term_tax_benefit_schedule|defined_term_early_termination_payment|defined_term_basis_adjustment,,,,
0001871149,0001193125-21-297036,d187927dex103.htm,uncertain,2,phrase,,,,
0001871149,0001193125-21-297036,d187927dex107.htm,yes,2,centered_title|phrase,,,,
0001871149,0001193125-21-310289,d187927dex103.htm,uncertain,2,phrase,,,,
0001871149,0001193125-21-330143,d626776dex101.htm,yes,2,centered_title|phrase|defined_term_realized_tax_benefit|defined_term_tax_benefit_schedule|defined_term_early_termination_payment|defined_term_basis_adjustment,,,,
0001871149,0001193125-21-330143,d626776dex103.htm,yes,2,centered_title|phrase,,,,
0001871149,0001193125-21-330143,d626776dex104.htm,uncertain,2,phrase,,,,
0001871149,0001193125-24-226945,d855258dex101.htm,uncertain,2,phrase,,,,
0001871149,0001193125-24-226945,d855258dex102.htm,uncertain,2,phrase,,,,
0001871149,0001193125-24-226945,d855258dex103.htm,uncertain,2,phrase,,,,
0001871149,0001193125-24-226945,d855258dex104.htm,uncertain,2,phrase,,,,
0001871149,0001193125-24-226945,d855258dex106.htm,uncertain,2,phrase,,,,
0001871149,0001193125-24-226945,d855258dex107.htm,yes,2,centered_title|phrase|defined_term_realized_tax_benefit|defined_term_tax_benefit_schedule|defined_term_early_termination_payment|defined_term_basis_adjustment,,,,
0001871509,0001193125-21-285789,d184092dex1013.htm,uncertain,2,phrase|defined_term_section_754,,,,
0001871509,0001193125-21-293320,d184092dex1012.htm,yes,2,centered_title|phrase|defined_term_realized_tax_benefit|defined_term_hypothetical_tax_liability|defined_term_tax_benefit_schedule|defined_term_early_termination_payment|defined_term_basis_adjustment|defined_term_section_754,,,,
0001871509,0001871509-21-000009,exhibit1012taxreceivableag.htm,yes,2,centered_title|phrase|defined_term_realized_tax_benefit|defined_term_hypothetical_tax_liability|defined_term_tax_benefit_schedule|defined_term_early_termination_payment|defined_term_basis_adjustment|defined_term_section_754,,,,
0001871509,0001871509-21-000009,exhibit1013secondamendedan.htm,uncertain,2,phrase|defined_term_section_754,,,,
0001871509,0001871509-23-000005,form8-k2223exhibit101.htm,no,2,,,,,
0001871509,0001871509-25-000009,exhibit101-portillosfirsta.htm,no,2,,,,,
0001871509,0001871509-25-000016,exhibit1023portillosfirsta.htm,no,2,,,,,
0001871509,0001871509-25-000016,exhibit1024taxreceivableli.htm,yes,2,centered_title|phrase,,,,
0001874848,0001104659-21-134655,tm2123162d9_ex10-1.htm,yes,2,centered_title|phrase|defined_term_realized_tax_benefit|defined_term_hypothetical_tax_liability|defined_term_tax_benefit_schedule|defined_term_early_termination_payment|defined_term_basis_adjustment|defined_term_section_754,,,,
0001874848,0001104659-21-142120,tm2123162d12_ex10-2.htm,uncertain,2,phrase|defined_term_basis_adjustment,,,,
0001874848,0001104659-21-142120,tm2123162d12_ex10-6.htm,no,2,,,,,
0001874944,0001104659-21-128686,tm2124386d7_ex10-19.htm,no,2,,,,,
0001874944,0001104659-21-148190,tm2123628d52_ex10-3.htm,yes,2,centered_title|phrase|defined_term_realized_tax_benefit|defined_term_hypothetical_tax_liability|defined_term_tax_benefit_schedule|defined_term_early_termination_payment|defined_term_basis_adjustment|defined_term_tax_asset,,,,
0001874944,0001104659-21-148190,tm2123628d52_ex10-4.htm,uncertain,2,phrase,,,,
0001874944,0001104659-21-148190,tm2123628d52_ex10-6.htm,no,2,,,,,
0001874944,0001140361-24-050634,ny20040790x1_ex10-4.htm,yes,2,centered_title|phrase|defined_term_early_termination_payment,,,,
0001874944,0001140361-24-050634,ny20040790x1_ex10-5.htm,no,2,,,,,
0001874944,0001140361-24-050635,ny20040790x3_ex10-4.htm,yes,2,centered_title|phrase|defined_term_early_termination_payment,,,,
0001874944,0001140361-24-050635,ny20040790x3_ex10-5.htm,no,2,,,,,
0001874944,0001140361-25-016775,ef20048254_ex10-2.htm,no,2,,,,,
0001874944,0001874944-23-000108,exhibit107q2202310-q.htm,no,2,,,,,
0001874944,0001874944-24-000076,exhibit101-amendmentno3ton.htm,no,2,,,,,
0001874985,0001213900-21-060113,fs12021a1ex10-1_rhodium.htm,uncertain,2,phrase,,,,
0001874985,0001213900-21-060113,fs12021a1ex10-5_rhodium.htm,yes,2,centered_title|phrase|defined_term_realized_tax_benefit|defined_term_hypothetical_tax_liability|defined_term_tax_benefit_schedule|defined_term_early_termination_payment|defined_term_basis_adjustment|defined_term_tax_asset,,,,
0001879560,0001104659-22-008386,tm2126636d13_ex10-2.htm,uncertain,2,phrase,,,,
0001879560,0001104659-22-008386,tm2126636d13_ex10-4.htm,uncertain,2,phrase|defined_term_basis_adjustment,,,,
0001879560,0001104659-22-008386,tm2126636d13_ex10-6.htm,yes,2,centered_title|phrase|defined_term_realized_tax_benefit|defined_term_hypothetical_tax_liability|defined_term_tax_benefit_schedule|defined_term_early_termination_payment|defined_term_basis_adjustment|defined_term_tax_asset,,,,
0001879560,0001104659-22-009878,tm2126636d15_ex10-4.htm,uncertain,2,phrase|defined_term_basis_adjustment,,,,
0001879560,0001104659-22-045223,tm2126636d17_ex10-4.htm,uncertain,2,phrase|defined_term_basis_adjustment,,,,
0001880613,0001104659-22-004925,tm2125950d11_ex10-17.htm,uncertain,2,phrase,,,,
0001880613,0001104659-22-004925,tm2125950d11_ex10-2.htm,yes,2,centered_title|phrase|defined_term_realized_tax_benefit|defined_term_hypothetical_tax_liability|defined_term_tax_benefit_schedule|defined_term_early_termination_payment|defined_term_basis_adjustment|defined_term_section_754,,,,
0001880613,0001104659-22-004925,tm2125950d11_ex10-7.htm,uncertain,2,phrase,,,,
0001880613,0001104659-22-006959,tm2125950d14_ex10-1.htm,uncertain,2,phrase,,,,
0001880613,0001104659-22-024336,tm2125950d32_ex10-1.htm,uncertain,2,phrase,,,,
0001880613,0001104659-22-024336,tm2125950d32_ex10-2.htm,yes,2,centered_title|phrase|defined_term_realized_tax_benefit|defined_term_hypothetical_tax_liability|defined_term_tax_benefit_schedule|defined_term_early_termination_payment|defined_term_basis_adjustment,,,,
0001880613,0001104659-23-003054,tm233061d1_ex10-1.htm,uncertain,2,phrase,,,,
0001880613,0001104659-23-080327,tm2321088d1_ex10-1.htm,uncertain,2,phrase,,,,
0001880613,0001104659-23-108339,tm2328090d1_ex10-1.htm,uncertain,2,phrase,,,no,"Centered title 'FOURTH AMENDMENT TO TERM LOAN AND SECURITY AGREEMENT'; credit-agreement amendment, not a TRA."
0001880613,0001104659-25-075879,tm2523062d1_ex10-1.htm,no,2,,,,,
0001880613,0001628280-24-047668,fifthamendmenttotermloanan.htm,no,2,,,,,
0001880613,0001628280-24-047668,thirdamendmenttocreditagre.htm,uncertain,2,phrase,,,no,Third Amendment to Credit Agreement; not a TRA.
0001880613,0001628280-25-000266,a101_ddh-ewbfourthamendmen.htm,uncertain,2,phrase,,,,
0001880613,0001628280-25-000266,a102_amend6-sixthamendment.htm,no,2,,,,,
0001880661,0001193125-21-358756,d197780dex101.htm,uncertain,2,phrase,,,no,"Centered title 'SIXTH AMENDED AND RESTATED LIMITED PARTNERSHIP AGREEMENT of TPG OPERATING GROUP I, L.P.'; a partnership agreement, not a TRA."
0001880661,0001193125-21-358756,d197780dex1010.htm,uncertain,2,phrase,,,,
0001880661,0001193125-21-358756,d197780dex102.htm,uncertain,2,phrase,,,,
0001880661,0001193125-21-358756,d197780dex1027.htm,uncertain,2,phrase,,,,
0001880661,0001193125-21-358756,d197780dex103.htm,uncertain,2,phrase|defined_term_section_754,,,,
0001880661,0001193125-21-358756,d197780dex107.htm,uncertain,2,phrase,,,no,"Centered title 'REORGANIZATION AGREEMENT' dated December 31, 2021 among TPG entities; not a TRA."
0001880661,0001193125-21-358756,d197780dex108.htm,yes,2,centered_title|phrase|defined_term_realized_tax_benefit|defined_term_hypothetical_tax_liability|defined_term_tax_benefit_schedule|defined_term_early_termination_payment|defined_term_basis_adjustment,,,,
0001880661,0001193125-21-358756,d197780dex109.htm,uncertain,2,phrase,,,,
0001880661,0001880661-22-000008,exhibit101.htm,uncertain,2,phrase,,,,
0001880661,0001880661-22-000008,exhibit1010.htm,uncertain,2,phrase,,,,
0001880661,0001880661-22-000008,exhibit102.htm,uncertain,2,phrase|defined_term_section_754,,,,
0001880661,0001880661-22-000008,exhibit1027.htm,uncertain,2,phrase,,,,
0001880661,0001880661-22-000008,exhibit103.htm,uncertain,2,phrase|defined_term_section_754,,,,
0001880661,0001880661-22-000008,exhibit107.htm,uncertain,2,phrase,,,no,"Signature-page footer reads '[Signature Page to the Reorganization Agreement]' and the TRA is named only once as a cross-referenced defined term; a Reorganization Agreement, not a TRA."
0001880661,0001880661-22-000008,exhibit108.htm,yes,2,centered_title|phrase|defined_term_realized_tax_benefit|defined_term_hypothetical_tax_liability|defined_term_tax_benefit_schedule|defined_term_early_termination_payment|defined_term_basis_adjustment|defined_term_section_754,,,,
0001880661,0001880661-22-000008,exhibit109.htm,uncertain,2,phrase,,,,
0001880661,0001880661-23-000090,ex-101.htm,uncertain,2,phrase,,,no,Title 'Amended and Restated Investor Rights Agreement' with registration-rights body; TRA referenced only in passing.
0001880661,0001880661-23-000090,ex-102.htm,uncertain,2,phrase,,,,
0001880661,0001880661-23-000090,ex-103.htm,yes,2,centered_title|phrase|defined_term_realized_tax_benefit|defined_term_hypothetical_tax_liability|defined_term_tax_benefit_schedule|defined_term_early_termination_payment|defined_term_basis_adjustment|defined_term_section_754,,,,
0001880661,0001880661-23-000090,ex-104.htm,uncertain,2,phrase,,,,
0001880661,0001880661-24-000013,a20231231ex101.htm,uncertain,2,phrase|defined_term_section_754,,,,
0001881462,0001213900-22-067381,ea167537ex10-1_spreeacq1.htm,yes,2,centered_title|phrase|defined_term_realized_tax_benefit|defined_term_hypothetical_tax_liability|defined_term_tax_benefit_schedule|defined_term_early_termination_payment|defined_term_basis_adjustment,,,,
0001881462,0001213900-22-067381,ea167537ex10-5_spreeacq1.htm,uncertain,2,phrase,,,,
0001881462,0001213900-22-067384,ea167537ex10-1_spreeacq1.htm,yes,2,centered_title|phrase|defined_term_realized_tax_benefit|defined_term_hypothetical_tax_liability|defined_term_tax_benefit_schedule|defined_term_early_termination_payment|defined_term_basis_adjustment,,,,
0001881462,0001213900-22-067384,ea167537ex10-5_spreeacq1.htm,uncertain,2,phrase,,,,
0001881487,0000950170-23-021796,acdc-ex10_10.htm,no,2,,,,,
0001881487,0000950170-23-021796,acdc-ex10_11.htm,no,2,,,,,
0001881487,0001104659-25-064227,tm2519407d1_ex10-1.htm,uncertain,2,phrase,,,,
0001881487,0001104659-25-123202,tm2533932d1_ex10-1.htm,uncertain,2,phrase,,,,
0001881487,0001104659-26-025192,tm268324d1_ex10-1.htm,no,2,,,,,
0001881487,0001193125-21-342661,d897680dex102.htm,yes,2,centered_title|phrase|defined_term_realized_tax_benefit|defined_term_hypothetical_tax_liability|defined_term_early_termination_payment|defined_term_basis_adjustment|defined_term_section_754,,,,
0001881487,0001193125-21-342661,d897680dex103.htm,uncertain,2,phrase,,,,
0001881487,0001193125-22-090695,d897680dex1010.htm,no,2,,,,,
0001881487,0001193125-22-090695,d897680dex108.htm,uncertain,2,phrase,,,no,"Centered title 'TERM LOAN CREDIT AGREEMENT' (ProFrac Holdings, Piper Sandler); not a TRA."
0001881487,0001193125-22-140443,d897680dex108.htm,uncertain,2,phrase,,,,
0001881487,0001193125-22-153228,d343349dex101.htm,yes,2,centered_title|phrase|defined_term_realized_tax_benefit|defined_term_hypothetical_tax_liability|defined_term_early_termination_payment|defined_term_basis_adjustment|defined_term_section_754,,,,
0001881487,0001193125-22-206686,d387852dex101.htm,no,2,,,,,
0001881487,0001193125-22-206686,d387852dex102.htm,no,2,,,,,
0001881487,0001193125-22-274562,d377878dex101.htm,no,2,,,,,
0001881487,0001193125-22-274562,d377878dex102.htm,no,2,,,,,
0001881487,0001193125-23-003551,d447685dex101.htm,no,2,,,,,
0001881487,0001193125-23-003551,d447685dex102.htm,no,2,,,,,
0001881487,0001193125-23-022198,d497551dex101.htm,no,2,,,,,
0001881487,0001193125-23-304276,d669636dex101.htm,uncertain,2,phrase|defined_term_realized_tax_benefit|defined_term_early_termination_payment|defined_term_basis_adjustment,,,,
0001882607,0001062993-23-012702,exhibit10-1.htm,uncertain,2,phrase,,,,
0001888447,0000950170-25-029147,ee-ex10_17.htm,uncertain,2,phrase,,,no,"Centered title 'EXCELERATE ENERGY, INC. CHANGE IN CONTROL SEVERANCE PLAN'; executive benefit plan, not a TRA."
0001888447,0000950170-25-029147,ee-ex10_4.htm,yes,2,centered_title|phrase,,,,
0001888447,0000950170-25-067156,ee-ex10_2.htm,uncertain,2,phrase,,,no,Centered title 'FOURTH AMENDMENT TO AMENDED AND RESTATED SENIOR SECURED CREDIT AGREEMENT'; TRA only a permitted-payment carve-out.
0001888447,0000950170-25-067156,ee-ex10_3.htm,no,2,,,,,
0001888447,0001140361-22-000986,ny20000051x5_ex10-4.htm,uncertain,2,phrase,,,,
0001888447,0001140361-22-002414,ny20000051x7_ex10-1.htm,uncertain,2,phrase|defined_term_basis_adjustment,,,,
0001888447,0001140361-22-002414,ny20000051x7_ex10-2.htm,yes,2,centered_title|phrase|defined_term_realized_tax_benefit|defined_term_hypothetical_tax_liability|defined_term_tax_benefit_schedule|defined_term_early_termination_payment|defined_term_basis_adjustment|defined_term_tax_asset|defined_term_section_754,,,,
0001888447,0001140361-22-002414,ny20000051x7_ex10-8.htm,uncertain,2,phrase|defined_term_basis_adjustment,,,,
0001888447,0001140361-22-014862,ny20000051x20_ex10-1.htm,uncertain,2,phrase|defined_term_basis_adjustment,,,,
0001888447,0001140361-22-014862,ny20000051x20_ex10-2.htm,yes,2,centered_title|phrase|defined_term_realized_tax_benefit|defined_term_hypothetical_tax_liability|defined_term_tax_benefit_schedule|defined_term_early_termination_payment|defined_term_basis_adjustment|defined_term_tax_asset|defined_term_section_754,,,,
0001888447,0001140361-22-014862,ny20000051x20_ex10-3.htm,uncertain,2,phrase|defined_term_basis_adjustment,,,,
0001888447,0001140361-22-014862,ny20000051x20_ex10-5.htm,uncertain,2,phrase,,,no,"Centered title 'EXCELERATE ENERGY, INC LONG-TERM INCENTIVE PLAN'; equity compensation plan, not a TRA."
0001888447,0001140361-22-014862,ny20000051x20_ex10-7.htm,uncertain,2,phrase,,,,
0001888447,0001193125-23-074904,d486751dex101.htm,uncertain,2,phrase|defined_term_basis_adjustment,,,,
0001888447,0001193125-26-078407,ee-ex10_41.htm,uncertain,2,phrase,,,,
0001888447,0001193125-26-212193,ee-ex10_1.htm,uncertain,2,phrase,,,,
0001889956,0000950170-24-079050,ck0001889956-ex10_14.htm,no,2,,,,,
0001889956,0000950170-24-083395,ck0001889956-ex10_15.htm,uncertain,2,phrase,,,,
0001889956,0000950170-24-083395,ck0001889956-ex10_2.htm,yes,2,centered_title|phrase|defined_term_realized_tax_benefit|defined_term_hypothetical_tax_liability|defined_term_tax_benefit_schedule|defined_term_early_termination_payment|defined_term_basis_adjustment|defined_term_section_754,,,,
0001889956,0000950170-24-083395,ck0001889956-ex10_3.htm,uncertain,2,phrase,,,,
0001889956,0000950170-24-086976,ck0001889956-ex10_1.htm,uncertain,2,phrase,,,,
0001889956,0000950170-24-086976,ck0001889956-ex10_2.htm,yes,2,centered_title|phrase|defined_term_realized_tax_benefit|defined_term_hypothetical_tax_liability|defined_term_tax_benefit_schedule|defined_term_early_termination_payment|defined_term_basis_adjustment|defined_term_section_754,,,,
0001889956,0000950170-24-125373,ck0001889956-ex10_15.htm,uncertain,2,phrase,,,no,Centered title 'UNIT AND STOCK PURCHASE AGREEMENT' (OneStream and KKR Dream Holdings); TRA named only as a parallel agreement governing a triggered Exchange.
0001889956,0001193125-26-004772,d13008dex102.htm,yes,2,centered_title|phrase|defined_term_early_termination_payment,,,,
0001891101,0001104659-22-019525,tm223251d1_ex10-1.htm,uncertain,2,phrase,,,no,Centered title 'THIRD AMENDED AND RESTATED LIMITED LIABILITY COMPANY AGREEMENT' of Authentic Brands LLC; not a TRA.
0001891101,0001104659-22-019525,tm223251d1_ex10-2.htm,yes,2,centered_title|phrase|defined_term_realized_tax_benefit|defined_term_hypothetical_tax_liability|defined_term_tax_benefit_schedule|defined_term_early_termination_payment|defined_term_basis_adjustment,,,,
0001891101,0001140361-24-050627,ef20040787_ex10-2.htm,uncertain,2,phrase|defined_term_tax_asset,,,no,"Centered title 'FINANCING AGREEMENT' (borrowers, lenders, Blue Torch Finance as Admin Agent); credit/loan agreement, not a TRA."
0001891101,0001891101-25-000018,brcincq2fy2025-ex101xfirst.htm,no,2,,,,,
0001891856,0001193125-23-155567,d234580dex101.htm,uncertain,2,phrase|defined_term_basis_adjustment,,,,
0001891856,0001193125-23-155567,d234580dex102.htm,yes,2,centered_title|phrase|defined_term_realized_tax_benefit|defined_term_hypothetical_tax_liability|defined_term_exchange_basis|defined_term_tax_benefit_schedule|defined_term_early_termination_payment|defined_term_basis_adjustment|defined_term_tax_asset,,,,
0001891856,0001193125-23-182775,d516435dex102.htm,yes,2,centered_title|phrase|defined_term_realized_tax_benefit|defined_term_hypothetical_tax_liability|defined_term_exchange_basis|defined_term_tax_benefit_schedule|defined_term_early_termination_payment|defined_term_basis_adjustment|defined_term_tax_asset|defined_term_section_754,,,,
0001893724,0001193125-21-366274,d277699dex103.htm,uncertain,2,phrase,,,,
0001898718,0001104659-26-049674,tm2518736d11_ex10-27.htm,uncertain,2,phrase,,,,
0001898718,0001104659-26-049674,tm2518736d11_ex10-28.htm,no,2,,,,,
0001898718,0001104659-26-054346,tm2518736d14_ex10-2.htm,yes,2,centered_title|phrase|defined_term_realized_tax_benefit|defined_term_hypothetical_tax_liability|defined_term_tax_benefit_schedule,,,,
0001898718,0001104659-26-062932,tm2614803d1_ex10-1.htm,yes,2,centered_title|phrase|defined_term_realized_tax_benefit|defined_term_hypothetical_tax_liability|defined_term_tax_benefit_schedule,,,,
0001899883,0001140361-25-032534,ef20054420_ex10-2.htm,no,2,,,,,
0001901336,0001104659-25-082575,tm2524102d1_ex10-5.htm,yes,2,centered_title|phrase|defined_term_realized_tax_benefit|defined_term_hypothetical_tax_liability|defined_term_exchange_basis|defined_term_tax_benefit_schedule|defined_term_early_termination_payment|defined_term_basis_adjustment,,,,
0001901336,0001104659-25-082575,tm2524102d1_ex10-6.htm,uncertain,2,phrase|defined_term_basis_adjustment,,,,
0001901336,0001104659-25-082577,tm2524102d1_ex10-5.htm,yes,2,centered_title|phrase|defined_term_realized_tax_benefit|defined_term_hypothetical_tax_liability|defined_term_exchange_basis|defined_term_tax_benefit_schedule|defined_term_early_termination_payment|defined_term_basis_adjustment,,,,
0001901336,0001104659-25-082577,tm2524102d1_ex10-6.htm,uncertain,2,phrase|defined_term_basis_adjustment,,,,
0001901799,0001193125-22-229475,d396102dex103.htm,yes,2,centered_title|phrase|defined_term_realized_tax_benefit|defined_term_hypothetical_tax_liability|defined_term_tax_benefit_schedule|defined_term_early_termination_payment|defined_term_basis_adjustment|defined_term_section_754,,,,
0001901799,0001193125-22-229475,d396102dex104.htm,uncertain,2,phrase,,,,
0001901799,0001193125-23-165518,d479758dex102.htm,uncertain,2,phrase,,,,
0001901799,0001193125-23-165518,d479758dex104.htm,yes,2,centered_title|phrase|defined_term_realized_tax_benefit|defined_term_hypothetical_tax_liability|defined_term_tax_benefit_schedule|defined_term_early_termination_payment|defined_term_basis_adjustment|defined_term_section_754,,,,
0001901799,0001193125-23-176466,d506805dex101.htm,uncertain,2,phrase|defined_term_basis_adjustment,,,,
0001901799,0001193125-23-183847,d527686dex101.htm,uncertain,2,phrase,,,,
0001901799,0001193125-23-183847,d527686dex102.htm,yes,2,centered_title|phrase|defined_term_realized_tax_benefit|defined_term_hypothetical_tax_liability|defined_term_tax_benefit_schedule|defined_term_early_termination_payment|defined_term_basis_adjustment,,,,
0001901799,0001193125-25-335377,btm-ex10_1.htm,no,2,,,,,
0001901799,0001193125-26-113938,btm-ex10_19.htm,uncertain,2,phrase,,,,
0001901799,0001193125-26-134687,d119639dex1013.htm,uncertain,2,phrase,,,,
0001909849,0001140361-22-022305,ny20003153x9_ex10-2.htm,uncertain,2,phrase,,,,
0001925283,0001628279-26-000087,filename3.htm,no,2,,,,,
0001925283,0001628280-26-027260,exhibit108-sx1.htm,no,2,,,,,
0001925283,0001628280-26-033128,exhibit101-sx1a.htm,yes,2,centered_title|phrase|defined_term_realized_tax_benefit|defined_term_hypothetical_tax_liability|defined_term_tax_benefit_schedule|defined_term_early_termination_payment|defined_term_basis_adjustment|defined_term_tax_asset,,,,
0001925283,0001628280-26-033128,exhibit102-sx1a.htm,uncertain,2,phrase,,,,
0001934114,0001104659-26-049001,tm2530822d9_ex10-6.htm,yes,2,centered_title|phrase|defined_term_realized_tax_benefit|defined_term_hypothetical_tax_liability|defined_term_tax_benefit_schedule|defined_term_early_termination_payment|defined_term_basis_adjustment,,,,
0001934114,0001104659-26-049001,tm2530822d9_ex10-8.htm,uncertain,2,phrase,,,,
0001934114,0001104659-26-057915,tm2530822d27_ex10-2.htm,uncertain,2,phrase,,,no,"Centered title 'SIXTH AMENDED AND RESTATED LIMITED PARTNERSHIP AGREEMENT' of Suja Life Holdings, L.P.; not a TRA."
0001934114,0001104659-26-057915,tm2530822d27_ex10-3.htm,yes,2,centered_title|phrase|defined_term_realized_tax_benefit|defined_term_hypothetical_tax_liability|defined_term_tax_benefit_schedule|defined_term_early_termination_payment|defined_term_basis_adjustment,,,,
0001934114,0001104659-26-057915,tm2530822d27_ex10-5.htm,no,2,,,,,
0001937926,0001193125-22-281144,d349441dex108.htm,uncertain,2,phrase,,,no,Centered title 'TAX MATTERS AGREEMENT' between Brookfield entities (tax-allocation); not a TRA.
0001937987,0001013762-23-003583,ea186596ex10-1_falcons.htm,yes,2,centered_title|phrase|defined_term_realized_tax_benefit|defined_term_hypothetical_tax_liability|defined_term_tax_benefit_schedule|defined_term_early_termination_payment|defined_term_basis_adjustment|defined_term_section_754,,,,
0001937987,0001013762-23-003583,ea186596ex10-2_falcons.htm,uncertain,2,phrase|defined_term_basis_adjustment,,,,
0001937987,0001213900-24-084389,ea021645401ex99-1_falcon.htm,uncertain,2,phrase,,,,
0001937987,0001213900-24-098550,ea022097401ex10-5_falcon.htm,yes,2,centered_title|phrase|defined_term_early_termination_payment,,,,
0001941365,0000950123-22-009986,filename5.htm,uncertain,2,phrase,,,no,Centered title 'FORM OF TAX ALLOCATION AGREEMENT' (Fortune Brands and MasterBrand spin-off); not a TRA.
0001941365,0001193125-22-272559,d307794dex103.htm,uncertain,2,phrase,,,,
0001941365,0001193125-22-306031,d423148dex102.htm,uncertain,2,phrase,,,no,Centered title is 'TAX ALLOCATION AGREEMENT' between Fortune Brands Home & Security and MasterBrand; not a TRA.
0001973266,0000950123-23-008438,filename10.htm,no,2,,,,,
0001973266,0000950123-23-008438,filename15.htm,no,2,,,,,
0001973266,0000950123-23-008438,filename16.htm,no,2,,,,,
0001973266,0000950123-23-008438,filename6.htm,uncertain,2,phrase,,,no,"Centered title 'FIRST LIEN CREDIT AGREEMENT' dated August 18, 2016 (Zuffa Guarantor LLC and lenders); not a TRA."
0001973266,0001193125-24-263492,d867484dex101.htm,no,2,,,,,
0001973266,0001193125-25-202794,d947346dex101.htm,no,2,,,,,
0001973266,0001193125-26-099425,d124117dex101.htm,no,2,,,,,
0001973266,0001973266-24-000013,tko-20240331xex10_1.htm,no,2,,,,,
0001977102,0001193125-23-248061,d507917dex107.htm,yes,2,centered_title|phrase|defined_term_realized_tax_benefit|defined_term_hypothetical_tax_liability|defined_term_tax_benefit_schedule|defined_term_early_termination_payment|defined_term_tax_asset,,,,
0001977102,0001654954-24-007081,birk_ex101.htm,no,2,,,,,
0001982518,0001140361-23-048255,ny20009679x5_ex10-2.htm,yes,2,centered_title|phrase|defined_term_realized_tax_benefit|defined_term_hypothetical_tax_liability|defined_term_tax_benefit_schedule|defined_term_early_termination_payment|defined_term_basis_adjustment|defined_term_tax_asset|defined_term_section_754,,,,
0001982518,0001140361-23-048255,ny20009679x5_ex10-3.htm,uncertain,2,phrase,,,,
0001982518,0001140361-23-052886,ny20009679x9_ex10-2.htm,yes,2,centered_title|phrase|defined_term_realized_tax_benefit|defined_term_hypothetical_tax_liability|defined_term_tax_benefit_schedule|defined_term_early_termination_payment|defined_term_basis_adjustment|defined_term_tax_asset|defined_term_section_754,,,,
0001982518,0001140361-23-052886,ny20009679x9_ex10-3.htm,uncertain,2,phrase,,,,
0001982518,0001140361-24-000320,ny20009679x11_ex10-1.htm,uncertain,2,phrase,,,,
0001982518,0001140361-24-000320,ny20009679x11_ex10-2.htm,yes,2,centered_title|phrase|defined_term_realized_tax_benefit|defined_term_hypothetical_tax_liability|defined_term_tax_benefit_schedule|defined_term_early_termination_payment|defined_term_basis_adjustment|defined_term_tax_asset|defined_term_section_754,,,,
0001982518,0001140361-24-000320,ny20009679x11_ex10-3.htm,uncertain,2,phrase,,,,
0001982518,0001140361-24-002395,ny20009679x17_ex10-1.htm,uncertain,2,phrase,,,,
0001982518,0001140361-24-002395,ny20009679x17_ex10-2.htm,yes,2,centered_title|phrase|defined_term_realized_tax_benefit|defined_term_hypothetical_tax_liability|defined_term_tax_benefit_schedule|defined_term_early_termination_payment|defined_term_basis_adjustment|defined_term_tax_asset|defined_term_section_754,,,,
0001982518,0001140361-24-002395,ny20009679x17_ex10-4.htm,uncertain,2,phrase,,,,
0001982518,0001982518-25-000026,sdhc-20250515xexx101.htm,no,2,,,,,
0002002473,0001628280-24-020365,exhibit1022-sx1a.htm,no,2,,,,,
0002007596,0001628280-24-029560,exhibit101-sx1.htm,uncertain,2,phrase|defined_term_section_754,,,,
0002007596,0001628280-24-029560,exhibit1019-sx1.htm,no,2,,,,,
0002007596,0001628280-24-029560,exhibit103-sx1.htm,yes,2,centered_title|phrase|defined_term_realized_tax_benefit|defined_term_hypothetical_tax_liability|defined_term_exchange_basis|defined_term_tax_benefit_schedule|defined_term_early_termination_payment|defined_term_basis_adjustment,,,,
0002007596,0001628280-24-032599,exhibit102-8xk.htm,yes,2,centered_title|phrase|defined_term_realized_tax_benefit|defined_term_hypothetical_tax_liability|defined_term_exchange_basis|defined_term_tax_benefit_schedule|defined_term_early_termination_payment|defined_term_basis_adjustment,,,,
0002007596,0001628280-24-032599,exhibit103-8xk.htm,uncertain,2,phrase|defined_term_section_754,,,,
0002021880,0001193125-24-206343,d835350dex101.htm,yes,2,centered_title|phrase|defined_term_realized_tax_benefit|defined_term_hypothetical_tax_liability|defined_term_tax_benefit_schedule|defined_term_early_termination_payment|defined_term_basis_adjustment,,,,
0002021880,0001193125-24-206343,d835350dex102.htm,uncertain,2,phrase|defined_term_tax_asset,,,,
0002021880,0001193125-25-123194,d915070dex101.htm,yes,2,centered_title|phrase|defined_term_realized_tax_benefit|defined_term_hypothetical_tax_liability|defined_term_tax_benefit_schedule|defined_term_early_termination_payment|defined_term_basis_adjustment|defined_term_section_754,,,,
0002021880,0001193125-25-123194,d915070dex102.htm,uncertain,2,phrase|defined_term_tax_asset,,,no,Centered title 'FORM OF EXCHANGE AGREEMENT' (HMH Holding and related parties); not a TRA.
0002021880,0001193125-25-123194,d915070dex103.htm,uncertain,2,phrase|defined_term_tax_asset,,,,
0002021880,0001193125-26-114198,d95061dex102.htm,uncertain,2,phrase|defined_term_tax_asset,,,,
0002021880,0001193125-26-140110,d100419dex101.htm,yes,2,centered_title|phrase|defined_term_realized_tax_benefit|defined_term_hypothetical_tax_liability|defined_term_tax_benefit_schedule|defined_term_early_termination_payment|defined_term_basis_adjustment|defined_term_section_754,,,,
0002021880,0001193125-26-140110,d100419dex102.htm,uncertain,2,phrase|defined_term_tax_asset,,,,
0002021880,0001193125-26-140110,d100419dex103.htm,uncertain,2,phrase|defined_term_tax_asset,,,no,Centered title 'PARTNERSHIP AGREEMENT OF HMH HOLDING B.V.'; not a TRA.
0002023554,0001193125-25-033433,d849281dex107.htm,uncertain,2,phrase,,,,
0002026053,0001140361-26-014335,ny20040230x18_ex10-13.htm,uncertain,2,phrase,,,no,"Centered title 'AMENDED AND RESTATED PERSHING SQUARE TERM SHEET FOR LONG-TERM INCENTIVE COMPENSATION PLAN'; compensation term sheet, not a TRA."
0002026053,0001140361-26-018597,ny20040230x31_ex10-6.htm,uncertain,2,phrase,,,,
0002029118,0000950123-24-009385,filename3.htm,uncertain,2,phrase,,,,
0002029118,0001193125-24-232829,d826795dex101.htm,uncertain,2,phrase,,,no,"Centered title 'CREDIT AGREEMENT' (Infinity Natural Resources LLC, dated September 25, 2024); not a TRA."
0002029118,0001193125-24-232829,d826795dex104.htm,yes,2,centered_title|phrase|defined_term_realized_tax_benefit|defined_term_hypothetical_tax_liability|defined_term_tax_benefit_schedule|defined_term_early_termination_payment|defined_term_basis_adjustment|defined_term_tax_asset,,,,
0002029118,0001193125-25-019326,d894988dex101.htm,uncertain,2,phrase,,,,
0002029118,0001193125-25-019326,d894988dex102.htm,yes,2,centered_title|phrase|defined_term_realized_tax_benefit|defined_term_hypothetical_tax_liability|defined_term_tax_benefit_schedule|defined_term_early_termination_payment|defined_term_basis_adjustment|defined_term_tax_asset,,,,
0002029118,0001193125-25-070405,d800716dex101.htm,no,2,,,,,
0002029118,0001193125-26-064039,d30572dex103.htm,no,2,,,,,
0002030781,0000950123-24-009202,filename3.htm,uncertain,2,phrase,,,,
0002030781,0000950123-24-009202,filename4.htm,uncertain,2,phrase,,,,
0002030781,0001193125-25-008417,d885522dex101.htm,uncertain,2,phrase,,,,
0002030781,0001193125-25-008417,d885522dex102.htm,uncertain,2,phrase,,,,
0002035149,0000950123-24-010752,filename5.htm,uncertain,2,phrase,,,,
0002035149,0001193125-24-272521,d808403dex106.htm,uncertain,2,phrase,,,,
0002035149,0001193125-24-282865,d808403dex101.htm,yes,2,centered_title|phrase|defined_term_realized_tax_benefit|defined_term_hypothetical_tax_liability|defined_term_tax_benefit_schedule|defined_term_early_termination_payment|defined_term_basis_adjustment,,,,
0002035149,0001193125-24-282865,d808403dex102.htm,uncertain,2,phrase|defined_term_tax_asset,,,,
0002035149,0001193125-25-001331,d808403dex1017.htm,uncertain,2,phrase,,,,
0002035149,0001193125-25-002509,d808403dex101.htm,yes,2,centered_title|phrase|defined_term_realized_tax_benefit|defined_term_hypothetical_tax_liability|defined_term_tax_benefit_schedule|defined_term_early_termination_payment|defined_term_basis_adjustment,,,,
0002035149,0001193125-25-009578,d857846dex101.htm,uncertain,2,phrase,,,,
0002035149,0001193125-25-009578,d857846dex102.htm,yes,2,centered_title|phrase|defined_term_realized_tax_benefit|defined_term_hypothetical_tax_liability|defined_term_tax_benefit_schedule|defined_term_early_termination_payment|defined_term_basis_adjustment,,,,
0002035149,0001193125-25-009578,d857846dex104.htm,uncertain,2,phrase|defined_term_tax_asset,,,,
0002044009,0001193125-25-243103,d97098dex109.htm,yes,2,centered_title|phrase|defined_term_realized_tax_benefit|defined_term_hypothetical_tax_liability|defined_term_tax_benefit_schedule|defined_term_early_termination_payment|defined_term_basis_adjustment,,,,
0002046386,0000950123-25-008500,filename9.htm,uncertain,2,phrase,,,,
0002046386,0001193125-25-253020,d932091dex1034.htm,uncertain,2,phrase,,,,
0002046386,0001193125-25-264798,d55108dex101.htm,uncertain,2,phrase,,,,
0002046386,0001193125-25-264798,d55108dex102.htm,yes,2,centered_title|phrase|defined_term_realized_tax_benefit|defined_term_hypothetical_tax_liability|defined_term_tax_benefit_schedule|defined_term_basis_adjustment,,,,
0002046386,0001193125-25-328884,d933672dex101.htm,uncertain,2,phrase,,,,
0002046386,0001193125-25-328884,d933672dex102.htm,yes,2,centered_title|phrase|defined_term_realized_tax_benefit|defined_term_hypothetical_tax_liability|defined_term_tax_benefit_schedule|defined_term_basis_adjustment,,,,
0002052547,0001104659-26-006046,tm263770d1_ex10-1.htm,uncertain,2,phrase,,,,
0002052568,0000950123-25-003868,filename10.htm,yes,2,centered_title|phrase|defined_term_realized_tax_benefit|defined_term_hypothetical_tax_liability|defined_term_tax_benefit_schedule|defined_term_early_termination_payment|defined_term_basis_adjustment|defined_term_tax_asset,,,,
0002052568,0001193125-25-181698,d833270dex1013.htm,yes,2,centered_title|phrase|defined_term_realized_tax_benefit|defined_term_hypothetical_tax_liability|defined_term_tax_benefit_schedule|defined_term_early_termination_payment|defined_term_basis_adjustment|defined_term_tax_asset,,,,
0002052568,0001193125-25-203770,d942093dex101.htm,uncertain,2,phrase,,,,
0002052568,0001193125-25-203770,d942093dex102.htm,yes,2,centered_title|phrase|defined_term_realized_tax_benefit|defined_term_hypothetical_tax_liability|defined_term_tax_benefit_schedule|defined_term_early_termination_payment|defined_term_basis_adjustment|defined_term_tax_asset,,,,
0002057463,0001104659-25-029933,tm2510075d2_ex10-10.htm,uncertain,2,phrase,,,no,Centered title 'AMENDMENT AGREEMENT' to an Eighth Amended and Restated Credit Agreement; not a TRA.
0002057463,0001104659-25-044749,tm2510075d4_ex10-1.htm,uncertain,2,phrase,,,,
0002057463,0001104659-25-044749,tm2510075d4_ex10-2.htm,uncertain,2,phrase|defined_term_realized_tax_benefit|defined_term_early_termination_payment|defined_term_basis_adjustment,,,,
0002057463,0001104659-25-067808,tm2519293d4_ex10-1.htm,uncertain,2,phrase,,,,
0002057463,0001104659-25-067808,tm2519293d4_ex10-2.htm,uncertain,2,phrase|defined_term_realized_tax_benefit|defined_term_early_termination_payment|defined_term_basis_adjustment,,,,
0002064947,0000950170-25-112682,wbi-ex10_2.htm,uncertain,2,phrase,,,,
0002064947,0000950170-25-112682,wbi-ex10_4.htm,uncertain,2,phrase,,,,
0002064947,0000950170-25-112682,wbi-ex10_6.htm,yes,2,centered_title|phrase|defined_term_realized_tax_benefit|defined_term_hypothetical_tax_liability|defined_term_tax_benefit_schedule|defined_term_early_termination_payment|defined_term_basis_adjustment|defined_term_tax_asset|defined_term_section_754,,,,
0002064947,0000950170-25-113383,wbi-ex10_16.htm,no,2,,,,,
0002064947,0000950170-25-113383,wbi-ex10_17.htm,no,2,,,,,
0002064947,0001193125-25-213708,wbi-ex10_1.htm,yes,2,centered_title|phrase|defined_term_realized_tax_benefit|defined_term_hypothetical_tax_liability|defined_term_tax_benefit_schedule|defined_term_early_termination_payment|defined_term_basis_adjustment|defined_term_tax_asset|defined_term_section_754,,,,
0002064947,0001193125-25-215831,wbi-ex10_1.htm,no,2,,,,,
0002064947,0001193125-25-215831,wbi-ex10_2.htm,no,2,,,,,
0002064947,0001193125-25-221810,wbi-ex10_1.htm,uncertain,2,phrase,,,,
0002065636,0001193125-26-021044,d12408dex104.htm,uncertain,2,phrase,,,,
0002065636,0001193125-26-021044,d12408dex106.htm,yes,2,centered_title|phrase|defined_term_realized_tax_benefit|defined_term_hypothetical_tax_liability|defined_term_tax_benefit_schedule|defined_term_early_termination_payment|defined_term_basis_adjustment,,,,
0002065636,0001193125-26-048814,d189834dex101.htm,uncertain,2,phrase,,,,
0002065636,0001193125-26-048814,d189834dex102.htm,yes,2,centered_title|phrase|defined_term_realized_tax_benefit|defined_term_hypothetical_tax_liability|defined_term_tax_benefit_schedule|defined_term_early_termination_payment|defined_term_basis_adjustment,,,,
0002065636,0001193125-26-048814,d189834dex104.htm,uncertain,2,phrase,,,,
0002065636,0001193125-26-048814,d189834dex106.htm,no,2,,,,,
0002065708,0001193125-25-288325,d921520dex102.htm,uncertain,2,phrase|defined_term_section_754,,,,
0002065708,0001193125-25-288325,d921520dex104.htm,yes,2,centered_title|phrase|defined_term_realized_tax_benefit|defined_term_hypothetical_tax_liability|defined_term_exchange_basis|defined_term_tax_benefit_schedule|defined_term_early_termination_payment|defined_term_basis_adjustment,,,,
0002065708,0001193125-25-328757,d58437dex101.htm,uncertain,2,phrase|defined_term_section_754,,,,
0002065708,0001193125-25-328757,d58437dex103.htm,yes,2,centered_title|phrase|defined_term_realized_tax_benefit|defined_term_hypothetical_tax_liability|defined_term_exchange_basis|defined_term_tax_benefit_schedule|defined_term_early_termination_payment|defined_term_basis_adjustment,,,,
0002067876,0000950103-26-000080,dp239186_ex1002.htm,uncertain,2,phrase|defined_term_tax_asset,,,,
0002067876,0001193125-25-207527,d894612dex102.htm,uncertain,2,phrase|defined_term_tax_asset,,,no,"Centered title 'TAX MATTERS AGREEMENT' (Comcast and Versant Media); tax-sharing/allocation, not a TRA."
0002068577,0001628280-25-041431,exhibit107-sx1a.htm,yes,2,centered_title|phrase|defined_term_realized_tax_benefit|defined_term_hypothetical_tax_liability|defined_term_tax_benefit_schedule|defined_term_early_termination_payment|defined_term_basis_adjustment|defined_term_tax_asset|defined_term_section_754,,,,
0002068577,0001628280-25-041431,exhibit108-sx1a.htm,uncertain,2,phrase,,,,
0002068577,0002068577-25-000038,exhibit101-closing8xk.htm,uncertain,2,phrase,,,,
0002068577,0002068577-25-000038,exhibit102-closing8xk.htm,yes,2,centered_title|phrase|defined_term_realized_tax_benefit|defined_term_hypothetical_tax_liability|defined_term_tax_benefit_schedule|defined_term_early_termination_payment|defined_term_basis_adjustment|defined_term_tax_asset|defined_term_section_754,,,,
0002068577,0002068577-25-000038,exhibit106-closing8xk.htm,no,2,,,,,
0002073548,0001193125-25-251230,filename3.htm,yes,2,centered_title|phrase|defined_term_realized_tax_benefit|defined_term_hypothetical_tax_liability|defined_term_tax_benefit_schedule|defined_term_early_termination_payment|defined_term_basis_adjustment,,,,
0002073548,0001193125-25-279127,ck0002073548-ex10_3.htm,yes,2,centered_title|phrase|defined_term_realized_tax_benefit|defined_term_hypothetical_tax_liability|defined_term_tax_benefit_schedule|defined_term_early_termination_payment|defined_term_basis_adjustment,,,,
0002079999,0001213900-25-098415,ea025216207ex10-1_card.htm,yes,2,centered_title|phrase|defined_term_realized_tax_benefit|defined_term_hypothetical_tax_liability|defined_term_tax_benefit_schedule|defined_term_early_termination_payment|defined_term_basis_adjustment,,,,
0002079999,0001213900-25-098415,ea025216207ex10-2_card.htm,no,2,,,,,
0002079999,0001213900-25-098415,ea025216207ex10-3_card.htm,uncertain,2,phrase,,,,
0002079999,0001213900-25-113018,ea025216208ex10-3_card.htm,uncertain,2,phrase,,,,
0002079999,0001213900-25-121209,ea026878501ex10-1_cardinal.htm,uncertain,2,phrase,,,,
0002079999,0001213900-25-121209,ea026878501ex10-2_cardinal.htm,yes,2,centered_title|phrase|defined_term_realized_tax_benefit|defined_term_hypothetical_tax_liability|defined_term_tax_benefit_schedule|defined_term_early_termination_payment|defined_term_basis_adjustment,,,,
0002079999,0001213900-26-018087,ea027724801ex10-4_cardinal.htm,uncertain,2,phrase|defined_term_realized_tax_benefit|defined_term_hypothetical_tax_liability|defined_term_tax_benefit_schedule|defined_term_early_termination_payment|defined_term_basis_adjustment,,,,
0002080126,0001193125-26-008865,d890989dex101.htm,no,2,,,,,
0002080126,0001193125-26-008865,d890989dex102.htm,yes,2,centered_title|phrase|defined_term_realized_tax_benefit|defined_term_hypothetical_tax_liability|defined_term_tax_benefit_schedule|defined_term_early_termination_payment|defined_term_basis_adjustment,,,,
0002080126,0001193125-26-014411,d28867dex106.htm,uncertain,2,phrase,,,,
0002080126,0001193125-26-014411,d28867dex107.htm,uncertain,2,phrase,,,,
0002080126,0001193125-26-021675,d890989dex106.htm,uncertain,2,phrase,,,,
0002080126,0001193125-26-043650,d23417dex102.htm,yes,2,centered_title|phrase|defined_term_realized_tax_benefit|defined_term_hypothetical_tax_liability|defined_term_tax_benefit_schedule|defined_term_early_termination_payment|defined_term_basis_adjustment,,,,
0002080126,0001193125-26-043650,d23417dex104.htm,uncertain,2,phrase,,,,
0002080126,0001193125-26-043650,d23417dex105.htm,uncertain,2,phrase,,,,
0002086587,0001193125-25-284187,d941199dex101.htm,uncertain,2,phrase,,,no,"Centered title is 'CREDIT AGREEMENT' (Yellowstone Interco Holdings entities, Wells Fargo as Administrative Agent); not a TRA."
0002086587,0001193125-26-015413,d941199dex106.htm,yes,2,centered_title|phrase|defined_term_realized_tax_benefit|defined_term_hypothetical_tax_liability|defined_term_tax_benefit_schedule|defined_term_early_termination_payment|defined_term_tax_asset,,,,
0002086587,0001193125-26-031773,d22484dex101.htm,yes,2,centered_title|phrase|defined_term_realized_tax_benefit|defined_term_hypothetical_tax_liability|defined_term_tax_benefit_schedule|defined_term_early_termination_payment|defined_term_tax_asset,,,,
0002088896,0001104659-26-039550,tm2527015d12_ex10-10.htm,uncertain,2,phrase,,,,
0002088896,0001104659-26-039550,tm2527015d12_ex10-12.htm,uncertain,2,phrase,,,no,Centered title 'MASTER REORGANIZATION AGREEMENT' (X-Energy); TRA only Section 3.2 ancillary doc.
0002088896,0001104659-26-039550,tm2527015d12_ex10-13.htm,yes,2,centered_title|phrase|defined_term_realized_tax_benefit|defined_term_hypothetical_tax_liability|defined_term_tax_benefit_schedule|defined_term_early_termination_payment|defined_term_basis_adjustment|defined_term_tax_asset,,,,
0002088896,0001104659-26-043799,tm2527015d18_ex10-12.htm,uncertain,2,phrase,,,,
0002088896,0001104659-26-043799,tm2527015d18_ex10-13.htm,yes,2,centered_title|phrase|defined_term_realized_tax_benefit|defined_term_hypothetical_tax_liability|defined_term_tax_benefit_schedule|defined_term_early_termination_payment|defined_term_basis_adjustment|defined_term_tax_asset|defined_term_section_754,,,,
0002090312,0001104659-26-034599,filename4.htm,uncertain,2,phrase|defined_term_tax_asset,,,,
0002090312,0001104659-26-057155,tm2528763d8_ex10-2.htm,uncertain,2,phrase|defined_term_tax_asset,,,,
0002093536,0001193125-26-146309,d81728dex107.htm,yes,2,centered_title|phrase|defined_term_realized_tax_benefit|defined_term_hypothetical_tax_liability|defined_term_tax_benefit_schedule|defined_term_early_termination_payment,,,,
0002093536,0001193125-26-161805,d15141dex105.htm,yes,2,centered_title|phrase|defined_term_realized_tax_benefit|defined_term_hypothetical_tax_liability|defined_term_tax_benefit_schedule|defined_term_early_termination_payment,,,,
0002096300,0001193125-26-148877,d22113dex1016.htm,yes,2,centered_title|phrase|defined_term_realized_tax_benefit|defined_term_hypothetical_tax_liability|defined_term_tax_benefit_schedule|defined_term_early_termination_payment|defined_term_basis_adjustment,,,,
0002096300,0001193125-26-148877,d22113dex1017.htm,yes,2,centered_title|phrase,,,,
0002096300,0001193125-26-148877,d22113dex1018.htm,uncertain,2,phrase,,,no,"Centered title 'THIRD AMENDED AND RESTATED LIMITED LIABILITY COMPANY AGREEMENT' of Athena Technology Solutions Holdings, LLC; not a TRA."
0002096300,0001193125-26-164202,d123077dex102.htm,uncertain,2,phrase,,,,
0002096300,0001193125-26-164202,d123077dex103.htm,yes,2,centered_title|phrase|defined_term_realized_tax_benefit|defined_term_hypothetical_tax_liability|defined_term_tax_benefit_schedule|defined_term_early_termination_payment|defined_term_basis_adjustment,,,,
0002096300,0001193125-26-164202,d123077dex104.htm,yes,2,centered_title|phrase,,,,
0002096300,0001193125-26-177298,d108131dex101.htm,no,2,,,,,
0002098430,0001193125-26-098829,ck0002098430-ex10_1.htm,no,2,,,,,
0002098430,0001193125-26-098829,ck0002098430-ex10_2.htm,no,2,,,,,
0002098430,0001193125-26-098829,ck0002098430-ex10_3.htm,no,2,,,,,
0002098430,0001193125-26-098829,ck0002098430-ex10_4.htm,no,2,,,,,
0002098430,0001193125-26-098829,ck0002098430-ex10_5.htm,no,2,,,,,
0002098430,0001193125-26-098829,ck0002098430-ex10_6.htm,no,2,,,,,
0002098430,0001193125-26-142875,ck0002098430-ex10_31.htm,no,2,,,,,
