path,size_bytes,title_block,title_has_tra,title_is_non_tra,phrase_present,income_tra_phrase,tra_term_count,decision,reason
data/edgar-query/exhibits/0000008947/0000008947-22-000162_ex10_1toclosingxprojectgold.htm,812975,"FIRST AMENDED AND RESTATED LIMITED LIABILITY COMPANY AGREEMENT OF AIS INVESTMENT HOLDINGS LLC | (A DELAWARE LIMITED LIABILITY COMPANY) | DATED AS OF SEPTEMBER 30, 2022",false,true,false,false,0,drop,title names a non-TRA instrument; no TRA phrase
data/edgar-query/exhibits/0000351817/0001628280-24-028825_exhibit101-pricing8xk.htm,2256487,N INTH A MENDMENT TO C REDIT A GREEMENT,false,false,false,false,0,drop,large filing (2256487 B) with no TRA phrase or terms
data/edgar-query/exhibits/0000707388/0000707388-25-000023_staradtmergeragreement.htm,302840,"4876-2533-7599.5 EXECUTION VERSION AGREEMENT AND PLAN OF MERGER DATED AS OF THE 3 DAY OF MARCH, 2025 BY AND AMONG STAR EQUITY HOLDINGS, INC., ALLIANCE TRANSACTION, INC. ALLIANCE DRILLING SOLUTIONS, INC, ADT PARENT, LLC, ALLIANCE DRILLING TOOLS, LLC, THE SELLERS NAMED HEREIN, AND BRUCE MCGOVERN (AS S",false,true,false,false,0,drop,title names a non-TRA instrument; no TRA phrase
data/edgar-query/exhibits/0000707388/0000707388-25-000025_staradtmergeragreement.htm,302840,"4876-2533-7599.5 EXECUTION VERSION AGREEMENT AND PLAN OF MERGER DATED AS OF THE 3 DAY OF MARCH, 2025 BY AND AMONG STAR EQUITY HOLDINGS, INC., ALLIANCE TRANSACTION, INC. ALLIANCE DRILLING SOLUTIONS, INC, ADT PARENT, LLC, ALLIANCE DRILLING TOOLS, LLC, THE SELLERS NAMED HEREIN, AND BRUCE MCGOVERN (AS S",false,true,false,false,0,drop,title names a non-TRA instrument; no TRA phrase
data/edgar-query/exhibits/0000719739/0001193125-23-171310_d465785dex101.htm,782321,"INTEREST AND ASSET PURCHASE AGREEMENT | SVB FINANCIAL GROUP, | SVB SECURITIES HOLDINGS LLC and | SAFFRON BUYER LLC | Dated as of June 17, 2023",false,true,false,false,0,drop,title names a non-TRA instrument; no TRA phrase
data/edgar-query/exhibits/0000732717/0001193125-21-233230_d188128dex101.htm,642982,"AMENDED AND RESTATED | LIMITED LIABILITY COMPANY AGREEMENT | DIRECTV ENTERTAINMENT HOLDINGS LLC | DATED AS OF JULY 31, 2021",false,true,false,false,0,drop,title names a non-TRA instrument; no TRA phrase
data/edgar-query/exhibits/0000837465/0000837465-26-000003_exhibt101topgolfllcagreeme.htm,707156,"AMENDED AND RESTATED | LIMITED LIABILITY COMPANY AGREEMENT | TOPGOLF TOPCO, LLC, | a Delaware Limited Liability Company | Dated as of January 1, 2026",false,true,false,false,0,drop,title names a non-TRA instrument; no TRA phrase
data/edgar-query/exhibits/0000876883/0000876883-22-000024_exhibit102.htm,1431673,"AMENDED AND RESTATED CREDIT AGREEMENT | August 2, 2021, as amended by Amendment No. 1, dated as of December 20, 2021, | as amended by Amendment No. 2, dated as of April 28, 2022, | STAGWELL MARKETING GROUP LLC, STAGWELL GLOBAL LLC (f/k/a MIDAS OPCO HOLDINGS LLC), and MAXXCOM LLC, as Borrowers, | The",false,true,false,false,0,drop,title names a non-TRA instrument; no TRA phrase
data/edgar-query/exhibits/0000876883/0000876883-23-000010_exhibit103-amendmentno3toa.htm,1580309,AMENDMENT NO. 3 TO | AMENDED AND RESTATED CREDIT AGREEMENT AND AMENDMENT NO. 2 TO SECURITY AGREEMENT,false,true,false,false,0,drop,title names a non-TRA instrument; no TRA phrase
data/edgar-query/exhibits/0000876883/0000876883-26-000010_stgw12312025-exhibit102.htm,1477867,"SECOND AMENDED AND RESTATED CREDIT AGREEMENT | April 23, 2025, | STAGWELL MARKETING GROUP LLC, STAGWELL GLOBAL LLC, and MAXXCOM LLC, as Borrowers, | The other parties from time to time party hereto as Borrowers, | The other Loan Parties from time to time party hereto, | The Lenders Party Hereto | JP",false,true,false,false,0,drop,title names a non-TRA instrument; no TRA phrase
data/edgar-query/exhibits/0000876883/0000876883-26-000017_exhibit101.htm,1687241,AMENDMENT NO. 2 TO SECOND AMENDED AND RESTATED CREDIT AGREEMENT,false,true,false,false,0,drop,title names a non-TRA instrument; no TRA phrase
data/edgar-query/exhibits/0000876883/0001104659-21-098992_tm2123756d1_ex10-4.htm,1152254,"AMENDED AND RESTATED CREDIT AGREEMENT dated as of August 2, 2021 among STAGWELL MARKETING GROUP LLC, MIDAS OPCO HOLDINGS LLC, and MAXXCOM LLC, as Borrowers, | The other parties from time to time party hereto as Borrowers, The other Loan Parties from time to time party hereto, The Lenders Party Heret",false,true,false,false,0,drop,title names a non-TRA instrument; no TRA phrase
data/edgar-query/exhibits/0000876883/0001628280-23-016716_exhibit103.htm,1505191,"AMENDED AND RESTATED CREDIT AGREEMENT | August 2, 2021, as amended by Amendment No. 1, dated as of December 20, 2021, | as amended by Amendment No. 2, dated as of April 28, 2022, | as amended by Amendment No. 3, dated as of December 14, 2022, | as amended by Amendment No. 4, dated as of May 4, 2023 ",false,true,false,false,0,drop,title names a non-TRA instrument; no TRA phrase
data/edgar-query/exhibits/0000889971/0001654954-25-001429_lpth_ex101.htm,573174,"MEMBERSHIP INTEREST PURCHASE AGREEMENT | LIGHTPATH TECHNOLOGIES, INC., | G5 INFRARED, LLC, | THE UNDERSIGNED MEMBERS OF THE COMPANY, | SELLERS’ REPRESENTATIVE | DATED AS OF FEBRUARY ___, 2025",false,true,false,false,0,drop,title names a non-TRA instrument; no TRA phrase
data/edgar-query/exhibits/0000889971/0001654954-25-001795_lpth_ex101.htm,593773,"MEMBERSHIP INTEREST PURCHASE AGREEMENT | LIGHTPATH TECHNOLOGIES, INC., | G5 INFRARED, LLC, | THE UNDERSIGNED MEMBERS OF THE COMPANY, | SELLERS’ REPRESENTATIVE | DATED AS OF FEBRUARY 13, 2025",false,true,false,false,0,drop,title names a non-TRA instrument; no TRA phrase
data/edgar-query/exhibits/0000894871/0001493152-22-009190_ex10-1.htm,529766,"STOCK PURCHASE AGREEMENT | Athlon Holdings, Inc., | THE ARENA GROUP HOLDINGS, INC. | THE SELLERS SET FORTH HEREIN | DATED AS OF APRIL 1, 2022",false,true,false,false,0,drop,title names a non-TRA instrument; no TRA phrase
data/edgar-query/exhibits/0000912728/0001193125-24-021078_d348992dex101.htm,1119227,"CREDIT AGREEMENT | GN LOANCO, LLC, | as Escrow Borrower, | THE CREDIT PARTIES SIGNATORY HERETO FROM TIME TO TIME, | as Borrower or as Guarantors, as applicable, | THE LENDERS SIGNATORY HERETO | FROM TIME TO TIME, | as Lenders and, if applicable, L/C Issuers, | CITIBANK, N.A. | as Agent, | CITIGROUP ",false,true,false,false,0,drop,title names a non-TRA instrument; no TRA phrase
data/edgar-query/exhibits/0000912728/0001193125-24-021078_d348992dex106.htm,269830,"INVESTOR RIGHTS AGREEMENT | FORWARD AIR CORPORATION | R INVESTORS (as defined herein), | E INVESTORS (as defined herein), and | the other Investors set forth on Schedule 1 hereto, | as Investors, | REP OMNI HOLDINGS, L.P., | as Investors’ Representative | Dated as of January 25, 2024",false,false,false,false,0,drop,"no TRA title, phrase, or defining terminology"
data/edgar-query/exhibits/0000927653/0001193125-17-073411_d354020dex101.htm,1156848,"THIRD AMENDED AND RESTATED | LIMITED LIABILITY COMPANY AGREEMENT | CHANGE HEALTHCARE LLC | DATED AS OF MARCH 1, 2017",false,true,false,false,0,drop,title names a non-TRA instrument; no TRA phrase
data/edgar-query/exhibits/0000931148/0000912057-18-000102_filename2.htm,1685968,"CREDIT AGREEMENT | February 12, 2018 | GRAFTECH INTERNATIONAL LTD., | as Holdings, | GRAFTECH FINANCE INC., | GRAFTECH SWITZERLAND SA, and | GRAFTECH LUXEMBOURG II S.À.R.L., | as Co-Borrowers, | The Lenders and Issuing Banks party hereto | JPMORGAN CHASE BANK, N.A., as Administrative Agent and Colla",false,true,false,false,0,drop,title names a non-TRA instrument; no TRA phrase
data/edgar-query/exhibits/0000931148/0001047469-18-001894_a2234946zex-10_1.htm,1685996,"CREDIT AGREEMENT | February 12, 2018 | GRAFTECH INTERNATIONAL LTD., | as Holdings, | GRAFTECH FINANCE INC., | GRAFTECH SWITZERLAND SA, and | GRAFTECH LUXEMBOURG II S.À.R.L., | as Co-Borrowers, | The Lenders and Issuing Banks party hereto | JPMORGAN CHASE BANK, N.A., as Administrative Agent and Colla",false,true,false,false,0,drop,title names a non-TRA instrument; no TRA phrase
data/edgar-query/exhibits/0000931148/0001193125-21-049021_d132297dex101.htm,1380511,2,false,false,false,false,0,drop,large filing (1380511 B) with no TRA phrase or terms
data/edgar-query/exhibits/0000931148/0001193125-22-166261_d291390dex101.htm,1518397,[Signature Pages Follow],false,false,false,false,0,drop,large filing (1518397 B) with no TRA phrase or terms
data/edgar-query/exhibits/0001003642/0001193125-18-153631_d571001dex101.htm,1230233,"$2,700,000,000 | TERM LOAN CREDIT AGREEMENT, | dated as of May 4, 2018, | AMNEAL PHARMACEUTICALS LLC, | as the Borrower, | THE LENDERS PARTY HERETO, | JPMORGAN CHASE BANK, N.A., | as Administrative Agent and Collateral Agent, and | JPMORGAN CHASE BANK, N.A., | BANK OF AMERICA, N.A. and | RBC CAPITAL",false,true,false,false,0,drop,title names a non-TRA instrument; no TRA phrase
data/edgar-query/exhibits/0001003642/0001193125-18-153631_d571001dex102.htm,1363488,"$500,000,000 | REVOLVING CREDIT AGREEMENT, | dated as of May 4, 2018, | AMNEAL PHARMACEUTICALS LLC, | as the Borrower, | THE LENDERS PARTY HERETO, | JPMORGAN CHASE BANK, N.A., | as Administrative Agent and Collateral Agent, | JPMORGAN CHASE BANK, N.A., | BANK OF AMERICA, N.A. and | RBC CAPITAL MARKE",false,true,false,false,0,drop,title names a non-TRA instrument; no TRA phrase
data/edgar-query/exhibits/0001023291/0001193125-16-664825_d164732dex10b.htm,2172319,"AGREEMENT | PLAN OF MERGER | NEXTERA ENERGY, INC., | EFH MERGER CO., LLC, | ENERGY FUTURE INTERMEDIATE HOLDING COMPANY LLC, | ENERGY FUTURE HOLDINGS CORP. | Dated as of July 29, 2016",false,false,false,false,0,drop,large filing (2172319 B) with no TRA phrase or terms
data/edgar-query/exhibits/0001023291/0001193125-16-673624_d233004dex101.htm,3049801,"SENIOR SECURED SUPERPRIORITY DEBTOR-IN-POSSESSION CREDIT AGREEMENT | Dated as of August 4, 2016 | ENERGY FUTURE COMPETITIVE HOLDINGS COMPANY LLC, | as Parent Guarantor, | TEXAS COMPETITIVE ELECTRIC HOLDINGS COMPANY LLC, | as the Borrower, | The Several Lenders | from Time to Time Parties Hereto, | D",false,true,false,false,0,drop,title names a non-TRA instrument; no TRA phrase
data/edgar-query/exhibits/0001040829/0001104659-22-042464_tm2211530d1_ex10-1.htm,1298893,"INVESTMENT AGREEMENT | OEG Attractions Holdings, LLC, | RHP Hotels, LLC, | RHP Hotel Properties, LP, | A-OEG Holdings, LLC, | Atairos Group, Inc. | Ryman Hospitality Properties, Inc. (for the limited purpose set forth herein) | Dated as of April 4, 2022",false,false,false,false,0,drop,large filing (1298893 B) with no TRA phrase or terms
data/edgar-query/exhibits/0001040829/0001104659-22-071928_tm2218606d1_ex10-1.htm,685603,"______________________________ | SECOND AMENDED AND RESTATED | LIMITED LIABILITY COMPANY AGREEMENT | FOR | OEG ATTRACTIONS HOLDINGS, LLC | A Delaware Limited Liability Company | ______________________________ | Dated as of June 16, 2022",false,true,false,false,0,drop,title names a non-TRA instrument; no TRA phrase
data/edgar-query/exhibits/0001091667/0001104659-22-067640_tm2217554d1_ex10-1.htm,911501,- 2 -,false,false,false,false,0,drop,"no TRA title, phrase, or defining terminology"
data/edgar-query/exhibits/0001091667/0001104659-23-022811_tm236553d1_ex10-2.htm,762242,- 2 -,false,false,false,false,0,drop,"no TRA title, phrase, or defining terminology"
data/edgar-query/exhibits/0001091667/0001104659-23-038343_tm2310675d1_ex10-1.htm,829805,- 2 -,false,false,false,false,0,drop,"no TRA title, phrase, or defining terminology"
data/edgar-query/exhibits/0001091667/0001104659-23-125714_tm2332479d1_ex10-1.htm,590497,- 2 -,false,false,false,false,0,drop,"no TRA title, phrase, or defining terminology"
data/edgar-query/exhibits/0001091667/0001104659-24-126817_tm2430518d1_ex10-1.htm,636545,- 2 -,false,false,false,false,0,drop,"no TRA title, phrase, or defining terminology"
data/edgar-query/exhibits/0001091667/0001193125-16-596195_d148819dex101.htm,572623,"AMENDED AND RESTATED | LIMITED LIABILITY COMPANY AGREEMENT | CHARTER COMMUNICATIONS HOLDINGS, LLC | a Delaware Limited Liability Company | Dated as of May 18, 2016",false,true,false,false,1,drop,title names a non-TRA instrument; no TRA phrase
data/edgar-query/exhibits/0001091667/0001193125-16-596195_d148819dex102.htm,101835,EXCHANGE AGREEMENT,false,true,false,false,0,drop,title names a non-TRA instrument; no TRA phrase
data/edgar-query/exhibits/0001091667/0001193125-16-596244_d148819dex101.htm,572623,"AMENDED AND RESTATED | LIMITED LIABILITY COMPANY AGREEMENT | CHARTER COMMUNICATIONS HOLDINGS, LLC | a Delaware Limited Liability Company | Dated as of May 18, 2016",false,true,false,false,1,drop,title names a non-TRA instrument; no TRA phrase
data/edgar-query/exhibits/0001091667/0001193125-16-596244_d148819dex102.htm,101835,EXCHANGE AGREEMENT,false,true,false,false,0,drop,title names a non-TRA instrument; no TRA phrase
data/edgar-query/exhibits/0001095651/0001104659-23-041210_tm2310731d1_ex10-24.htm,929472,"THE SECURITIES EVIDENCED HEREBY HAVE NOT BEEN REGISTERED UNDER THE | SECURITIES ACT OF 1933, AS AMENDED (THE “SECURITIES ACT”), OR | THE SECURITIES LAWS OF ANY STATE AND MAY NOT BE SOLD, TRANSFERRED | OR OTHERWISE DISPOSED OF IN THE ABSENCE OF SUCH REGISTRATION, UNLESS | IN THE OPINION OF COUNSEL SA",false,true,false,false,0,drop,title names a non-TRA instrument; no TRA phrase
data/edgar-query/exhibits/0001099219/0001193125-17-249962_d379288dex101.htm,137422,"TAX SEPARATION AGREEMENT | METLIFE, INC. | AND ITS AFFILIATES | BRIGHTHOUSE FINANCIAL, INC. | AND ITS AFFILIATES",false,true,false,false,0,drop,title names a non-TRA instrument; no TRA phrase
data/edgar-query/exhibits/0001116132/0001144204-13-059305_v358914_ex10-1.htm,1467509,"ASSET PURCHASE AND SALE AGREEMENT | REED KRAKOFF INVESTMENTS LLC, | REED KRAKOFF | COACH, INC. | Dated: July 29, 2013",false,false,false,false,0,drop,large filing (1467509 B) with no TRA phrase or terms
data/edgar-query/exhibits/0001123360/0001123360-24-000036_ex10209302024.htm,1420951,CORRA TRANSITION AMENDMENT,false,false,false,false,0,drop,large filing (1420951 B) with no TRA phrase or terms
data/edgar-query/exhibits/0001123360/0001193125-22-226539_d357535dex101.htm,772116,"CREDIT AGREEMENT | Dated as of August 19, 2022 | GLOBAL PAYMENTS INC., | The Other Borrowers Party Hereto, | BANK OF AMERICA, N.A., | as Administrative Agent and an L/C Issuer | JPMORGAN CHASE BANK, N.A., | as Syndication Agent and an L/C Issuer | BOFA SECURITIES, INC., | JPMORGAN CHASE BANK, N.A., ",false,true,false,false,0,drop,title names a non-TRA instrument; no TRA phrase
data/edgar-query/exhibits/0001210677/0000950123-21-005516_filename6.htm,103087,"FASTBALL HOLDCO, L.P. | CLASS C LP UNIT GRANT AGREEMENT",false,false,false,false,0,drop,"no TRA title, phrase, or defining terminology"
data/edgar-query/exhibits/0001210677/0000950123-21-005516_filename7.htm,104395,"FASTBALL HOLDCO, L.P. | CLASS C LP UNIT GRANT AGREEMENT",false,false,false,false,0,drop,"no TRA title, phrase, or defining terminology"
data/edgar-query/exhibits/0001210677/0000950123-21-005516_filename8.htm,101909,"FASTBALL HOLDCO, L.P. | CLASS C LP UNIT GRANT AGREEMENT",false,false,false,false,0,drop,"no TRA title, phrase, or defining terminology"
data/edgar-query/exhibits/0001210677/0000950170-21-001382_fa-20210630ex10_6.htm,109293,"First Advantage Corporation | RESTRICTED STOCK GRANT AND AGREEMENT | (Replacement Award for Fastball Holdco, L.P. Units)",false,false,false,false,0,drop,"no TRA title, phrase, or defining terminology"
data/edgar-query/exhibits/0001210677/0000950170-21-001382_fa-20210630ex10_7.htm,104772,OPTION GRANT NOTICE UNDER FIRST ADVANTAGE CORPORATION 2021 OMNIBUS INCENTIVE PLAN,false,true,false,false,0,drop,title names a non-TRA instrument; no TRA phrase
data/edgar-query/exhibits/0001210677/0000950170-22-004413_fa-ex10_19.htm,106867,RESTRICTED STOCK UNIT GRANT NOTICE UNDER FIRST ADVANTAGE CORPORATION 2021 OMNIBUS INCENTIVE PLAN,false,true,false,false,0,drop,title names a non-TRA instrument; no TRA phrase
data/edgar-query/exhibits/0001210677/0001193125-21-177004_d147929dex107.htm,103112,"FASTBALL HOLDCO, L.P. | CLASS C LP UNIT GRANT AGREEMENT",false,false,false,false,0,drop,"no TRA title, phrase, or defining terminology"
data/edgar-query/exhibits/0001210677/0001193125-21-177004_d147929dex108.htm,104420,"FASTBALL HOLDCO, L.P. | CLASS C LP UNIT GRANT AGREEMENT",false,false,false,false,0,drop,"no TRA title, phrase, or defining terminology"
data/edgar-query/exhibits/0001210677/0001193125-21-177004_d147929dex109.htm,101931,"FASTBALL HOLDCO, L.P. | CLASS C LP UNIT GRANT AGREEMENT",false,false,false,false,0,drop,"no TRA title, phrase, or defining terminology"
data/edgar-query/exhibits/0001210677/0001193125-21-189386_d147929dex1016.htm,110551,"FASTBALL HOLDCO, L.P. | OPTION GRANT AGREEMENT | (CLASS BLP UNITS)",false,false,false,false,0,drop,"no TRA title, phrase, or defining terminology"
data/edgar-query/exhibits/0001210677/0001193125-21-189386_d147929dex105.htm,51471,"FIRST ADVANTAGE CORPORATION | RESTRICTED STOCK GRANT AND AGREEMENT | (Replacement Award for Fastball Holdco, L.P. Units)",false,false,false,false,0,drop,"no TRA title, phrase, or defining terminology"
data/edgar-query/exhibits/0001210677/0001193125-21-189386_d147929dex106.htm,64054,OPTION GRANT NOTICE | UNDER | FIRST ADVANTAGE CORPORATION | 2021 OMNIBUS INCENTIVE PLAN,false,true,false,false,0,drop,title names a non-TRA instrument; no TRA phrase
data/edgar-query/exhibits/0001273784/0001104659-10-032924_a10-11623_1ex10d1.htm,1309910,"AMENDED AND RESTATED CREDIT AGREEMENT | NATIONAL BEEF PACKING COMPANY, LLC, | CERTAIN OF ITS SUBSIDIARIES, | VARIOUS ISSUERS AND LENDERS, | COÖPERATIEVE CENTRALE RAIFFEISEN BOERENLEENBANK B.A., | “RABOBANK NEDERLAND”, NEW YORK BRANCH and U.S. BANK NATIONAL ASSOCIATION, as Documentation Agents, | BAN",false,true,false,false,0,drop,title names a non-TRA instrument; no TRA phrase
data/edgar-query/exhibits/0001317685/0001317685-25-000013_exhibit101-sx1.htm,2328730,2025 REVOLVING FACILITY REPRICING AMENDMENT,false,false,false,false,0,drop,large filing (2328730 B) with no TRA phrase or terms
data/edgar-query/exhibits/0001317685/0001628279-25-000556_filename2.htm,2328709,2025 REVOLVING FACILITY REPRICING AMENDMENT,false,false,false,false,0,drop,large filing (2328709 B) with no TRA phrase or terms
data/edgar-query/exhibits/0001319161/0001319161-25-000023_projectalfred-masteroperat.htm,687576,"MASTER OPERATIONS AND ECONOMICS AGREEMENT | BCSS W JV INVESTMENTS (B), L.P., | WMG BC HOLDCO LLC, | BEETHOVEN JV 1, LLC, | BEETHOVEN HOLDINGS 1, LLC, | BEETHOVEN FINANCING 1, LLC, | THE BCSS FUNDS AND THE WARNER PARENT, IN EACH CASE, SOLELY FOR THE PURPOSES OF SECTION 13.04, SECTION 13.05 AND SECTIO",false,false,false,false,0,drop,"no TRA title, phrase, or defining terminology"
data/edgar-query/exhibits/0001360901/0001193125-16-435819_d49620dex101.htm,77696,MODIFICATION AGREEMENT,false,false,false,false,0,drop,"no TRA title, phrase, or defining terminology"
data/edgar-query/exhibits/0001360901/0001193125-16-526001_d169355dex101.htm,465590,"E VERCORE P ARTNERS I NC . | $38,000,000 4.88% Series A Senior Notes due March 30, 2021 | $67,000,000 5.23% Series B Senior Notes due March 30, 2023 | $48,000,000 5.48% Series C Senior Notes due March 30, 2026 | $17,000,000 5.58% Series D Senior Notes due March 30, 2028 | N OTE P URCHASE A GREEMENT ",false,false,false,false,0,drop,"no TRA title, phrase, or defining terminology"
data/edgar-query/exhibits/0001360901/0001193125-25-158241_d28394dex101.htm,407799,"E VERCORE I NC . | $125,000,000 5.17% Series K Senior Notes due July 24, 2030 | $125,000,000 5.47% Series L Senior Notes due July 24, 2032 | N OTE P URCHASE A GREEMENT | Dated July 10, 2025",false,false,false,false,0,drop,"no TRA title, phrase, or defining terminology"
data/edgar-query/exhibits/0001360901/0001360901-15-000014_exhibit101.htm,816628,"$120,000,000 | TERM LOAN AND GUARANTEE AGREEMENT | Evercore Partners Inc. | as Borrower, | The Several Lenders from Time to Time Parties Hereto, | Mizuho Bank, Ltd., as Administrative Agent, | Dated as of November 2, 2015",false,false,false,false,0,drop,"no TRA title, phrase, or defining terminology"
data/edgar-query/exhibits/0001360901/0001360901-19-000017_evr630201910qex101.htm,714054,"EVERCORE INC. | $75,000,000 4.34% Series E Senior Notes due August 1, 2029 | $60,000,000 4.44% Series F Senior Notes due August 1, 2031 | $40,000,000 Series G Senior Notes due August 1, 2033 | £25,000,000 3.33% Series H Senior Notes due August 1, 2033 | ______________ | NOTE PURCHASE AGREEMENT | ___",false,true,false,false,0,drop,title names a non-TRA instrument; no TRA phrase
data/edgar-query/exhibits/0001360901/0001360901-21-000010_evr3312021ex101.htm,612675,"EVERCORE INC. | $38,000,000 1.97% Series I Senior Notes due August 1, 2025 | ______________ | NOTE PURCHASE AGREEMENT | ______________ | Dated March 29, 2021",false,true,false,false,0,drop,title names a non-TRA instrument; no TRA phrase
data/edgar-query/exhibits/0001360901/0001360901-22-000014_evr6302022ex101.htm,537254,"Evercore Inc. | $67,000,000 4.61% Series J Senior Notes due November 15, 2028 | ______________ | Note Purchase Agreement | ______________ | Dated June 28, 2022",false,true,false,false,0,drop,title names a non-TRA instrument; no TRA phrase
data/edgar-query/exhibits/0001367832/0001193125-12-129759_d280216dex102.htm,1391624,AMENDMENT TO CREDIT AND GUARANTY AGREEMENT,false,false,false,false,0,drop,large filing (1391624 B) with no TRA phrase or terms
data/edgar-query/exhibits/0001377630/0001193125-12-192111_d344489dex101.htm,1263346,AMENDMENT NO. 3,false,false,false,false,0,drop,large filing (1263346 B) with no TRA phrase or terms
data/edgar-query/exhibits/0001377630/0001193125-14-183988_d723536dex101.htm,320922,"AGREEMENT AND PLAN OF MERGER | SV H OLDCO , LLC | A CQUIROR S UB 1, LLC | A CQUIROR S UB 2, LLC | N ATIONAL C INE M EDIA , I NC . | S CREENVISION , LLC | May 5, 2014",false,false,false,false,0,drop,"no TRA title, phrase, or defining terminology"
data/edgar-query/exhibits/0001377630/0001377630-22-000003_ncm-amendmentno3tocreditag.htm,1990659,AMENDMENT NO. 3 TO CREDIT AGREEMENT,false,true,false,false,0,drop,title names a non-TRA instrument; no TRA phrase
data/edgar-query/exhibits/0001377630/0001564590-17-004375_ncmi-ex101_32.htm,20283,FIRST AMENDMENT TO AMENDED AND RESTATED EXHIBITOR SERVICES AGREEMENT,false,false,false,false,0,drop,"no TRA title, phrase, or defining terminology"
data/edgar-query/exhibits/0001377630/0001564590-17-004375_ncmi-ex102_36.htm,20489,FIRST AMENDMENT TO AMENDED AND RESTATED EXHIBITOR SERVICES AGREEMENT,false,false,false,false,0,drop,"no TRA title, phrase, or defining terminology"
data/edgar-query/exhibits/0001380509/0000893220-07-000757_w31804exv10w11.htm,802434,"AMENDED AND RESTATED CREDIT AGREEMENT | Dated as of February 5, 2007 | HOLLIDAY FENOGLIO FOWLER, L.P. , as Borrower, | BANK OF AMERICA, N.A., as Administrative Agent, | THE LENDERS PARTY HERETO | BANC OF AMERICA SECURITIES LLC, | As Sole Lead Arranger and Book Manager",false,true,false,false,0,drop,title names a non-TRA instrument; no TRA phrase
data/edgar-query/exhibits/0001393818/0001193125-11-130720_dex101.htm,690013,"CREDIT AGREEMENT | March 23, 2010 | BLACKSTONE HOLDINGS FINANCE CO. L.L.C., | as Borrower, | BLACKSTONE HOLDINGS I L.P., BLACKSTONE HOLDINGS II L.P., | BLACKSTONE HOLDINGS III L.P. and BLACKSTONE HOLDINGS IV L.P., | as Guarantors, | The Lenders Party Hereto | CITIBANK, N.A., | as Administrative Agen",false,true,false,false,0,drop,title names a non-TRA instrument; no TRA phrase
data/edgar-query/exhibits/0001393818/0001193125-19-061011_d663205dex1091.htm,65245,2,false,false,false,false,0,drop,"no TRA title, phrase, or defining terminology"
data/edgar-query/exhibits/0001397821/0001144204-08-043673_v121449_ex10-1.htm,1299263,"AMENDED AND RESTATED CREDIT AGREEMENT | Dated as of July 30, 2008 | DUFF & PHELPS, LLC , as Borrower | DUFF & PHELPS ACQUISITIONS, LLC , as one of the Guarantors | THE LENDERS AND L/C ISSUERS PARTY HERETO | G ENERAL ELECTRIC CAPITAL CORPORATION , | as Administrative Agent and Collateral Agent | LASA",false,true,false,false,0,drop,title names a non-TRA instrument; no TRA phrase
data/edgar-query/exhibits/0001399249/0001193125-22-204112_d385398dex102.htm,200589,"Pzena Investment Management, LLC | Senior Credit Facility | Commitment Letter",false,false,false,false,0,drop,"no TRA title, phrase, or defining terminology"
data/edgar-query/exhibits/0001403256/0001403256-18-000023_d529939d8k101.htm,89340,"Och-Ziff Capital Management Group LLC | 9 West 57 th Street | New York, New York 10019",false,false,false,false,0,drop,"no TRA title, phrase, or defining terminology"
data/edgar-query/exhibits/0001404912/0001047469-10-002110_a2197068zex-10_3.htm,455688,"AMENDED AND RESTATED PURCHASE AND SALE AGREEMENT | KKR & CO. L.P., | KKR PRIVATE EQUITY INVESTORS, L.P., | KKR GROUP HOLDINGS L.P. | (solely for purposes of Section 1.1, Section 1.2, Section 3 and Section 9.2), | KKR PEI ASSOCIATES, L.P. | (solely for purposes of Section 1.4), | KKR HOLDINGS L.P. | ",false,false,false,false,0,drop,"no TRA title, phrase, or defining terminology"
data/edgar-query/exhibits/0001404912/0001047469-10-002110_a2197068zex-10_4.htm,330901,"AMENDED AND RESTATED INVESTMENT AGREEMENT | KKR & CO. L.P., | KKR PRIVATE EQUITY INVESTORS, L.P., | KKR HOLDINGS L.P., | (solely for purposes of Section 4.7 and Section 8.12), | KKR MANAGEMENT HOLDINGS L.P., | (solely for purposes of Section 5 and Section 8.2), | KKR FUND HOLDINGS L.P. | (solely for",false,false,false,false,0,drop,"no TRA title, phrase, or defining terminology"
data/edgar-query/exhibits/0001411494/0001193125-11-071959_dex1030.htm,225796,"ROLL-UP AGREEMENT | July 13, 2007 | JAMES C. ZELTER, | BRH HOLDINGS, L.P., | AP PROFESSIONAL HOLDINGS, L.P., | APO ASSET CO., LLC, | APO CORP., | APOLLO GLOBAL MANAGEMENT, LLC",false,false,false,false,0,drop,"no TRA title, phrase, or defining terminology"
data/edgar-query/exhibits/0001411494/0001411494-19-000016_exhibit1044q418.htm,287204,"ROLL-UP AGREEMENT | July 13, 2007 | SCOTT M. KLEINMAN, | BRH HOLDINGS, L.P., | AP PROFESSIONAL HOLDINGS, L.P., | APO ASSET CO., LLC, | APO CORP., | APOLLO GLOBAL MANAGEMENT, LLC",false,false,false,false,0,drop,"no TRA title, phrase, or defining terminology"
data/edgar-query/exhibits/0001411494/0001411494-21-000023_exhibit103.htm,65375,"Governance Term Sheet | March 8, 2021",false,false,false,false,0,drop,"no TRA title, phrase, or defining terminology"
data/edgar-query/exhibits/0001411494/0001411494-22-000014_exhibit1051.htm,80440,AMENDMENT TO ROLL-UP AGREEMENT,false,false,false,false,0,drop,"no TRA title, phrase, or defining terminology"
data/edgar-query/exhibits/0001411494/0001411494-22-000014_exhibit1054.htm,82087,AMENDMENT TO ROLL-UP AGREEMENT,false,false,false,false,0,drop,"no TRA title, phrase, or defining terminology"
data/edgar-query/exhibits/0001412232/0001412232-15-000030_a2015-09x28form8xkcex101.htm,1678974,"CREDIT AGREEMENT | September 28, 2015, | VWR FUNDING, INC., | as the Parent Borrower, | THE FOREIGN SUBSIDIARY BORROWERS PARTY FROM TIME TO TIME HERETO, | THE LENDERS PARTY HERETO | CITIBANK, N.A., | as Administrative Agent and Collateral Agent | CITIGROUP GLOBAL MARKETS INC., | BARCLAYS BANK PLC, |",false,true,false,false,0,drop,title names a non-TRA instrument; no TRA phrase
data/edgar-query/exhibits/0001412232/0001412232-17-000008_a2016q4form10-kex108.htm,1903425,FIRST AMENDMENT TO CREDIT AGREEMENT,false,true,false,false,0,drop,title names a non-TRA instrument; no TRA phrase
data/edgar-query/exhibits/0001433642/0001433642-24-000110_ex101-hamiltonlanexnotepur.htm,593564,"HAMILTON LANE ADVISORS, L.L.C. | $100,000,000 5.28% Senior Notes due October 15, 2029 | ______________ | NOTE PURCHASE AGREEMENT | ______________ | Dated October 8, 2024",false,true,false,false,0,drop,title names a non-TRA instrument; no TRA phrase
data/edgar-query/exhibits/0001441849/0001104659-17-005565_a17-3547_1ex10d1.htm,785852,"AMENDED AND RESTATED RECEIVABLES PURCHASE AGREEMENT | dated as of January 31, 2017 | CLOUD PEAK ENERGY RECEIVABLES LLC, as Seller, | CLOUD PEAK ENERGY RESOURCES LLC, as Servicer, | THE VARIOUS CONDUIT PURCHASERS, RELATED COMMITTED PURCHASERS, LC PARTICIPANTS AND PURCHASER AGENTS FROM TIME TO TIME PA",false,true,false,false,0,drop,title names a non-TRA instrument; no TRA phrase
data/edgar-query/exhibits/0001441849/0001104659-19-030120_a19-10016_1ex10d1.htm,1022046,"SECOND AMENDED AND RESTATED RECEIVABLES PURCHASE AGREEMENT | dated as of May 15, 2019 | CLOUD PEAK ENERGY RECEIVABLES LLC, as Seller, | CLOUD PEAK ENERGY RESOURCES LLC, a debtor and debtor-in-possession under chapter 11 of the Bankruptcy Code, as initial Servicer, | THE VARIOUS CONDUIT PURCHASERS, R",false,true,false,false,0,drop,title names a non-TRA instrument; no TRA phrase
data/edgar-query/exhibits/0001464790/0001464790-25-000011_exhibit1039greatamericanho.htm,1070992,"GREAT AMERICAN HOLDINGS, LLC | a Delaware Limited Liability Company | SECOND AMENDED AND RESTATED LIMITED LIABILITY COMPANY AGREEMENT | Dated as of November 15, 2024",false,true,false,false,0,drop,title names a non-TRA instrument; no TRA phrase
data/edgar-query/exhibits/0001464963/0001193125-17-373640_d506220dex101.htm,729947,"SECOND AMENDED AND RESTATED SENIOR SECURED | REVOLVING CREDIT AGREEMENT | December 15, 2017 | THL CREDIT, INC. | as Borrower | The LENDERS Party Hereto | ING CAPITAL LLC | as Administrative Agent, | Arranger and Bookrunner",false,true,false,false,0,drop,title names a non-TRA instrument; no TRA phrase
data/edgar-query/exhibits/0001464963/0001193125-19-092652_d612175dex101.htm,915289,"AMENDMENT NO. 1 TO SECOND AMENDED AND RESTATED | SENIOR SECURED REVOLVING CREDIT AGREEMENT AND THIRD AMENDED | AND RESTATED GUARANTEE, PLEDGE AND SECURITY AGREEMENT",false,true,false,false,0,drop,title names a non-TRA instrument; no TRA phrase
data/edgar-query/exhibits/0001464963/0001193125-20-108085_d915429dex101.htm,866893,AMENDMENT NO. 5 TO SECOND AMENDED AND RESTATED | SENIOR SECURED REVOLVING CREDIT AGREEMENT,false,true,false,false,0,drop,title names a non-TRA instrument; no TRA phrase
data/edgar-query/exhibits/0001476719/0000950123-11-099179_c24828exv10w1.htm,58988,EMPLOYMENT AGREEMENT,false,true,false,false,0,drop,title names a non-TRA instrument; no TRA phrase
data/edgar-query/exhibits/0001497350/0001193125-16-614409_d156892dex1027.htm,86849,APRECIA RECEIVABLES AGREEMENT,false,false,false,false,1,drop,"no TRA title, phrase, or defining terminology"
data/edgar-query/exhibits/0001498068/0001498068-17-000071_ara-6302017xex102.htm,2942921,"CREDIT AGREEMENT Dated as of June 22, 2017 | among AMERICAN RENAL HOLDINGS INC., as the Borrower, AMERICAN RENAL HOLDINGS INTERMEDIATE COMPANY, LLC, as Holdings, SUNTRUST BANK, as Administrative Agent, Swing Line Lender and L/C Issuer, and The Other Lenders Party Hereto | _________________ SUNTRUST ",false,true,false,false,0,drop,title names a non-TRA instrument; no TRA phrase
data/edgar-query/exhibits/0001498068/0001498068-19-000032_americanrenalamendment1.htm,1535343,AMENDMENT NO. 1,false,false,false,false,0,drop,large filing (1535343 B) with no TRA phrase or terms
data/edgar-query/exhibits/0001499912/0001615774-17-006527_s108138_ex10-1.htm,4196120,RESTRUCTURING SUPPORT AGREEMENT,false,true,false,false,0,drop,title names a non-TRA instrument; no TRA phrase
data/edgar-query/exhibits/0001503579/0001104659-16-116746_a16-9904_1ex10d1.htm,8471019,SECOND AMENDMENT TO CREDIT AGREEMENT,false,true,false,false,0,drop,title names a non-TRA instrument; no TRA phrase
data/edgar-query/exhibits/0001517302/0001517302-17-000044_ex1022017818.htm,527586,"AMENDED AND RESTATED FIVE-YEAR REVOLVING CREDIT AGREEMENT | Dated as of August 16, 2017 | ARTISAN PARTNERS HOLDINGS LP, | THE LENDERS NAMED HEREIN, | CITIBANK, N.A., as Administrative Agent, | ____________________________________ | CITIGROUP GLOBAL MARKETS INC. AND MERRILL LYNCH, PIERCE, FENNER & SM",false,true,false,false,0,drop,title names a non-TRA instrument; no TRA phrase
data/edgar-query/exhibits/0001517302/0001517302-21-000072_notepurchaseagreement_arti.htm,677749,"Artisan Partners Holdings LP | $90,000,000 3.10% Senior Notes, Series F, due August 16, 2032 | ______________ | Note Purchase Agreement | _____________ | Dated as of December 7, 2021",false,true,false,false,0,drop,title names a non-TRA instrument; no TRA phrase
data/edgar-query/exhibits/0001517302/0001517302-22-000066_amendedfive-yearrevolvingc.htm,704050,"SECOND AMENDED AND RESTATED FIVE-YEAR REVOLVING CREDIT AGREEMENT | Dated as of August 16, 2022 | ARTISAN PARTNERS HOLDINGS LP, | THE LENDERS FROM TIME TO TIME PARTY HERETO, | CITIBANK, N.A., as Administrative Agent, | ____________________________________ | CITIBANK, N.A. AND BOFA SECURITIES, INC., a",false,true,false,false,0,drop,title names a non-TRA instrument; no TRA phrase
data/edgar-query/exhibits/0001528129/0001628280-25-046275_exhibit-1018xk.htm,2159765,THIRTEENTH AMENDMENT TO CREDIT AGREEMENT,false,true,false,false,0,drop,title names a non-TRA instrument; no TRA phrase
data/edgar-query/exhibits/0001528930/0001171843-20-006709_exh_103.htm,1368854,"ABL CREDIT AGREEMENT | dated as of September 23, 2020 | FRANCHISE GROUP NEW HOLDCO, LLC, as Global Parent, | FRANCHISE GROUP INTERMEDIATE HOLDCO, LLC, as Lead Borrower, | certain Subsidiaries of Lead Borrower from time to time party hereto as Borrowers, | certain Subsidiaries of Lead Borrower from t",false,true,false,false,0,drop,title names a non-TRA instrument; no TRA phrase
data/edgar-query/exhibits/0001535929/0001535929-22-000080_ex101.htm,737212,"AMENDED AND RESTATED | LIMITED LIABILITY COMPANY AGREEMENT of VIM HOLDINGS LLC | Dated as of July 25, 2022",false,true,false,false,1,drop,title names a non-TRA instrument; no TRA phrase
data/edgar-query/exhibits/0001536577/0001536577-17-000006_exhibit101amendmentmedleyl.htm,1075308,AMENDMENT NUMBER THREE TO CREDIT AGREEMENT,false,true,false,false,0,drop,title names a non-TRA instrument; no TRA phrase
data/edgar-query/exhibits/0001537951/0001437749-12-013261_ex10-5.htm,2102458,"LOAN, SECURITY AND GUARANTEE AGREEMENT | Dated as of December 20, 2012 | EDGEN MURRAY CORPORATION | BOURLAND & LEVERICH SUPPLY CO. LLC , | as U.S. Borrowers and Guarantors, | EDGEN GROUP INC. , | EDG HOLDCO LLC , | EM HOLDINGS LLC , | as Guarantors, | EDGEN MURRAY CANADA INC. , | as Canadian Borrowe",false,false,false,false,0,drop,large filing (2102458 B) with no TRA phrase or terms
data/edgar-query/exhibits/0001540729/0000950123-14-002775_filename3.htm,1040186,AMENDMENT AGREEMENT,false,false,false,false,0,drop,"no TRA title, phrase, or defining terminology"
data/edgar-query/exhibits/0001562214/0001144204-15-046989_v416305_ex10-4.htm,27373,ATTACHMENT I | POLITICAL CONTRIBUTIONS – EMPLOYMENT CANDIDATE DISCLOSURE,false,false,false,false,0,drop,"no TRA title, phrase, or defining terminology"
data/edgar-query/exhibits/0001562214/0001144204-16-100113_v438405_ex10-1.htm,22567,POLITICAL CONTRIBUTIONS – EMPLOYMENT CANDIDATE DISCLOSURE,false,false,false,false,0,drop,"no TRA title, phrase, or defining terminology"
data/edgar-query/exhibits/0001573166/0001047469-14-002407_a2218830zex-10_20.htm,1159910,AGREEMENT AND AMENDMENT NO. 8 TO CREDIT AGREEMENT,false,true,false,false,0,drop,title names a non-TRA instrument; no TRA phrase
data/edgar-query/exhibits/0001573166/0001047469-16-010925_a2227553zex-10_22.htm,1198273,"MASTER ASSIGNMENT, AGREEMENT AND AMENDMENT NO. 9 TO CREDIT AGREEMENT",false,true,false,false,0,drop,title names a non-TRA instrument; no TRA phrase
data/edgar-query/exhibits/0001573166/0001104659-19-019650_a19-7668_1ex10d1.htm,1359669,RESTRUCTURING SUPPORT AGREEMENT,false,true,false,false,0,drop,title names a non-TRA instrument; no TRA phrase
data/edgar-query/exhibits/0001573166/0001558370-16-009284_jone-20160930ex1019b5186.htm,1317886,AMENDMENT NO. 10 TO CREDIT AGREEMENT,false,true,false,false,0,drop,title names a non-TRA instrument; no TRA phrase
data/edgar-query/exhibits/0001580185/0001567619-13-000087_s000086x3_ex10-9.htm,1929286,"AGREEMENT AND PLAN OF MERGER | J.G. WENTWORTH, LLC, | PEACH ACQUISITION LLC, | PEACH HOLDINGS, INC., | PEACH GROUP HOLDINGS INC. | ORCHARD ACQUISITION COMPANY | Dated as of February 19, 2011",false,false,false,false,0,drop,large filing (1929286 B) with no TRA phrase or terms
data/edgar-query/exhibits/0001582616/0001582616-14-000007_ex1017tlbwithschedulesandex.htm,4549176,"$150,000,000 | CREDIT AGREEMENT | dated as of November 14 ,2013, | NORCRAFT COMPANIES, L.P., | as Borrower, | NORCRAFT INTERMEDIATE HOLDINGS, L.P. | THE OTHER GUARANTORS PARTY HERETO, | as Guarantors, | THE LENDERS PARTY HERETO | RBC CAPITAL MARKETS * | KEYBANK NATIONAL ASSOCIATION, | as Joint Lead ",false,true,false,false,0,drop,title names a non-TRA instrument; no TRA phrase
data/edgar-query/exhibits/0001582616/0001582616-14-000007_ex1018norcraftablwithexhib.htm,4895765,"$25,000,000 | CREDIT AGREEMENT | dated as of November 14, 2013, | NORCRAFT COMPANIES, L.P., | as Borrower, | NORCRAFT INTERMEDIATE HOLDINGS, L.P. | THE OTHER GUARANTORS PARTY HERETO, | as Guarantors, | THE LENDERS PARTY HERETO | ROYAL BANK OF CANADA, | as Swingline Lender, Issuing Bank, Administrati",false,true,false,false,0,drop,title names a non-TRA instrument; no TRA phrase
data/edgar-query/exhibits/0001587205/0001047469-20-005232_a2242541zex-10_1.htm,1706134,"ABL CREDIT AGREEMENT | May 31, 2018, | BI-LO HOLDING, LLC, | as Holdings, | BI-LO, LLC, | as Borrower, | THE LENDERS PARTY HERETO | SUNTRUST BANK, | as Administrative Agent | DEUTSCHE BANK SECURITIES INC., | RBC CAPITAL MARKETS (1), | SUNTRUST ROBINSON HUMPHREY, INC., and | MERRILL LYNCH, PIERCE, FE",false,true,false,false,0,drop,title names a non-TRA instrument; no TRA phrase
data/edgar-query/exhibits/0001590976/0001193125-14-004501_d621288dex1011.htm,39684,FIRST AMENDMENT TO CREDIT AGREEMENT AND CONSENT,false,true,false,false,1,drop,title names a non-TRA instrument; no TRA phrase
data/edgar-query/exhibits/0001590976/0001193125-15-118086_d902674dex101.htm,792322,"AMENDED AND RESTATED | CREDIT AGREEMENT | dated as of April 2, 2015 | MALIBU BOATS, LLC, | as the Borrower | MALIBU BOATS HOLDINGS, LLC | as the Parent and a Guarantor | THE SUBSIDIARIES OF THE BORROWER IDENTIFIED HEREIN, | as the other Guarantors | THE LENDERS FROM TIME TO TIME PARTY HERETO | SUNTR",false,true,false,false,1,drop,title names a non-TRA instrument; no TRA phrase
data/edgar-query/exhibits/0001590976/0001590976-17-000052_exhibit101-creditagreement.htm,1300723,"SECOND AMENDED AND RESTATED | CREDIT AGREEMENT | dated as of June 28, 2017 | MALIBU BOATS, LLC, | as the Borrower | MALIBU BOATS HOLDINGS, LLC, | as the Parent and a Guarantor | THE SUBSIDIARIES OF THE BORROWER IDENTIFIED HEREIN, | as the other Guarantors | THE LENDERS FROM TIME TO TIME PARTY HERETO",false,true,false,false,1,drop,title names a non-TRA instrument; no TRA phrase
data/edgar-query/exhibits/0001590976/0001590976-22-000042_exhibit101thirdamendedandr.htm,1149295,"THIRD AMENDED AND RESTATED | CREDIT AGREEMENT | dated as of July 8, 2022 | MALIBU BOATS, LLC, | as the Borrower | MALIBU BOATS HOLDINGS, LLC, | as the Parent and a Guarantor | THE SUBSIDIARIES OF THE BORROWER IDENTIFIED HEREIN, as the other Guarantors | THE LENDERS FROM TIME TO TIME PARTY HERETO, | ",false,true,false,false,1,drop,title names a non-TRA instrument; no TRA phrase
data/edgar-query/exhibits/0001592016/0001104659-15-057259_a15-16788_2ex10d1.htm,1340587,"CREDIT AGREEMENT | July 31, 2015 | AF SOLUTIONS HOLDINGS LLC, as Holdings, | AGROFRESH INC. as Borrower, THE LENDERS PARTY HERETO | BANK OF MONTREAL, as Administrative Agent | BMO CAPITAL MARKETS CORP., | CREDIT SUISSE SECURITIES (USA) LLC, | SUMITOMO MITSUI BANKING CORPORATION, | as Joint Lead Arra",false,true,false,false,0,drop,title names a non-TRA instrument; no TRA phrase
data/edgar-query/exhibits/0001592016/0001592016-17-000008_exhibit101.htm,106892,AGREEMENT,false,false,false,false,0,drop,"no TRA title, phrase, or defining terminology"
data/edgar-query/exhibits/0001592016/0001592016-17-000008_exhibit102.htm,35006,FIRST AMENDMENT TO THE TAX RECEIVABLES AGREEMENT,false,false,false,false,0,drop,"no TRA title, phrase, or defining terminology"
data/edgar-query/exhibits/0001592016/0001628280-19-015266_exhibit101dowtraagreem.htm,65671,TERMINATION AGREEMENT,false,false,false,false,0,drop,"no TRA title, phrase, or defining terminology"
data/edgar-query/exhibits/0001599489/0001104659-16-139770_a16-16741_1ex10d1.htm,2209705,FIRST AMENDMENT TO | ABL CREDIT AGREEMENT,false,true,false,false,0,drop,title names a non-TRA instrument; no TRA phrase
data/edgar-query/exhibits/0001599489/0001104659-20-046099_tm2015671d1_ex10-1.htm,3887004,"$1,100,000,000 | ABL CREDIT AGREEMENT | VERITIV CORPORATION, as Holding, | VERITIV OPERATING COMPANY, (formerly known as Unisource Worldwide, Inc.), as the Parent Borrower, | THE OTHER BORROWERS FROM TIME TO TIME PARTY HERETO, | THE SEVERAL LENDERS FROM TIME TO TIME PARTY HERETO, | BANK OF AMERICA, ",false,true,false,false,0,drop,title names a non-TRA instrument; no TRA phrase
data/edgar-query/exhibits/0001599489/0001193125-14-233462_d668968dex105.htm,2418799,"$1,400,000,000 | FORM OF ABL CREDIT AGREEMENT | XPEDX INTERMEDIATE, LLC, | (which on the Effective Date shall be merged with and into Unisource Worldwide, Inc., | with Unisource Worldwide, Inc. surviving such merger), | as the Parent Borrower, | THE OTHER BORROWERS | FROM TIME TO TIME PARTY HERETO, ",false,true,false,false,0,drop,title names a non-TRA instrument; no TRA phrase
data/edgar-query/exhibits/0001599489/0001193125-14-259659_d750071dex101.htm,3497928,"$1,400,000,000 | ABL CREDIT AGREEMENT | VERITIV CORPORATION, | as Holding, | XPEDX INTERMEDIATE, LLC, | (which on the Effective Date shall be merged with and into Unisource Worldwide, Inc., | with Unisource Worldwide, Inc. surviving such merger), | as the Parent Borrower, | THE OTHER BORROWERS | FRO",false,true,false,false,0,drop,title names a non-TRA instrument; no TRA phrase
data/edgar-query/exhibits/0001599489/0001599489-23-000070_thirdamendmenttoabl2023.htm,2537821,THIRD AMENDMENT TO ABL CREDIT AGREEMENT,false,true,false,false,0,drop,title names a non-TRA instrument; no TRA phrase
data/edgar-query/exhibits/0001606268/0001606268-22-000053_exhibit101-viarenewablesxc.htm,1878658,"CREDIT AGREEMENT | VIA RENEWABLES, INC. (fka SPARK ENERGY, INC.), as Parent, | SPARK HOLDCO, LLC, SPARK ENERGY, LLC, SPARK ENERGY GAS, LLC, CENSTAR ENERGY CORP, CENSTAR OPERATING COMPANY, LLC, OASIS POWER, LLC, OASIS POWER HOLDINGS, LLC, | ELECTRICITY MAINE, LLC, | ELECTRICITY N.H., LLC, | PROVIDER ",false,true,false,false,0,drop,title names a non-TRA instrument; no TRA phrase
data/edgar-query/exhibits/0001609711/0001609711-23-000122_ex101-amendmentno8andcredi.htm,2567400,[Signature Page to Eighth Amendment Agreement],false,false,false,false,0,drop,large filing (2567400 B) with no TRA phrase or terms
data/edgar-query/exhibits/0001611110/0001611110-17-000032_exhibit101amendmentmarked.htm,1075307,AMENDMENT NUMBER THREE TO CREDIT AGREEMENT,false,true,false,false,0,drop,title names a non-TRA instrument; no TRA phrase
data/edgar-query/exhibits/0001611983/0001104659-25-060920_tm2518377d1_ex10-1.htm,336828,"SEPARATION AND DISTRIBUTION AGREEMENT | LIBERTY BROADBAND CORPORATION | GCI LIBERTY, INC. | Dated as of June 19, 2025",false,true,false,false,0,drop,title names a non-TRA instrument; no TRA phrase
data/edgar-query/exhibits/0001611983/0001104659-25-067806_tm2520147d2_ex10-1.htm,197159,"TAX SHARING AGREEMENT | LIBERTY BROADBAND CORPORATION | GCI LIBERTY, INC.",false,false,false,false,0,drop,"no TRA title, phrase, or defining terminology"
data/edgar-query/exhibits/0001611988/0001144204-17-036099_v470401_ex10-1.htm,971649,"AMENDED AND RESTATED CREDIT AGREEMENT | June 30, 2017 | Fifth Street Holdings L.P. | The Guarantors Party Hereto | The Lenders Party Hereto | Sumitomo Mitsui Banking Corporation as Administrative Agent | CORTLAND CAPITAL MARKET SERVICES LLC as Collateral Agent | Morgan Stanley Senior Funding, Inc. |",false,true,false,false,0,drop,title names a non-TRA instrument; no TRA phrase
data/edgar-query/exhibits/0001613136/0000950123-14-009354_filename12.htm,571249,"$110,000,000 | CREDIT AGREEMENT | ENOVATION CONTROLS, LLC, | as Borrower , | CERTAIN SUBSIDIARIES THEREOF, | as Subsidiary Guarantors | THE LENDERS FROM TIME TO TIME PARTIES HERETO, | as Lenders | BOKF, NA dba BANK OF OKLAHOMA, | as Administrative Agent, Swingline Lender and LC Issuer | HSBC BANK US",false,true,false,false,1,drop,title names a non-TRA instrument; no TRA phrase
data/edgar-query/exhibits/0001613136/0001193125-14-327505_d753506dex107.htm,571275,"$110,000,000 | CREDIT AGREEMENT | ENOVATION CONTROLS, LLC, | as Borrower , | CERTAIN SUBSIDIARIES THEREOF, | as Subsidiary Guarantors | THE LENDERS FROM TIME TO TIME PARTIES HERETO, | as Lenders | BOKF, NA dba BANK OF OKLAHOMA, | as Administrative Agent, Swingline Lender and LC Issuer | HSBC BANK US",false,true,false,false,1,drop,title names a non-TRA instrument; no TRA phrase
data/edgar-query/exhibits/0001617667/0001104659-16-101478_a16-5510_1ex10d1.htm,1902139,"$475,000,000 | SECOND AMENDED AND RESTATED SENIOR SECURED CREDIT AGREEMENT | DATED AS OF OCTOBER 1, 2010 | as amended and restated as of November 20, 2013 | as further amended and restated as of February 25, 2016 | NEFF LLC, as Parent Borrower, | NEFF HOLDINGS LLC, | THE OTHER PERSONS PARTY HERETO T",false,true,false,false,0,drop,title names a non-TRA instrument; no TRA phrase
data/edgar-query/exhibits/0001617977/0001564590-17-015227_habt-ex101_113.htm,969117,"LOAN AND SECURITY AGREEMENT | Dated as of August 2, 2017 | $20,000,000 | The HABIT RESTAURANTS, LLC | CERTAIN OTHER PERSONS FROM TIME TO TIME PARTY HERETO , | as Borrowers, | BANK OF THE WEST , | as Agent, | THE LENDERS THAT ARE PARTIES HERETO , | as Lenders",false,false,false,false,0,drop,"no TRA title, phrase, or defining terminology"
data/edgar-query/exhibits/0001618921/0001193125-21-277874_d210784dex101.htm,350563,"SHIELDS HEALTH SOLUTIONS PARENT, LLC | SECOND AMENDED AND RESTATED LIMITED LIABILITY COMPANY AGREEMENT | Dated as of [___], 2021",false,true,false,false,1,drop,title names a non-TRA instrument; no TRA phrase
data/edgar-query/exhibits/0001618921/0001193125-21-313320_d211154dex101.htm,384846,"SHIELDS HEALTH SOLUTIONS PARENT, LLC | SECOND AMENDED AND RESTATED LIMITED LIABILITY COMPANY AGREEMENT | Dated as of October 29, 2021",false,true,false,false,1,drop,title names a non-TRA instrument; no TRA phrase
data/edgar-query/exhibits/0001618921/0001193125-22-279589_d409149dex101.htm,703051,"EIGHTH AMENDED AND RESTATED | LIMITED LIABILITY COMPANY AGREEMENT | VILLAGE PRACTICE MANAGEMENT COMPANY, LLC | Effective as of [ ⚫ ], 2022",false,true,false,false,1,drop,title names a non-TRA instrument; no TRA phrase
data/edgar-query/exhibits/0001618921/0001193125-23-001940_d391469dex101.htm,780799,"AMENDED AND RESTATED | LIMITED LIABILITY COMPANY AGREEMENT | VILLAGE PRACTICE MANAGEMENT COMPANY HOLDINGS, LLC | Effective as of January 3, 2023",false,true,false,false,1,drop,title names a non-TRA instrument; no TRA phrase
data/edgar-query/exhibits/0001620533/0001620533-23-000078_fourthamendmenttocreditagr.htm,2031435,FOURTH AMENDMENT TO CREDIT AGREEMENT,false,true,false,false,0,drop,title names a non-TRA instrument; no TRA phrase
data/edgar-query/exhibits/0001628908/0001193125-15-169530_d838828dex105.htm,93524,"FORM OF EXCHANGE AGREEMENT | EVOLENT HEALTH, INC. | EVOLENT HEALTH LLC | THE CLASS B MEMBERS OF EVOLENT HEALTH LLC | Dated as of [ ], 2015",false,true,false,false,0,drop,title names a non-TRA instrument; no TRA phrase
data/edgar-query/exhibits/0001628908/0001193125-15-199503_d838828dex102.htm,226830,"FORM OF THIRD AMENDED AND RESTATED OPERATING AGREEMENT | EVOLENT HEALTH LLC | Dated as of [ ], 2015",false,true,false,false,1,drop,title names a non-TRA instrument; no TRA phrase
data/edgar-query/exhibits/0001628908/0001193125-15-199503_d838828dex106.htm,132200,"FORM OF STOCKHOLDERS AGREEMENT | EVOLENT HEALTH, INC. | THE STOCKHOLDERS PARTY HERETO | D ATED AS OF [ ], 2015",false,true,false,false,0,drop,title names a non-TRA instrument; no TRA phrase
data/edgar-query/exhibits/0001628908/0001193125-15-219372_d939182dex101.htm,136730,"STOCKHOLDERS AGREEMENT | EVOLENT HEALTH, INC. | THE STOCKHOLDERS PARTY HERETO | D ATED AS OF J UNE 4, 2015",false,true,false,false,0,drop,title names a non-TRA instrument; no TRA phrase
data/edgar-query/exhibits/0001628908/0001193125-15-219372_d939182dex102.htm,94913,"EXCHANGE AGREEMENT | EVOLENT HEALTH, INC. | EVOLENT HEALTH LLC | THE CLASS B MEMBERS OF EVOLENT HEALTH LLC | Dated as of June 4, 2015",false,true,false,false,0,drop,title names a non-TRA instrument; no TRA phrase
data/edgar-query/exhibits/0001628908/0001193125-15-219372_d939182dex103.htm,232702,"THIRD AMENDED AND RESTATED OPERATING AGREEMENT | EVOLENT HEALTH LLC | Dated as of June 4, 2015",false,true,false,false,1,drop,title names a non-TRA instrument; no TRA phrase
data/edgar-query/exhibits/0001628908/0001193125-23-012645_d331612dex101.htm,1121368,AMENDMENT NO. 1 TO CREDIT AGREEMENT,false,true,false,false,0,drop,title names a non-TRA instrument; no TRA phrase
data/edgar-query/exhibits/0001628908/0001193125-23-012645_d331612dex102.htm,739065,"SECURITIES PURCHASE AGREEMENT | (SERIES A CONVERTIBLE PREFERRED SHARES) | THE PURCHASERS LISTED ON SCHEDULE I HERETO | EVOLENT HEALTH, INC. | DATED AS OF JANUARY 20, 2023",false,true,false,false,0,drop,title names a non-TRA instrument; no TRA phrase
data/edgar-query/exhibits/0001628908/0001193125-23-012645_d331612dex103.htm,179440,INVESTORS RIGHTS AGREEMENT (Series A Convertible Preferred Shares),false,false,false,false,0,drop,"no TRA title, phrase, or defining terminology"
data/edgar-query/exhibits/0001628908/0001628908-19-000084_exhibit101passportcredit.htm,653022,"",false,false,false,false,0,drop,"no TRA title, phrase, or defining terminology"
data/edgar-query/exhibits/0001628908/0001628908-20-000121_exhibit101-amendedcredit.htm,573253,"",false,false,false,false,0,drop,"no TRA title, phrase, or defining terminology"
data/edgar-query/exhibits/0001628908/0001628908-22-000098_a2022q2form10qex101.htm,1607762,"CREDIT AGREEMENT | EVOLENT HEALTH LLC, as Administrative Borrower, | ENDZONE MERGER SUB, INC., | as Initial Borrower | which upon consummation of the TPG Acquisition will be merged with and into | TPG GROWTH ICEMAN PARENT, INC., | as TPG and, upon consummation of the TPG Acquisition, as the survivor",false,true,false,false,0,drop,title names a non-TRA instrument; no TRA phrase
data/edgar-query/exhibits/0001628908/0001628908-23-000192_exhibit102creditagreement.htm,1395217,AMENDMENT NO. 2 TO CREDIT AGREEMENT,false,true,false,false,0,drop,title names a non-TRA instrument; no TRA phrase
data/edgar-query/exhibits/0001628908/0001628908-24-000117_a2024126exhibit101.htm,1862935,AMENDMENT NO. 3 TO CREDIT AGREEMENT,false,true,false,false,0,drop,title names a non-TRA instrument; no TRA phrase
data/edgar-query/exhibits/0001628908/0001628908-25-000116_a6302025exhibit107.htm,1673738,AMENDMENT NO. 6 TO CREDIT AGREEMENT,false,true,false,false,0,drop,title names a non-TRA instrument; no TRA phrase
data/edgar-query/exhibits/0001638833/0001104659-17-055001_a17-21150_1ex10d2.htm,1588596,"CREDIT AGREEMENT | August 31, 2017 | SP HOLDCO I, INC., as Holdings, | SURGERY CENTER HOLDINGS, INC., as the Borrower, | THE OTHER GUARANTORS PARTY HERETO FROM TIME TO TIME, | THE LENDERS PARTY HERETO | JEFFERIES FINANCE LLC, as Administrative Agent and Collateral Agent | JEFFERIES FINANCE LLC | and",false,true,false,false,0,drop,title names a non-TRA instrument; no TRA phrase
data/edgar-query/exhibits/0001638833/0001104659-17-055002_a17-21150_2ex10d2.htm,1588596,"CREDIT AGREEMENT | August 31, 2017 | SP HOLDCO I, INC., as Holdings, | SURGERY CENTER HOLDINGS, INC., as the Borrower, | THE OTHER GUARANTORS PARTY HERETO FROM TIME TO TIME, | THE LENDERS PARTY HERETO | JEFFERIES FINANCE LLC, as Administrative Agent and Collateral Agent | JEFFERIES FINANCE LLC | and",false,true,false,false,0,drop,title names a non-TRA instrument; no TRA phrase
data/edgar-query/exhibits/0001638833/0001104659-21-061310_tm2115097d1_ex10-1.htm,1512544,SIXTH AMENDMENT TO CREDIT AGREEMENT,false,true,false,false,0,drop,title names a non-TRA instrument; no TRA phrase
data/edgar-query/exhibits/0001638833/0001104659-23-127412_tm2333274d1_ex10-1.htm,1815580,"CREDIT AGREEMENT | Dated as of December 19, 2023 | SP HOLDCO I, INC. , | as Holdings, | SURGERY CENTER HOLDINGS, INC., as the Borrower, | the several Lenders and Letter of Credit Issuers from time to time parties hereto, | JEFFERIES FINANCE LLC , as the Administrative Agent and the Collateral Agent,",false,true,false,false,0,drop,title names a non-TRA instrument; no TRA phrase
data/edgar-query/exhibits/0001638833/0001104659-24-073419_tm2417299d1_ex10-1.htm,1974266,FIRST AMENDMENT TO CREDIT AGREEMENT,false,true,false,false,0,drop,title names a non-TRA instrument; no TRA phrase
data/edgar-query/exhibits/0001638833/0001104659-25-077656_tm2523271d1_ex10-1.htm,1955779,SECOND AMENDMENT TO CREDIT AGREEMENT,false,true,false,false,0,drop,title names a non-TRA instrument; no TRA phrase
data/edgar-query/exhibits/0001638833/0001193125-17-166717_d368189dex102.htm,143298,STOCK PURCHASE AGREEMENT,false,true,false,false,0,drop,title names a non-TRA instrument; no TRA phrase
data/edgar-query/exhibits/0001638833/0001638833-20-000038_a202004228-kexhibit102.htm,1697560,SECOND INCREMENTAL TERM LOAN AMENDMENT,false,false,false,false,0,drop,large filing (1697560 B) with no TRA phrase or terms
data/edgar-query/exhibits/0001638833/0001638833-22-000134_a2022q3exhibit101.htm,1958993,EIGHTH AMENDMENT TO CREDIT AGREEMENT,false,true,false,false,0,drop,title names a non-TRA instrument; no TRA phrase
data/edgar-query/exhibits/0001643953/0001213900-20-025218_ea126416ex10-1_purpleinnov.htm,1215296,"CREDIT AGREEMENT | September 3, 2020 among PURPLE INNOVATION, LLC , as Borrower, PURPLE INNOVATION, INC., as Holdings, THE LENDING INSTITUTIONS NAMED HEREIN, as Lenders, and KEYBANK NATIONAL ASSOCIATION, as an LC Issuer, Swing Line Lender and as the Administrative Agent | KeyBanc Capital Markets Inc",false,true,false,false,0,drop,title names a non-TRA instrument; no TRA phrase
data/edgar-query/exhibits/0001643953/0001213900-22-010057_f10k2021ex10-60_purpleinn.htm,1371716,FIRST AMENDMENT TO CREDIT AGREEMENT,false,true,false,false,0,drop,title names a non-TRA instrument; no TRA phrase
data/edgar-query/exhibits/0001643953/0001213900-22-014616_ea157311ex10-1_purple.htm,1238461,SECOND AMENDMENT TO CREDIT AGREEMENT,false,true,false,false,0,drop,title names a non-TRA instrument; no TRA phrase
data/edgar-query/exhibits/0001643953/0001213900-23-013019_ea173932ex10-1_purpleinnov.htm,1227653,FIFTH AMENDMENT TO CREDIT AGREEMENT,false,true,false,false,0,drop,title names a non-TRA instrument; no TRA phrase
data/edgar-query/exhibits/0001644406/0001644406-23-000030_hostess-2023firstliencredi.htm,1675237,"FIRST LIEN CREDIT AGREEMENT | dated as of June 30, 2023 | HB HOLDINGS, LLC, as Holdings, | HOSTESS BRANDS, LLC, as Borrower, | THE LENDERS AND ISSUING BANKS PARTY HERETO, | JPMORGAN CHASE BANK, N.A., as Administrative Agent, | JPMORGAN CHASE BANK, N.A., as Collateral Agent | _________________ | JPMO",false,true,false,false,0,drop,title names a non-TRA instrument; no TRA phrase
data/edgar-query/exhibits/0001651052/0000912057-18-000188_filename2.htm,4279648,"FIRST LIEN CREDIT AGREEMENT | dated as of July 3, 2017 among | FOCUS FINANCIAL PARTNERS, LLC, as the Borrower, | The Several Lenders from Time to Time Parties Hereto, | ROYAL BANK OF CANADA, as the Term Administrative Agent, the Collateral Agent and a Lender, | BANK OF AMERICA, N.A., as Revolver Adm",false,true,false,false,0,drop,title names a non-TRA instrument; no TRA phrase
data/edgar-query/exhibits/0001651052/0000912057-18-000188_filename6.htm,3737557,"SECOND LIEN CREDIT AGREEMENT | dated as of July 3, 2017 | FOCUS FINANCIAL PARTNERS, LLC, as the Borrower, | The Several Lenders from Time to Time Parties Hereto, | ROYAL BANK OF CANADA, as the Administrative Agent, the Collateral Agent and a Lender | RBC CAPITAL MARKETS, | SUNTRUST ROBINSON HUMPHREY",false,true,false,false,0,drop,title names a non-TRA instrument; no TRA phrase
data/edgar-query/exhibits/0001651052/0001047469-18-004033_a2235502zex-10_11.htm,3738043,"SECOND LIEN CREDIT AGREEMENT | dated as of July 3, 2017 | FOCUS FINANCIAL PARTNERS, LLC, as the Borrower, | The Several Lenders from Time to Time Parties Hereto, | ROYAL BANK OF CANADA, as the Administrative Agent, the Collateral Agent and a Lender | RBC CAPITAL MARKETS, | SUNTRUST ROBINSON HUMPHREY",false,true,false,false,0,drop,title names a non-TRA instrument; no TRA phrase
data/edgar-query/exhibits/0001651052/0001047469-18-004033_a2235502zex-10_7.htm,4280245,"FIRST LIEN CREDIT AGREEMENT | dated as of July 3, 2017 among | FOCUS FINANCIAL PARTNERS, LLC, as the Borrower, | The Several Lenders from Time to Time Parties Hereto, | ROYAL BANK OF CANADA, as the Term Administrative Agent, the Collateral Agent and a Lender, | BANK OF AMERICA, N.A., as Revolver Adm",false,true,false,false,0,drop,title names a non-TRA instrument; no TRA phrase
data/edgar-query/exhibits/0001651052/0001047469-18-004821_a2236026zex-10_11.htm,2043963,"AMENDMENT NO. 4 TO FIRST LIEN CREDIT AGREEMENT | June 29, 2018, | FOCUS FINANCIAL PARTNERS, LLC, | as the Borrower, | THE LENDERS PARTY HERETO, | ROYAL BANK OF CANADA, as Term Administrative Agent, Collateral Agent and Fronting Bank | BANK OF AMERICA, N.A., | as Revolver Administrative Agent and a L",false,true,false,false,0,drop,title names a non-TRA instrument; no TRA phrase
data/edgar-query/exhibits/0001651052/0001104659-21-088236_tm2120997d1_ex10-1.htm,1494236,"AMENDMENT NO. 8 TO FIRST LIEN CREDIT AGREEMENT | July 1 2021, | FOCUS FINANCIAL PARTNERS, LLC, | as the Borrower, | THE LENDERS PARTY HERETO, | ROYAL BANK OF CANADA, as Term Administrative Agent and Collateral Agent | RBC CAPITAL MARKETS,[*] | SPC FINANCING COMPANY LLC, | KKR CAPITAL MARKETS LLC, | ",false,true,false,false,0,drop,title names a non-TRA instrument; no TRA phrase
data/edgar-query/exhibits/0001651052/0001104659-22-046893_tm2211311d1_ex10-1.htm,1622764,"AMENDMENT NO. 9 TO FIRST LIEN CREDIT AGREEMENT | April 13, 2022, | FOCUS FINANCIAL PARTNERS, LLC, | as the Borrower, | THE LENDERS PARTY HERETO, | BANK OF AMERICA, N.A, as Revolver Administrative Agent | AMENDMENT NO. 9 TO FIRST LIEN CREDIT AGREEMENT",false,true,false,false,0,drop,title names a non-TRA instrument; no TRA phrase
data/edgar-query/exhibits/0001651052/0001104659-22-122856_tm2231365d1_ex10-1.htm,1889596,"WAIVER AND AMENDMENT NO. 10 TO FIRST LIEN CREDIT AGREEMENT | November 28, 2022, | FOCUS FINANCIAL PARTNERS, LLC, | as the Borrower, | THE LENDERS PARTY HERETO, | ROYAL BANK OF CANADA, as Term Administrative Agent, Collateral Agent and Fronting Bank, | BANK OF AMERICA, N.A., as Revolver Administrativ",false,true,false,false,0,drop,title names a non-TRA instrument; no TRA phrase
data/edgar-query/exhibits/0001656987/0001567619-16-001773_s001076x11_ex10-15.htm,1487706,"$400,000,000 | CREDIT AGREEMENT | Dated as of February [●], 2016 | OTG MANAGEMENT, LLC , | as Borrower, | THE OTHER GUARANTORS PARTY HERETO FROM TIME TO TIME, | BANK OF MONTREAL , | as Administrative Agent and Collateral Agent, | THE LENDERS, L/C ISSUERS AND SWING LINE LENDERS PARTY HERETO FROM TIME",false,true,false,false,0,drop,title names a non-TRA instrument; no TRA phrase
data/edgar-query/exhibits/0001659122/0001628280-20-006474_rosehill-1lforbearanceagre.htm,138495,FORBEARANCE AGREEMENT,false,false,false,false,0,drop,"no TRA title, phrase, or defining terminology"
data/edgar-query/exhibits/0001665988/0001193125-21-011667_d58473dex1011.htm,1254415,"$250,000,000 | CREDIT AND GUARANTY AGREEMENT | dated as of December 6, 2019 | Bioventus LLC, | as Borrower, | Certain Subsidiaries of the Borrower | From Time to Time Party Hereto, | as Guarantors, | The Lenders From Time to Time Party Hereto | Wells Fargo Bank, National Association, | as Administra",false,false,false,false,0,drop,large filing (1254415 B) with no TRA phrase or terms
data/edgar-query/exhibits/0001665988/0001193125-21-313521_d248592dex101.htm,1661367,AMENDMENT NO. 2 TO CREDIT AND GUARANTY AGREEMENT,false,false,false,false,0,drop,large filing (1661367 B) with no TRA phrase or terms
data/edgar-query/exhibits/0001665988/0001193125-24-010779_d709819dex101.htm,1387378,AMENDMENT NO. 5 TO CREDIT AND GUARANTY AGREEMENT,false,false,false,false,0,drop,large filing (1387378 B) with no TRA phrase or terms
data/edgar-query/exhibits/0001665988/0001193125-25-172192_d865758dex101.htm,1075791,"$400,000,000 | CREDIT AGREEMENT | dated as of July 31, 2025, | BIOVENTUS LLC, | as Borrower, | the Lenders referred to herein, | as Lenders, | WELLS FARGO BANK, NATIONAL ASSOCIATION, | as Administrative Agent, | Swingline Lender and Issuing Lender | WELLS FARGO SECURITIES, LLC , DNB MARKETS, INC. , ",false,true,false,false,0,drop,title names a non-TRA instrument; no TRA phrase
data/edgar-query/exhibits/0001665988/0001628280-22-018848_exhibit101july2022amendmen.htm,2660350,AMENDMENT NO. 3 TO CREDIT AND GUARANTY AGREEMENT,false,false,false,false,0,drop,large filing (2660350 B) with no TRA phrase or terms
data/edgar-query/exhibits/0001665988/0001628280-23-010151_a108damendmentno4tocredita.htm,2201474,AMENDMENT NO. 4 TO CREDIT AND GUARANTY AGREEMENT,false,false,false,false,0,drop,large filing (2201474 B) with no TRA phrase or terms
data/edgar-query/exhibits/0001669792/0001047469-16-013816_a2228918zex-10_5.htm,1148754,"$1,300,000,000 | TERM LOAN CREDIT AGREEMENT | ADVANCEPIERRE FOODS HOLDINGS, INC., | PIERRE HOLDCO, INC., | ADVANCEPIERRE FOODS, INC., | VARIOUS LENDERS | MORGAN STANLEY SENIOR FUNDING, INC., | as ADMINISTRATIVE AGENT and SECURITY AGENT | Dated as of June 2, 2016 | MORGAN STANLEY SENIOR FUNDING, INC.",false,true,false,false,0,drop,title names a non-TRA instrument; no TRA phrase
data/edgar-query/exhibits/0001669792/0001047469-16-013816_a2228918zex-10_6.htm,1502835,AMENDMENT NUMBER THREE TO SECOND AMENDED AND RESTATED CREDIT AGREEMENT,false,true,false,false,0,drop,title names a non-TRA instrument; no TRA phrase
data/edgar-query/exhibits/0001669792/0001047469-16-014002_a2228971zex-10_5.htm,4019217,"$1,300,000,000 | TERM LOAN CREDIT AGREEMENT | ADVANCEPIERRE FOODS HOLDINGS, INC., | PIERRE HOLDCO, INC., | ADVANCEPIERRE FOODS, INC., | VARIOUS LENDERS | MORGAN STANLEY SENIOR FUNDING, INC., | as ADMINISTRATIVE AGENT and SECURITY AGENT | Dated as of June 2, 2016 | MORGAN STANLEY SENIOR FUNDING, INC.",false,true,false,false,0,drop,title names a non-TRA instrument; no TRA phrase
data/edgar-query/exhibits/0001669792/0001047469-16-014002_a2228971zex-10_6.htm,2261161,AMENDMENT NUMBER THREE TO SECOND AMENDED AND RESTATED CREDIT AGREEMENT,false,true,false,false,0,drop,title names a non-TRA instrument; no TRA phrase
data/edgar-query/exhibits/0001670349/0001193125-22-206709_d387852dex101.htm,1261171,FIRST AMENDMENT | TO TERM LOAN CREDIT AGREEMENT,false,true,false,false,0,drop,title names a non-TRA instrument; no TRA phrase
data/edgar-query/exhibits/0001670349/0001193125-22-206709_d387852dex102.htm,1342912,FIRST AMENDMENT TO CREDIT AGREEMENT,false,true,false,false,0,drop,title names a non-TRA instrument; no TRA phrase
data/edgar-query/exhibits/0001670349/0001564590-19-017796_usws-ex102_302.htm,1279114,"__________________________________________________________________________ | ABL CREDIT AGREEMENT | Dated as of May 7, 2019 | __________________________________________________________________________ | U.S. WELL SERVICES, LLC, | as the Borrower, | the GUARANTORS party hereto from time to time, | U.",false,true,false,false,0,drop,title names a non-TRA instrument; no TRA phrase
data/edgar-query/exhibits/0001674101/0001193125-21-076423_d105467dex101.htm,1175937,AMENDMENT NO. 1 | TERM LOAN CREDIT AGREEMENT,false,true,false,false,0,drop,title names a non-TRA instrument; no TRA phrase
data/edgar-query/exhibits/0001674101/0001193125-22-247717_d347490dex101a.htm,1791973,AMENDMENT NO. 6 TO THE REVOLVING CREDIT AGREEMENT,false,true,false,false,0,drop,title names a non-TRA instrument; no TRA phrase
data/edgar-query/exhibits/0001674101/0001193125-23-173872_d355125dex101.htm,1097748,AMENDMENT NO. 2 | TERM LOAN CREDIT AGREEMENT,false,true,false,false,0,drop,title names a non-TRA instrument; no TRA phrase
data/edgar-query/exhibits/0001674101/0001193125-23-293984_d648019dex101.htm,1061612,AMENDMENT NO. 3 | TERM LOAN CREDIT AGREEMENT,false,true,false,false,0,drop,title names a non-TRA instrument; no TRA phrase
data/edgar-query/exhibits/0001674101/0001193125-24-038556_d595876dex101.htm,1903856,AMENDMENT NO. 8 TO THE REVOLVING CREDIT AGREEMENT,false,true,false,false,0,drop,title names a non-TRA instrument; no TRA phrase
data/edgar-query/exhibits/0001674101/0001193125-24-160352_d937211dex101.htm,1144503,AMENDMENT NO. 4 | TERM LOAN CREDIT AGREEMENT,false,true,false,false,0,drop,title names a non-TRA instrument; no TRA phrase
data/edgar-query/exhibits/0001674101/0001193125-24-256070_d901217dex101.htm,1638336,AMENDMENT NO. 9 TO THE REVOLVING CREDIT AGREEMENT,false,true,false,false,0,drop,title names a non-TRA instrument; no TRA phrase
data/edgar-query/exhibits/0001674101/0001193125-24-278680_d863923dex101.htm,1098511,AMENDMENT NO. 5 | TERM LOAN CREDIT AGREEMENT,false,true,false,false,0,drop,title names a non-TRA instrument; no TRA phrase
data/edgar-query/exhibits/0001674101/0001193125-25-178982_d25970dex101.htm,1130346,AMENDMENT NO. 6 | TERM LOAN CREDIT AGREEMENT,false,true,false,false,0,drop,title names a non-TRA instrument; no TRA phrase
data/edgar-query/exhibits/0001674101/0001628280-20-002714_exhibitno103revolvingcre.htm,1203006,"CONFORMED THROUGH AMENDMENT NO. 5 REVOLVING CREDIT AGREEMENT among VERTIV INTERMEDIATE HOLDING II CORPORATION, as Holdings, VERTIV GROUP CORPORATION and its Subsidiaries listed as Borrowers on the signature pages hereto, as Borrowers, VARIOUS LENDERS JPMORGAN CHASE BANK, N.A., as Administrative Agen",false,true,false,false,0,drop,title names a non-TRA instrument; no TRA phrase
data/edgar-query/exhibits/0001679063/0001104659-22-059491_tm2215197d3_ex10-3.htm,1090438,"CREDIT AGREEMENT 12 | dated as of [________], 2022 | CHICKEN SOUP FOR THE SOUL ENTERTAINMENT INC. as Borrower, | THE LENDERS PARTY HERETO, | HPS INVESTMENT PARTNERS, LLC, as Administrative Agent and Collateral Agent",false,true,false,false,0,drop,title names a non-TRA instrument; no TRA phrase
data/edgar-query/exhibits/0001679063/0001104659-22-059496_tm2215197d3_ex10-3.htm,1090438,"CREDIT AGREEMENT 12 | dated as of [________], 2022 | CHICKEN SOUP FOR THE SOUL ENTERTAINMENT INC. as Borrower, | THE LENDERS PARTY HERETO, | HPS INVESTMENT PARTNERS, LLC, as Administrative Agent and Collateral Agent",false,true,false,false,0,drop,title names a non-TRA instrument; no TRA phrase
data/edgar-query/exhibits/0001679063/0001104659-22-090071_tm2223232d1_ex10-1.htm,1046366,"AMENDED AND RESTATED CREDIT AGREEMENT | dated as of August 11, 2022 | CHICKEN SOUP FOR THE SOUL ENTERTAINMENT INC. as Primary Borrower, | REDBOX AUTOMATED RETAIL, LLC, | as Original Borrower | THE LENDERS PARTY HERETO, | HPS INVESTMENT PARTNERS, LLC, as Administrative Agent and Collateral Agent",false,true,false,false,0,drop,title names a non-TRA instrument; no TRA phrase
data/edgar-query/exhibits/0001679063/0001104659-24-056705_tm2413244d1_ex10-2.htm,1099577,"AMENDED AND RESTATED CREDIT AGREEMENT | dated as of August 11, 2022 | CHICKEN SOUP FOR THE SOUL ENTERTAINMENT INC. as Primary Borrower, | REDBOX AUTOMATED RETAIL, LLC, | as Original Borrower | THE LENDERS PARTY HERETO, | HPS INVESTMENT PARTNERS, LLC, as Administrative Agent and Collateral Agent",false,true,false,false,0,drop,title names a non-TRA instrument; no TRA phrase
data/edgar-query/exhibits/0001685040/0001193125-17-126443_d271055dex106.htm,136441,"TAX SEPARATION AGREEMENT | METLIFE, INC. | AND ITS AFFILIATES | BRIGHTHOUSE FINANCIAL, INC. | AND ITS AFFILIATES",false,true,false,false,0,drop,title names a non-TRA instrument; no TRA phrase
data/edgar-query/exhibits/0001685040/0001193125-17-252871_d428466dex106.htm,137422,"TAX SEPARATION AGREEMENT | METLIFE, INC. | AND ITS AFFILIATES | BRIGHTHOUSE FINANCIAL, INC. | AND ITS AFFILIATES",false,true,false,false,0,drop,title names a non-TRA instrument; no TRA phrase
data/edgar-query/exhibits/0001688941/0001193125-18-251688_d598470dex1020.htm,2090476,"ABL CREDIT AGREEMENT | August 13, 2018 | FBM ALPHA LLC, | as Holdings, | FOUNDATION BUILDING MATERIALS HOLDING COMPANY LLC, | as the Lead Borrower, | THE ADDITIONAL US BORROWERS PARTY HERETO, | THE CANADIAN BORROWERS PARTY HERETO, | THE LENDERS PARTY HERETO, | BANK OF AMERICA, N.A., | as Administrat",false,true,false,false,0,drop,title names a non-TRA instrument; no TRA phrase
data/edgar-query/exhibits/0001690769/0001193125-18-038241_d508878dex101.htm,753335,"$1,000,000,000 | EIGHTH AMENDED AND RESTATED CREDIT AGREEMENT | ALTA MESA HOLDINGS, LP | as Borrower, | THE LENDERS PARTY HERETO FROM TIME TO TIME | as Lenders, | WELLS FARGO BANK, NATIONAL ASSOCIATION | as Administrative Agent and as Issuing Lender | February 9, 2018 | Wells Fargo Securities, LLC |",false,true,false,false,0,drop,title names a non-TRA instrument; no TRA phrase
data/edgar-query/exhibits/0001692819/0001193125-16-802608_d312912dex101.htm,1913476,"CREDIT AGREEMENT | Dated as of October 3, 2016 | TEX INTERMEDIATE COMPANY LLC, | as Holdings | TEX OPERATIONS COMPANY LLC, | as the Borrower, | The Several Lenders | from Time to Time Parties Hereto, | DEUTSCHE BANK AG NEW YORK BRANCH, | as Administrative Agent and Collateral Agent and | Term Letter",false,true,false,false,0,drop,title names a non-TRA instrument; no TRA phrase
data/edgar-query/exhibits/0001692819/0001193125-18-194479_d594759dex101.htm,2272569,SEVENTH AMENDMENT TO CREDIT AGREEMENT,false,true,false,false,0,drop,title names a non-TRA instrument; no TRA phrase
data/edgar-query/exhibits/0001692819/0001193125-19-297658_d101098dex101.htm,1608056,TENTH AMENDMENT TO CREDIT AGREEMENT,false,true,false,false,0,drop,title names a non-TRA instrument; no TRA phrase
data/edgar-query/exhibits/0001692819/0001193125-22-142366_d356887dex101.htm,2208598,ELEVENTH AMENDMENT TO CREDIT AGREEMENT,false,true,false,false,0,drop,title names a non-TRA instrument; no TRA phrase
data/edgar-query/exhibits/0001692819/0001193125-22-151962_d302328dex101.htm,500796,"VISTRA OPERATIONS COMPANY LLC | $400,000,000 | 4.875% Senior Secured Notes due 2024 | $1,100,000,000 | 5.125% Senior Secured Notes due 2025 | Purchase Agreement | May 10, 2022",false,true,false,false,0,drop,title names a non-TRA instrument; no TRA phrase
data/edgar-query/exhibits/0001692819/0001193125-23-302260_d69396dex101.htm,1683457,FIFTEENTH AMENDMENT TO CREDIT AGREEMENT,false,true,false,false,0,drop,title names a non-TRA instrument; no TRA phrase
data/edgar-query/exhibits/0001692819/0001193125-24-083639_d820354dex101.htm,1275169,"CREDIT AGREEMENT | Dated as of March 26, 2024 | VISTRA ZERO OPERATING COMPANY, LLC , | as the Borrower, | The Several Lenders and Revolving Letter of Credit Issuers | from Time to Time Parties Hereto, | CITIBANK, N.A., | as Administrative Agent and Collateral Agent | CITIBANK, N.A., | BARCLAYS BANK ",false,true,false,false,0,drop,title names a non-TRA instrument; no TRA phrase
data/edgar-query/exhibits/0001692819/0001193125-24-282044_d903599dex101.htm,2649396,FIRST AMENDMENT TO CREDIT AGREEMENT,false,true,false,false,0,drop,title names a non-TRA instrument; no TRA phrase
data/edgar-query/exhibits/0001692819/0001628280-23-028436_vistra-20230630xex101.htm,2756347,THIRTEENTH AMENDMENT TO CREDIT AGREEMENT,false,true,false,false,0,drop,title names a non-TRA instrument; no TRA phrase
data/edgar-query/exhibits/0001692819/0001628280-23-037205_vistra-20230930x101.htm,3839552,FOURTEENTH AMENDMENT TO CREDIT AGREEMENT,false,true,false,false,0,drop,title names a non-TRA instrument; no TRA phrase
data/edgar-query/exhibits/0001692819/0001692819-22-000024_vistra-20220930xex103.htm,2999923,TWELFTH AMENDMENT TO CREDIT AGREEMENT,false,true,false,false,0,drop,title names a non-TRA instrument; no TRA phrase
data/edgar-query/exhibits/0001692819/0001692819-24-000069_vistra-20240930xex106.htm,3090652,SIXTEENTH AMENDMENT TO CREDIT AGREEMENT,false,true,false,false,0,drop,title names a non-TRA instrument; no TRA phrase
data/edgar-query/exhibits/0001693256/0000912057-17-000017_filename7.htm,1305830,AMENDMENT NO. 15 TO AMENDED AND RESTATED CREDIT AGREEMENT,false,true,false,false,0,drop,title names a non-TRA instrument; no TRA phrase
data/edgar-query/exhibits/0001693256/0001047469-17-001192_a2231067zex-10_2.htm,1305858,AMENDMENT NO. 15 TO AMENDED AND RESTATED CREDIT AGREEMENT,false,true,false,false,0,drop,title names a non-TRA instrument; no TRA phrase
data/edgar-query/exhibits/0001693256/0001104659-17-065412_a17-24967_1ex10d1.htm,1337736,"CREDIT AGREEMENT | dated as of November 1, 2017, | SELECT ENERGY SERVICES, LLC, | as Borrower, | SES HOLDINGS, LLC, | as Parent, | WELLS FARGO BANK, NATIONAL ASSOCIATION, | as Administrative Agent, Issuing Lender and Swingline Lender, | WELLS FARGO BANK, NATIONAL ASSOCIATION | JPMORGAN CHASE BANK, N",false,true,false,false,0,drop,title names a non-TRA instrument; no TRA phrase
data/edgar-query/exhibits/0001693853/0001193125-17-349467_d462291dex1033.htm,998810,"INDENTURE | Dated as of October 18, 2017 | V INE O IL & G AS LP, | as Company, | V INE O IL & G AS F INANCE C ORP ., | as Co-Issuer | W ILMINGTON T RUST , N ATIONAL A SSOCIATION , | as Trustee | 8.75% SENIOR NOTES DUE 2023",false,false,false,false,0,drop,"no TRA title, phrase, or defining terminology"
data/edgar-query/exhibits/0001693853/0001193125-21-050849_d86799dex1010.htm,978697,"INDENTURE | Dated as of October 3, 2018 Among | VINE OIL & GAS LP, | as Company, | VINE OIL & GAS FINANCE CORP., | as Co-Issuer And | WILMINGTON TRUST, NATIONAL ASSOCIATION, | as Trustee | 9.75% SENIOR NOTES DUE 2023",false,false,false,false,0,drop,"no TRA title, phrase, or defining terminology"
data/edgar-query/exhibits/0001693853/0001193125-21-050849_d86799dex109.htm,1007963,"INDENTURE | Dated as of October 18, 2017 | V INE O IL & G AS LP, | as Company, | V INE O IL & G AS F INANCE C ORP ., | as Co-Issuer | W ILMINGTON T RUST , N ATIONAL A SSOCIATION , | as Trustee | 8.75% SENIOR NOTES DUE 2023",false,false,false,false,0,drop,"no TRA title, phrase, or defining terminology"
data/edgar-query/exhibits/0001693853/0001193125-21-071647_d86799dex108.htm,1144330,"CREDIT AGREEMENT | Dated as of March [ ], 2021 | VINE ENERGY HOLDINGS LLC, | as the Borrower, | The Several Lenders | from Time to Time Parties Hereto, | CITIBANK, N.A., | as Administrative Agent, Collateral Agent, | Swingline Lender and an Issuing Bank, | CITIBANK, N.A., BANK OF AMERICA, N.A., BARC",false,true,false,false,0,drop,title names a non-TRA instrument; no TRA phrase
data/edgar-query/exhibits/0001693853/0001193125-21-091165_d117650dex107.htm,1164817,"CREDIT AGREEMENT | Dated as of March 8, 2021 | VINE ENERGY HOLDINGS LLC, | as the Borrower, | The Several Lenders | from Time to Time Parties Hereto, | CITIBANK, N.A., | as Administrative Agent, Collateral Agent, | Swingline Lender and an Issuing Bank, | CITIBANK, N.A., BANK OF AMERICA, N.A., BARCLA",false,true,false,false,0,drop,title names a non-TRA instrument; no TRA phrase
data/edgar-query/exhibits/0001697500/0001558370-23-008140_soi-20230331xex10d3.htm,2811041,AMENDMENT NO. 2 TO | AMENDED AND RESTATED CREDIT AGREEMENT,false,true,false,false,0,drop,title names a non-TRA instrument; no TRA phrase
data/edgar-query/exhibits/0001697500/0001697500-25-000042_sei-20250930xex10d1.htm,1180275,"THIRD Amendment TO LOAN, SECURITY AND GUARANTY AGREEMENT",false,false,false,false,0,drop,"no TRA title, phrase, or defining terminology"
data/edgar-query/exhibits/0001698990/0001104659-24-117696_tm2427987d3_ex10-1.htm,1515526,"SECOND AMENDED AND RESTATED CREDIT AGREEMENT | Dated as of November 13, 2024 | MAGNOLIA OIL & GAS INTERMEDIATE LLC, as Holdings | MAGNOLIA OIL & GAS OPERATING LLC as the Borrower, | The Several Lenders from Time to Time Parties Hereto, | CITIBANK, N.A., as Administrative Agent, Collateral Agent, Swi",false,true,false,false,0,drop,title names a non-TRA instrument; no TRA phrase
data/edgar-query/exhibits/0001698990/0001193125-18-239706_d568153dex101.htm,1109107,"CREDIT AGREEMENT | Dated as of July 31, 2018 | TPG PACE ENERGY INTERMEDIATE LLC, | as Holdings | MAGNOLIA OIL & GAS OPERATING LLC | as the Borrower, | The Several Lenders | from Time to Time Parties Hereto, | CITIBANK, N.A., | as Administrative Agent, Collateral Agent, | Swingline Lender, an Issuing",false,true,false,false,0,drop,title names a non-TRA instrument; no TRA phrase
data/edgar-query/exhibits/0001698990/0001698990-22-000007_ex104-rblamendmentxye21.htm,2118021,"AMENDED AND RESTATED CREDIT AGREEMENT Dated as of February 16, 2022 among MAGNOLIA OIL & GAS INTERMEDIATE LLC, as Holdings MAGNOLIA OIL & GAS OPERATING LLC as the Borrower, The Several Lenders from Time to Time Parties Hereto, CITIBANK, N.A., as Administrative Agent, Collateral Agent, Swingline Lend",false,true,false,false,0,drop,title names a non-TRA instrument; no TRA phrase
data/edgar-query/exhibits/0001699039/0001699039-22-000147_rngr-093022xfourthamendment.htm,1579475,FOURTH AMENDMENT TO LOAN AND SECURITY AGREEMENT,false,false,false,false,0,drop,large filing (1579475 B) with no TRA phrase or terms
data/edgar-query/exhibits/0001699136/0001628280-25-054820_whd-20251201x8kxexhibit101.htm,1772931,THIRD AMENDMENT TO AMENDED AND RESTATED CREDIT AGREEMENT,false,true,false,false,0,drop,title names a non-TRA instrument; no TRA phrase
data/edgar-query/exhibits/0001699136/0001699136-22-000160_whd-20220930xex101.htm,2504831,SECOND AMENDMENT TO CREDIT AGREEMENT,false,true,false,false,0,drop,title names a non-TRA instrument; no TRA phrase
data/edgar-query/exhibits/0001699136/0001699136-24-000007_a20231231-exhibit1014.htm,1749125,FIRST AMENDMENT TO AMENDED AND RESTATED CREDIT AGREEMENT,false,true,false,false,0,drop,title names a non-TRA instrument; no TRA phrase
data/edgar-query/exhibits/0001702744/0001104659-22-007427_tm224221d1_ex10-1.htm,1765424,REPRICING AMENDMENT,false,false,false,false,0,drop,large filing (1765424 B) with no TRA phrase or terms
data/edgar-query/exhibits/0001702744/0001104659-23-051350_tm2313759d1_ex10-1.htm,1625888,REPRICING AMENDMENT,false,false,false,false,0,drop,large filing (1625888 B) with no TRA phrase or terms
data/edgar-query/exhibits/0001702744/0001104659-25-008352_tm254954d1_ex10-1.htm,1690882,REPRICING AMENDMENT,false,false,false,false,0,drop,large filing (1690882 B) with no TRA phrase or terms
data/edgar-query/exhibits/0001702744/0001104659-25-114309_tm2531697d1_ex10-1.htm,1717403,AMENDMENT NO. 8 TO CREDIT AGREEMENT,false,true,false,false,0,drop,title names a non-TRA instrument; no TRA phrase
data/edgar-query/exhibits/0001702744/0001213900-17-006350_fs42017a3ex10ix_simply.htm,1714687,"[FORM OF] | CREDIT AGREEMENT | Dated as of [●], 2017 among ATKINS INTERMEDIATE HOLDINGS, LLC, as Holdings, | CONYERS PARK PARENT MERGER SUB, INC., initially, as Parent Merger Sub, succeeded by merger by | CONYERS PARK ACQUISITION CORP., as Parent, | CONYERS PARK MERGER SUB 4, INC., | initially, as t",false,true,false,false,0,drop,title names a non-TRA instrument; no TRA phrase
data/edgar-query/exhibits/0001702744/0001213900-17-007546_f8k070717ex10i_simplygood.htm,1759731,"CREDIT AGREEMENT | Dated as of July 7, 2017 among ATKINS INTERMEDIATE HOLDINGS, LLC, as Holdings, | CONYERS PARK PARENT MERGER SUB, INC., initially, as Parent Merger Sub, succeeded by merger by | CONYERS PARK ACQUISITION CORP., as Parent, | CONYERS PARK MERGER SUB 4, INC., | initially, as the Initia",false,true,false,false,0,drop,title names a non-TRA instrument; no TRA phrase
data/edgar-query/exhibits/0001704596/0001104659-18-040208_a18-15407_1ex10d1.htm,1784370,RESTATEMENT AGREEMENT TO FIRST LIEN CREDIT AGREEMENT,false,true,false,false,0,drop,title names a non-TRA instrument; no TRA phrase
data/edgar-query/exhibits/0001704596/0001558370-21-014303_evop-20210930xex10d2.htm,2071679,SECOND RESTATEMENT AGREEMENT TO AMENDED AND RESTATED CREDIT AGREEMENT,false,true,false,false,0,drop,title names a non-TRA instrument; no TRA phrase
data/edgar-query/exhibits/0001704596/0001558370-22-007062_evop-20220331xex10d2.htm,2087087,​ | ​ | SECOND RESTATEMENT AGREEMENT TO | AMENDED AND RESTATED CREDIT AGREEMENT,false,true,false,false,0,drop,title names a non-TRA instrument; no TRA phrase
data/edgar-query/exhibits/0001704711/0001193125-18-075212_d519860dex101.htm,1050945,AMENDMENT NO. 7 TO FINANCING AGREEMENT,false,false,false,false,0,drop,"no TRA title, phrase, or defining terminology"
data/edgar-query/exhibits/0001704711/0001193125-20-136621_d928224dex101.htm,1324726,THIRD AMENDMENT TO CREDIT AGREEMENT,false,true,false,false,0,drop,title names a non-TRA instrument; no TRA phrase
data/edgar-query/exhibits/0001704711/0001704711-22-000029_exhibit106.htm,1477740,"AMENDMENT NO. 2 | Dated as of July 29, 2022 | CREDIT AGREEMENT | Dated as of September 17, 2021",false,true,false,false,0,drop,title names a non-TRA instrument; no TRA phrase
data/edgar-query/exhibits/0001704711/0001704711-25-000107_exhibit1017162025.htm,1676582,Certain information marked as [***] has been excluded from this exhibit because it is both (i) not material and (ii) is the type that the Registrant treats as private or confidential.,false,false,false,false,0,drop,large filing (1676582 B) with no TRA phrase or terms
data/edgar-query/exhibits/0001705327/0001047469-17-003292_a2231927zex-10_10.htm,4751646,"ABL CREDIT AGREEMENT | LBM MIDCO, LLC | as Holding, | LBM BORROWER, LLC | as Parent Borrower, | THE SUBSIDIARY BORROWERS PARTY HERETO | as Borrowers, | THE SEVERAL LENDERS | FROM TIME TO TIME PARTY HERETO, | ROYAL BANK OF CANADA | as Administrative Agent, Collateral Agent, Swingline Lender and Issui",false,true,false,false,0,drop,title names a non-TRA instrument; no TRA phrase
data/edgar-query/exhibits/0001705327/0001047469-17-003292_a2231927zex-10_15.htm,6831743,"FIRST LIEN CREDIT AGREEMENT | LBM MIDCO, LLC, | LBM BORROWER, LLC, | THE SEVERAL LENDERS | FROM TIME TO TIME PARTY HERETO, | CREDIT SUISSE AG, CAYMAN ISLANDS BRANCH | as Administrative Agent and Collateral Agent | CREDIT SUISSE SECURITIES (USA) LLC AND RBC CAPITAL MARKETS,(1) | as Joint Lead Arrange",false,true,false,false,0,drop,title names a non-TRA instrument; no TRA phrase
data/edgar-query/exhibits/0001705327/0001047469-17-003292_a2231927zex-10_23.htm,6893372,"SECOND LIEN CREDIT AGREEMENT | LBM MIDCO, LLC, | LBM BORROWER, LLC, | THE SEVERAL LENDERS | FROM TIME TO TIME PARTY HERETO, | CREDIT SUISSE AG, CAYMAN ISLANDS BRANCH | as Administrative Agent and Collateral Agent, | CREDIT SUISSE SECURITIES (USA) LLC AND RBC CAPITAL MARKETS,(1) | as Joint Lead Arran",false,true,false,false,0,drop,title names a non-TRA instrument; no TRA phrase
data/edgar-query/exhibits/0001705327/0001047469-19-006516_a2238012zex-10_49.htm,1827830,FOURTH AMENDMENT TO CREDIT AGREEMENT,false,true,false,false,0,drop,title names a non-TRA instrument; no TRA phrase
data/edgar-query/exhibits/0001710583/0001710583-21-000052_thirdamendmenttoamendedand.htm,1854261,THIRD AMENDMENT TO AMENDED AND RESTATED CREDIT AGREEMENT,false,true,false,false,0,drop,title names a non-TRA instrument; no TRA phrase
data/edgar-query/exhibits/0001712923/0000930413-17-003314_filename7.htm,1642942,"$450,000,000 CREDIT AGREEMENT | dated as of August 25, 2017 | GreenSky Holdings, LLC , as the Borrower, | JPMorgan Chase Bank, N.A. , as Administrative Agent, Collateral Agent and Issuing Bank | THE OTHER LENDERS PARTY HERETO | JPMorgan Chase Bank, N.A. | Goldman Sachs Bank USA , as Joint Lead Arran",false,true,false,false,0,drop,title names a non-TRA instrument; no TRA phrase
data/edgar-query/exhibits/0001712923/0000930413-18-001566_c88906_ex10-8.htm,1777989,"$450,000,000 CREDIT AGREEMENT | dated as of August 25, 2017 | GreenSky Holdings, LLC , as the Borrower, | JPMorgan Chase Bank, N.A. , as Administrative Agent, Collateral Agent and Issuing Bank | THE OTHER LENDERS PARTY HERETO | JPMorgan Chase Bank, N.A. | Goldman Sachs Bank USA , as Joint Lead Arran",false,true,false,false,0,drop,title names a non-TRA instrument; no TRA phrase
data/edgar-query/exhibits/0001720592/0000950170-23-002466_rpay-ex10_1.htm,2395598,THIRD AMENDMENT TO | AMENDED AND RESTATED REVOLVING CREDIT AGREEMENT,false,true,false,false,0,drop,title names a non-TRA instrument; no TRA phrase
data/edgar-query/exhibits/0001720592/0000950170-24-082963_rpay-ex10_1.htm,1511996,"_______________________________________________________________________________ | SECOND AMENDED AND RESTATED REVOLVING CREDIT AGREEMENT | dated as of July 10, 2024 | REPAY HOLDINGS CORPORATION, | as Parent and a Guarantor, | Hawk Parent Holdings LLC, | as the Borrower, | THE OTHER LOAN PARTIES FROM",false,true,false,false,0,drop,title names a non-TRA instrument; no TRA phrase
data/edgar-query/exhibits/0001720592/0001193125-20-029800_d884933dex101.htm,1107785,FIRST AMENDMENT TO REVOLVING CREDIT AND TERM LOAN AGREEMENT,false,false,false,false,0,drop,"no TRA title, phrase, or defining terminology"
data/edgar-query/exhibits/0001720592/0001564590-21-033010_rpay-ex101_7.htm,61535,"LIMITED CONSENT, WAIVER AND FIRST AMENDMENT TO AMENDED AND RESTATED REVOLVING CREDIT AGREEMENT",false,true,false,false,0,drop,title names a non-TRA instrument; no TRA phrase
data/edgar-query/exhibits/0001720893/0001104659-24-012333_tm244487d1_ex10-1.htm,1169009,SECOND AMENDMENT TO CREDIT AGREEMENT AND GUARANTY AND TERMINATION OF REVENUE INTEREST FINANCING AGREEMENT,false,true,false,false,0,drop,title names a non-TRA instrument; no TRA phrase
data/edgar-query/exhibits/0001720893/0001104659-24-121582_tm2428677d2_ex10-1.htm,1107774,FIFTH AMENDMENT TO Credit agreement AND guaranty AND FIRST AMENDMENT TO FOURTH AMENDMENT TO CREDIT AGREEMENT AND GUARANTY,false,true,false,false,0,drop,title names a non-TRA instrument; no TRA phrase
data/edgar-query/exhibits/0001720893/0001558370-22-013353_btai-20220630xex10d1.htm,1609817,"​ | Certain information marked as [***] has been excluded from this exhibit because it is both (i) not material and (ii) of the type that the registrant customarily and actually treats as confidential. | ​ | ​ | ​ | , | ​ | ​ | ​ | ​ | ​ | ​ | ​ | ​ | ​",false,false,false,false,0,drop,large filing (1609817 B) with no TRA phrase or terms
data/edgar-query/exhibits/0001723128/0000950103-25-009701_dp232462_ex1001.htm,1663112,AMENDMENT NO. 1 TO TERM LOAN CREDIT AGREEMENT AND AMENDMENT NO. 1 TO TERM LOAN GUARANTEE AND COLLATERAL AGREEMENT,false,true,false,false,0,drop,title names a non-TRA instrument; no TRA phrase
data/edgar-query/exhibits/0001723128/0000950103-25-009701_dp232462_ex1002.htm,1776607,AMENDMENT NO. 2 TO REVOLVING CREDIT AGREEMENT AND AMENDMENT NO. 2 TO COLLATERAL AGREEMENT,false,true,false,false,0,drop,title names a non-TRA instrument; no TRA phrase
data/edgar-query/exhibits/0001723128/0001193125-18-153558_d582441dex101.htm,1230233,"$2,700,000,000 | TERM LOAN CREDIT AGREEMENT, | dated as of May 4, 2018, | AMNEAL PHARMACEUTICALS LLC, | as the Borrower, | THE LENDERS PARTY HERETO, | JPMORGAN CHASE BANK, N.A., | as Administrative Agent and Collateral Agent, and | JPMORGAN CHASE BANK, N.A., | BANK OF AMERICA, N.A. and | RBC CAPITAL",false,true,false,false,0,drop,title names a non-TRA instrument; no TRA phrase
data/edgar-query/exhibits/0001723128/0001193125-18-153558_d582441dex102.htm,1363488,"$500,000,000 | REVOLVING CREDIT AGREEMENT, | dated as of May 4, 2018, | AMNEAL PHARMACEUTICALS LLC, | as the Borrower, | THE LENDERS PARTY HERETO, | JPMORGAN CHASE BANK, N.A., | as Administrative Agent and Collateral Agent, | JPMORGAN CHASE BANK, N.A., | BANK OF AMERICA, N.A. and | RBC CAPITAL MARKE",false,true,false,false,0,drop,title names a non-TRA instrument; no TRA phrase
data/edgar-query/exhibits/0001723128/0001193125-18-153798_d414240dex102.htm,2025170,"$500,000,000 | REVOLVING CREDIT AGREEMENT, | dated as of May 4, 2018, | AMNEAL PHARMACEUTICALS LLC, | as the Borrower, | THE LENDERS PARTY HERETO, | JPMORGAN CHASE BANK, N.A., | as Administrative Agent and Collateral Agent, | JPMORGAN CHASE BANK, N.A., | BANK OF AMERICA, N.A. and | RBC CAPITAL MARKE",false,true,false,false,0,drop,title names a non-TRA instrument; no TRA phrase
data/edgar-query/exhibits/0001723128/0001193125-18-153798_d414240dex103.htm,2318238,"$2,700,000,000 | TERM LOAN CREDIT AGREEMENT, | dated as of May 4, 2018, | AMNEAL PHARMACEUTICALS LLC, | as the Borrower, | THE LENDERS PARTY HERETO, | JPMORGAN CHASE BANK, N.A., | as Administrative Agent and Collateral Agent, and | JPMORGAN CHASE BANK, N.A., | BANK OF AMERICA, N.A. and | RBC CAPITAL",false,true,false,false,0,drop,title names a non-TRA instrument; no TRA phrase
data/edgar-query/exhibits/0001723128/0001193125-23-277184_d78181dex101.htm,1625446,AMENDMENT NO. 2 TO TERM LOAN CREDIT AGREEMENT,false,true,false,false,0,drop,title names a non-TRA instrument; no TRA phrase
data/edgar-query/exhibits/0001723128/0001193125-23-277184_d78181dex102.htm,1386465,"$2,351,646,740.86 | TERM LOAN CREDIT AGREEMENT, | dated as of November 14, 2023, | AMNEAL PHARMACEUTICALS LLC, | as the Borrower, | THE LENDERS PARTY HERETO, | JPMORGAN CHASE BANK, N.A., | as Administrative Agent and Collateral Agent, and | JPMORGAN CHASE BANK, N.A., | TRUIST SECURITIES, INC., | BAN",false,true,false,false,0,drop,title names a non-TRA instrument; no TRA phrase
data/edgar-query/exhibits/0001723128/0001193125-23-277184_d78181dex103.htm,1812643,AMENDMENT NO. 1 TO REVOLVING CREDIT | AGREEMENT AND AMENDMENT NO. 1 TO | COLLATERAL AGREEMENT,false,false,false,false,0,drop,large filing (1812643 B) with no TRA phrase or terms
data/edgar-query/exhibits/0001723128/0001628280-26-004738_amneal-amendmentno2toterml.htm,1890709,AMENDMENT NO. 2 TO TERM LOAN CREDIT AGREEMENT,false,true,false,false,0,drop,title names a non-TRA instrument; no TRA phrase
data/edgar-query/exhibits/0001723128/0001723128-23-000044_fn153-rondoxamendmentno2.htm,664861,"1 AMENDMENT NO. 2 TO REVOLVING CREDIT AND TERM LOAN AGREEMENT AMENDMENT NO. 2 TO REVOLVING CREDIT AND TERM LOAN AGREEMENT, dated as of September 21, 2023 (this “Amendment”), by and among RONDO HOLDINGS, LLC, a Dela- ware limited liability company (“Holdings”), RONDO INTERMEDIATE HOLDINGS, LLC, a Del",false,true,false,false,0,drop,title names a non-TRA instrument; no TRA phrase
data/edgar-query/exhibits/0001723128/0001723128-23-000044_projectrondo-amendmentno.htm,669124,"1 AMENDMENT NO. 1 TO REVOLVING CREDIT AND TERM LOAN AGREEMENT AMENDMENT NO. 1 TO REVOLVING CREDIT AND TERM LOAN AGREEMENT, dated as of April 20, 2023 (this “Amendment”), by and among RONDO HOLDINGS, LLC, a Delaware limited liability company (“Holdings”), RONDO INTERMEDIATE HOLDINGS, LLC, a Delaware ",false,true,false,false,0,drop,title names a non-TRA instrument; no TRA phrase
data/edgar-query/exhibits/0001723128/0001723128-25-000047_projectrondo-arrevolving.htm,804579,"Execution Version AMERICAS 129648577 AMENDED AND RESTATED REVOLVING CREDIT AND TERM LOAN AGREEMENT dated as of January 31, 2020 and amended and restated as of April 9, 2025 among RONDO INTERMEDIATE HOLDINGS, LLC as Borrower, RONDO HOLDINGS, LLC, as Holdings, THE LENDERS FROM TIME TO TIME PARTY HERET",false,true,false,false,0,drop,title names a non-TRA instrument; no TRA phrase
data/edgar-query/exhibits/0001725579/0000950123-18-002912_filename3.htm,1217507,"CREDIT AGREEMENT | June 12, 2017 | PLURALSIGHT HOLDINGS, LLC , | as Holdings, | PLURALSIGHT, LLC, | as Borrower, | the Lenders Party Hereto, | GUGGENHEIM CORPORATE FUNDING, LLC, | as Administrative Agent and as Collateral Agent | GUGGENHEIM CORPORATE FUNDING, LLC, | as Sole Lead Arranger and as Sole",false,true,false,false,0,drop,title names a non-TRA instrument; no TRA phrase
data/edgar-query/exhibits/0001725579/0001193125-18-118572_d498179dex1020.htm,1217535,"CREDIT AGREEMENT | June 12, 2017 | PLURALSIGHT HOLDINGS, LLC , | as Holdings, | PLURALSIGHT, LLC, | as Borrower, | the Lenders Party Hereto, | GUGGENHEIM CORPORATE FUNDING, LLC, | as Administrative Agent and as Collateral Agent | GUGGENHEIM CORPORATE FUNDING, LLC, | as Sole Lead Arranger and as Sole",false,true,false,false,0,drop,title names a non-TRA instrument; no TRA phrase
data/edgar-query/exhibits/0001726978/0001726978-25-000056_january2025creditloanagree.htm,1753784,"CREDIT AGREEMENT | January 8, 2025 among | GOOSEHEAD INSURANCE HOLDINGS, LLC, | as the Borrower, | GOOSEHEAD FINANCIAL, LLC | as Holdings, | The other Loan Parties Party Hereto, | The Lenders Party Hereto and | JPMORGAN CHASE BANK, N.A., | as Administrative Agent | JPMORGAN CHASE BANK, N.A., and CIT",false,true,false,false,0,drop,title names a non-TRA instrument; no TRA phrase
data/edgar-query/exhibits/0001726978/0001726978-25-000141_goosehead-am1conformedcred.htm,1613965,AMENDMENT NO. 1,false,false,false,false,0,drop,large filing (1613965 B) with no TRA phrase or terms
data/edgar-query/exhibits/0001739942/0001628279-18-000080_filename14.htm,2829042,"SECOND LIEN CREDIT AGREEMENT | dated as of March 15, 2018, | SOLARWINDS INTERMEDIATE HOLDINGS I, INC., as Holdings, | SOLARWINDS HOLDINGS, INC., as Borrower | THE OTHER GUARANTORS PARTY HERETO, as Guarantors | THE LENDERS PARTY HERETO, | WILMINGTON TRUST, NATIONAL ASSOCIATION, | as Administrative Ag",false,true,false,false,0,drop,title names a non-TRA instrument; no TRA phrase
data/edgar-query/exhibits/0001739942/0001628280-18-012025_exhibit102s-1.htm,2829071,"SECOND LIEN CREDIT AGREEMENT | dated as of March 15, 2018, | SOLARWINDS INTERMEDIATE HOLDINGS I, INC., as Holdings, | SOLARWINDS HOLDINGS, INC., as Borrower | THE OTHER GUARANTORS PARTY HERETO, as Guarantors | THE LENDERS PARTY HERETO, | WILMINGTON TRUST, NATIONAL ASSOCIATION, | as Administrative Ag",false,true,false,false,0,drop,title names a non-TRA instrument; no TRA phrase
data/edgar-query/exhibits/0001739942/0001739942-21-000121_swi202107278xkex101amendme.htm,2147617,AMENDMENT NO. 5 TO FIRST LIEN CREDIT AGREEMENT,false,true,false,false,0,drop,title names a non-TRA instrument; no TRA phrase
data/edgar-query/exhibits/0001739942/0001739942-22-000111_swi20221123ex101.htm,3401842,AMENDMENT NO. 6 TO FIRST LIEN CREDIT AGREEMENT,false,true,false,false,0,drop,title names a non-TRA instrument; no TRA phrase
data/edgar-query/exhibits/0001739942/0001739942-24-000005_swi20240123-ex101.htm,2179366,AMENDMENT NO. 7 TO FIRST LIEN CREDIT AGREEMENT,false,true,false,false,0,drop,title names a non-TRA instrument; no TRA phrase
data/edgar-query/exhibits/0001739942/0001739942-24-000088_solarwinds-amendmentno8toc.htm,2262990,AMENDMENT NO. 8 TO FIRST LIEN CREDIT AGREEMENT,false,true,false,false,0,drop,title names a non-TRA instrument; no TRA phrase
data/edgar-query/exhibits/0001749723/0001140361-18-042889_s002392x7_ex10-11.htm,1802506,"CREDIT AGREEMENT | NEW FORTRESS ENERGY HOLDINGS LLC, | as Holdings, | NFE ATLANTIC HOLDINGS LLC, | as the Borrower, | The Subsidiary Guarantors | From Time to Time Party Hereto, | The Several Lenders | from Time to Time Party Hereto | MORGAN STANLEY SENIOR FUNDING, INC., | as Administrative Agent, |",false,true,false,false,1,drop,title names a non-TRA instrument; no TRA phrase
data/edgar-query/exhibits/0001749723/0001140361-19-000862_s002392x10_ex10-15.htm,1522272,[Remainder of this page intentionally left blank],false,false,false,false,0,drop,large filing (1522272 B) with no TRA phrase or terms
data/edgar-query/exhibits/0001751008/0000950123-20-012512_filename10.htm,1239054,AMENDMENT NO. 1,false,false,false,false,0,drop,large filing (1239054 B) with no TRA phrase or terms
data/edgar-query/exhibits/0001751008/0000950123-20-012512_filename12.htm,1239790,AMENDMENT NO. 3,false,false,false,false,0,drop,large filing (1239790 B) with no TRA phrase or terms
data/edgar-query/exhibits/0001751008/0000950123-20-012512_filename13.htm,1364902,AMENDMENT NO. 4,false,false,false,false,0,drop,large filing (1364902 B) with no TRA phrase or terms
data/edgar-query/exhibits/0001751008/0000950123-20-012512_filename9.htm,1206243,"CREDIT AGREEMENT | dated as of August 15, 2018 | APPLOVIN CORPORATION, | as the Borrower, | The Several Lenders | from Time to Time Parties Hereto, | BANK OF AMERICA, N.A. | as the Administrative Agent, the Collateral Agent, | the Letter of Credit Issuer, the Swingline Lender and a Lender, | MERRILL",false,true,false,false,0,drop,title names a non-TRA instrument; no TRA phrase
data/edgar-query/exhibits/0001751008/0001193125-21-065782_d73804dex1010.htm,1239079,AMENDMENT NO. 1,false,false,false,false,0,drop,large filing (1239079 B) with no TRA phrase or terms
data/edgar-query/exhibits/0001751008/0001193125-21-065782_d73804dex1012.htm,1239815,AMENDMENT NO. 3,false,false,false,false,0,drop,large filing (1239815 B) with no TRA phrase or terms
data/edgar-query/exhibits/0001751008/0001193125-21-065782_d73804dex1013.htm,1364927,AMENDMENT NO. 4,false,false,false,false,0,drop,large filing (1364927 B) with no TRA phrase or terms
data/edgar-query/exhibits/0001751008/0001193125-21-065782_d73804dex109.htm,1206265,"CREDIT AGREEMENT | dated as of August 15, 2018 | APPLOVIN CORPORATION, | as the Borrower, | The Several Lenders | from Time to Time Parties Hereto, | BANK OF AMERICA, N.A. | as the Administrative Agent, the Collateral Agent, | the Letter of Credit Issuer, the Swingline Lender and a Lender, | MERRILL",false,true,false,false,0,drop,title names a non-TRA instrument; no TRA phrase
data/edgar-query/exhibits/0001751008/0001193125-21-089656_d73804dex1016.htm,1328022,AMENDMENT NO. 5,false,false,false,false,0,drop,large filing (1328022 B) with no TRA phrase or terms
data/edgar-query/exhibits/0001751008/0001193125-21-313339_d234175dex101.htm,1268084,AMENDMENT NO. 6,false,false,false,false,0,drop,large filing (1268084 B) with no TRA phrase or terms
data/edgar-query/exhibits/0001751008/0001751008-23-000048_exhibit102-amendmentno7t.htm,929345,"EXECUTION VERSION 1 #96397703v2 AMENDMENT NO. 7 TO CREDIT AGREEMENT AMENDMENT NO. 7 TO CREDIT AGREEMENT (this “Amendment”), dated as of January 3, 2023, by and among APPLOVIN CORPORATION, a Delaware corporation (the “Borrower”) and BANK OF AMERICA, N.A., as administrative agent (the “Administrative ",false,true,false,false,0,drop,title names a non-TRA instrument; no TRA phrase
data/edgar-query/exhibits/0001751008/0001751008-23-000054_app-20230612x8kxexhibit101.htm,2294283,AMENDMENT NO. 8,false,false,false,false,0,drop,large filing (2294283 B) with no TRA phrase or terms
data/edgar-query/exhibits/0001751008/0001751008-23-000064_exhibit101-amendmentno9toc.htm,2470429,AMENDMENT NO. 9,false,false,false,false,0,drop,large filing (2470429 B) with no TRA phrase or terms
data/edgar-query/exhibits/0001751008/0001751008-24-000017_creditagreementexhibit101.htm,2798610,AMENDMENT NO. 10,false,false,false,false,0,drop,large filing (2798610 B) with no TRA phrase or terms
data/edgar-query/exhibits/0001751008/0001751008-24-000043_exhibit101-amendmentno10to.htm,2798624,AMENDMENT NO. 10,false,false,false,false,0,drop,large filing (2798624 B) with no TRA phrase or terms
data/edgar-query/exhibits/0001756497/0000950123-18-012316_filename15.htm,1466043,Change Healthcare Inc. has requested confidential treatment of this registration statement and associated correspondence | pursuant to Rule 83 of the Securities and Exchange Commission.,false,false,false,false,0,drop,large filing (1466043 B) with no TRA phrase or terms
data/edgar-query/exhibits/0001756497/0000950123-18-012316_filename6.htm,1521367,Change Healthcare Inc. has requested confidential treatment of this registration statement and associated correspondence | pursuant to Rule 83 of the Securities and Exchange Commission.,false,false,false,false,0,drop,large filing (1521367 B) with no TRA phrase or terms
data/edgar-query/exhibits/0001756497/0000950123-19-009881_filename12.htm,1348931,The Registrant has requested confidential treatment of this draft registration statement and associated correspondence | pursuant to Rule 83 of the Securities and Exchange Commission.,false,false,false,false,0,drop,large filing (1348931 B) with no TRA phrase or terms
data/edgar-query/exhibits/0001756497/0000950123-19-009881_filename23.htm,1466078,The Registrant has requested confidential treatment of this draft registration statement and associated correspondence | pursuant to Rule 83 of the Securities and Exchange Commission.,false,false,false,false,0,drop,large filing (1466078 B) with no TRA phrase or terms
data/edgar-query/exhibits/0001756497/0001193125-19-076886_d638353dex101.htm,1370776,"THIRD AMENDED AND RESTATED | LIMITED LIABILITY COMPANY AGREEMENT | CHANGE HEALTHCARE LLC | DATED AS OF MARCH 1, 2017",false,true,false,false,0,drop,title names a non-TRA instrument; no TRA phrase
data/edgar-query/exhibits/0001756497/0001193125-20-023378_d826474dex101.htm,1213513,"THIRD AMENDED AND RESTATED | LIMITED LIABILITY COMPANY AGREEMENT | CHANGE HEALTHCARE LLC | DATED AS OF MARCH 1, 2017",false,true,false,false,0,drop,title names a non-TRA instrument; no TRA phrase
data/edgar-query/exhibits/0001758730/0001104659-19-030556_a19-9947_1ex10d6.htm,1188126,"CREDIT AGREEMENT dated as of April 8, 2019 | TRADEWEB MARKETS LLC , as Borrower, | The Lenders Party Hereto | CITIBANK, N.A. , as Administrative Agent, Collateral Agent, Issuing Bank and Swing Line Lender | CITIGROUP GLOBAL MARKETS INC. , JPMORGAN CHASE BANK, N.A. , | MORGAN STANLEY SENIOR FUNDING, ",false,true,false,false,0,drop,title names a non-TRA instrument; no TRA phrase
data/edgar-query/exhibits/0001760717/0000950157-22-000224_ex10-1.htm,1120603,AMENDMENT NO. 2,false,false,false,false,0,drop,"no TRA title, phrase, or defining terminology"
data/edgar-query/exhibits/0001760717/0001104659-19-027606_a18-41001_14ex10d7.htm,1286539,"CREDIT AGREEMENT | SCIPLAY HOLDING COMPANY, LLC as the Borrower, | SCIPLAY PARENT COMPANY, LLC, | as Holdings, | The Several Lenders from Time to Time Parties Hereto, | BANK OF AMERICA, N.A., as Administrative Agent, Collateral Agent and Issuing Lender, | MERRILL LYNCH, PIERCE, FENNER & SMITH INCORP",false,true,false,false,0,drop,title names a non-TRA instrument; no TRA phrase
data/edgar-query/exhibits/0001762359/0001104659-22-112573_tm2229001d1_ex10-1.htm,862287,"CANOPY USA, LLC | CANOPY GROWTH CORPORATION | ACREAGE HOLDINGS, INC. | ARRANGEMENT AGREEMENT October 24, 2022 | ARRANGEMENT AGREEMENT",false,false,false,false,0,drop,"no TRA title, phrase, or defining terminology"
data/edgar-query/exhibits/0001766363/0000950123-19-003693_filename7.htm,4003971,2,false,false,false,false,0,drop,large filing (4003971 B) with no TRA phrase or terms
data/edgar-query/exhibits/0001766363/0000950123-21-002886_filename10.htm,4027824,2,false,false,false,false,0,drop,large filing (4027824 B) with no TRA phrase or terms
data/edgar-query/exhibits/0001766363/0000950123-21-002886_filename16.htm,1133766,"",false,false,false,false,0,drop,"no TRA title, phrase, or defining terminology"
data/edgar-query/exhibits/0001766363/0000950170-23-019738_edr-ex10_3.htm,2717446,"",false,false,false,false,0,drop,large filing (2717446 B) with no TRA phrase or terms
data/edgar-query/exhibits/0001766363/0000950170-23-019738_edr-ex10_4.htm,2621464,"",false,false,false,false,0,drop,large filing (2621464 B) with no TRA phrase or terms
data/edgar-query/exhibits/0001766363/0000950170-23-039879_edr-ex10_5.htm,2577656,"",false,false,false,false,0,drop,large filing (2577656 B) with no TRA phrase or terms
data/edgar-query/exhibits/0001766363/0000950170-23-039879_edr-ex10_6.htm,2467008,"",false,false,false,false,0,drop,large filing (2467008 B) with no TRA phrase or terms
data/edgar-query/exhibits/0001766363/0000950170-24-056306_edr-ex10_9.htm,2081141,"",false,false,false,false,0,drop,large filing (2081141 B) with no TRA phrase or terms
data/edgar-query/exhibits/0001766363/0001193125-19-163004_d681105dex1012.htm,1127666,"",false,false,false,false,0,drop,"no TRA title, phrase, or defining terminology"
data/edgar-query/exhibits/0001766363/0001193125-19-163004_d681105dex106.htm,4003996,2,false,false,false,false,0,drop,large filing (4003996 B) with no TRA phrase or terms
data/edgar-query/exhibits/0001766363/0001193125-21-102184_d67085dex1015.htm,1133791,"",false,false,false,false,0,drop,"no TRA title, phrase, or defining terminology"
data/edgar-query/exhibits/0001766363/0001193125-21-102184_d67085dex106.htm,4027847,2,false,false,false,false,0,drop,large filing (4027847 B) with no TRA phrase or terms
data/edgar-query/exhibits/0001766363/0001193125-21-122043_d67085dex1010.htm,1199195,"",false,false,false,false,0,drop,"no TRA title, phrase, or defining terminology"
data/edgar-query/exhibits/0001772016/0001772016-25-000153_fy25form-exh1021firstamend.htm,1951912,FIRST AMENDMENT TO CREDIT AGREEMENT,false,true,false,false,0,drop,title names a non-TRA instrument; no TRA phrase
data/edgar-query/exhibits/0001772921/0001772921-24-000046_onew-2024630xexx102.htm,1675282,AMENDMENT NO. 4 TO AMENDED AND RESTATED CREDIT AGREEMENT,false,true,false,false,0,drop,title names a non-TRA instrument; no TRA phrase
data/edgar-query/exhibits/0001772921/0001772921-24-000089_onew-6thamendmenttoarcredi.htm,1817974,AMENDMENT NO. 6 TO AMENDED AND RESTATED CREDIT AGREEMENT AND WAIVER AND AMENDMENT NO. 1 TO PLEDGE AND SECURITY AGREEMENT,false,true,false,false,0,drop,title names a non-TRA instrument; no TRA phrase
data/edgar-query/exhibits/0001772921/0001772921-25-000077_onew-7thamendmenttoarcredi.htm,1850314,SPECIFIC TERMS IN THIS EXHIBIT HAVE BEEN REDACTED BECAUSE SUCH TERMS ARE BOTH NOT MATERIAL AND ARE THE TYPE THAT THE REGISTRANT TREATS AS PRIVATE OR CONFIDENTIAL. THESE REDACTED TERMS HAVE BEEN MARKED IN THIS EXHIBIT WITH AN ASTERISK [*] | AMENDMENT NO. 7 TO AMENDED AND RESTATED CREDIT AGREEMENT AND,false,true,false,false,0,drop,title names a non-TRA instrument; no TRA phrase
data/edgar-query/exhibits/0001776932/0001477932-20-007111_mmen_ex108.htm,641240,"BUSINESS COMBINATION AGREEMENT | MEDMEN ENTERPRISES INC., | NEW MEDMEN INC., | MEDMEN MERGER CORP., | PHARMACANN LLC, | ILLINOIS MEDTECH, LLC, | THE PHARMACANN LLC MAJORITY MEMBERS | THE OTHER TRANSFERORS NAMED HEREIN | December 23, 2018",false,false,false,false,0,drop,"no TRA title, phrase, or defining terminology"
data/edgar-query/exhibits/0001777835/0001193125-21-204696_d119701dex109.htm,1131173,AMENDMENT AGREEMENT,false,false,false,false,0,drop,"no TRA title, phrase, or defining terminology"
data/edgar-query/exhibits/0001781755/0000950103-21-008390_dp152207_ex1001.htm,1821983,2,false,false,false,false,0,drop,large filing (1821983 B) with no TRA phrase or terms
data/edgar-query/exhibits/0001781755/0000950103-21-019994_dp163770_ex1001.htm,1728017,2,false,false,false,false,0,drop,large filing (1728017 B) with no TRA phrase or terms
data/edgar-query/exhibits/0001781755/0000950103-22-005627_dp170212_1001.htm,1913764,2,false,false,false,false,0,drop,large filing (1913764 B) with no TRA phrase or terms
data/edgar-query/exhibits/0001781755/0001193125-20-269464_d942169dex101.htm,1684775,"CREDIT AGREEMENT | BALDWIN RISK PARTNERS, LLC, | as Borrower, | the Guarantors from time to time party hereto, | the several Lenders from time to time party hereto, | JPMORGAN CHASE BANK, N.A., | as Administrative Agent | Dated as of October 14, 2020 | JPMORGAN CHASE BANK, N.A., | WELLS FARGO SECURI",false,true,false,false,0,drop,title names a non-TRA instrument; no TRA phrase
data/edgar-query/exhibits/0001781755/0001193125-24-149333_d823548dex101.htm,1654262,AMENDMENT AND RESTATEMENT AGREEMENT,false,false,false,false,0,drop,large filing (1654262 B) with no TRA phrase or terms
data/edgar-query/exhibits/0001781755/0001193125-25-207391_d71891dex101.htm,1667935,2,false,false,false,false,0,drop,large filing (1667935 B) with no TRA phrase or terms
data/edgar-query/exhibits/0001781755/0001781755-19-000017_exhibit101brpamendmentandr.htm,1559754,[ The remainder of this page is intentionally left blank ],false,false,false,false,0,drop,large filing (1559754 B) with no TRA phrase or terms
data/edgar-query/exhibits/0001781755/0001781755-20-000022_exhibit-106brpfy2019q4.htm,238045,REORGANIZATION AGREEMENT,false,false,false,false,0,drop,"no TRA title, phrase, or defining terminology"
data/edgar-query/exhibits/0001781755/0001781755-23-000027_exhibit-102fy2023q2.htm,2332068,LIBOR HARDWIRE TRANSITION AMENDMENT | AMENDMENT NO. 6,false,false,false,false,0,drop,large filing (2332068 B) with no TRA phrase or terms
data/edgar-query/exhibits/0001781755/0001781755-23-000032_exhibit101amendmentno7.htm,2244757,2,false,false,false,false,0,drop,large filing (2244757 B) with no TRA phrase or terms
data/edgar-query/exhibits/0001781755/0001781755-25-000017_exhibit-1027fy2024q4.htm,2655127,2,false,false,false,false,0,drop,large filing (2655127 B) with no TRA phrase or terms
data/edgar-query/exhibits/0001781755/0001781755-26-000004_exhibit102cacclosingxamend.htm,2657327,2,false,false,false,false,0,drop,large filing (2657327 B) with no TRA phrase or terms
data/edgar-query/exhibits/0001790930/0000950123-19-009882_filename13.htm,1348931,The Registrant has requested confidential treatment of this draft registration statement and associated correspondence | pursuant to Rule 83 of the Securities and Exchange Commission.,false,false,false,false,0,drop,large filing (1348931 B) with no TRA phrase or terms
data/edgar-query/exhibits/0001790930/0000950123-19-009882_filename23.htm,1466078,The Registrant has requested confidential treatment of this draft registration statement and associated correspondence | pursuant to Rule 83 of the Securities and Exchange Commission.,false,false,false,false,0,drop,large filing (1466078 B) with no TRA phrase or terms
data/edgar-query/exhibits/0001790930/0001193125-20-023439_d804285dex101.htm,1213513,"THIRD AMENDED AND RESTATED | LIMITED LIABILITY COMPANY AGREEMENT | CHANGE HEALTHCARE LLC | DATED AS OF MARCH 1, 2017",false,true,false,false,0,drop,title names a non-TRA instrument; no TRA phrase
data/edgar-query/exhibits/0001793659/0001104659-21-041536_tm219436d1_ex10-28.htm,100693,RECAPITALIZATION AGREEMENT,false,false,false,false,0,drop,"no TRA title, phrase, or defining terminology"
data/edgar-query/exhibits/0001794669/0001193125-21-025953_d17553dex101.htm,1149683,"AMENDED AND RESTATED | FIRST LIEN CREDIT AGREEMENT | SHIFT4 PAYMENTS, LLC (formerly known as Lighthouse Network, LLC), | as the Borrower, | THE FINANCIAL INSTITUTIONS PARTY HERETO, | as Lenders, | CREDIT SUISSE AG, CAYMAN ISLANDS BRANCH, | as Administrative Agent and an Issuing Bank, | GOLDMAN SACHS",false,true,false,false,0,drop,title names a non-TRA instrument; no TRA phrase
data/edgar-query/exhibits/0001794669/0001193125-24-216669_d347577dex101.htm,1122088,"SECOND AMENDED AND RESTATED | FIRST LIEN CREDIT AGREEMENT | SHIFT4 PAYMENTS, LLC, | as the Borrower, | THE FINANCIAL INSTITUTIONS PARTY HERETO, | as Lenders, | GOLDMAN SACHS BANK USA, | as Administrative Agent and an Issuing Bank, | BANCO SANTANDER, S.A., NEW YORK BRANCH, | BARCLAYS BANK PLC, | CITI",false,true,false,false,0,drop,title names a non-TRA instrument; no TRA phrase
data/edgar-query/exhibits/0001794669/0001193125-25-155254_d36834dex101.htm,1633799,AMENDMENT NO. 2 TO SECOND AMENDED AND RESTATED FIRST LIEN CREDIT AGREEMENT,false,true,false,false,0,drop,title names a non-TRA instrument; no TRA phrase
data/edgar-query/exhibits/0001794669/0001794669-25-000019_fourq12025form10-qex101.htm,2094375,"SECOND AMENDED AND RESTATED FIRST LIEN CREDIT AGREEMENT | SHIFT4 PAYMENTS, LLC, as the Borrower, | THE FINANCIAL INSTITUTIONS PARTY HERETO, as Lenders, | GOLDMAN SACHS BANK USA, as Administrative Agent and an Issuing Bank, | BANCO SANTANDER, S.A., NEW YORK BRANCH, | BARCLAYS BANK PLC, | CITIBANK, N.",false,true,false,false,0,drop,title names a non-TRA instrument; no TRA phrase
data/edgar-query/exhibits/0001794669/0001794669-26-000004_form8-k1526ex101.htm,2297052,AMENDMENT NO. 3 TO SECOND AMENDED AND RESTATED FIRST LIEN CREDIT AGREEMENT,false,true,false,false,0,drop,title names a non-TRA instrument; no TRA phrase
data/edgar-query/exhibits/0001800347/0000950170-21-001666_etwo-20210901ex10_4.htm,3733346,AMENDMENT NO. 2 TO CREDIT AGREEMENT,false,true,false,false,0,drop,title names a non-TRA instrument; no TRA phrase
data/edgar-query/exhibits/0001800347/0000950170-22-006706_etwo-ex10_17.htm,3487606,AMENDMENT NO. 3 TO CREDIT AGREEMENT,false,true,false,false,0,drop,title names a non-TRA instrument; no TRA phrase
data/edgar-query/exhibits/0001800347/0000950170-23-029142_etwo-ex10_1.htm,3467114,AMENDMENT NO. 4 TO CREDIT AGREEMENT,false,true,false,false,0,drop,title names a non-TRA instrument; no TRA phrase
data/edgar-query/exhibits/0001800347/0000950170-25-059278_etwo-ex10_1.htm,7618642,AMENDMENT NO. 5 TO CREDIT AGREEMENT AND AGENCY RESIGNATION AND APPOINTMENT,false,true,false,false,0,drop,title names a non-TRA instrument; no TRA phrase
data/edgar-query/exhibits/0001800347/0000950170-25-059414_etwo-ex10_1.htm,7618642,AMENDMENT NO. 5 TO CREDIT AGREEMENT AND AGENCY RESIGNATION AND APPOINTMENT,false,true,false,false,0,drop,title names a non-TRA instrument; no TRA phrase
data/edgar-query/exhibits/0001800347/0001104659-21-019902_tm215568d1_ex10-6.htm,1451382,"CREDIT AGREEMENT | February 4, 202 1 | E2OPEN INTERMEDIATE, LLC, as Holdings, | E2OPEN, LLC, | as Borrower, | the Lenders and Issuing Banks from time to time party hereto, | GOLDMAN SACHS BANK USA, | as Administrative Agent and as Collateral Agent, | GOLDMAN SACHS BANK USA, CREDIT SUISSE LOAN FUNDIN",false,true,false,false,0,drop,title names a non-TRA instrument; no TRA phrase
data/edgar-query/exhibits/0001800347/0001564590-21-036600_etwo-ex102_491.htm,7511225,AMENDMENT NO. 1 CREDIT AGREEMENT,false,true,false,false,0,drop,title names a non-TRA instrument; no TRA phrase
data/edgar-query/exhibits/0001800347/0001564590-21-047022_etwo-ex104_10.htm,2105415,AMENDMENT NO. 2 TO CREDIT AGREEMENT,false,true,false,false,0,drop,title names a non-TRA instrument; no TRA phrase
data/edgar-query/exhibits/0001801956/0001193125-21-286825_d169592dex102.htm,1256756,"TERM LOAN CREDIT AGREEMENT | dated as of December 18, 2019 | CLAIRE’S HOLDINGS LLC, | as Holdings, | CLAIRE’S STORES, INC., | as the Borrower, | The Several Lenders | from Time to Time Parties Hereto | JPMORGAN CHASE BANK, N.A., | as the Administrative Agent and the Collateral Agent",false,true,false,false,0,drop,title names a non-TRA instrument; no TRA phrase
data/edgar-query/exhibits/0001801956/0001193125-21-286825_d169592dex104.htm,1401239,"AMENDED AND RESTATED ABL CREDIT AGREEMENT | dated as of December 18, 2019 | CLAIRE’S HOLDINGS LLC, | as Holdings, | CLAIRE’S STORES, INC., | as a U.S. Borrower and the Borrower, | The Other U.S. Borrowers Party Hereto, | CLAIRE’S (GIBRALTAR) HOLDINGS LIMITED, | as a U.K. Borrower, | The Other U.K. B",false,true,false,false,0,drop,title names a non-TRA instrument; no TRA phrase
data/edgar-query/exhibits/0001802156/0000950123-21-007521_filename4.htm,1093782,FIRST AMENDMENT TO FINANCING AGREEMENT,false,false,false,false,0,drop,"no TRA title, phrase, or defining terminology"
data/edgar-query/exhibits/0001802156/0000950170-23-060612_xpof-ex10_1.htm,1766695,FIFTH AMENDMENT TO FINANCING AGREEMENT,false,false,false,false,0,drop,large filing (1766695 B) with no TRA phrase or terms
data/edgar-query/exhibits/0001802156/0000950170-24-053165_xpof-ex10_1.htm,2076312,"",false,false,false,false,0,drop,large filing (2076312 B) with no TRA phrase or terms
data/edgar-query/exhibits/0001802156/0000950170-24-124333_xpof-ex10_1.htm,1588001,SEVENTH AMENDMENT TO FINANCING AGREEMENT,false,false,false,false,0,drop,large filing (1588001 B) with no TRA phrase or terms
data/edgar-query/exhibits/0001802156/0000950170-25-068272_xpof-ex10_1.htm,1827955,EIGHTH AMENDMENT TO FINANCING AGREEMENT,false,false,false,false,0,drop,large filing (1827955 B) with no TRA phrase or terms
data/edgar-query/exhibits/0001802156/0001193125-21-200626_d753938dex106.htm,1093808,FIRST AMENDMENT TO FINANCING AGREEMENT,false,false,false,false,0,drop,"no TRA title, phrase, or defining terminology"
data/edgar-query/exhibits/0001802156/0001193125-25-311452_d32941dex101.htm,1382578,"CREDIT AGREEMENT | Dated as of December 8, 2025 | XPONENTIAL FITNESS LLC, | as the Borrower, | XPONENTIAL INTERMEDIATE HOLDINGS, LLC, | as Holdings, | HPS INVESTMENT PARTNERS, LLC, | as Administrative Agent and as Collateral Agent, | THE OTHER LENDERS PARTY HERETO | HPS INVESTMENT PARTNERS, LLC and ",false,true,false,false,0,drop,title names a non-TRA instrument; no TRA phrase
data/edgar-query/exhibits/0001802450/0001140361-22-008991_ny20000825x6_ex10-24.htm,103952,MASTER TRANSACTION AGREEMENT,false,false,false,false,0,drop,"no TRA title, phrase, or defining terminology"
data/edgar-query/exhibits/0001805651/0001628280-21-020905_exhibit101-8xk_creditfacil.htm,1370949,"LOAN AND SECURITY AGREEMENT | October 29, 2021 | MARKETWISE, LLC , | as Borrower, | the Guarantors that are from time to time parties hereto, | the Lenders that are from time to time parties hereto, | HSBC BANK USA, NATIONAL ASSOCIATION , | as Administrative Agent and Collateral Agent, | HSBC BANK U",false,false,false,false,0,drop,large filing (1370949 B) with no TRA phrase or terms
data/edgar-query/exhibits/0001805651/0001628280-23-028734_ex103-firstamendmenttoloan.htm,1412834,FIRST AMENDMENT TO LOAN AND SECURITY AGREEMENT,false,false,false,false,0,drop,large filing (1412834 B) with no TRA phrase or terms
data/edgar-query/exhibits/0001805833/0001805833-23-000078_system1-ex107creditagreeme.htm,2315335,"CREDIT AND GUARANTY AGREEMENT | dated as of January 27, 2022 | ORCHID FINCO LLC and SYSTEM1 MIDCO, LLC, and after giving effect to the Closing Date Mergers, ORCHID MERGER SUB II, LLC, as the Borrower, | S1 HOLDCO, LLC, as Holdings, | THE SUBSIDIARIES OF THE BORROWER FROM TIME TO TIME PARTY HERETO, |",false,false,false,false,0,drop,large filing (2315335 B) with no TRA phrase or terms
data/edgar-query/exhibits/0001817358/0001193125-20-242076_d934024dex101.htm,957624,"FIRST AMENDED AND RESTATED CREDIT AGREEMENT | dated as of July 2, 2015 | ACADEMY, LTD., | as the Borrower, | NEW ACADEMY HOLDING COMPANY, LLC, | as Holdings, | ASSOCIATED INVESTORS L.L.C., | ACADEMY MANAGING CO., L.L.C., | as Texas Intermediate Holdcos | The Several Lenders | from Time to Time Parti",false,true,false,false,0,drop,title names a non-TRA instrument; no TRA phrase
data/edgar-query/exhibits/0001817358/0001193125-20-242076_d934024dex105.htm,1111946,"FIRST AMENDED AND RESTATED ABL CREDIT AGREEMENT | dated as of July 2, 2015 | ACADEMY, LTD., | as the Borrower, | NEW ACADEMY HOLDING COMPANY, LLC, | as Holdings, | ASSOCIATED INVESTORS LLC, | ACADEMY MANAGING CO., LLC, | as Texas Intermediate Holdcos | The Several Lenders | from Time to Time Parties",false,true,false,false,0,drop,title names a non-TRA instrument; no TRA phrase
data/edgar-query/exhibits/0001817358/0001193125-20-242076_d934024dex106.htm,1250024,AMENDMENT NO. 1 TO FIRST AMENDED AND RESTATED ABL CREDIT AGREEMENT,false,true,false,false,0,drop,title names a non-TRA instrument; no TRA phrase
data/edgar-query/exhibits/0001817358/0001193125-20-287988_d22150dex102.htm,1450445,AMENDMENT NO. 2 TO FIRST AMENDED AND RESTATED ABL CREDIT AGREEMENT,false,true,false,false,0,drop,title names a non-TRA instrument; no TRA phrase
data/edgar-query/exhibits/0001818383/0001193125-20-263993_d48669dex102.htm,291067,"FOURTH AMENDED AND RESTATED LIMITED LIABILITY COMPANY AGREEMENT | QL HOLDINGS LLC | Dated as of [ ], 2020",false,true,false,false,0,drop,title names a non-TRA instrument; no TRA phrase
data/edgar-query/exhibits/0001818383/0001193125-20-263993_d48669dex104.htm,128828,"EXCHANGE AGREEMENT | MEDIAALPHA, INC., | QL HOLDINGS LLC, | GUILFORD HOLDINGS, INC. | THE CLASS B-1 MEMBERS OF QL HOLDINGS LLC | Dated as of [ ], 2020",false,true,false,false,0,drop,title names a non-TRA instrument; no TRA phrase
data/edgar-query/exhibits/0001818383/0001193125-20-263993_d48669dex105.htm,146881,"STOCKHOLDERS AGREEMENT | MEDIAALPHA, INC. | THE STOCKHOLDERS PARTY HERETO | D ATED AS OF [ ], 2020",false,true,false,false,0,drop,title names a non-TRA instrument; no TRA phrase
data/edgar-query/exhibits/0001818383/0001193125-20-272594_d48669dex106.htm,142149,"REORGANIZATION AGREEMENT | MEDIAALPHA, INC., | QL HOLDINGS LLC, | THE OTHER PARTIES NAMED HEREIN | D ATED AS OF [ ], 2020",false,false,false,false,0,drop,"no TRA title, phrase, or defining terminology"
data/edgar-query/exhibits/0001818383/0001193125-20-275059_d48669dex1019.htm,106597,AMENDED AND RESTATED | EMPLOYMENT AGREEMENT,false,true,false,false,0,drop,title names a non-TRA instrument; no TRA phrase
data/edgar-query/exhibits/0001818383/0001193125-20-275059_d48669dex1020.htm,104899,AMENDED AND RESTATED | EMPLOYMENT AGREEMENT,false,true,false,false,0,drop,title names a non-TRA instrument; no TRA phrase
data/edgar-query/exhibits/0001818383/0001193125-20-275059_d48669dex1021.htm,104126,EMPLOYMENT AGREEMENT,false,true,false,false,0,drop,title names a non-TRA instrument; no TRA phrase
data/edgar-query/exhibits/0001818383/0001193125-20-275059_d48669dex106.htm,147644,"REORGANIZATION AGREEMENT | MEDIAALPHA, INC., | QL HOLDINGS LLC, | THE OTHER PARTIES NAMED HEREIN | D ATED AS OF [ ], 2020",false,false,false,false,0,drop,"no TRA title, phrase, or defining terminology"
data/edgar-query/exhibits/0001818383/0001193125-20-284007_d91630dex101.htm,299790,"FOURTH AMENDED AND RESTATED LIMITED LIABILITY COMPANY AGREEMENT | QL HOLDINGS LLC | Dated as of October 27, 2020",false,true,false,false,0,drop,title names a non-TRA instrument; no TRA phrase
data/edgar-query/exhibits/0001818383/0001193125-20-284007_d91630dex1010.htm,106697,AMENDED AND RESTATED | EMPLOYMENT AGREEMENT,false,true,false,false,0,drop,title names a non-TRA instrument; no TRA phrase
data/edgar-query/exhibits/0001818383/0001193125-20-284007_d91630dex1011.htm,104938,AMENDED AND RESTATED | EMPLOYMENT AGREEMENT,false,true,false,false,0,drop,title names a non-TRA instrument; no TRA phrase
data/edgar-query/exhibits/0001818383/0001193125-20-284007_d91630dex1012.htm,104235,EMPLOYMENT AGREEMENT,false,true,false,false,0,drop,title names a non-TRA instrument; no TRA phrase
data/edgar-query/exhibits/0001818383/0001193125-20-284007_d91630dex103.htm,129261,"EXCHANGE AGREEMENT | MEDIAALPHA, INC., | QL HOLDINGS LLC, | GUILFORD HOLDINGS, INC. | THE CLASS B-1 MEMBERS OF QL HOLDINGS LLC | Dated as of October 27, 2020",false,true,false,false,0,drop,title names a non-TRA instrument; no TRA phrase
data/edgar-query/exhibits/0001818383/0001193125-20-284007_d91630dex104.htm,147138,"STOCKHOLDERS AGREEMENT | MEDIAALPHA, INC. | THE STOCKHOLDERS PARTY HERETO | D ATED AS OF O CTOBER 27, 2020",false,true,false,false,0,drop,title names a non-TRA instrument; no TRA phrase
data/edgar-query/exhibits/0001818383/0001193125-20-284007_d91630dex105.htm,166961,"REORGANIZATION AGREEMENT | MEDIAALPHA, INC., | QL HOLDINGS LLC, | THE OTHER PARTIES NAMED HEREIN | D ATED AS OF O CTOBER 27, 2020",false,false,false,false,0,drop,"no TRA title, phrase, or defining terminology"
data/edgar-query/exhibits/0001818383/0001818383-21-000046_ex101amendedcreditagreement.htm,1654244,2,false,false,false,false,0,drop,large filing (1654244 B) with no TRA phrase or terms
data/edgar-query/exhibits/0001818383/0001818383-23-000096_exhibit101-secondamendment.htm,1452837,[Signature Pages Follow] | 2,false,false,false,false,0,drop,large filing (1452837 B) with no TRA phrase or terms
data/edgar-query/exhibits/0001818383/0001818383-25-000022_max-20241231x10kexx1025.htm,147790,SEVERANCE AGREEMENT,false,false,false,false,0,drop,"no TRA title, phrase, or defining terminology"
data/edgar-query/exhibits/0001818383/0001818383-25-000095_exhibit101-thirdamendment.htm,1386147,2,false,false,false,false,0,drop,large filing (1386147 B) with no TRA phrase or terms
data/edgar-query/exhibits/0001818383/0001818383-26-000049_max-20251231x10kexx1029.htm,142118,SEVERANCE AGREEMENT,false,false,false,false,0,drop,"no TRA title, phrase, or defining terminology"
data/edgar-query/exhibits/0001818383/0001818383-26-000097_exhibit101-amendmentandres.htm,1323380,2,false,false,false,false,0,drop,large filing (1323380 B) with no TRA phrase or terms
data/edgar-query/exhibits/0001818502/0001193125-21-224403_d93222dex1028.htm,813921,"[***] CERTAIN INFORMATION IN THIS DOCUMENT HAS BEEN EXCLUDED PURSUANT TO REGULATION S-K, ITEM 601(B)(10). SUCH EXCLUDED INFORMATION IS BOTH NOT MATERIAL AND IS THE TYPE THAT THE REGISTRANT TREATS AS PRIVATE OR CONFIDENTIAL. | OMNIBUS AMENDMENT TO | LOAN AGREEMENT AND OTHER BASIC DOCUMENTS",false,false,false,false,0,drop,"no TRA title, phrase, or defining terminology"
data/edgar-query/exhibits/0001818502/0001193125-21-224403_d93222dex1042.htm,1125295,"[***] CERTAIN INFORMATION IN THIS DOCUMENT HAS BEEN EXCLUDED PURSUANT TO REGULATION S-K, ITEM 601(B)(10). SUCH EXCLUDED INFORMATION IS BOTH NOT MATERIAL AND IS THE TYPE THAT THE REGISTRANT TREATS AS PRIVATE OR CONFIDENTIAL. | AMENDMENT NO. 4 TO REVOLVING CREDIT AGREEMENT",false,true,false,false,0,drop,title names a non-TRA instrument; no TRA phrase
data/edgar-query/exhibits/0001818502/0001818502-22-000018_exhibit102-amendmentno8tor.htm,1280232,"[***] CERTAIN INFORMATION IN THIS DOCUMENT HAS BEEN EXCLUDED | PURSUANT TO REGULATION S-K, ITEM 601(B)(10). SUCH EXCLUDED | INFORMATION IS BOTH NOT MATERIAL AND IS THE TYPE THAT THE | REGISTRANT TREATS AS PRIVATE OR CONFIDENTIAL. | AMENDMENT NO. 8 TO REVOLVING CREDIT AGREEMENT",false,true,false,false,0,drop,title names a non-TRA instrument; no TRA phrase
data/edgar-query/exhibits/0001818502/0001818502-24-000015_exhibit101-xopploanseleven.htm,928282,ELEVENTH AMENDMENT TO | LOAN AGREEMENT,false,false,false,false,0,drop,"no TRA title, phrase, or defining terminology"
data/edgar-query/exhibits/0001818502/0001818502-24-000019_exh103-opploanstwelfthamen.htm,937673,"[*** ] CERTAIN INFORMATION IN THIS DOCUMENT HAS BEEN EXCLUDED PURSUANT TO REGULATION S-K, ITEM 601(B)(10). SUCH EXCLUDED INFORMATION IS BOTH NOT MATERIAL AND IS THE TYPE THAT THE REGISTRANT TREATS AS PRIVATE OR CONFIDENTIAL. | TWELFTH AMENDMENT TO | LOAN AGREEMENT AND AMENDMENT TO SECURITY AGREEMENT",false,false,false,false,0,drop,"no TRA title, phrase, or defining terminology"
data/edgar-query/exhibits/0001819253/0001193125-22-166249_d342736dex109.htm,949753,"Certain identified information marked with [***] has been excluded from the exhibit because it is both not | material and is the type that the registrant treats as private or confidential. | CREDIT AGREEMENT | dated as of May 26, 2022 | BIOTE MEDICAL, LLC, | as the Borrower | BIOTE HOLDINGS, LLC | a",false,true,false,false,0,drop,title names a non-TRA instrument; no TRA phrase
data/edgar-query/exhibits/0001820201/0001104659-21-145086_rdbx-20211129xex10d9.htm,1072189,"CREDIT AGREEMENT | dated as of October 20, 2017 | REDWOOD INTERMEDIATE, LLC, | as Holdings, | REDBOX AUTOMATED RETAIL, LLC, | as Borrower, | THE LENDERS PARTY HERETO, | HPS INVESTMENT PARTNERS, LLC, | as Administrative Agent and Collateral Agent | ​ | ​",false,true,false,false,0,drop,title names a non-TRA instrument; no TRA phrase
data/edgar-query/exhibits/0001820721/0001193125-20-272092_d50569dex102.htm,1330112,"CREDIT AGREEMENT | ARRAY TECHNOLOGIES, INC., | as Borrower, | ATI INVESTMENT SUB, INC. , | as Holdings, | GOLDMAN SACHS BANK USA , | as Administrative Agent and Collateral Agent, | THE LENDERS PARTY HERETO FROM TIME TO TIME , | GOLDMAN SACHS BANK USA , | BARCLAYS BANK PLC, | CREDIT SUISSE LOAN FUNDI",false,true,false,false,0,drop,title names a non-TRA instrument; no TRA phrase
data/edgar-query/exhibits/0001820721/0001193125-26-057110_d752776dex101.htm,1507534,AMENDMENT NO. 5 TO CREDIT AGREEMENT,false,true,false,false,0,drop,title names a non-TRA instrument; no TRA phrase
data/edgar-query/exhibits/0001820721/0001820721-21-000009_exhibit1014-amendmentno1to.htm,2502250,[ Signature Pages Follow ],false,false,false,false,0,drop,large filing (2502250 B) with no TRA phrase or terms
data/edgar-query/exhibits/0001820721/0001820721-25-000060_exhibit102202510-q.htm,2199961,AMENDMENT NO. 4 TO CREDIT AGREEMENT,false,true,false,false,0,drop,title names a non-TRA instrument; no TRA phrase
data/edgar-query/exhibits/0001820872/0001104659-21-152269_apsg-20211221xex10d31.htm,1396627,"135 | ​ | ​ | EQUITY CONTRIBUTION AGREEMENT | ​ | GBT JERSEYCO LIMITED, | JUWEEL INVESTORS LIMITED | EXPEDIA, INC. | ​ | Dated as of August 11, 2021 | ​ | ​",false,false,false,false,0,drop,large filing (1396627 B) with no TRA phrase or terms
data/edgar-query/exhibits/0001823144/0000950142-26-000161_eh260725955_ex1001.htm,1488053,"CREDIT AGREEMENT among COMPOSECURE, INC., as PARENT, COMPOSECURE HOLDINGS, L.L.C., as BORROWER , VARIOUS LENDERS and | JPMORGAN CHASE BANK, N.A., as ADMINISTRATIVE AGENT and COLLATERAL AGENT _______________________________________ dated as of January 14, 2026 JPMORGAN CHASE BANK, N.A., | BOFA SECURI",false,true,false,false,0,drop,title names a non-TRA instrument; no TRA phrase
data/edgar-query/exhibits/0001828182/0001828182-21-000021_exhibit101062221.htm,2348026,"BARCLAYS BANK PLC, JPMORGAN CHASE BANK, N.A., GOLDMAN SACHS BANK USA, BOFA SECURITIES INC., UBS SECURITIES LLC and DEUTSCHE BANK SECURITIES INC. as Joint Lead Arrangers and Joint Bookrunners",false,false,false,false,0,drop,large filing (2348026 B) with no TRA phrase or terms
data/edgar-query/exhibits/0001828791/0001193125-21-023519_d88953dex109.htm,970148,FOURTH AMENDMENT TO REVOLVING CREDIT AND SECURITY AGREEMENT AND GUARANTY,false,false,false,false,0,drop,"no TRA title, phrase, or defining terminology"
data/edgar-query/exhibits/0001828791/0001828791-23-000030_redline-conformedcreditagr.htm,1619419,SIXTH AMENDMENT TO REVOLVING CREDIT AND SECURITY AGREEMENT AND GUARANTY,false,false,false,false,0,drop,large filing (1619419 B) with no TRA phrase or terms
data/edgar-query/exhibits/0001828817/0001104659-21-129066_htpa-20211022xex10d1.htm,1634703,FOURTH AMENDMENT AND JOINDER TO CREDIT AGREEMENT AND FIRST AMENDMENT TO SECURITY AGREEMENT,false,true,false,false,0,drop,title names a non-TRA instrument; no TRA phrase
data/edgar-query/exhibits/0001831617/0001104659-21-122251_tm2128910d1_ex10-1.htm,2260918,AMENDMENT NO. 3,false,false,false,false,0,drop,large filing (2260918 B) with no TRA phrase or terms
data/edgar-query/exhibits/0001831651/0001193125-20-329920_d801436dex101.htm,1353554,"[***] Certain information in this document has been excluded pursuant to Regulation S-K, Item 601(b)(10). | Such excluded information is not material and would likely cause competitive harm to the registrant if | publicly disclosed. | AMENDMENT NO. 2",false,false,false,false,0,drop,large filing (1353554 B) with no TRA phrase or terms
data/edgar-query/exhibits/0001831651/0001831651-21-000027_exhibit101thirdamendmentto.htm,2248477,AMENDMENT NO. 3,false,false,false,false,0,drop,large filing (2248477 B) with no TRA phrase or terms
data/edgar-query/exhibits/0001831651/0001831651-22-000012_a8-k20220504ex101.htm,1058280,"",false,false,false,false,0,drop,"no TRA title, phrase, or defining terminology"
data/edgar-query/exhibits/0001831651/0001831651-24-000030_exhibit101-shoalsxconforme.htm,2946821,"[***] Certain information in this document has been excluded pursuant to Regulation S-K, Item 601 (b)(10) | Such excluded information is not material and would likely cause competitive harm to the registrant if publicly disclosed. | AMENDMENT NO. 6",false,false,false,false,0,drop,large filing (2946821 B) with no TRA phrase or terms
data/edgar-query/exhibits/0001836176/0000950170-22-025101_fath-ex10_1.htm,3058605,[The remainder of this page intentionally left blank.],false,false,false,false,0,drop,large filing (3058605 B) with no TRA phrase or terms
data/edgar-query/exhibits/0001836176/0000950170-22-025283_fath-ex10_1.htm,3058605,[The remainder of this page intentionally left blank.],false,false,false,false,0,drop,large filing (3058605 B) with no TRA phrase or terms
data/edgar-query/exhibits/0001836176/0000950170-22-025284_fath-ex10_1.htm,3058605,[The remainder of this page intentionally left blank.],false,false,false,false,0,drop,large filing (3058605 B) with no TRA phrase or terms
data/edgar-query/exhibits/0001836176/0000950170-23-011064_fath-ex10_1.htm,2282552,[The remainder of this page intentionally left blank.],false,false,false,false,0,drop,large filing (2282552 B) with no TRA phrase or terms
data/edgar-query/exhibits/0001836176/0000950170-23-011601_fath-ex10_1.htm,3014435,[The remainder of this page intentionally left blank.],false,false,false,false,0,drop,large filing (3014435 B) with no TRA phrase or terms
data/edgar-query/exhibits/0001836176/0000950170-23-063797_fath-ex10_1.htm,1890754,[The remainder of this page intentionally left blank.],false,false,false,false,0,drop,large filing (1890754 B) with no TRA phrase or terms
data/edgar-query/exhibits/0001836176/0000950170-24-016800_fath-ex10_1.htm,1925467,1,false,false,false,false,0,drop,large filing (1925467 B) with no TRA phrase or terms
data/edgar-query/exhibits/0001839412/0001104659-21-082372_tm2119598d1_ex10-7.htm,88307,NOTE PURCHASE AGREEMENT,false,true,false,false,0,drop,title names a non-TRA instrument; no TRA phrase
data/edgar-query/exhibits/0001839412/0001104659-21-082373_tm2119598d1_ex10-7.htm,88307,NOTE PURCHASE AGREEMENT,false,true,false,false,0,drop,title names a non-TRA instrument; no TRA phrase
data/edgar-query/exhibits/0001839412/0001104659-23-066357_tm2317209d1_ex10-1.htm,4212019,RESTRUCTURING SUPPORT AGREEMENT,false,true,false,false,0,drop,title names a non-TRA instrument; no TRA phrase
data/edgar-query/exhibits/0001840776/0001840776-22-000147_hgty-20220930xex101.htm,1538734,"AMENDED AND RESTATED CREDIT AGREEMENT | December 12, 2018 | THE HAGERTY GROUP, LLC, | The Lenders Party Hereto | JPMORGAN CHASE BANK, N.A., as Administrative Agent, Sole Bookrunner and Sole Lead Arranger",false,true,false,false,0,drop,title names a non-TRA instrument; no TRA phrase
data/edgar-query/exhibits/0001840776/0001840776-22-000149_hgty-20220930xex101.htm,1538734,"AMENDED AND RESTATED CREDIT AGREEMENT | December 12, 2018 | THE HAGERTY GROUP, LLC, | The Lenders Party Hereto | JPMORGAN CHASE BANK, N.A., as Administrative Agent, Sole Bookrunner and Sole Lead Arranger",false,true,false,false,0,drop,title names a non-TRA instrument; no TRA phrase
data/edgar-query/exhibits/0001840776/0001840776-23-000021_hgty-20230314xex1024.htm,1680484,"AMENDED AND RESTATED CREDIT AGREEMENT | December 12, 2018 | THE HAGERTY GROUP, LLC, | THE FOREIGN SUBSIDIARY BORROWERS PARTY HERETO, | THE LENDERS PARTY HERETO | JPMORGAN CHASE BANK, N.A., as Administrative Agent, Sole Bookrunner and Sole Lead Arranger",false,true,false,false,0,drop,title names a non-TRA instrument; no TRA phrase
data/edgar-query/exhibits/0001840776/0001840776-23-000173_hgty_form8kxex101x28nov23.htm,1926351,"AMENDED AND RESTATED CREDIT AGREEMENT | December 12, 2018 | THE HAGERTY GROUP, LLC, | THE FOREIGN SUBSIDIARY BORROWERS PARTY HERETO, | THE LENDERS PARTY HERETO | JPMORGAN CHASE BANK, N.A., as Administrative Agent, Sole Bookrunner and Sole Lead Arranger",false,true,false,false,0,drop,title names a non-TRA instrument; no TRA phrase
data/edgar-query/exhibits/0001840776/0001840776-25-000041_jpm-hagertyxcreditagreemen.htm,1958307,"CREDIT AGREEMENT | March 7, 2025 | THE HAGERTY GROUP, LLC, | THE FOREIGN SUBSIDIARY BORROWERS PARTY HERETO, | THE LENDERS PARTY HERETO, | JPMORGAN CHASE BANK, N.A., as Administrative Agent, | JPMORGAN CHASE BANK, N.A. and WELLS FARGO SECURITIES, LLC, Joint Bookrunners and Joint Lead Arrangers",false,true,false,false,0,drop,title names a non-TRA instrument; no TRA phrase
data/edgar-query/exhibits/0001841968/0000950123-21-002012_filename3.htm,909535,"SALE AND PURCHASE AGREEMENT | TRUEBRIDGE CAPITAL PARTNERS LLC, | TRUEBRIDGE COLONIAL FUND, U/A DATED 11/15/2015, | MAW MANAGEMENT CO., | EDWIN POSTON AND MEL A. WILLIAMS | (SOLELY IN THEIR CAPACITY AS THE SELLER REPRESENTATIVE), | EDWIN POSTON | (SOLELY FOR PURPOSES OF SECTIONS 8.7 AND 11.9 ), | MEL",false,true,false,false,0,drop,title names a non-TRA instrument; no TRA phrase
data/edgar-query/exhibits/0001841968/0000950123-21-011768_filename2.htm,1032549,"SALE AND PURCHASE AGREEMENT | TRUEBRIDGE CAPITAL PARTNERS LLC, | TRUEBRIDGE COLONIAL FUND, U/A DATED 11/15/2015, | MAW MANAGEMENT CO., | EDWIN POSTON AND MEL A. WILLIAMS | (SOLELY IN THEIR CAPACITY AS THE SELLER REPRESENTATIVE), | EDWIN POSTON | (SOLELY FOR PURPOSES OF SECTIONS 8.7 AND 11.9 ), | MEL",false,true,false,false,0,drop,title names a non-TRA instrument; no TRA phrase
data/edgar-query/exhibits/0001841968/0001193125-21-284294_d118332dex105.htm,1032913,"[***] Certain information has been excluded pursuant to Regulation S-K, Item 601(b)(10)(iv) from this Document because it is both not material and is the type that the registrant treats as private or confidential. | SALE AND PURCHASE AGREEMENT | TRUEBRIDGE CAPITAL PARTNERS LLC, | TRUEBRIDGE COLONIAL",false,true,false,false,0,drop,title names a non-TRA instrument; no TRA phrase
data/edgar-query/exhibits/0001842031/0001193125-21-113287_d935664dex102.htm,1000777,"FIRST LIEN CREDIT AGREEMENT | Dated as of September 26, 2017 | CLOVER INTERMEDIATE HOLDINGS INC., | as Holdings, | CLOVER MERGER SUB INC., | as Merger Sub and, at any time prior to the consummation of the Acquisition, the Borrower, | ALPHABET HOLDING COMPANY, INC., | as the Company and, upon and at ",false,true,false,false,0,drop,title names a non-TRA instrument; no TRA phrase
data/edgar-query/exhibits/0001842031/0001193125-21-113287_d935664dex103.htm,990190,"SECOND LIEN CREDIT AGREEMENT | Dated as of September 26, 2017 | CLOVER INTERMEDIATE HOLDINGS INC., | as Holdings, | CLOVER MERGER SUB INC., | as Merger Sub and, at any time prior to the consummation of the Acquisition, the Borrower, | ALPHABET HOLDING COMPANY, INC., | as the Company and, upon and at",false,true,false,false,0,drop,title names a non-TRA instrument; no TRA phrase
data/edgar-query/exhibits/0001842031/0001193125-21-113287_d935664dex104.htm,1183250,"ABL CREDIT AGREEMENT | Dated as of September 26, 2017 | CLOVER INTERMEDIATE HOLDINGS INC., | as Holdings, | CLOVER MERGER SUB INC., | as Merger Sub and, at any time prior to the consummation of the Acquisition, the Lead Borrower, | ALPHABET HOLDING COMPANY, INC., | as the Company and, upon and at an",false,true,false,false,0,drop,title names a non-TRA instrument; no TRA phrase
data/edgar-query/exhibits/0001852131/0000950103-24-008617_dp213052_ex1001.htm,1469455,2,false,false,false,false,0,drop,large filing (1469455 B) with no TRA phrase or terms
data/edgar-query/exhibits/0001854139/0000950170-22-001861_zvia-ex10_1.htm,1315356,"LOAN AND SECURITY AGREEMENT | Dated as of February 22, 2022 | ZEVIA LLC, | CERTAIN OF ITS SUBSIDIARIES FROM TIME TO TIME JOINED HERETO, | as Borrowers | BANK OF AMERICA, N.A., | as Agent | BANK OF AMERICA, N.A. , | as Sole Lead Arranger and Sole Bookrunner",false,false,false,false,0,drop,large filing (1315356 B) with no TRA phrase or terms
data/edgar-query/exhibits/0001856236/0001104659-21-091732_tm2114247d4_ex10-1.htm,1143740,"CREDIT AGREEMENT | September 25, 2018 | EW Intermediate Holdco, LLC, as Initial Holdings, | EW Holdco, LLC, as Borrower, | The Lenders Party Hereto, | SUNTRUST BANK, as Administrative Agent, Collateral Agent, Swingline Lender and Issuing Bank, | SUNTRUST ROBINSON HUMPHREY, INC. NATIXIS, NEW YORK BRA",false,true,false,false,0,drop,title names a non-TRA instrument; no TRA phrase
data/edgar-query/exhibits/0001856236/0001104659-21-091732_tm2114247d4_ex10-2.htm,1432327,"INCREMENTAL ASSUMPTION AND AMENDMENT NO. 1 | Dated as of April 29, 2019 | EW INTERMEDIATE HOLDCO, LLC, | as Initial Holdings, | EW HOLDCO, LLC, | as Borrower, | THE LENDERS PARTY HERETO | SUNTRUST BANK | as Administrative Agent | SUNTRUST ROBINSON HUMPHREY, INC. | OWL ROCK CAPITAL ADVISORS LLC, | as",false,false,false,false,0,drop,large filing (1432327 B) with no TRA phrase or terms
data/edgar-query/exhibits/0001856236/0001104659-21-091732_tm2114247d4_ex10-3.htm,1326006,"INCREMENTAL ASSUMPTION AND AMENDMENT NO. 2 | Dated as of January 2, 2020 | EW INTERMEDIATE HOLDCO, LLC, | as Initial Holdings, | EW HOLDCO, LLC, | as Borrower, | THE LENDERS PARTY HERETO | TRUIST BANK, as successor by merger to SunTrust Bank, as Administrative Agent | _________________ | SUNTRUST RO",false,false,false,false,0,drop,large filing (1326006 B) with no TRA phrase or terms
data/edgar-query/exhibits/0001856236/0001104659-21-091732_tm2114247d4_ex10-4.htm,1383258,"AMENDMENT NO. 3 TO CREDIT AGREEMENT | Dated as of May 7, 2020 | EW INTERMEDIATE HOLDCO, LLC, | as Initial Holdings, | EW HOLDCO, LLC, | as Borrower, | THE LENDERS PARTY HERETO | TRUIST BANK, as successor by merger to SunTrust Bank, | as Administrative Agent | SUNTRUST ROBINSON HUMPHREY, INC. | OWL R",false,true,false,false,0,drop,title names a non-TRA instrument; no TRA phrase
data/edgar-query/exhibits/0001856236/0001104659-21-102236_tm2123874d3_ex10-1.htm,1467389,"CREDIT AGREEMENT | dated as of August 9, 2021 | EW INTERMEDIATE HOLDCO, LLC | as Holdings, | EW HOLDCO, LLC, as the Borrower, | The Several Lenders from Time to Time Parties Hereto and | BANK OF AMERICA, N.A., as the Administrative Agent, the Collateral Agent, a Letter of Credit Issuer and a Lender ",false,true,false,false,0,drop,title names a non-TRA instrument; no TRA phrase
data/edgar-query/exhibits/0001856314/0001856314-23-000024_exhibit102-clearxamendme.htm,589609,"Execution Version AMENDMENT NO. 2 TO CREDIT AGREEMENT This AMENDMENT NO. 2 TO CREDIT AGREEMENT, dated as of June 28, 2023 (this “Amendment”), is by and among ALCLEAR HOLDINGS, LLC (the “Borrower”), the other Loan Parties signatory hereto, the Lenders party hereto, and JPMORGAN CHASE BANK, N.A., as t",false,true,false,false,0,drop,title names a non-TRA instrument; no TRA phrase
data/edgar-query/exhibits/0001856525/0001193125-21-169332_d70382dex1011.htm,1198469,"$500,000,000 | ABL CREDIT AGREEMENT | CD&R WATERWORKS MERGER SUB, LLC, | to be merged with and into | HD SUPPLY WATERWORKS, LTD., | as Parent Borrower, | THE SUBSIDIARY BORROWERS FROM TIME TO TIME PARTY HERETO, | as Borrowers, | THE LENDERS AND ISSUING LENDERS | FROM TIME TO TIME PARTY HERETO, | CIT",false,true,false,false,0,drop,title names a non-TRA instrument; no TRA phrase
data/edgar-query/exhibits/0001856525/0001193125-21-169332_d70382dex1015.htm,1101664,"$1,075,000,000 | TERM LOAN CREDIT AGREEMENT | CD&R WATERWORKS MERGER SUB, LLC, | to be merged with and into | HD SUPPLY WATERWORKS, LTD., | as Borrower, | THE LENDERS | FROM TIME TO TIME PARTY HERETO, | JPMORGAN CHASE BANK, N.A., | as Administrative Agent and Collateral Agent, | JPMORGAN CHASE BANK,",false,true,false,false,0,drop,title names a non-TRA instrument; no TRA phrase
data/edgar-query/exhibits/0001856525/0001193125-21-212000_d70382dex1017.htm,1731839,FIRST AMENDMENT,false,false,false,false,0,drop,large filing (1731839 B) with no TRA phrase or terms
data/edgar-query/exhibits/0001856525/0001193125-21-213660_d94226dex1014.htm,1693517,-2-,false,false,false,false,0,drop,large filing (1693517 B) with no TRA phrase or terms
data/edgar-query/exhibits/0001856525/0001193125-21-226682_d185428dex1010.htm,1726909,-2-,false,false,false,false,0,drop,large filing (1726909 B) with no TRA phrase or terms
data/edgar-query/exhibits/0001856525/0001193125-21-226682_d185428dex109.htm,1687072,FIRST AMENDMENT,false,false,false,false,0,drop,large filing (1687072 B) with no TRA phrase or terms
data/edgar-query/exhibits/0001856525/0001193125-22-208674_d353439dex101.htm,1463291,-2-,false,false,false,false,0,drop,large filing (1463291 B) with no TRA phrase or terms
data/edgar-query/exhibits/0001856525/0001193125-24-033015_d778499dex101.htm,1371643,THIRD AMENDMENT,false,false,false,false,0,drop,large filing (1371643 B) with no TRA phrase or terms
data/edgar-query/exhibits/0001856525/0001193125-24-033015_d778499dex102.htm,1501829,-2-,false,false,false,false,0,drop,large filing (1501829 B) with no TRA phrase or terms
data/edgar-query/exhibits/0001856525/0001193125-26-150369_d142907dex101.htm,1750044,-2-,false,false,false,false,0,drop,large filing (1750044 B) with no TRA phrase or terms
data/edgar-query/exhibits/0001856525/0001856525-23-000011_coremainex1019q42022.htm,1324405,SECOND AMENDMENT,false,false,false,false,0,drop,large filing (1324405 B) with no TRA phrase or terms
data/edgar-query/exhibits/0001857951/0000950103-22-021510_dp186102_ex1001.htm,1708126,FOURTH AMENDMENT TO CREDIT AGREEMENT,false,true,false,false,0,drop,title names a non-TRA instrument; no TRA phrase
data/edgar-query/exhibits/0001857951/0001193125-21-212480_d39834dex103.htm,92689,REORGANIZATION AGREEMENT,false,false,false,false,0,drop,"no TRA title, phrase, or defining terminology"
data/edgar-query/exhibits/0001857951/0001193125-21-224970_d39834dex1023.htm,1461991,FIRST AMENDMENT TO CREDIT AGREEMENT,false,true,false,false,0,drop,title names a non-TRA instrument; no TRA phrase
data/edgar-query/exhibits/0001857951/0001628280-21-025047_webrex1027.htm,2500927,SECOND AMENDMENT TO CREDIT AGREEMENT,false,true,false,false,0,drop,title names a non-TRA instrument; no TRA phrase
data/edgar-query/exhibits/0001857951/0001628280-22-004722_webr-03022022x8xkexhibit101.htm,2366362,2022 INCREMENTAL FACILITY AMENDMENT,false,false,false,false,0,drop,large filing (2366362 B) with no TRA phrase or terms
data/edgar-query/exhibits/0001859285/0001628280-21-019751_exhibit101-sx1.htm,2167183,"FIRST LIEN CREDIT AGREEMENT | dated as of July 12, 2018 | GENUINE MID HOLDINGS LLC, | as Holdings, | GENUINE FINANCIAL HOLDINGS LLC, | as the Borrower, | The Several Lenders | from Time to Time Parties Hereto, | BANK OF AMERICA, N.A., | as the Administrative Agent, the Collateral Agent, | a Letter o",false,true,false,false,0,drop,title names a non-TRA instrument; no TRA phrase
data/edgar-query/exhibits/0001859285/0001628280-21-019751_exhibit102-sx1.htm,1804508,"SECOND LIEN CREDIT AGREEMENT | dated as of July 12, 2018 | GENUINE MID HOLDINGS LLC, | as Holdings, | GENUINE FINANCIAL HOLDINGS LLC, | as the Borrower, | The Several Lenders | from Time to Time Parties Hereto, | CREDIT SUISSE AG, CAYMAN ISLANDS BRANCH | as the Administrative Agent and the Collatera",false,true,false,false,0,drop,title names a non-TRA instrument; no TRA phrase
data/edgar-query/exhibits/0001859285/0001859285-22-000060_firstamendmenttofirstlienc.htm,2523596,FIRST AMENDMENT TO FIRST LIEN CREDIT AGREEMENT,false,true,false,false,0,drop,title names a non-TRA instrument; no TRA phrase
data/edgar-query/exhibits/0001859285/0001859285-23-000174_exhibit101-93023.htm,2460377,SECOND AMENDMENT TO FIRST LIEN CREDIT AGREEMENT,false,true,false,false,0,drop,title names a non-TRA instrument; no TRA phrase
data/edgar-query/exhibits/0001859392/0001104659-22-008454_tm2127871d9_ex10-1.htm,431456,SIXTH AMENDED AND RESTATED | LIMITED PARTNERSHIP AGREEMENT | GALAXY DIGITAL HOLDINGS LP | Dated as of [●],false,true,false,false,1,drop,title names a non-TRA instrument; no TRA phrase
data/edgar-query/exhibits/0001859392/0001628280-25-015309_exhibit101-galaxyxgdhlpx7t.htm,630971,SEVENTH AMENDED AND RESTATED | LIMITED PARTNERSHIP AGREEMENT | GALAXY DIGITAL HOLDINGS LP | Dated as of [●],false,true,false,false,1,drop,title names a non-TRA instrument; no TRA phrase
data/edgar-query/exhibits/0001859392/0001859392-25-000010_exhibit101galaxy-gdhlpx7th.htm,530056,"SEVENTH AMENDED AND RESTATED | LIMITED PARTNERSHIP AGREEMENT | GALAXY DIGITAL HOLDINGS LP | Dated as of May 13, 2025",false,true,false,false,1,drop,title names a non-TRA instrument; no TRA phrase
data/edgar-query/exhibits/0001859836/0001104659-26-035973_tm2527636d8_ex10-5a.htm,1332443,"",false,false,false,false,0,drop,large filing (1332443 B) with no TRA phrase or terms
data/edgar-query/exhibits/0001859836/0001104659-26-035973_tm2527636d8_ex10-5b.htm,1395384,LIBOR HARDWIRE TRANSITION AMENDMENT | AMENDMENT NO. 2,false,false,false,false,0,drop,large filing (1395384 B) with no TRA phrase or terms
data/edgar-query/exhibits/0001859836/0001104659-26-035973_tm2527636d8_ex10-5d.htm,1286243,AMENDMENT NO. 4,false,false,false,false,0,drop,large filing (1286243 B) with no TRA phrase or terms
data/edgar-query/exhibits/0001859836/0001104659-26-042357_tm2527636d10_ex10-5a.htm,1332558,"",false,false,false,false,0,drop,large filing (1332558 B) with no TRA phrase or terms
data/edgar-query/exhibits/0001859836/0001104659-26-042357_tm2527636d10_ex10-5b.htm,1304135,LIBOR HARDWIRE TRANSITION AMENDMENT | AMENDMENT NO. 2,false,false,false,false,0,drop,large filing (1304135 B) with no TRA phrase or terms
data/edgar-query/exhibits/0001861681/0001104659-21-095668_tm2115868d13_ex10-17.htm,181810,"FORM OF CONTRIBUTION AGREEMENT | PHCC OP LP; | PRESTON HOLLOW CAPITAL, LLC; | and solely for purposes of Sections 2.1(f), 4.3 and 7.3 | PRESTON HOLLOW COMMUNITY CAPITAL, INC. | July [●], 2021",false,false,false,false,0,drop,"no TRA title, phrase, or defining terminology"
data/edgar-query/exhibits/0001861681/0001104659-21-095668_tm2115868d13_ex10-3.htm,544240,"FORM OF FIRST AMENDED AND RESTATED AGREEMENT OF LIMITED PARTNERSHIP OF phcc OP, LP | a Delaware Limited Partnership | Dated as of [●], 2021",false,true,false,false,0,drop,title names a non-TRA instrument; no TRA phrase
data/edgar-query/exhibits/0001861795/0000950170-22-021958_dh-ex10_5.htm,4606980,AMENDMENT NO. 1,false,false,false,false,0,drop,large filing (4606980 B) with no TRA phrase or terms
data/edgar-query/exhibits/0001861795/0000950170-25-006199_dh-ex10_1.htm,2745903,AMENDMENT NO. 2,false,false,false,false,0,drop,large filing (2745903 B) with no TRA phrase or terms
data/edgar-query/exhibits/0001861795/0001193125-21-277423_d402153dex101.htm,1295600,"CREDIT AGREEMENT | dated as of September 17, 2021 | DEFINITIVE HEALTHCARE HOLDINGS, LLC, | as the Borrower, | AIDH BUYER, LLC, | as Holdings, | THE FINANCIAL INSTITUTIONS PARTY HERETO | as Lenders and Issuing Banks, | BANK OF AMERICA, N.A., | as Administrative Agent, an Issuing Bank and Swingline Le",false,true,false,false,0,drop,title names a non-TRA instrument; no TRA phrase
data/edgar-query/exhibits/0001865187/0001558370-23-013120_aris-20230630xex10d3.htm,1434102,​ | ​ | LIMITED WAIVER AND FIRST AMENDMENT TO SECOND AMENDED AND RESTATED CREDIT AGREEMENT,false,true,false,false,0,drop,title names a non-TRA instrument; no TRA phrase
data/edgar-query/exhibits/0001865782/0000950170-24-051607_btsg-ex10_1.htm,3126538,2,false,false,false,false,0,drop,large filing (3126538 B) with no TRA phrase or terms
data/edgar-query/exhibits/0001865782/0000950170-24-135375_btsg-ex10_1.htm,3208655,[ Signature Pages Follow ],false,false,false,false,0,drop,large filing (3208655 B) with no TRA phrase or terms
data/edgar-query/exhibits/0001865782/0001193125-22-010052_d244865dex1010.htm,1059664,"SECOND LIEN CREDIT AGREEMENT | Dated as of March 5, 2019 | PHOENIX INTERMEDIATE HOLDINGS INC., | as Holdings, | PHOENIX GUARANTOR INC., | as the Borrower, | The Several Lenders from Time to Time Parties Hereto | WILMINGTON TRUST, NATIONAL ASSOCIATION, | as the Administrative Agent and the Collateral",false,true,false,false,0,drop,title names a non-TRA instrument; no TRA phrase
data/edgar-query/exhibits/0001865782/0001193125-22-010052_d244865dex102.htm,1235073,"FIRST LIEN CREDIT AGREEMENT | Dated as of March 5, 2019 | PHOENIX INTERMEDIATE HOLDINGS INC., | as Holdings, | PHOENIX GUARANTOR INC., | as the Borrower, | The Several Lenders from Time to Time Parties Hereto | MORGAN STANLEY SENIOR FUNDING, INC., | as the Administrative Agent and the Collateral Age",false,true,false,false,0,drop,title names a non-TRA instrument; no TRA phrase
data/edgar-query/exhibits/0001865782/0001193125-22-010052_d244865dex109.htm,1515171,JOINDER AGREEMENT AND AMENDMENT NO. 5,false,false,false,false,0,drop,large filing (1515171 B) with no TRA phrase or terms
data/edgar-query/exhibits/0001865782/0001193125-24-005605_d251968dex1010.htm,3111133,JOINDER AGREEMENT AND AMENDMENT NO. 6,false,false,false,false,0,drop,large filing (3111133 B) with no TRA phrase or terms
data/edgar-query/exhibits/0001865782/0001193125-24-005605_d251968dex1011.htm,1060061,"SECOND LIEN CREDIT AGREEMENT | Dated as of March 5, 2019 | PHOENIX INTERMEDIATE HOLDINGS INC., | as Holdings, | PHOENIX GUARANTOR INC., | as the Borrower, | The Several Lenders from Time to Time Parties Hereto | WILMINGTON TRUST, NATIONAL ASSOCIATION, | as the Administrative Agent and the Collateral",false,true,false,false,0,drop,title names a non-TRA instrument; no TRA phrase
data/edgar-query/exhibits/0001865782/0001193125-24-005605_d251968dex1014.htm,1204953,AMENDMENT NO. 2 | SECOND LIEN CREDIT AGREEMENT,false,true,false,false,0,drop,title names a non-TRA instrument; no TRA phrase
data/edgar-query/exhibits/0001865782/0001193125-24-005605_d251968dex102.htm,1235407,"FIRST LIEN CREDIT AGREEMENT | Dated as of March 5, 2019 | PHOENIX INTERMEDIATE HOLDINGS INC., | as Holdings, | PHOENIX GUARANTOR INC., | as the Borrower, | The Several Lenders from Time to Time Parties Hereto | MORGAN STANLEY SENIOR FUNDING, INC., | as the Administrative Agent and the Collateral Age",false,true,false,false,0,drop,title names a non-TRA instrument; no TRA phrase
data/edgar-query/exhibits/0001865782/0001193125-24-044694_d793103dex101.htm,1659019,2,false,false,false,false,0,drop,large filing (1659019 B) with no TRA phrase or terms
data/edgar-query/exhibits/0001866175/0001193125-22-096179_d316318dex102.htm,1260978,T HIRD A MENDMENT TO C REDIT A GREEMENT,false,false,false,false,0,drop,large filing (1260978 B) with no TRA phrase or terms
data/edgar-query/exhibits/0001866175/0001193125-22-254301_d346381dex101.htm,1321443,F OURTH A MENDMENT TO C REDIT A GREEMENT,false,false,false,false,0,drop,large filing (1321443 B) with no TRA phrase or terms
data/edgar-query/exhibits/0001866175/0001628280-24-028816_exhibit101-pricing8xk.htm,2256487,N INTH A MENDMENT TO C REDIT A GREEMENT,false,false,false,false,0,drop,large filing (2256487 B) with no TRA phrase or terms
data/edgar-query/exhibits/0001866175/0001628280-25-046274_exhibit-1018xk.htm,2159765,THIRTEENTH AMENDMENT TO CREDIT AGREEMENT,false,true,false,false,0,drop,title names a non-TRA instrument; no TRA phrase
data/edgar-query/exhibits/0001866175/0001866175-22-000007_crescent-rblcreditagreemen.htm,1979999,"CREDIT AGREEMENT | Dated as of May 6, 2021 | INDEPENDENCE ENERGY FINANCE LLC | as the Borrower, | The Several Lenders | from Time to Time Parties Hereto, | WELLS FARGO BANK, NATIONAL ASSOCIATION, | as Administrative Agent, Collateral Agent | and a Letter of Credit Issuer, | JPMORGAN CHASE BANK, N.A.",false,true,false,false,0,drop,title names a non-TRA instrument; no TRA phrase
data/edgar-query/exhibits/0001866175/0001866175-26-000026_ex-1048revisedwfb_crescent.htm,2217686,"CREDIT AGREEMENT | Dated as of February 23, 2026 | CRESCENT ROYALTY FINANCE LLC | as the Borrower, | The Several Lenders | from Time to Time Parties Hereto, | WELLS FARGO BANK, NATIONAL ASSOCIATION, | as Administrative Agent, Collateral Agent | and a Letter of Credit Issuer, | WELLS FARGO SECURITIES",false,true,false,false,0,drop,title names a non-TRA instrument; no TRA phrase
data/edgar-query/exhibits/0001866581/0001866581-22-000020_final2022dmljpmarcredita.htm,589990,"Execution Version 746154515.7 AMENDED AND RESTATED CREDIT AGREEMENT dated as of February 28, 2022 among DUTCH BROS., LLC, DB MANAGEMENT CO., DB FRANCHISING USA, LLC and BOERSMA BROS. LLC, as Borrowers, The Other Loan Parties Party Hereto, The Lenders Party Hereto and JPMORGAN CHASE BANK, N.A., as Ad",false,true,false,false,0,drop,title names a non-TRA instrument; no TRA phrase
data/edgar-query/exhibits/0001866581/0001866581-23-000108_a2023-08x04amendmentno1t.htm,617006,"754119134.4 EXECUTION VERSION AMENDMENT NO. 1 Dated as of August 4, 2023 to CREDIT AGREEMENT Dated as of February 28, 2022 THIS AMENDMENT NO. 1 (this “Amendment”) is made as of August 4, 2023 by and among DUTCH BROS., LLC, an Oregon limited liability company (the “Company”), DB MANAGEMENT CO., a Del",false,true,false,false,0,drop,title names a non-TRA instrument; no TRA phrase
data/edgar-query/exhibits/0001868941/0001104659-26-056304_flnc-20260331xex10d1.htm,1875022,AMENDMENT NUMBER FOUR | TO SYNDICATED FACILITY AGREEMENT,false,false,false,false,0,drop,large filing (1875022 B) with no TRA phrase or terms
data/edgar-query/exhibits/0001868941/0001868941-24-000059_exhibit102-amendmentno3tot.htm,1850834,AMENDMENT NUMBER THREE TO SYNDICATED FACILITY AGREEMENT,false,false,false,false,0,drop,large filing (1850834 B) with no TRA phrase or terms
data/edgar-query/exhibits/0001871149/0001193125-24-226945_d855258dex102.htm,256441,"PMC Financial Services Group, LLC | Amended and Restated Super-Priority Loan and Security Agreement",false,false,false,false,0,drop,"no TRA title, phrase, or defining terminology"
data/edgar-query/exhibits/0001871149/0001193125-24-226945_d855258dex103.htm,260487,"PMC Financial Services Group, LLC | Amended and Restated Loan and Security Agreement",false,false,false,false,0,drop,"no TRA title, phrase, or defining terminology"
data/edgar-query/exhibits/0001871149/0001193125-24-226945_d855258dex104.htm,224996,Emblem-RGF Main LLC | Super-Priority Loan and Security Agreement,false,false,false,false,0,drop,"no TRA title, phrase, or defining terminology"
data/edgar-query/exhibits/0001871149/0001193125-24-226945_d855258dex106.htm,145798,EXCHANGE AGREEMENT,false,true,false,false,0,drop,title names a non-TRA instrument; no TRA phrase
data/edgar-query/exhibits/0001871509/0001871509-23-000005_form8-k2223exhibit101.htm,1588583,"CREDIT AGREEMENT | Dated as of February 2, 2023 | PHD INTERMEDIATE LLC, as Holdings, | PORTILLO’S HOLDINGS, LLC, as the Borrower, | THE SUBSIDIARIES OF THE BORROWER PARTY HERETO FROM TIME TO TIME, | as Subsidiary Guarantors, | FIFTH THIRD BANK, NATIONAL ASSOCIATION, as Administrative Agent, L/C Issu",false,true,false,false,0,drop,title names a non-TRA instrument; no TRA phrase
data/edgar-query/exhibits/0001871509/0001871509-25-000009_exhibit101-portillosfirsta.htm,1598235,FIRST AMENDMENT TO CREDIT AGREEMENT,false,true,false,false,0,drop,title names a non-TRA instrument; no TRA phrase
data/edgar-query/exhibits/0001871509/0001871509-25-000016_exhibit1023portillosfirsta.htm,1563378,FIRST AMENDMENT TO CREDIT AGREEMENT,false,true,false,false,0,drop,title names a non-TRA instrument; no TRA phrase
data/edgar-query/exhibits/0001874848/0001104659-21-142120_tm2123162d12_ex10-6.htm,1591314,FIRST AMENDMENT TO CREDIT AND GUARANTY AGREEMENT,false,false,false,false,0,drop,large filing (1591314 B) with no TRA phrase or terms
data/edgar-query/exhibits/0001874944/0001104659-21-128686_tm2124386d7_ex10-19.htm,1224867,"REVOLVING CREDIT AGREEMENT dated as of October 7, 2021, among Vacasa Holdings LLC, as Holdings, | V-Revolver Sub LLC , as the Borrower, | The Lenders Party Hereto | JPMORGAN CHASE BANK, N.A, as Administrative Agent, Collateral Agent and an Issuing Bank | ___________________________ JPMORGAN CHASE BA",false,true,false,false,0,drop,title names a non-TRA instrument; no TRA phrase
data/edgar-query/exhibits/0001874944/0001104659-21-148190_tm2123628d52_ex10-6.htm,1283822,"",false,false,false,false,0,drop,large filing (1283822 B) with no TRA phrase or terms
data/edgar-query/exhibits/0001874944/0001140361-24-050634_ny20040790x1_ex10-5.htm,1317348,AMENDMENT NO. 4,false,false,false,false,0,drop,large filing (1317348 B) with no TRA phrase or terms
data/edgar-query/exhibits/0001874944/0001140361-24-050635_ny20040790x3_ex10-5.htm,1317271,AMENDMENT NO. 4,false,false,false,false,0,drop,large filing (1317271 B) with no TRA phrase or terms
data/edgar-query/exhibits/0001874944/0001140361-25-016775_ef20048254_ex10-2.htm,1366847,AMENDMENT NO. 5,false,false,false,false,0,drop,large filing (1366847 B) with no TRA phrase or terms
data/edgar-query/exhibits/0001874944/0001874944-23-000108_exhibit107q2202310-q.htm,1713895,"",false,false,false,false,0,drop,large filing (1713895 B) with no TRA phrase or terms
data/edgar-query/exhibits/0001874944/0001874944-24-000076_exhibit101-amendmentno3ton.htm,1828373,"",false,false,false,false,0,drop,large filing (1828373 B) with no TRA phrase or terms
data/edgar-query/exhibits/0001880613/0001104659-25-075879_tm2523062d1_ex10-1.htm,1080648,SEVENTH amendment TO term loan and security AGREEMENT,false,false,false,false,0,drop,"no TRA title, phrase, or defining terminology"
data/edgar-query/exhibits/0001880613/0001628280-24-047668_fifthamendmenttotermloanan.htm,1791728,FIFTH AMENDMENT TO TERM LOAN AND SECURITY AGREEMENT,false,false,false,false,0,drop,large filing (1791728 B) with no TRA phrase or terms
data/edgar-query/exhibits/0001880613/0001628280-25-000266_a102_amend6-sixthamendment.htm,1472416,SIXTH AMENDMENT AND WAIVER TO TERM LOAN AND SECURITY AGREEMENT,false,false,false,false,0,drop,large filing (1472416 B) with no TRA phrase or terms
data/edgar-query/exhibits/0001881462/0001213900-22-067381_ea167537ex10-5_spreeacq1.htm,76144,VOTING AGREEMENT,false,true,false,false,0,drop,title names a non-TRA instrument; no TRA phrase
data/edgar-query/exhibits/0001881462/0001213900-22-067384_ea167537ex10-5_spreeacq1.htm,76144,VOTING AGREEMENT,false,true,false,false,0,drop,title names a non-TRA instrument; no TRA phrase
data/edgar-query/exhibits/0001881487/0000950170-23-021796_acdc-ex10_10.htm,3877012,FIFTH AMENDMENT | TO TERM LOAN CREDIT AGREEMENT,false,true,false,false,0,drop,title names a non-TRA instrument; no TRA phrase
data/edgar-query/exhibits/0001881487/0000950170-23-021796_acdc-ex10_11.htm,4524091,FOURTH AMENDMENT TO CREDIT AGREEMENT,false,true,false,false,0,drop,title names a non-TRA instrument; no TRA phrase
data/edgar-query/exhibits/0001881487/0001104659-26-025192_tm268324d1_ex10-1.htm,1697312,NINTH AMENDMENT TO CREDIT AGREEMENT,false,true,false,false,0,drop,title names a non-TRA instrument; no TRA phrase
data/edgar-query/exhibits/0001881487/0001193125-22-090695_d897680dex1010.htm,1277699,"CREDIT AGREEMENT | Dated as of March 4, 2022 | PROFRAC HOLDINGS, LLC, | as Holdings, | PROFRAC HOLDINGS II, LLC, | as the Borrower, | THE OTHER GUARANTORS | FROM TIME TO TIME PARTY HERETO, | THE SEVERAL LENDERS | FROM TIME TO TIME PARTY HERETO, | JPMORGAN CHASE BANK, N.A., | as the Agent, the Collat",false,true,false,false,0,drop,title names a non-TRA instrument; no TRA phrase
data/edgar-query/exhibits/0001881487/0001193125-22-206686_d387852dex101.htm,1260951,FIRST AMENDMENT | TO TERM LOAN CREDIT AGREEMENT,false,true,false,false,0,drop,title names a non-TRA instrument; no TRA phrase
data/edgar-query/exhibits/0001881487/0001193125-22-206686_d387852dex102.htm,1342651,FIRST AMENDMENT TO CREDIT AGREEMENT,false,true,false,false,0,drop,title names a non-TRA instrument; no TRA phrase
data/edgar-query/exhibits/0001881487/0001193125-22-274562_d377878dex101.htm,1231311,"SECOND AMENDMENT, CONSENT AND LIMITED WAIVER | TO TERM LOAN CREDIT AGREEMENT",false,true,false,false,0,drop,title names a non-TRA instrument; no TRA phrase
data/edgar-query/exhibits/0001881487/0001193125-22-274562_d377878dex102.htm,1733190,SECOND AMENDMENT TO CREDIT AGREEMENT,false,true,false,false,0,drop,title names a non-TRA instrument; no TRA phrase
data/edgar-query/exhibits/0001881487/0001193125-23-003551_d447685dex101.htm,1580899,"THIRD AMENDMENT, CONSENT AND LIMITED WAIVER | TO TERM LOAN CREDIT AGREEMENT",false,true,false,false,0,drop,title names a non-TRA instrument; no TRA phrase
data/edgar-query/exhibits/0001881487/0001193125-23-003551_d447685dex102.htm,1416581,THIRD AMENDMENT TO CREDIT AGREEMENT,false,true,false,false,0,drop,title names a non-TRA instrument; no TRA phrase
data/edgar-query/exhibits/0001881487/0001193125-23-022198_d497551dex101.htm,1222843,FOURTH AMENDMENT | TO TERM LOAN CREDIT AGREEMENT,false,true,false,false,0,drop,title names a non-TRA instrument; no TRA phrase
data/edgar-query/exhibits/0001888447/0000950170-25-067156_ee-ex10_3.htm,2427875,FIFTH AMENDMENT | TO AMENDED AND RESTATED SENIOR SECURED CREDIT AGREEMENT,false,true,false,false,0,drop,title names a non-TRA instrument; no TRA phrase
data/edgar-query/exhibits/0001889956/0000950170-24-079050_ck0001889956-ex10_14.htm,3726279,"AMENDED AND RESTATED CREDIT AGREEMENT | originally dated as of January 2, 2020, | as amended and restated on October 27, 2023 | ONESTREAM SOFTWARE LLC, | as the Borrower, | The Several Lenders | from Time to Time Parties Hereto, | JPMORGAN CHASE BANK, N.A., | as the Administrative Agent, the Collate",false,true,false,false,0,drop,title names a non-TRA instrument; no TRA phrase
data/edgar-query/exhibits/0001891101/0001891101-25-000018_brcincq2fy2025-ex101xfirst.htm,1521510,FIRST AMENDMENT TO FINANCING AGREEMENT,false,false,false,false,0,drop,large filing (1521510 B) with no TRA phrase or terms
data/edgar-query/exhibits/0001898718/0001104659-26-049674_tm2518736d11_ex10-27.htm,1362536,"THIRD AMENDED AND RESTATED ABL CREDIT AGREEMENT | dated as of September 19, 2025 | GMR INTERMEDIATE CORP., | as Holdings, | GLOBAL MEDICAL RESPONSE, INC., | as the Borrower, | The Several Lenders | from Time to Time Parties Hereto, | BANK OF AMERICA, N.A., | as the Administrative Agent, the Collater",false,true,false,false,0,drop,title names a non-TRA instrument; no TRA phrase
data/edgar-query/exhibits/0001898718/0001104659-26-049674_tm2518736d11_ex10-28.htm,1347473,"AMENDED AND RESTATED CREDIT AGREEMENT | dated as of September 19, 2025 | GMR INTERMEDIATE CORP., | as Holdings, | GLOBAL MEDICAL RESPONSE, INC., | as Borrower, | The Several Lenders | from Time to Time Parties Hereto, | MORGAN STANLEY SENIOR FUNDING, INC., | as the Administrative Agent and the Colla",false,true,false,false,0,drop,title names a non-TRA instrument; no TRA phrase
data/edgar-query/exhibits/0001899883/0001140361-25-032534_ef20054420_ex10-2.htm,950081,"Amended and Restated | Limited Liability Company Agreement | FIP RR Holdings LLC | August 25, 2025 | THE UNITS REPRESENTED BY THIS AMENDED AND RESTATED LIMITED LIABILITY COMPANY AGREEMENT HAVE NOT BEEN REGISTERED UNDER THE UNITED STATES SECURITIES ACT OF 1933, AS AMENDED, OR UNDER ANY OTHER APPLICAB",false,true,false,false,0,drop,title names a non-TRA instrument; no TRA phrase
data/edgar-query/exhibits/0001901799/0001193125-25-335377_btm-ex10_1.htm,1658696,[ signatures on next page ],false,false,false,false,0,drop,large filing (1658696 B) with no TRA phrase or terms
data/edgar-query/exhibits/0001925283/0001628279-26-000087_filename3.htm,15478566,"CREDIT AGREEMENT | dated as of October 31, 2025 | MONARCH FINCO, LLC, | as Borrower | LINCOLN INTERNATIONAL CENTCO, LLC, | as Holdings | ANTARES CAPITAL LP, | as Administrative Agent and Collateral Agent, and | THE LENDERS PARTY HERETO | ANTARES CAPITAL LP AND BAIN CAPITAL CREDIT, LP, | as Joint Lea",false,true,false,false,0,drop,title names a non-TRA instrument; no TRA phrase
data/edgar-query/exhibits/0001925283/0001628280-26-027260_exhibit108-sx1.htm,15478522,"CREDIT AGREEMENT | dated as of October 31, 2025 | MONARCH FINCO, LLC, | as Borrower | LINCOLN INTERNATIONAL CENTCO, LLC, | as Holdings | ANTARES CAPITAL LP, | as Administrative Agent and Collateral Agent, and | THE LENDERS PARTY HERETO | ANTARES CAPITAL LP AND BAIN CAPITAL CREDIT, LP, | as Joint Lea",false,true,false,false,0,drop,title names a non-TRA instrument; no TRA phrase
data/edgar-query/exhibits/0001934114/0001104659-26-057915_tm2530822d27_ex10-5.htm,1542000,FIFTH AMENDMENT TO CREDIT AGREEMENT,false,true,false,false,0,drop,title names a non-TRA instrument; no TRA phrase
data/edgar-query/exhibits/0001973266/0000950123-23-008438_filename10.htm,1134607,"",false,false,false,false,0,drop,"no TRA title, phrase, or defining terminology"
data/edgar-query/exhibits/0001973266/0000950123-23-008438_filename15.htm,1245525,"",false,false,false,false,0,drop,large filing (1245525 B) with no TRA phrase or terms
data/edgar-query/exhibits/0001973266/0000950123-23-008438_filename16.htm,1237959,"",false,false,false,false,0,drop,large filing (1237959 B) with no TRA phrase or terms
data/edgar-query/exhibits/0001973266/0001193125-24-263492_d867484dex101.htm,1195718,"",false,false,false,false,0,drop,"no TRA title, phrase, or defining terminology"
data/edgar-query/exhibits/0001973266/0001193125-25-202794_d947346dex101.htm,1212695,"",false,false,false,false,0,drop,large filing (1212695 B) with no TRA phrase or terms
data/edgar-query/exhibits/0001973266/0001193125-26-099425_d124117dex101.htm,1208589,"",false,false,false,false,0,drop,large filing (1208589 B) with no TRA phrase or terms
data/edgar-query/exhibits/0001973266/0001973266-24-000013_tko-20240331xex10_1.htm,1749518,"",false,false,false,false,0,drop,large filing (1749518 B) with no TRA phrase or terms
data/edgar-query/exhibits/0001977102/0001654954-24-007081_birk_ex101.htm,3570354,"Dated 28 May 2024 | TERM AND REVOLVING FACILITIES AGREEMENT | BIRKENSTOCK LIMITED PARTNER S. À R.L. | (as the Company) | provided by | COMMERZBANK AKTIENGESELLSCHAFT | BNP PARIBAS S.A. NIEDERLASSUNG DEUTSCHLAND | ING BANK, A BRANCH OF ING-DIBA AG | LANDESBANK HESSEN-THÜRINGEN GIROZENTRALE | LANDESBA",false,false,false,false,0,drop,large filing (3570354 B) with no TRA phrase or terms
data/edgar-query/exhibits/0001982518/0001982518-25-000026_sdhc-20250515xexx101.htm,1453685,LENDER ADDITION AND ACKNOWLEDGMENT AGREEMENT AND FIRST AMENDMENT TO AMENDED AND RESTATED CREDIT AGREEMENT AND OTHER LOAN DOCUMENTS,false,true,false,false,0,drop,title names a non-TRA instrument; no TRA phrase
data/edgar-query/exhibits/0002002473/0001628280-24-020365_exhibit1022-sx1a.htm,786295,AMENDED AND RESTATED | LIMITED PARTNERSHIP AGREEMENT | BOWHEAD INSURANCE HOLDINGS LP | A DELAWARE LIMITED PARTNERSHIP,false,true,false,false,0,drop,title names a non-TRA instrument; no TRA phrase
data/edgar-query/exhibits/0002007596/0001628280-24-029560_exhibit1019-sx1.htm,1314080,FIRST AMENDMENT TO CREDIT AGREEMENT,false,true,false,false,0,drop,title names a non-TRA instrument; no TRA phrase
data/edgar-query/exhibits/0002029118/0001193125-25-070405_d800716dex101.htm,1190983,FIRST AMENDMENT TO CREDIT AGREEMENT,false,true,false,false,0,drop,title names a non-TRA instrument; no TRA phrase
data/edgar-query/exhibits/0002029118/0001193125-26-064039_d30572dex103.htm,1221213,FOURTH AMENDMENT TO CREDIT AGREEMENT,false,true,false,false,0,drop,title names a non-TRA instrument; no TRA phrase
data/edgar-query/exhibits/0002030781/0000950123-24-009202_filename3.htm,1316292,"CREDIT AGREEMENT | dated as of August 16, 2022 | PROJECT HOTEL CALIFORNIA MERGER SUB, INC. , | as Merger Sub, and, prior to the consummation of the Acquisition, as Initial Borrower | SAILPOINT TECHNOLOGIES HOLDINGS, INC. , | as the Company, and, upon the consummation of the Acquisition, the Borrower",false,true,false,false,0,drop,title names a non-TRA instrument; no TRA phrase
data/edgar-query/exhibits/0002030781/0000950123-24-009202_filename4.htm,1323046,FIRST AMENDMENT TO | CREDIT AGREEMENT,false,true,false,false,0,drop,title names a non-TRA instrument; no TRA phrase
data/edgar-query/exhibits/0002030781/0001193125-25-008417_d885522dex101.htm,1315762,"CREDIT AGREEMENT | dated as of August 16, 2022 | PROJECT HOTEL CALIFORNIA MERGER SUB, INC. , | as Merger Sub, and, prior to the consummation of the Acquisition, as Initial Borrower | SAILPOINT TECHNOLOGIES HOLDINGS, INC. , | as the Company, and, upon the consummation of the Acquisition, the Borrower",false,true,false,false,0,drop,title names a non-TRA instrument; no TRA phrase
data/edgar-query/exhibits/0002030781/0001193125-25-008417_d885522dex102.htm,1323071,FIRST AMENDMENT TO | CREDIT AGREEMENT,false,true,false,false,0,drop,title names a non-TRA instrument; no TRA phrase
data/edgar-query/exhibits/0002046386/0000950123-25-008500_filename9.htm,153360,Medline Inc. has requested confidential treatment of this registration statement and associated | correspondence pursuant to Rule 83 of the Securities and Exchange Commission. | INCENTIVE UNIT SUBSCRIPTION AGREEMENT | (Class B Units of the Aggregator),false,false,false,false,0,drop,"no TRA title, phrase, or defining terminology"
data/edgar-query/exhibits/0002046386/0001193125-25-253020_d932091dex1034.htm,137032,INCENTIVE UNIT SUBSCRIPTION AGREEMENT | (Class B Units of the Aggregator),false,false,false,false,0,drop,"no TRA title, phrase, or defining terminology"
data/edgar-query/exhibits/0002057463/0001104659-25-029933_tm2510075d2_ex10-10.htm,1244585,AMENDMENT AGREEMENT,false,false,false,false,0,drop,large filing (1244585 B) with no TRA phrase or terms
data/edgar-query/exhibits/0002057463/0001104659-25-044749_tm2510075d4_ex10-1.htm,197737,"TAX SHARING AGREEMENT | LIBERTY BROADBAND CORPORATION | GCI LIBERTY, INC.",false,false,false,false,0,drop,"no TRA title, phrase, or defining terminology"
data/edgar-query/exhibits/0002057463/0001104659-25-067808_tm2519293d4_ex10-1.htm,197641,"TAX SHARING AGREEMENT | LIBERTY BROADBAND CORPORATION | GCI LIBERTY, INC.",false,false,false,false,0,drop,"no TRA title, phrase, or defining terminology"
data/edgar-query/exhibits/0002064947/0000950170-25-113383_wbi-ex10_16.htm,2100197,FORM OF AMENDMENT NO. 3 TO REVOLVING CREDIT AGREEMENT,false,true,false,false,0,drop,title names a non-TRA instrument; no TRA phrase
data/edgar-query/exhibits/0002064947/0000950170-25-113383_wbi-ex10_17.htm,2119338,FORM OF AMENDMENT NO. 1 TO AMENDED AND RESTATED | REVOLVING CREDIT AGREEMENT,false,true,false,false,0,drop,title names a non-TRA instrument; no TRA phrase
data/edgar-query/exhibits/0002064947/0001193125-25-215831_wbi-ex10_1.htm,2114701,AMENDMENT NO. 3 TO REVOLVING CREDIT AGREEMENT,false,true,false,false,0,drop,title names a non-TRA instrument; no TRA phrase
data/edgar-query/exhibits/0002064947/0001193125-25-215831_wbi-ex10_2.htm,2152365,AMENDMENT NO. 1 TO AMENDED AND RESTATED | REVOLVING CREDIT AGREEMENT,false,true,false,false,0,drop,title names a non-TRA instrument; no TRA phrase
data/edgar-query/exhibits/0002065636/0001193125-26-048814_d189834dex106.htm,1183128,"CREDIT AGREEMENT | Dated as of February 12, 2026 | SOLV ENERGY INTERMEDIATE HOLDINGS LLC | as Holdings, | SOLV ENERGY ACQUISITION LLC, | as the Borrower, | THE FINANCIAL INSTITUTIONS FROM TIME TO TIME PARTY HERETO, | as Lenders, | KEYBANK NATIONAL ASSOCIATION, | as Administrative Agent, an Issuing B",false,true,false,false,0,drop,title names a non-TRA instrument; no TRA phrase
data/edgar-query/exhibits/0002068577/0002068577-25-000038_exhibit106-closing8xk.htm,1302672,"CREDIT AGREEMENT | September 15, 2025 | BLACK ROCK COFFEE HOLDINGS, LLC, | as the Borrower, | The Other Loan Parties Party Hereto, | The Lenders Party Hereto | JPMORGAN CHASE BANK, N.A., | as Administrative Agent | ___________________________ | JPMORGAN CHASE BANK, N.A., | as Sole Bookrunner and Sol",false,true,false,false,1,drop,title names a non-TRA instrument; no TRA phrase
data/edgar-query/exhibits/0002079999/0001213900-25-098415_ea025216207ex10-2_card.htm,1398620,"CREDIT AGREEMENT | dated as of October 1, 2025 | CARDINAL CIVIL CONTRACTING, LLC, a North Carolina limited liability company, | as the Borrower, | CARDINAL CIVIL CONTRACTING HOLDINGS LLC, a Delaware limited liability company, | as Holdings, | THE SUBSIDIARIES OF HOLDINGS (OTHER THAN THE BORROWER) FR",false,true,false,false,0,drop,title names a non-TRA instrument; no TRA phrase
data/edgar-query/exhibits/0002080126/0001193125-26-008865_d890989dex101.htm,1469692,"CREDIT AGREEMENT | dated as of December 19, 2025 | FORGENT INTERMEDIATE IV LLC, | US METALCO HOLDINGS LLC, | PWRQ INTERMEDIATE LLC | STATES MANUFACTURING HOLDINGS LLC, | as Borrowers, | FORGENT INTERMEDIATE III LLC, | as Holdings, | THE FINANCIAL INSTITUTIONS PARTY HERETO, | as Lenders and Issuing B",false,true,false,false,0,drop,title names a non-TRA instrument; no TRA phrase
data/edgar-query/exhibits/0002080126/0001193125-26-014411_d28867dex107.htm,79672,"STOCKHOLDERS AGREEMENT OF | FORGENT POWER SOLUTIONS, INC.",false,true,false,false,0,drop,title names a non-TRA instrument; no TRA phrase
data/edgar-query/exhibits/0002080126/0001193125-26-043650_d23417dex105.htm,81645,"STOCKHOLDERS AGREEMENT OF | FORGENT POWER SOLUTIONS, INC.",false,true,false,false,0,drop,title names a non-TRA instrument; no TRA phrase
data/edgar-query/exhibits/0002096300/0001193125-26-177298_d108131dex101.htm,1503742,"CREDIT AGREEMENT | Dated as of April 20, 2026 | AEVEX HOLDINGS, LLC, | as the Borrower, | ATHENA TECHNOLOGY SOLUTIONS PURCHASER, LLC, | as Holdings, | BANK OF AMERICA, N.A., | as Administrative Agent, Collateral Agent, an Issuing Bank and Swing Line Lender, | THE OTHER LENDERS PARTY HERETO | BOFA SE",false,true,false,false,0,drop,title names a non-TRA instrument; no TRA phrase
data/edgar-query/exhibits/0002098430/0001193125-26-098829_ck0002098430-ex10_1.htm,2751961,"CREDIT AND GUARANTY AGREEMENT | dated as of June 21, 2021 | MADISON IAQ LLC, as Borrower, | MADISON IAQ II LLC, as Holdings, | CERTAIN SUBSIDIARIES OF MADISON IAQ LLC, as Guarantors, | VARIOUS LENDERS, | GOLDMAN SACHS BANK USA and | CITIBANK, N.A., CIBC BANK USA, CIBC WORLD MARKETS CORP., BARCLAYS B",false,false,false,false,0,drop,large filing (2751961 B) with no TRA phrase or terms
data/edgar-query/exhibits/0002098430/0001193125-26-098829_ck0002098430-ex10_2.htm,2797509,FIRST AMENDMENT TO CREDIT AND GUARANTY AGREEMENT,false,false,false,false,0,drop,large filing (2797509 B) with no TRA phrase or terms
data/edgar-query/exhibits/0002098430/0001193125-26-098829_ck0002098430-ex10_3.htm,2840072,SECOND AMENDMENT | TO CREDIT AND GUARANTY AGREEMENT,false,false,false,false,0,drop,large filing (2840072 B) with no TRA phrase or terms
data/edgar-query/exhibits/0002098430/0001193125-26-098829_ck0002098430-ex10_4.htm,2935638,THIRD AMENDMENT | TO CREDIT AND GUARANTY AGREEMENT,false,false,false,false,0,drop,large filing (2935638 B) with no TRA phrase or terms
data/edgar-query/exhibits/0002098430/0001193125-26-098829_ck0002098430-ex10_5.htm,2964297,FOURTH AMENDMENT AND JOINDER AGREEMENT TO CREDIT AND GUARANTY AGREEMENT,false,false,false,false,0,drop,large filing (2964297 B) with no TRA phrase or terms
data/edgar-query/exhibits/0002098430/0001193125-26-098829_ck0002098430-ex10_6.htm,2853471,FIFTH AMENDMENT TO CREDIT AND GUARANTY AGREEMENT,false,false,false,false,0,drop,large filing (2853471 B) with no TRA phrase or terms
data/edgar-query/exhibits/0002098430/0001193125-26-142875_ck0002098430-ex10_31.htm,3502710,SIXTH AMENDMENT | TO CREDIT AND GUARANTY AGREEMENT | THIS SIXTH AMENDMENT AND JOINDER AGREEMENT TO CREDIT AND,false,false,false,false,0,drop,large filing (3502710 B) with no TRA phrase or terms
