path,size_bytes,title_block,title_has_tra,title_is_non_tra,phrase_present,income_tra_phrase,tra_term_count,decision,reason
data/edgar-query/exhibits/0000006281/0000006281-26-000022_amendedandrestated2020equi.htm,134841,"ANALOG DEVICES, INC. | 2020 EQUITY INCENTIVE PLAN | (as amended and restated effective March 11, 2026)",false,true,true,false,0,keep,'tax receivable agreement' phrase present in body
data/edgar-query/exhibits/0000023217/0001193125-16-766107_d270210dex101.htm,150088,"TAX MATTERS AGREEMENT | ConAgra Foods, Inc., | on behalf of itself | and the members | of the ConAgra Group, | Lamb Weston Holdings, Inc. | on behalf of itself | and the members | of the LW Group | Dated as of November 8, 2016",false,false,true,false,0,keep,'tax receivable agreement' phrase present in body
data/edgar-query/exhibits/0000035527/0001193125-09-066782_dex102.htm,118509,A MENDED & R ESTATED L IMITED L IABILITY C OMPANY A GREEMENT | S UMMARY OF T ERMS AND C ONDITIONS,false,false,true,false,2,keep,'tax receivable agreement' phrase present in body
data/edgar-query/exhibits/0000035527/0001193125-09-143697_dex102.htm,366210,"FTPS HOLDING, LLC | A Delaware Limited Liability Company | AMENDED AND RESTATED LIMITED LIABILITY COMPANY AGREEMENT | Dated as of June 30, 2009",false,true,true,false,2,keep,'tax receivable agreement' phrase present in body
data/edgar-query/exhibits/0000070866/0001193125-24-194328_d153288dex101.htm,617860,"[***] CERTAIN INFORMATION HAS BEEN EXCLUDED PURSUANT TO REGULATION S-K, ITEM 601(B)(10)(IV) FROM THIS DOCUMENT BECAUSE IT IS BOTH NOT MATERIAL AND IS THE TYPE THAT THE REGISTRANT TREATS AS PRIVATE OR CONFIDENTIAL | PURCHASE AGREEMENT | NCR VOYIX CORPORATION, | DIGITAL FIRST HOLDINGS II LLC | DRAGON ",false,true,true,false,0,keep,'tax receivable agreement' phrase present in body
data/edgar-query/exhibits/0000082811/0001104659-21-025739_tm217029d1_ex10-2.htm,329964,"TAX MATTERS AGREEMENT BY AND AMONG Rexnord Corporation, LAND NEWCO, INC., AND REGAL BELOIT CORPORATION DATED AS OF FEBRUARY 15, 2021",false,false,true,false,0,keep,'tax receivable agreement' phrase present in body
data/edgar-query/exhibits/0000103379/0001193125-19-155382_d749655dex101.htm,154876,"TAX MATTERS AGREEMENT | VF Corporation, | on behalf of itself | and the members | of the VF Group, | Kontoor Brands, Inc., | on behalf of itself | and the members | of the Kontoor Brands Group | Dated as of May 22, 2019",false,false,true,false,0,keep,'tax receivable agreement' phrase present in body
data/edgar-query/exhibits/0000104889/0000950157-14-000338_ex10-1.htm,203032,"TAX MATTERS AGREEMENT | BERKSHIRE HATHAWAY INC. | NATIONAL INDEMNITY COMPANY | NATIONAL FIRE & MARINE INSURANCE COMPANY | BERKSHIRE HATHAWAY HOMESTATE INSURANCE COMPANY | GRAHAM HOLDINGS COMPANY | MIAMI STATION SPLIT CO. | ___________________________________ | As of April 10, 2014 | ________________",false,false,true,false,0,keep,'tax receivable agreement' phrase present in body
data/edgar-query/exhibits/0000104889/0000950157-15-000580_ex10-2.htm,113128,"TAX MATTERS AGREEMENT | GRAHAM HOLDINGS COMPANY | CABLE ONE, INC. | ___________________________________ | As of June 16, 2015 | ___________________________________",false,false,true,false,0,keep,'tax receivable agreement' phrase present in body
data/edgar-query/exhibits/0000106040/0000106040-16-000022_wdc-040116xexhibit104.htm,2726900,"LOAN AGREEMENT | WESTERN DIGITAL CORPORATION, | a Delaware corporation, as Borrower, | VARIOUS LENDERS | FROM TIME TO TIME PARTY HERETO, | JPMORGAN CHASE BANK, N.A., | as Administrative Agent and Collateral Agent, | J.P. MORGAN SECURITIES LLC, | MERRILL LYNCH, PIERCE, FENNER & SMITH INCORPORATED, | ",false,false,true,false,0,keep,'tax receivable agreement' phrase present in body
data/edgar-query/exhibits/0000106040/0000106040-19-000028_wdc-2019q3ex102.htm,1430200,AMENDMENT NO. 9,false,false,true,false,0,keep,'tax receivable agreement' phrase present in body
data/edgar-query/exhibits/0000106040/0001193125-16-570122_d189018dex101.htm,1841269,"LOAN AGREEMENT | WESTERN DIGITAL CORPORATION, | a Delaware corporation, as Borrower, | VARIOUS LENDERS | FROM TIME TO TIME PARTY HERETO, | JPMORGAN CHASE BANK, N.A., | as Administrative Agent and Collateral Agent, | J.P. MORGAN SECURITIES LLC, | MERRILL LYNCH, PIERCE, FENNER & SMITH INCORPORATED, | ",false,false,true,false,0,keep,'tax receivable agreement' phrase present in body
data/edgar-query/exhibits/0000106040/0001193125-18-061179_d482474dex101.htm,1350151,AMENDMENT NO. 7,false,false,true,false,0,keep,'tax receivable agreement' phrase present in body
data/edgar-query/exhibits/0000350403/0001193125-23-250124_d865493dex106.htm,1055894,"REVOLVING CREDIT, TERM LOAN | SECURITY AGREEMENT | PHI HEALTH, LLC, | (BORROWER), | THE GUARANTORS AND OTHER BORROWERS PARTY HERETO FROM TIME TO | TIME | PNC BANK, NATIONAL ASSOCIATION | (AS LENDER AND AS AGENT), | THE FINANCIAL INSTITUTIONS | FROM TIME TO TIME PARTY HERETO | (AS LENDERS) | PNC CAPI",false,false,true,false,0,keep,'tax receivable agreement' phrase present in body
data/edgar-query/exhibits/0000350403/0001193125-23-250124_d865493dex107.htm,1025951,"REVOLVING CREDIT, TERM LOAN | SECURITY AGREEMENT | PHI AVIATION, LLC, | PHI HELIPASS, L.L.C., | PHI TECH SERVICES, LLC, | (BORROWERS), | THE GUARANTORS AND OTHER BORROWERS PARTY HERETO FROM TIME TO TIME | PNC BANK, NATIONAL ASSOCIATION | (AS LENDER AND AS AGENT), | THE FINANCIAL INSTITUTIONS | FROM ",false,false,true,false,0,keep,'tax receivable agreement' phrase present in body
data/edgar-query/exhibits/0000701985/0001140361-21-026658_nt10026698x7_ex10-3.htm,179787,"TAX MATTERS AGREEMENT | L BRANDS, INC. , | on behalf of itself | and the members | of the L Brands Group | VICTORIA’S SECRET & CO. , | on behalf of itself | and the members | of the VS Group | Dated as of August 2, 2021",false,false,true,false,0,keep,'tax receivable agreement' phrase present in body
data/edgar-query/exhibits/0000711377/0001140361-22-022311_ny20004078x7_ex10-2.htm,390272,"FORM OF TAX MATTERS AGREEMENT by and among 3M COMPANY, | GARDEN SPINCO CORPORATION | NEOGEN CORPORATION | [ ]",false,false,true,false,0,keep,'tax receivable agreement' phrase present in body
data/edgar-query/exhibits/0000711377/0001140361-22-032001_ny20004078x25_ex10-1.htm,365361,"TAX MATTERS AGREEMENT | 3M COMPANY, | GARDEN SPINCO CORPORATION | NEOGEN CORPORATION | September 1, 2022",false,false,true,false,0,keep,'tax receivable agreement' phrase present in body
data/edgar-query/exhibits/0000721683/0000950123-10-046079_g23272exv10w3.htm,345812,"FNMS HOLDING, LLC, a Delaware limited liability company | AMENDED AND RESTATED LIMITED LIABILITY COMPANY AGREEMENT | DATED AS OF APRIL 1, 2010",false,true,true,false,2,keep,'tax receivable agreement' phrase present in body
data/edgar-query/exhibits/0000722077/0001047469-07-001295_a2176155zex-10_3.htm,477476,"NATIONAL CINEMEDIA, LLC THIRD AMENDED AND RESTATED LIMITED LIABILITY COMPANY OPERATING AGREEMENT DATED AS OF FEBRUARY 13, 2007",false,true,true,false,1,keep,'tax receivable agreement' phrase present in body
data/edgar-query/exhibits/0000732717/0001193125-21-167802_d166195dex104.htm,231435,"TAX MATTERS AGREEMENT | AT&T Inc., | on behalf of itself | and the members | of the Remainco Group | Magallanes, Inc., | on behalf of itself | and the members | of the Spinco Group | Discovery, Inc. | on behalf of itself | and the members | of the RMT Group | Dated as of May 17, 2021",false,false,true,false,1,keep,'tax receivable agreement' phrase present in body
data/edgar-query/exhibits/0000750004/0001104659-19-027607_a19-9535_1ex10d1.htm,276930,"TAX RECEIVABLE AGREEMENT | SCIPLAY CORPORATION | SCIPLAY PARENT COMPANY, LLC | THE MEMBERS OF SCIPLAY PARENT COMPANY, LLC FROM TIME TO TIME PARTY HERETO | Dated as of May 7, 2019",true,false,true,false,6,keep,centered title contains 'tax receivable agreement'
data/edgar-query/exhibits/0000750004/0001104659-23-110658_tm2328757d1_ex10-1.htm,9638,WAIVER,false,false,true,false,1,keep,'tax receivable agreement' phrase present in body
data/edgar-query/exhibits/0000750004/0001104659-23-110658_tm2328757d1_ex10-2.htm,10221,WAIVER,false,false,true,false,1,keep,'tax receivable agreement' phrase present in body
data/edgar-query/exhibits/0000750004/0001104659-23-110658_tm2328757d1_ex10-3.htm,9861,WAIVER,false,false,true,false,1,keep,'tax receivable agreement' phrase present in body
data/edgar-query/exhibits/0000810332/0001628280-26-019614_employmentagreementbetween.htm,98471,REPUBLIC AIRWAYS INC. | TRANSITIONAL CEO AGREEMENT,false,false,true,false,0,keep,'tax receivable agreement' phrase present in body
data/edgar-query/exhibits/0000821002/0000950142-26-001394_eh260778952_ex1003.htm,456543,"AMENDED AND RESTATED OPERATING AGREEMENT | MJ Topco, LLC | Dated as of [●], 2026",false,true,true,false,0,keep,'tax receivable agreement' phrase present in body
data/edgar-query/exhibits/0000866374/0000866374-24-000005_flex-8xkexh102taxmattersag.htm,284804,"TAX MATTERS AGREEMENT | FLEX LTD., | YUMA, INC. | NEXTRACKER INC. | Dated as of January 2, 2024",false,false,true,false,0,keep,'tax receivable agreement' phrase present in body
data/edgar-query/exhibits/0000876883/0001104659-20-138612_tm2038803d6_ex10-2.htm,94018,CONSENT AND SUPPORT AGREEMENT,false,true,true,true,1,keep,'tax receivable agreement' phrase present in body
data/edgar-query/exhibits/0000876883/0001104659-20-138613_tm2038803d6_ex10-2.htm,94018,CONSENT AND SUPPORT AGREEMENT,false,true,true,true,1,keep,'tax receivable agreement' phrase present in body
data/edgar-query/exhibits/0000876883/0001104659-21-098992_tm2123756d1_ex10-2.htm,171899,"TAX RECEIVABLE AGREEMENT | August 2, 2021 | MDC STAGWELL HOLDINGS INC., | MIDAS OPCO HOLDINGS LLC | STAGWELL MEDIA LP",true,false,true,false,6,keep,centered title contains 'tax receivable agreement'
data/edgar-query/exhibits/0000876883/0001104659-25-038729_tm2513100d1_ex10-1.htm,1140491,"SECOND AMENDED AND RESTATED CREDIT AGREEMENT | April 23, 2025, | STAGWELL MARKETING GROUP LLC, STAGWELL GLOBAL LLC, and MAXXCOM LLC, as Borrowers, | The other parties from time to time party hereto as Borrowers, | The other Loan Parties from time to time party hereto, | The Lenders Party Hereto | JP",false,true,true,true,1,keep,'tax receivable agreement' phrase present in body
data/edgar-query/exhibits/0000883902/0000883902-22-000041_ablamdmtno.htm,1402852,"",false,false,true,false,0,keep,'tax receivable agreement' phrase present in body
data/edgar-query/exhibits/0000883902/0000883902-23-000016_a20230401exhibit10_1.htm,2833138,FOURTH AMENDMENT,false,false,true,false,0,keep,'tax receivable agreement' phrase present in body
data/edgar-query/exhibits/0000883902/0000883902-24-000046_a20240521exhibit101.htm,1166226,"",false,false,true,false,0,keep,'tax receivable agreement' phrase present in body
data/edgar-query/exhibits/0000883902/0000883902-24-000046_a20240521exhibit102.htm,1168958,"",false,false,true,false,0,keep,'tax receivable agreement' phrase present in body
data/edgar-query/exhibits/0000883902/0001144204-18-061046_tv507166_ex10-3.htm,4633338,"$1,870,000,000 | CASH FLOW CREDIT AGREEMENT | PISCES MIDCO, INC., | as Borrower, | THE LENDERS | FROM TIME TO TIME PARTY HERETO, | JPMORGAN CHASE BANK, N.A., | as Administrative Agent and Collateral Agent, | JPMORGAN CHASE BANK, N.A., | DEUTSCHE BANK SECURITIES INC., | UBS SECURITIES LLC, | BARCLAYS",false,true,true,false,0,keep,'tax receivable agreement' phrase present in body
data/edgar-query/exhibits/0000883902/0001144204-18-061046_tv507166_ex10-8.htm,4936019,"$360,000,000 | ABL CREDIT AGREEMENT | PISCES MIDCO, INC., | as Parent Borrower, | THE CANADIAN BORROWERS AND U.S. SUBSIDIARY BORROWERS | FROM TIME TO TIME PARTY HERETO, | THE LENDERS AND ISSUING LENDERS | FROM TIME TO TIME PARTY HERETO, | UBS AG, STAMFORD BRANCH, | as Administrative Agent and Collat",false,true,true,false,0,keep,'tax receivable agreement' phrase present in body
data/edgar-query/exhibits/0000912728/0001193125-24-021078_d348992dex104.htm,190115,"SHAREHOLDERS AGREEMENT | FORWARD AIR CORPORATION | R INVESTORS (as defined herein) | Dated as of January 25, 2024",false,false,true,false,0,keep,'tax receivable agreement' phrase present in body
data/edgar-query/exhibits/0000912728/0001193125-24-021078_d348992dex107.htm,238408,"TAX RECEIVABLE AGREEMENT | FORWARD AIR CORPORATION, | CENTRAL STATES LOGISTICS, INC., | CLUE OPCO LLC | THE MEMBERS | FROM TIME TO TIME PARTY HERETO | Dated as of January 25, 2024",true,false,true,false,6,keep,centered title contains 'tax receivable agreement'
data/edgar-query/exhibits/0000927653/0001193125-20-072880_d846210dex101.htm,201939,"TAX MATTERS AGREEMENT | McKesson Corporation, | on behalf of itself | and the members | of the Parent Group, | PF2 SpinCo Inc., | on behalf of itself | and the members | of the SpinCo Group, | Change Healthcare Inc., | on behalf of itself | and the members | of the Acquiror Group. | Change Healthcar",false,false,true,false,0,keep,'tax receivable agreement' phrase present in body
data/edgar-query/exhibits/0000931148/0000931148-23-000035_exhibit1015taxreceivableag.htm,269493,"TAX RECEIVABLE AGREEMENT | April 23, 2018 | GrafTech International Ltd. | Brookfield Capital Partners IV GP, Ltd | i",true,false,true,false,4,keep,centered title contains 'tax receivable agreement'
data/edgar-query/exhibits/0000931148/0000931148-24-000021_exhibit1015-taxreceivabl.htm,87481,"-i- TAX RECEIVABLE AGREEMENT dated as of April 23, 2018 as amended and restated as of April 10, 2023 between GrafTech International Ltd. and Brookfield Capital Partners IV GP, Ltd Exhibit 10.15 -ii- ARTICLE I DEFINITIONS Section 1.01. Definitions......................................................",true,false,true,false,4,keep,centered title contains 'tax receivable agreement'
data/edgar-query/exhibits/0000931148/0001047469-18-001894_a2234946zex-10_14.htm,198842,"TAX RECEIVABLE AGREEMENT | [ · ] | GrafTech International Ltd. | Brookfield Capital Partners IV GP, Ltd | i",true,false,true,false,4,keep,centered title contains 'tax receivable agreement'
data/edgar-query/exhibits/0000945394/0001104659-15-043970_a15-13689_1ex10d1.htm,289450,"TRANSACTION AGREEMENT | REIT MANAGEMENT & RESEARCH LLC, | REIT MANAGEMENT & RESEARCH TRUST, | REIT MANAGEMENT & RESEARCH INC. | HOSPITALITY PROPERTIES TRUST | Dated as of June 5, 2015",false,false,true,false,0,keep,'tax receivable agreement' phrase present in body
data/edgar-query/exhibits/0001000180/0001193125-16-570123_d189018dex101.htm,1841269,"LOAN AGREEMENT | WESTERN DIGITAL CORPORATION, | a Delaware corporation, as Borrower, | VARIOUS LENDERS | FROM TIME TO TIME PARTY HERETO, | JPMORGAN CHASE BANK, N.A., | as Administrative Agent and Collateral Agent, | J.P. MORGAN SECURITIES LLC, | MERRILL LYNCH, PIERCE, FENNER & SMITH INCORPORATED, | ",false,false,true,false,0,keep,'tax receivable agreement' phrase present in body
data/edgar-query/exhibits/0001004980/0000950157-19-001333_ex10-1.htm,130531,2,false,false,true,false,0,keep,'tax receivable agreement' phrase present in body
data/edgar-query/exhibits/0001004980/0000950157-19-001398_ex10-1.htm,170882,2,false,false,true,false,0,keep,'tax receivable agreement' phrase present in body
data/edgar-query/exhibits/0001004980/0000950157-19-001505_ex10-1.htm,168709,2,false,false,true,false,0,keep,'tax receivable agreement' phrase present in body
data/edgar-query/exhibits/0001004980/0000950157-20-000264_ex10-1.htm,161820,2,false,false,true,false,0,keep,'tax receivable agreement' phrase present in body
data/edgar-query/exhibits/0001004980/0000950157-20-000351_ex10-1.htm,128802,2,false,false,true,false,0,keep,'tax receivable agreement' phrase present in body
data/edgar-query/exhibits/0001004980/0000950157-20-000709_ex10-2.htm,123403,2,false,false,true,false,0,keep,'tax receivable agreement' phrase present in body
data/edgar-query/exhibits/0001008654/0001193125-24-268115_d869890dex101.htm,673961,"ASSET PURCHASE AGREEMENT | DATED AS OF NOVEMBER 22, 2024 | WELLS FARGO BANK, NATIONAL ASSOCIATION, | AS THE ADMINISTRATIVE AGENT | PARTY PRODUCTS HOLDINGS LLC, AS PARENT | PARTY PRODUCTS LLC, AS PURCHASER, | TUPPERWARE BRANDS CORPORATION | AND ITS SUBSIDIARIES NAMED HEREIN, AS SELLERS",false,true,true,false,0,keep,'tax receivable agreement' phrase present in body
data/edgar-query/exhibits/0001023291/0001193125-15-284953_d160672dex10a.htm,325187,PLAN SUPPORT AGREEMENT,false,true,true,false,0,keep,'tax receivable agreement' phrase present in body
data/edgar-query/exhibits/0001023291/0001193125-15-380915_d11628dex10a.htm,512902,SECOND AMENDMENT TO AMENDED & RESTATED | PLAN SUPPORT AGREEMENT,false,true,true,false,0,keep,'tax receivable agreement' phrase present in body
data/edgar-query/exhibits/0001023291/0001193125-16-729877_d176523dex102.htm,210216,"TAX MATTERS AGREEMENT | ENERGY FUTURE HOLDINGS CORP., | ENERGY FUTURE INTERMEDIATE HOLDING COMPANY LLC, | EFIH FINANCE INC., | EFH MERGER CO., LLC | TEX ENERGY LLC | DATED AS OF OCTOBER 3, 2016",false,false,true,false,1,keep,'tax receivable agreement' phrase present in body
data/edgar-query/exhibits/0001050377/0001558370-21-003067_cnxn-20201231xex10d2.htm,108048,"PC CONNECTION, INC. | 2020 STOCK INCENTIVE PLAN",false,true,true,false,0,keep,'tax receivable agreement' phrase present in body
data/edgar-query/exhibits/0001050377/0001558370-23-002947_cnxn-20221231xex10d2.htm,113594,AMENDMENT NO. 1 TO | 2020 STOCK INCENTIVE PLAN | ​,false,true,true,false,0,keep,'tax receivable agreement' phrase present in body
data/edgar-query/exhibits/0001050377/0001558370-23-012938_cnxn-20230630xex10d1.htm,147767,AMENDMENT NO. 2 TO | 2020 STOCK INCENTIVE PLAN | ​,false,true,true,false,0,keep,'tax receivable agreement' phrase present in body
data/edgar-query/exhibits/0001050377/0001558370-25-009797_cnxn-20250630xex10d1.htm,152742,AMENDMENT NO. 3 TO | ​ | 2020 STOCK INCENTIVE PLAN | ​,false,true,true,false,0,keep,'tax receivable agreement' phrase present in body
data/edgar-query/exhibits/0001067701/0001104659-17-052469_a17-20313_2ex10d1.htm,124528,EXCHANGE AND TERMINATION AGREEMENT,false,false,true,false,0,keep,'tax receivable agreement' phrase present in body
data/edgar-query/exhibits/0001067701/0001104659-17-052469_a17-20313_2ex10d2.htm,142731,EXCHANGE AND TERMINATION AGREEMENT,false,false,true,false,0,keep,'tax receivable agreement' phrase present in body
data/edgar-query/exhibits/0001075415/0001104659-15-043971_a15-13691_1ex10d1.htm,354553,"TRANSACTION AGREEMENT | REIT MANAGEMENT & RESEARCH LLC, | REIT MANAGEMENT & RESEARCH TRUST, | REIT MANAGEMENT & RESEARCH INC. | SENIOR HOUSING PROPERTIES TRUST | Dated as of June 5, 2015",false,false,true,false,0,keep,'tax receivable agreement' phrase present in body
data/edgar-query/exhibits/0001091667/0001193125-16-596195_d148819dex104.htm,68944,TAX RECEIVABLES AGREEMENT,false,false,false,false,4,keep,4 TRA-specific defined terms present
data/edgar-query/exhibits/0001091667/0001193125-16-596244_d148819dex104.htm,68944,TAX RECEIVABLES AGREEMENT,false,false,false,false,4,keep,4 TRA-specific defined terms present
data/edgar-query/exhibits/0001094831/0001193125-08-076419_dex107.htm,66174,TAX RECEIVABLE AGREEMENT,true,false,true,false,5,keep,centered title contains 'tax receivable agreement'
data/edgar-query/exhibits/0001094831/0001193125-17-373651_d451437dex1019.htm,77756,TAX RECEIVABLE AGREEMENT,true,false,true,false,4,keep,centered title contains 'tax receivable agreement'
data/edgar-query/exhibits/0001094831/0001193125-17-373651_d451437dex108.htm,261404,"TAX MATTERS AGREEMENT | BGC PARTNERS, INC., | BGC HOLDINGS, L.P., | BGC PARTNERS, L.P., | NEWMARK GROUP, INC., | NEWMARK HOLDINGS, L.P. and | NEWMARK PARTNERS, L.P. | Dated as of December 13, 2017",false,false,true,false,0,keep,'tax receivable agreement' phrase present in body
data/edgar-query/exhibits/0001094831/0001193125-17-373651_d451437dex109.htm,83659,TAX RECEIVABLE AGREEMENT,true,false,true,false,4,keep,centered title contains 'tax receivable agreement'
data/edgar-query/exhibits/0001101215/0001101215-21-000188_exhibit_10-2.htm,221862,"TAX MATTERS AGREEMENT | Alliance Data Systems Corporation, | on behalf of itself and the members of the ADS Group, | Loyalty Ventures Inc., | on behalf of itself and the members of the Loyalty Ventures Group | Dated as of November 5, 2021",false,false,true,false,0,keep,'tax receivable agreement' phrase present in body
data/edgar-query/exhibits/0001162447/0001193125-12-309101_d362823dex101.htm,79046,BACKGROUND,false,false,true,false,0,keep,'tax receivable agreement' phrase present in body
data/edgar-query/exhibits/0001162447/0001193125-12-309101_d362823dex102.htm,1128639,"$1,349,000,000 | CREDIT AGREEMENT | Dated as of November 2, 2011 | BEAGLE INTERMEDIATE HOLDINGS, INC., | as Holdings, | EMDEON INC., | as the Parent Borrower, | THE OTHER BORROWERS PARTY HERETO | THE GUARANTORS PARTY HERETO FROM TIME TO TIME | BANK OF AMERICA, N.A., | as Administrative Agent, | BANK",false,true,true,false,0,keep,'tax receivable agreement' phrase present in body
data/edgar-query/exhibits/0001162447/0001193125-12-309101_d362823dex105.htm,483901,"S TOCKHOLDERS ’ A GREEMENT | B EAGLE P ARENT C ORP . | B EAGLE I NTERMEDIATE H OLDINGS , I NC . | B EAGLE A CQUISITION C ORP . | THE S PONSORS , O THER I NVESTORS AND M ANAGERS N AMED H EREIN | DATED AS OF N OVEMBER 2, 2011",false,false,true,false,0,keep,'tax receivable agreement' phrase present in body
data/edgar-query/exhibits/0001162447/0001193125-12-309101_d362823dex106.htm,145853,"AMENDED AND RESTATED | TAX RECEIVABLE AGREEMENT (REORGANZATIONS) | EMDEON INC., | H&F ITR HOLDCO, L.P., | BEAGLE PARENT LLC, | GA-H&F ITR HOLDCO, L.P. | Dated as of November 2, 2011",true,false,true,false,6,keep,centered title contains 'tax receivable agreement'
data/edgar-query/exhibits/0001162447/0001193125-12-309101_d362823dex107.htm,147898,"AMENDED AND RESTATED | TAX RECEIVABLE AGREEMENT (EXCHANGES) | EMDEON INC., | H&F ITR HOLDCO, L.P., | BEAGLE PARENT LLC, | GA-H&F ITR HOLDCO, L.P. | Dated as of November 2, 2011",true,false,true,false,7,keep,centered title contains 'tax receivable agreement'
data/edgar-query/exhibits/0001162447/0001193125-12-309101_d362823dex109.htm,13240,FIRST AMENDMENT TO | TAX RECEIVABLE AGREEMENT (MANAGEMENT),true,false,true,false,1,keep,centered title contains 'tax receivable agreement'
data/edgar-query/exhibits/0001168696/0001104659-07-036970_a07-11069_1ex10d2.htm,618972,"EXHIBITOR SERVICES AGREEMENT | BETWEEN NATIONAL CINEMEDIA, LLC AND REGAL CINEMAS, INC. | DATED AS OF FEBRUARY 13, 2007",false,false,true,false,0,keep,'tax receivable agreement' phrase present in body
data/edgar-query/exhibits/0001168696/0001168696-14-000003_rgc201310kexhibit105.htm,687321,"Certain portions of this agreement, for which confidential treatment has been requested, have been omitted and filed separately with the Securities and Exchange Commission. Sections of the agreement where portions have been omitted have been identified in the text. | AMENDED AND RESTATED | EXHIBITOR",false,false,true,false,0,keep,'tax receivable agreement' phrase present in body
data/edgar-query/exhibits/0001176948/0001047469-14-003681_a2219594zex-10_9.htm,182017,FORM OF TAX RECEIVABLE AGREEMENT,true,false,true,false,6,keep,centered title contains 'tax receivable agreement'
data/edgar-query/exhibits/0001176948/0001104659-14-035848_a14-12159_1ex10d1.htm,174565,TAX RECEIVABLE AGREEMENT,true,false,true,false,6,keep,centered title contains 'tax receivable agreement'
data/edgar-query/exhibits/0001176948/0001628280-18-006007_exhibit107.htm,117685,AMENDED AND RESTATED TAX RECEIVABLE AGREEMENT,true,false,true,false,6,keep,centered title contains 'tax receivable agreement'
data/edgar-query/exhibits/0001176948/0001628280-19-001988_exhibit107.htm,117551,SECOND AMENDED AND RESTATED TAX RECEIVABLE AGREEMENT,true,false,true,false,6,keep,centered title contains 'tax receivable agreement'
data/edgar-query/exhibits/0001176948/0001628280-21-009343_a2021q110qexhibit104tra.htm,156332,THIRD AMENDED AND RESTATED TAX RECEIVABLE AGREEMENT,true,false,true,false,6,keep,centered title contains 'tax receivable agreement'
data/edgar-query/exhibits/0001176948/0001628280-23-016241_a2023q1exhibit101.htm,148852,FOURTH AMENDED AND RESTATED TAX RECEIVABLE AGREEMENT,true,false,true,false,6,keep,centered title contains 'tax receivable agreement'
data/edgar-query/exhibits/0001176948/0001628280-26-011413_a2025q4exhibit105.htm,141598,FIFTH AMENDED AND RESTATED TAX RECEIVABLE AGREEMENT,true,false,true,false,6,keep,centered title contains 'tax receivable agreement'
data/edgar-query/exhibits/0001178879/0001104659-21-120517_tm2128671d1_ex10-1.htm,2206560,"BUSINESS COMBINATION AGREEMENT | SEPTEMBER 29, 2021 | ARYA SCIENCES ACQUISITION CORP IV, | AMICUS THERAPEUTICS, INC., | AMICUS GT HOLDINGS, LLC | CARITAS THERAPEUTICS, LLC",false,false,true,false,0,keep,'tax receivable agreement' phrase present in body
data/edgar-query/exhibits/0001178879/0001104659-21-120517_tm2128671d1_ex10-7.htm,204696,LIMITED CONSENT AND AMENDMENT NO.1 TO LOAN AGREEMENT,false,false,true,false,0,keep,'tax receivable agreement' phrase present in body
data/edgar-query/exhibits/0001236275/0001213900-22-064755_fs42022ex10-6_silversuntech.htm,223015,"TAX RECEIVABLE AGREEMENT | RHODIUM ENTERPRISES, INC. | THE PERSONS NAMED HEREIN | Dated as of [●], 2022",true,false,true,false,6,keep,centered title contains 'tax receivable agreement'
data/edgar-query/exhibits/0001236275/0001213900-22-064755_fs42022ex10-7_silversuntech.htm,442713,"FIFTH AMENDED AND RESTATED LIMITED LIABILITY COMPANY AGREEMENT | RHODIUM TECHNOLOGIES LLC | a Delaware limited liability company | Dated as of [●], 2022",false,true,true,false,0,keep,'tax receivable agreement' phrase present in body
data/edgar-query/exhibits/0001236275/0001213900-23-033872_fs42023a4ex10-7_silversun.htm,451218,"FIFTH AMENDED AND RESTATED LIMITED LIABILITY COMPANY AGREEMENT | RHODIUM TECHNOLOGIES LLC | a Delaware limited liability company | Dated as of [●], 2023",false,true,true,false,0,keep,'tax receivable agreement' phrase present in body
data/edgar-query/exhibits/0001284807/0000950142-15-002341_eh1501298_ex1001.htm,1495240,"SECOND AMENDED AND RESTATED CREDIT AGREEMENT | Dated as of November 5, 2015, | PLY GEM HOLDINGS, INC., | PLY GEM INDUSTRIES, INC., | as the Specified U.S. Borrower, | GIENOW CANADA INC., | MITTEN INC. | as the Canadian Borrowers, | The Other Borrowers Named Herein, | UBS AG, STAMFORD BRANCH, | as U.",false,true,true,false,0,keep,'tax receivable agreement' phrase present in body
data/edgar-query/exhibits/0001284807/0001193125-13-215370_d483013dex1041.htm,110097,"TAX RECEIVABLE AGREEMENT | PLY GEM HOLDINGS, INC. | PG ITR HOLDCO, L.P. | Dated as of [ — ], 2013",true,false,true,false,5,keep,centered title contains 'tax receivable agreement'
data/edgar-query/exhibits/0001284807/0001193125-13-238827_d544766dex103.htm,110186,"TAX RECEIVABLE AGREEMENT | PLY GEM HOLDINGS, INC. | PG ITR HOLDCO, L.P. | Dated as of May 22, 2013",true,false,true,false,5,keep,centered title contains 'tax receivable agreement'
data/edgar-query/exhibits/0001284807/0001193125-14-027903_d665847dex101.htm,657945,"CREDIT AGREEMENT | January 30, 2014, | PLY GEM HOLDINGS, INC., | PLY GEM INDUSTRIES, INC., | THE LENDERS PARTY HERETO, | CREDIT SUISSE AG, | as Administrative Agent and Collateral Agent | CREDIT SUISSE SECURITIES (USA) LLC, | UBS SECURITIES LLC, | J.P. MORGAN SECURITIES LLC, and | GOLDMAN SACHS BANK",false,true,true,false,0,keep,'tax receivable agreement' phrase present in body
data/edgar-query/exhibits/0001284807/0001284807-14-000022_a20131231-10kex1047.htm,1454224,"AMENDED AND RESTATED CREDIT AGREEMENT Dated as of November 1, 2013, | PLY GEM HOLDINGS, INC., PLY GEM INDUSTRIES, INC., | as the Specified U.S. Borrower, | PLY GEM CANADA, INC., GIENOW CANADA INC., MITTEN INC. | as the Canadian Borrowers, | The Other Borrowers Named Herein, | UBS AG, STAMFORD BRANCH",false,true,true,false,0,keep,'tax receivable agreement' phrase present in body
data/edgar-query/exhibits/0001288248/0001193125-13-447065_d630474dex101.htm,1471231,"$150,000,000 | CREDIT AGREEMENT | dated as of November 14 ,2013, | NORCRAFT COMPANIES, L.P., | as Borrower, | NORCRAFT INTERMEDIATE HOLDINGS, L.P. | THE OTHER GUARANTORS PARTY HERETO, | as Guarantors, | THE LENDERS PARTY HERETO | RBC CAPITAL MARKETS * | KEYBANK NATIONAL ASSOCIATION, | as Joint Lead ",false,true,true,false,1,keep,'tax receivable agreement' phrase present in body
data/edgar-query/exhibits/0001288248/0001193125-13-447065_d630474dex102.htm,1228048,"$25,000,000 | CREDIT AGREEMENT | dated as of November 14, 2013, | NORCRAFT COMPANIES, L.P., | as Borrower, | NORCRAFT INTERMEDIATE HOLDINGS, L.P. | THE OTHER GUARANTORS PARTY HERETO, | as Guarantors, | THE LENDERS PARTY HERETO | ROYAL BANK OF CANADA, | as Swingline Lender, Issuing Bank, Administrati",false,true,true,false,1,keep,'tax receivable agreement' phrase present in body
data/edgar-query/exhibits/0001297401/0000950123-04-011955_y98977a3exv10w8.txt,56156,"",false,false,true,false,6,keep,'tax receivable agreement' phrase present in body
data/edgar-query/exhibits/0001297401/0001193125-05-061294_dex109.htm,96446,Definitions,false,false,true,false,6,keep,'tax receivable agreement' phrase present in body
data/edgar-query/exhibits/0001297401/0001297401-13-000026_dwaex10193013.htm,64537,2,false,false,true,false,0,keep,'tax receivable agreement' phrase present in body
data/edgar-query/exhibits/0001297401/0001297401-13-000026_dwaex10293013.htm,70110,2,false,false,true,false,0,keep,'tax receivable agreement' phrase present in body
data/edgar-query/exhibits/0001297401/0001297401-14-000036_dwaex10693014.htm,78265,1,false,false,true,false,0,keep,'tax receivable agreement' phrase present in body
data/edgar-query/exhibits/0001297401/0001297401-14-000036_dwaex10793014.htm,78210,1,false,false,true,false,0,keep,'tax receivable agreement' phrase present in body
data/edgar-query/exhibits/0001297401/0001297401-15-000012_dwaex10263015.htm,82674,2,false,false,true,false,0,keep,'tax receivable agreement' phrase present in body
data/edgar-query/exhibits/0001303276/0001047469-07-001294_a2176154zex-10_3.htm,477416,"NATIONAL CINEMEDIA, LLC THIRD AMENDED AND RESTATED LIMITED LIABILITY COMPANY OPERATING AGREEMENT DATED AS OF FEBRUARY 13, 2007",false,true,true,false,1,keep,'tax receivable agreement' phrase present in body
data/edgar-query/exhibits/0001309108/0000950123-09-019943_b76137weexv10w1.htm,104256,"TAX RECEIVABLE PREPAYMENT AGREEMENT | dated June 26, 2009 | Wright Express Corporation | Realogy Corporation",false,false,true,false,0,keep,'tax receivable agreement' phrase present in body
data/edgar-query/exhibits/0001309108/0000950123-09-019943_b76137weexv10w2.htm,25792,Ratification Agreement,false,false,true,false,2,keep,'tax receivable agreement' phrase present in body
data/edgar-query/exhibits/0001309108/0000950123-09-027358_b76223exv10w4.htm,30357,AMENDMENT TO CREDIT AGREEMENT,false,true,true,false,0,keep,'tax receivable agreement' phrase present in body
data/edgar-query/exhibits/0001309108/0000950123-10-070143_b81942exv10w1.htm,73736,"BANK OF AMERICA, N.A. BANC OF AMERICA SECURITIES LLC",false,false,true,false,0,keep,'tax receivable agreement' phrase present in body
data/edgar-query/exhibits/0001309108/0000950123-11-054156_b86748exv10w1.htm,668909,"CREDIT AGREEMENT | Dated as of May 23, 2011 | WRIGHT EXPRESS CORPORATION | CERTAIN SUBSIDIARIES | as Borrowers, | BANK OF AMERICA, N.A., as Administrative Agent, Swing Line Lender and L/C Issuer, | The Other Lenders Party Hereto | MERRILL LYNCH, PIERCE, FENNER & SMITH INCORPORATED, RBS CITIZENS, NAT",false,true,true,false,0,keep,'tax receivable agreement' phrase present in body
data/edgar-query/exhibits/0001309108/0000950135-07-003392_b65578weexv10w1.txt,339980,"",false,false,true,false,0,keep,'tax receivable agreement' phrase present in body
data/edgar-query/exhibits/0001309108/0001140361-25-007445_ny20044175x8_ex10-1.htm,1464642,SEVENTH AMENDMENT TO AMENDED AND RESTATED CREDIT AGREEMENT,false,true,true,false,0,keep,'tax receivable agreement' phrase present in body
data/edgar-query/exhibits/0001309108/0001157523-16-006018_a51372248_ex102.htm,2140941,"CREDIT AGREEMENT Dated as of July 1, 2016 among WEX INC. and CERTAIN SUBSIDIARIES , as Borrowers, BANK OF AMERICA, N.A. , as Administrative Agent, Swing Line Lender and L/C Issuer, and The Other Lenders Party Hereto BANK OF AMERICA, N.A. , SUNTRUST ROBINSON HUMPHREY, INC. , | MUFG UNION BANK, N.A. ,",false,true,true,false,0,keep,'tax receivable agreement' phrase present in body
data/edgar-query/exhibits/0001309108/0001157523-17-001909_a51583136ex10_1.htm,1630768,FIRST AMENDMENT TO CREDIT AGREEMENT,false,true,true,false,0,keep,'tax receivable agreement' phrase present in body
data/edgar-query/exhibits/0001309108/0001157523-18-000075_a51744383ex10_1.htm,1552419,THIRD AMENDMENT TO CREDIT AGREEMENT,false,true,true,false,0,keep,'tax receivable agreement' phrase present in body
data/edgar-query/exhibits/0001309108/0001157523-18-001872_a51857003ex10_1.htm,1857213,FOURTH AMENDMENT TO CREDIT AGREEMENT,false,true,true,false,0,keep,'tax receivable agreement' phrase present in body
data/edgar-query/exhibits/0001309108/0001157523-19-000105_a51927876_ex101.htm,1985836,FIFTH AMENDMENT TO CREDIT AGREEMENT,false,true,true,false,0,keep,'tax receivable agreement' phrase present in body
data/edgar-query/exhibits/0001309108/0001157523-19-001260_a51986070ex10_1.htm,1883009,SIXTH AMENDMENT TO CREDIT AGREEMENT,false,true,true,false,0,keep,'tax receivable agreement' phrase present in body
data/edgar-query/exhibits/0001309108/0001157523-21-000436_a52407328ex10_1.htm,2429261,RESTATEMENT AGREEMENT,false,false,true,false,0,keep,'tax receivable agreement' phrase present in body
data/edgar-query/exhibits/0001309108/0001193125-05-028918_dex104.htm,80503,FORM OF TAX RECEIVABLE AGREEMENT,true,false,true,false,2,keep,centered title contains 'tax receivable agreement'
data/edgar-query/exhibits/0001309108/0001193125-05-039801_dex103.htm,90235,"",false,false,true,false,2,keep,'tax receivable agreement' phrase present in body
data/edgar-query/exhibits/0001309108/0001193125-05-039801_dex105.htm,448724,"CREDIT AGREEMENT | February 22, 2005 | WRIGHT EXPRESS CORPORATION, | as Borrower, | THE LENDERS PARTY HERETO, | CREDIT SUISSE FIRST BOSTON, | MERRILL LYNCH CAPITAL CORPORATION | SUNTRUST BANK, | as Co-Documentation Agents, | CITICORP NORTH AMERICA, INC., | as Syndication Agent, | JPMORGAN CHASE BANK",false,true,true,false,0,keep,'tax receivable agreement' phrase present in body
data/edgar-query/exhibits/0001309108/0001193125-13-085019_d447331dex1016.htm,772083,"AMENDED AND RESTATED CREDIT AGREEMENT | Dated as of January 18, 2013 | WEX INC. | CERTAIN SUBSIDIARIES | as Borrowers, | BANK OF AMERICA, N.A., | as Administrative Agent, Swing Line Lender | L/C Issuer, | The Other Lenders Party Hereto | MERRILL LYNCH, PIERCE, FENNER & SMITH INCORPORATED, | SUNTRUST",false,true,true,false,0,keep,'tax receivable agreement' phrase present in body
data/edgar-query/exhibits/0001309108/0001309108-14-000188_wex20140930ex101.htm,1101395,"SECOND AMENDED AND RESTATED CREDIT AGREEMENT | Dated as of August 22, 2014 | WEX INC. | CERTAIN SUBSIDIARIES | as Borrowers, | BANK OF AMERICA, N.A., as Administrative Agent, Swing Line Lender and L/C Issuer, | The Other Lenders Party Hereto | MERRILL LYNCH, PIERCE, FENNER & SMITH INCORPORATED, SUNT",false,true,true,false,0,keep,'tax receivable agreement' phrase present in body
data/edgar-query/exhibits/0001309108/0001309108-15-000104_a162mplan.htm,17457,WEX INC. | 2015 SECTION 162(m) PERFORMANCE INCENTIVE PLAN,false,true,true,false,0,keep,'tax receivable agreement' phrase present in body
data/edgar-query/exhibits/0001309108/0001309108-19-000116_exhibit.htm,126590,WEX Inc. | 2019 EQUITY AND INCENTIVE PLAN,false,true,true,false,0,keep,'tax receivable agreement' phrase present in body
data/edgar-query/exhibits/0001309108/0001309108-20-000010_a102wex-eighthamendmen.htm,1607489,EIGHTH AMENDMENT TO CREDIT AGREEMENT,false,true,true,false,0,keep,'tax receivable agreement' phrase present in body
data/edgar-query/exhibits/0001309108/0001309108-20-000150_a9thamendmentforedgari.htm,2224732,NINTH AMENDMENT TO CREDIT AGREEMENT,false,true,true,false,0,keep,'tax receivable agreement' phrase present in body
data/edgar-query/exhibits/0001309108/0001309108-23-000161_wex-firstamendmenttoamen.htm,816218,"Execution Version Exhibit 10.2 - 1 - FIRST AMENDMENT TO AMENDED AND RESTATED CREDIT AGREEMENT FIRST AMENDMENT TO AMENDED AND RESTATED CREDIT AGREEMENT (this “Amendment”), dated as of April 24, 2023, by and among WEX INC., a Delaware corporation (the “Company”), WRIGHT EXPRESS INTERNATIONAL HOLDINGS ",true,false,true,false,0,keep,centered title contains 'tax receivable agreement'
data/edgar-query/exhibits/0001309108/0001309108-23-000176_exhibit101wex-thirdamendme.htm,1888658,THIRD AMENDMENT TO AMENDED AND RESTATED CREDIT AGREEMENT,false,true,true,false,0,keep,'tax receivable agreement' phrase present in body
data/edgar-query/exhibits/0001309108/0001309108-24-000013_exhibit101wex-fourthamendm.htm,1829776,FOURTH AMENDMENT TO AMENDED AND RESTATED CREDIT AGREEMENT,false,true,true,false,0,keep,'tax receivable agreement' phrase present in body
data/edgar-query/exhibits/0001309108/0001309108-25-000017_wex-tab01xsixthamendment.htm,825360,"Execution Version SIXTH AMENDMENT TO AMENDED AND RESTATED CREDIT AGREEMENT SIXTH AMENDMENT TO AMENDED AND RESTATED CREDIT AGREEMENT (this “Amendment”), dated as of November 26, 2024, by and among WEX INC., a Delaware corporation (the “Company”), WRIGHT EXPRESS INTERNATIONAL HOLDINGS LIMITED, as a De",true,false,true,false,0,keep,centered title contains 'tax receivable agreement'
data/edgar-query/exhibits/0001309108/0001309108-25-000146_amendedandrestated2019equi.htm,128315,WEX Inc. | AMENDED AND RESTATED | 2019 EQUITY AND INCENTIVE PLAN,false,true,true,false,0,keep,'tax receivable agreement' phrase present in body
data/edgar-query/exhibits/0001309108/0001628280-24-023337_exhibit101wex-fifthamendme.htm,2218906,FIFTH AMENDMENT TO AMENDED AND RESTATED CREDIT AGREEMENT AND FIRST AMENDMENT TO U.S. SECURITY AGREEMENT,false,true,true,false,0,keep,'tax receivable agreement' phrase present in body
data/edgar-query/exhibits/0001311370/0001193125-05-078109_dex103.htm,103359,TAX RECEIVABLE AGREEMENT,true,false,true,false,7,keep,centered title contains 'tax receivable agreement'
data/edgar-query/exhibits/0001311370/0001193125-05-091140_dex103.htm,104731,TAX RECEIVABLE AGREEMENT,true,false,true,false,7,keep,centered title contains 'tax receivable agreement'
data/edgar-query/exhibits/0001311370/0001193125-05-126336_dex103.htm,99428,TAX RECEIVABLE AGREEMENT,true,false,true,false,7,keep,centered title contains 'tax receivable agreement'
data/edgar-query/exhibits/0001311370/0001193125-15-226031_d945172dex101.htm,108129,TAX RECEIVABLE AGREEMENT,true,false,true,false,7,keep,centered title contains 'tax receivable agreement'
data/edgar-query/exhibits/0001311370/0001193125-15-355042_d41332dex102.htm,107817,TAX RECEIVABLE AGREEMENT,true,false,true,false,7,keep,centered title contains 'tax receivable agreement'
data/edgar-query/exhibits/0001339605/0001193125-17-228604_d411841dex101.htm,74861,EXCHANGE AND TERMINATION AGREEMENT,false,false,true,false,0,keep,'tax receivable agreement' phrase present in body
data/edgar-query/exhibits/0001339605/0001193125-17-228604_d411841dex102.htm,65750,EXCHANGE AND TERMINATION AGREEMENT,false,false,true,false,0,keep,'tax receivable agreement' phrase present in body
data/edgar-query/exhibits/0001351051/0001104659-15-036326_a15-9674_1ex10d14.htm,1526282,"THIRD AMENDED & RESTATED CREDIT AGREEMENT | dated as of February 2, 2015, | GENESIS HEALTHCARE, INC. | FC-GEN OPERATIONS INVESTMENT, LLC | GENESIS HOLDINGS, LLC | SKILLED HEALTHCARE, LLC | THE OTHER ENTITIES LISTED ON ANNEX I, as Borrowers, | THE LENDERS AND L/C ISSUERS PARTY HERETO | GENERAL ELECTR",false,true,true,false,0,keep,'tax receivable agreement' phrase present in body
data/edgar-query/exhibits/0001351051/0001193125-15-037418_d858815dex102.htm,338199,TAX RECEIVABLE AGREEMENT,true,false,true,false,7,keep,centered title contains 'tax receivable agreement'
data/edgar-query/exhibits/0001351051/0001558370-18-004682_gen-20180331ex101518b7e.htm,2423827,"FOURTH AMENDED AND RESTATED CREDIT AGREEMENT | dated as of March 6, 2018 | GENESIS HEALTHCARE, INC. FC-GEN OPERATIONS INVESTMENT, LLC SKILLED HEALTHCARE, LLC GENESIS HOLDINGS, LLC GENESIS HEALTHCARE LLC and | THE OTHER ENTITIES LISTED ON ANNEX I-A, as Borrowers, | THE OTHER ENTITIES LISTED ON ANNEX ",false,true,true,false,0,keep,'tax receivable agreement' phrase present in body
data/edgar-query/exhibits/0001355001/0001193125-09-140005_dex101.htm,109427,"TAX RECEIVABLE PREPAYMENT AGREEMENT | dated June 26, 2009 | Wright Express Corporation | Realogy Corporation",false,false,true,false,0,keep,'tax receivable agreement' phrase present in body
data/edgar-query/exhibits/0001355001/0001193125-09-171725_dex102.htm,1175765,"$3,920,000,000 | Term and Revolving Loans | $525,000,000 | Synthetic Letter of Credit Facility | CREDIT AGREEMENT | Dated as of April 10, 2007, | DOMUS INTERMEDIATE HOLDINGS CORP., | REALOGY CORPORATION, | as Borrower, | THE LENDERS PARTY HERETO, | JPMORGAN CHASE BANK, N.A., | as Administrative Agen",false,true,true,false,0,keep,'tax receivable agreement' phrase present in body
data/edgar-query/exhibits/0001360901/0001193125-06-110944_dex102.htm,72537,"",false,false,true,false,6,keep,'tax receivable agreement' phrase present in body
data/edgar-query/exhibits/0001360901/0001193125-06-196568_dex102.htm,120938,"",false,false,true,false,6,keep,'tax receivable agreement' phrase present in body
data/edgar-query/exhibits/0001361658/0001104659-18-037818_a18-14563_2ex10d2.htm,335806,"TAX MATTERS AGREEMENT | Wyndham Destinations, Inc., and | Wyndham Hotels & Resorts, Inc. | Dated as of May 31, 2018",false,false,true,false,1,keep,'tax receivable agreement' phrase present in body
data/edgar-query/exhibits/0001363908/0001047469-06-009340_a2171551zex-10_17.htm,875271,"FIRST LIEN CREDIT AGREEMENT | June 30, 2006, | HAWKEYE INTERMEDIATE, LLC, | THL - HAWKEYE ACQUISITION LLC (to be merged with and into HAWKEYE RENEWABLES, LLC), | THE LENDERS PARTY HERETO | CREDIT SUISSE, | as Administrative Agent and Collateral Agent | CREDIT SUISSE SECURITIES (USA) LLC | BANC OF AM",false,true,true,false,0,keep,'tax receivable agreement' phrase present in body
data/edgar-query/exhibits/0001363908/0001047469-06-009340_a2171551zex-10_18.htm,770178,"SECOND LIEN CREDIT AGREEMENT | June 30, 2006, | HAWKEYE INTERMEDIATE, LLC, THL - HAWKEYE ACQUISITION LLC (to be merged with and into HAWKEYE RENEWABLES, LLC), | THE LENDERS PARTY HERETO | CREDIT SUISSE, | as Administrative Agent and Collateral Agent | CREDIT SUISSE SECURITIES (USA) LLC | BANC OF AME",false,true,true,false,0,keep,'tax receivable agreement' phrase present in body
data/edgar-query/exhibits/0001363908/0001047469-06-010597_a2171551zex-10_17.htm,2385607,"FIRST LIEN CREDIT AGREEMENT | June 30, 2006, | HAWKEYE INTERMEDIATE, LLC, | THL - HAWKEYE ACQUISITION LLC (to be merged with and into HAWKEYE RENEWABLES, LLC), | THE LENDERS PARTY HERETO | CREDIT SUISSE, | as Administrative Agent and Collateral Agent | CREDIT SUISSE SECURITIES (USA) LLC | BANC OF AM",false,true,true,false,0,keep,'tax receivable agreement' phrase present in body
data/edgar-query/exhibits/0001363908/0001047469-06-010597_a2171551zex-10_18.htm,2244798,"SECOND LIEN CREDIT AGREEMENT | June 30, 2006, | HAWKEYE INTERMEDIATE, LLC, THL - HAWKEYE ACQUISITION LLC (to be merged with and into HAWKEYE RENEWABLES, LLC), | THE LENDERS PARTY HERETO | CREDIT SUISSE, | as Administrative Agent and Collateral Agent | CREDIT SUISSE SECURITIES (USA) LLC | BANC OF AME",false,true,true,false,0,keep,'tax receivable agreement' phrase present in body
data/edgar-query/exhibits/0001363908/0001047469-06-010597_a2172024zex-10_15.htm,228165,FORM OF TAX RECEIVABLE AGREEMENT,true,false,true,false,5,keep,centered title contains 'tax receivable agreement'
data/edgar-query/exhibits/0001367832/0000950123-11-084072_g27995exv10w1.htm,2222347,"CREDIT AND GUARANTY AGREEMENT | dated as of May 26, 2010 | AURORA DIAGNOSTICS, LLC, as Borrower, | AURORA DIAGNOSTICS HOLDINGS, LLC AND CERTAIN SUBSIDIARIES AND AFFILIATES OF AURORA DIAGNOSTICS, LLC, as Guarantors, | THE VARIOUS LENDERS PARTY HERETO, | BARCLAYS BANK PLC, as Administrative Agent and ",false,false,true,false,0,keep,'tax receivable agreement' phrase present in body
data/edgar-query/exhibits/0001367832/0000950123-11-084072_g27995exv10w14.htm,22148,CONSULTING AGREEMENT,false,false,true,false,0,keep,'tax receivable agreement' phrase present in body
data/edgar-query/exhibits/0001377630/0000950170-25-008998_ncmi-ex10.htm,1034533,"U.S. $45,000,000 | LOAN AND SECURITY AGREEMENT | dated as of January 24, 2025 | U.S. BANK NATIONAL ASSOCIATION, as Bank, | NATIONAL CINEMEDIA, | LLC, as Borrower | THE OTHER PARTIES HERETO THAT ARE DESIGNATED AS CREDIT PARTIES",false,false,true,false,0,keep,'tax receivable agreement' phrase present in body
data/edgar-query/exhibits/0001377630/0000950170-25-034706_ncmi-ex10_1.htm,477422,"THIRD AMENDED AND RESTATED | LIMITED LIABILITY COMPANY OPERATING AGREEMENT* | NATIONAL CINEMEDIA, LLC",false,true,true,false,0,keep,'tax receivable agreement' phrase present in body
data/edgar-query/exhibits/0001377630/0000950170-25-064502_ncmi-ex10_4.htm,113420,CERTAIN IDENTIFIED INFORMATION HAS BEEN EXCLUDED FROM THIS EXHIBIT BECAUSE IT IS NOT MATERIAL AND WOULD LIKELY CAUSE COMPETITIVE HARM TO THE REGISTRANT IF PUBLICLY DISCLOSED. “[***]” INDICATES THAT INFORMATION HAS BEEN REDACTED | JOINT VENTURE TERMINATION AND SETTLEMENT AGREEMENT,false,false,true,false,0,keep,'tax receivable agreement' phrase present in body
data/edgar-query/exhibits/0001377630/0001193125-06-240398_dex102.htm,43126,COMMON UNIT SUBSCRIPTION AGREEMENT,false,false,true,false,0,keep,'tax receivable agreement' phrase present in body
data/edgar-query/exhibits/0001377630/0001193125-06-257458_dex108.htm,431503,"EXHIBITOR SERVICES AGREEMENT | BETWEEN NATIONAL CINEMEDIA, LLC AND | [CIRCUIT A] | DATED AS OF , 2007",false,false,true,false,0,keep,'tax receivable agreement' phrase present in body
data/edgar-query/exhibits/0001377630/0001193125-07-004921_dex103.htm,170939,"TAX RECEIVABLE AGREEMENT | NATIONAL CINEMEDIA, INC., | NATIONAL CINEMEDIA LLC, | REGAL CINEMEDIA HOLDINGS, LLC, | CINEMARK MEDIA, INC., | REGAL CINEMAS, INC., | AMERICAN MULTI-CINEMA, INC., and | CINEMARK USA, INC. | DATED AS OF , 2007",true,false,true,false,7,keep,centered title contains 'tax receivable agreement'
data/edgar-query/exhibits/0001377630/0001193125-07-011320_dex102.htm,42528,COMMON UNIT SUBSCRIPTION AGREEMENT,false,false,true,false,0,keep,'tax receivable agreement' phrase present in body
data/edgar-query/exhibits/0001377630/0001193125-07-020734_dex101.htm,502398,"$805,000,000 | CREDIT AGREEMENT | NATIONAL CINEMEDIA, LLC, | as Borrower, | The Several Lenders | from Time to Time Parties Hereto, | LEHMAN BROTHERS INC. and | J.P. MORGAN SECURITIES, INC., | as Arrangers | JPMORGAN CHASE BANK, N.A., | as Syndication Agent | CREDIT SUISSE (USA) LLC and | MORGAN STA",false,true,true,false,0,keep,'tax receivable agreement' phrase present in body
data/edgar-query/exhibits/0001377630/0001193125-07-034062_dex101.htm,306587,"NATIONAL CINEMEDIA, LLC | THIRD AMENDED AND RESTATED | LIMITED LIABILITY COMPANY OPERATING AGREEMENT | DATED AS OF FEBRUARY 13, 2007",false,true,true,false,1,keep,'tax receivable agreement' phrase present in body
data/edgar-query/exhibits/0001377630/0001193125-07-034062_dex1013.htm,781213,"$805,000,000 | CREDIT AGREEMENT | NATIONAL CINEMEDIA, LLC, | as Borrower, | The Several Lenders | from Time to Time Parties Hereto, | LEHMAN BROTHERS INC. and | J.P. MORGAN SECURITIES, INC., | as Arrangers | JPMORGAN CHASE BANK, N.A., | as Syndication Agent | CREDIT SUISSE (USA) LLC and | MORGAN STA",false,true,true,false,0,keep,'tax receivable agreement' phrase present in body
data/edgar-query/exhibits/0001377630/0001193125-07-034062_dex102.htm,415581,"EXHIBITOR SERVICES AGREEMENT | BETWEEN NATIONAL CINEMEDIA, LLC AND | AMERICAN MULTI-CINEMA, INC. | DATED AS OF FEBRUARY 13, 2007",false,false,true,false,0,keep,'tax receivable agreement' phrase present in body
data/edgar-query/exhibits/0001377630/0001193125-07-034062_dex103.htm,427010,"EXHIBITOR SERVICES AGREEMENT | BETWEEN NATIONAL CINEMEDIA, LLC AND | CINEMARK USA, INC. | DATED AS OF FEBRUARY 13, 2007",false,false,true,false,0,keep,'tax receivable agreement' phrase present in body
data/edgar-query/exhibits/0001377630/0001193125-07-034062_dex104.htm,427572,"EXHIBITOR SERVICES AGREEMENT | BETWEEN NATIONAL CINEMEDIA, LLC AND | REGAL CINEMAS, INC. | DATED AS OF FEBRUARY 13, 2007",false,false,true,false,0,keep,'tax receivable agreement' phrase present in body
data/edgar-query/exhibits/0001377630/0001193125-07-034062_dex107.htm,181305,"TAX RECEIVABLE AGREEMENT | NATIONAL CINEMEDIA, INC., | NATIONAL CINEMEDIA, LLC, | REGAL CINEMEDIA HOLDINGS, LLC, | CINEMARK MEDIA, INC., | REGAL CINEMAS, INC., | AMERICAN MULTI-CINEMA, INC., and | CINEMARK USA, INC. | DATED AS OF FEBRUARY 13, 2007",true,false,true,false,7,keep,centered title contains 'tax receivable agreement'
data/edgar-query/exhibits/0001377630/0001193125-08-101806_dex101.htm,49861,SECOND AMENDMENT TO | TAX RECEIVABLE AGREEMENT,true,false,true,false,2,keep,centered title contains 'tax receivable agreement'
data/edgar-query/exhibits/0001377630/0001193125-12-483717_d445516dex101.htm,638486,"$389,000,000 | AMENDED AND RESTATED CREDIT AGREEMENT | NATIONAL CINEMEDIA, LLC, | as Borrower, | The Several Lenders | from Time to Time Parties Hereto, | BARCLAYS BANK PLC, | as Lead Arranger | BARCLAYS BANK PLC, | J.P. MORGAN SECURITIES INC., | CREDIT SUISSE SECURITIES (USA) LLC, | MACQUARIE CAPIT",false,true,true,false,0,keep,'tax receivable agreement' phrase present in body
data/edgar-query/exhibits/0001377630/0001193125-14-062920_d630896dex1024.htm,436876,"AMENDED AND RESTATED | EXHIBITOR SERVICES AGREEMENT | BETWEEN NATIONAL CINEMEDIA, LLC AND | AMERICAN MULTI-CINEMA, INC. | DATED AS OF FEBRUARY 13, 2007 | AMENDED AND RESTATED AS OF DECEMBER 26, 2013",false,false,true,false,0,keep,'tax receivable agreement' phrase present in body
data/edgar-query/exhibits/0001377630/0001193125-14-062920_d630896dex1034.htm,440788,"AMENDED AND RESTATED | EXHIBITOR SERVICES AGREEMENT | BETWEEN NATIONAL CINEMEDIA, LLC AND | CINEMARK USA, INC. | DATED AS OF FEBRUARY 13, 2007 | AMENDED AND RESTATED AS OF DECEMBER 26, 2013",false,false,true,false,0,keep,'tax receivable agreement' phrase present in body
data/edgar-query/exhibits/0001377630/0001193125-14-062920_d630896dex1044.htm,436149,"AMENDED AND RESTATED | EXHIBITOR SERVICES AGREEMENT | BETWEEN NATIONAL CINEMEDIA, LLC AND | REGAL CINEMAS, INC. | DATED AS OF FEBRUARY 13, 2007 | AMENDED AND RESTATED AS OF DECEMBER 26, 2013",false,false,true,false,0,keep,'tax receivable agreement' phrase present in body
data/edgar-query/exhibits/0001377630/0001193125-26-076788_ncmi-ex10_1.htm,477662,"THIRD AMENDED AND RESTATED | LIMITED LIABILITY COMPANY OPERATING AGREEMENT* | NATIONAL CINEMEDIA, LLC",false,true,true,false,0,keep,'tax receivable agreement' phrase present in body
data/edgar-query/exhibits/0001377630/0001377630-20-000089_exhibit102equityplan.htm,147959,"NATIONAL CINEMEDIA, INC | 2020 OMNIBUS INCENTIVE PLAN",false,true,true,false,0,keep,'tax receivable agreement' phrase present in body
data/edgar-query/exhibits/0001377630/0001377630-21-000077_creditagreement03082021.htm,1357264,Amendment No. 2 to Credit Agreement,false,true,true,false,0,keep,'tax receivable agreement' phrase present in body
data/edgar-query/exhibits/0001377630/0001377630-21-000136_blkvscaconformedthroughame.htm,1844622,Amendment No. 2 to Credit Agreement,false,true,true,false,0,keep,'tax receivable agreement' phrase present in body
data/edgar-query/exhibits/0001377630/0001377630-22-000003_ncm-revolvingcreditagreeme.htm,1492755,"REVOLVING CREDIT AGREEMENT | NATIONAL CINEMEDIA, LLC, | as Borrower, | The Several Lenders from Time to Time Parties Hereto, | WILMINGTON SAVINGS FUND SOCIETY, FSB as Administrative Agent and Collateral Agent",false,true,true,false,0,keep,'tax receivable agreement' phrase present in body
data/edgar-query/exhibits/0001377630/0001377630-23-000056_restructuringsupportagreem.htm,527593,RESTRUCTURING SUPPORT AGREEMENT,false,true,true,false,0,keep,'tax receivable agreement' phrase present in body
data/edgar-query/exhibits/0001377630/0001377630-23-000109_jointventureterminationand.htm,113216,JOINT VENTURE TERMINATION AND SETTLEMENT AGREEMENT,false,false,true,false,0,keep,'tax receivable agreement' phrase present in body
data/edgar-query/exhibits/0001377630/0001377630-23-000124_loansecurityandguaranteeag.htm,1164056,"LOAN, SECURITY AND GUARANTEE AGREEMENT | Dated as of August 7, 2023 | NATIONAL CINEMEDIA, LLC , and | CERTAIN OTHER PERSONS FROM TIME TO TIME | DESIGNATED AS A BORROWER HEREUNDER , | as Borrowers, | CERTAIN OTHER PERSONS FROM TIME TO TIME | DESIGNATED AS A GUARANTOR HEREUNDER , | as Guarantors, | CE",false,false,true,false,0,keep,'tax receivable agreement' phrase present in body
data/edgar-query/exhibits/0001377630/0001377630-24-000042_ncmllcthirdamendedandresta.htm,400253,"THIRD AMENDED AND RESTATED | LIMITED LIABILITY COMPANY OPERATING AGREEMENT* | NATIONAL CINEMEDIA, LLC",false,true,true,false,1,keep,'tax receivable agreement' phrase present in body
data/edgar-query/exhibits/0001377630/0001628280-18-008300_ncm-062518ex101.htm,1433981,"CREDIT AGREEMENT | NATIONAL CINEMEDIA, LLC, | as Borrower, | The Several Lenders from Time to Time Parties Hereto, | JPMORGAN CHASE BANK, N.A., | MERRILL LYNCH, PIERCE, FENNER & SMITH INCORPORATED | RBC CAPITAL MARKETS, as Joint Lead Arrangers and Joint Bookrunners, | BARCLAYS BANK PLC, | as a Joint",false,true,true,false,0,keep,'tax receivable agreement' phrase present in body
data/edgar-query/exhibits/0001378992/0000919465-12-000024_exh1025.htm,320110,"INCOME TAX RECEIVABLE AGREEMENT | November 29, 2012",true,false,true,true,3,keep,centered title contains 'tax receivable agreement'
data/edgar-query/exhibits/0001378992/0001193125-12-306206_d338221dex1025.htm,138679,INCOME TAX RECEIVABLE AGREEMENT | [ — ],true,false,true,true,3,keep,centered title contains 'tax receivable agreement'
data/edgar-query/exhibits/0001378992/0001193125-12-360540_d338221dex1025.htm,138955,INCOME TAX RECEIVABLE AGREEMENT | [ — ],true,false,true,true,3,keep,centered title contains 'tax receivable agreement'
data/edgar-query/exhibits/0001378992/0001193125-12-396194_d338221dex1025.htm,140496,INCOME TAX RECEIVABLE AGREEMENT | [ — ],true,false,true,true,3,keep,centered title contains 'tax receivable agreement'
data/edgar-query/exhibits/0001380393/0000950136-07-000244_file5.htm,114525,"",false,false,true,false,6,keep,'tax receivable agreement' phrase present in body
data/edgar-query/exhibits/0001380393/0000950136-07-000606_file10.htm,117426,"",false,false,true,false,6,keep,'tax receivable agreement' phrase present in body
data/edgar-query/exhibits/0001380393/0000950136-07-000606_file8.htm,82378,"AGREEMENT AMONG PRINCIPALS | , 2007 | PETER BRIGER, JR., | WESLEY EDENS, | ROBERT KAUFFMAN, | RANDAL NARDONE, | MICHAEL NOVOGRATZ",false,false,true,false,0,keep,'tax receivable agreement' phrase present in body
data/edgar-query/exhibits/0001380393/0001104659-13-014820_a12-28384_1ex10d25.htm,95234,SEPARATION AND RELEASE AGREEMENT,false,true,true,false,0,keep,'tax receivable agreement' phrase present in body
data/edgar-query/exhibits/0001380393/0001104659-13-014820_a12-28384_1ex10d26.htm,100613,PURCHASE AGREEMENT,false,true,true,false,0,keep,'tax receivable agreement' phrase present in body
data/edgar-query/exhibits/0001380393/0001104659-13-014820_a12-28384_1ex10d27.htm,96027,"SECOND AMENDMENT, CONSENT AND WAIVER",false,false,true,false,0,keep,'tax receivable agreement' phrase present in body
data/edgar-query/exhibits/0001380393/0001193125-17-045384_d327463dex101.htm,36777,WAIVER AGREEMENT,false,false,true,false,2,keep,'tax receivable agreement' phrase present in body
data/edgar-query/exhibits/0001380393/0001193125-17-045388_d327463dex101.htm,36777,WAIVER AGREEMENT,false,false,true,false,2,keep,'tax receivable agreement' phrase present in body
data/edgar-query/exhibits/0001380393/0001380393-16-000027_fig_ex1029x20151231.htm,70643,SEPARATION AND RELEASE AGREEMENT,false,true,true,false,0,keep,'tax receivable agreement' phrase present in body
data/edgar-query/exhibits/0001380393/0001380393-16-000027_fig_ex1030x20151231.htm,85005,PURCHASE AGREEMENT,false,true,true,false,0,keep,'tax receivable agreement' phrase present in body
data/edgar-query/exhibits/0001380509/0000893220-06-002696_w26622a2exv10w3.htm,68208,FORM OF TAX RECEIVABLE AGREEMENT,true,false,true,false,6,keep,centered title contains 'tax receivable agreement'
data/edgar-query/exhibits/0001380509/0000893220-06-002696_w26622a2exv10w5.htm,94317,"SALE AND MERGER AGREEMENT | HFF HOLDINGS LLC, | HOLLIDAY GP CORP., | HFF LP ACQUISITION LLC, | HFF, INC., | GP ACQUISITION CORP. | HFF PARTNERSHIP HOLDINGS LLC | [ • ], 2007",false,true,true,false,0,keep,'tax receivable agreement' phrase present in body
data/edgar-query/exhibits/0001380509/0000893220-07-000015_w26622a4exv10w9.txt,68213,"",false,false,true,false,0,keep,'tax receivable agreement' phrase present in body
data/edgar-query/exhibits/0001381197/0001047469-07-000967_a2175861zex-10_5.htm,309336,"LIMITED LIABILITY COMPANY AGREEMENT OF IBG HOLDINGS LLC | Dated as of , 2007",false,true,true,false,0,keep,'tax receivable agreement' phrase present in body
data/edgar-query/exhibits/0001381197/0001047469-07-000967_a2175861zex-10_6.htm,197232,"EXCHANGE AGREEMENT | INTERACTIVE BROKERS GROUP, INC., | IBG HOLDINGS LLC, | IBG LLC | MEMBERS OF IBG LLC | Dated as of [ ], 2007",false,true,true,false,0,keep,'tax receivable agreement' phrase present in body
data/edgar-query/exhibits/0001381197/0001047469-07-000967_a2175861zex-10_7.htm,119177,TAX RECEIVABLE AGREEMENT,true,false,true,false,6,keep,centered title contains 'tax receivable agreement'
data/edgar-query/exhibits/0001381197/0001047469-07-003286_a2177417zex-10_5.htm,219928,"LIMITED LIABILITY COMPANY AGREEMENT OF IBG HOLDINGS LL C | Dated as of May [__], 2007",false,true,true,false,0,keep,'tax receivable agreement' phrase present in body
data/edgar-query/exhibits/0001381197/0001047469-07-003286_a2177417zex-10_6.htm,147245,"EXCHANGE AGREEMENT | INTERACTIVE BROKERS GROUP, INC., | IBG HOLDINGS LLC, | IBG LLC | MEMBERS OF IBG LLC | Dated as of May [ ], 2007",false,true,true,false,0,keep,'tax receivable agreement' phrase present in body
data/edgar-query/exhibits/0001381197/0001104659-07-047999_a07-15961_1ex10d2.htm,139532,"EXCHANGE AGREEMENT | INTERACTIVE BROKERS GROUP, INC., | IBG HOLDINGS LLC, | IBG LLC | MEMBERS OF IBG LLC | Dated as of May 3, 2007",false,true,true,false,0,keep,'tax receivable agreement' phrase present in body
data/edgar-query/exhibits/0001381197/0001104659-07-047999_a07-15961_1ex10d3.htm,102187,TAX RECEIVABLE AGREEMENT,true,false,true,false,6,keep,centered title contains 'tax receivable agreement'
data/edgar-query/exhibits/0001381197/0001381197-09-000022_exhibit_10-3.htm,246229,"EXCHANGE AGREEMENT | INTERACTIVE BROKERS GROUP, INC., | IBG HOLDINGS LLC, | IBG LLC | MEMBERS OF IBG LLC | Dated as of May 3, 2007",false,true,true,false,6,keep,'tax receivable agreement' phrase present in body
data/edgar-query/exhibits/0001381197/0001381197-15-000040_ibkr-20150930ex10162c1d4.htm,68481,"SECOND AMENDMENT TO EXCHANGE AGREEMENT | INTERACTIVE BROKERS GROUP, INC., | IBG HOLDINGS LLC, | IBG LLC | MEMBERS OF IBG HOLDINGS LLC | Dated as of July 23, 2015 | SECOND AMENDMENT TO EXCHANGE AGREEMENT",false,true,true,false,0,keep,'tax receivable agreement' phrase present in body
data/edgar-query/exhibits/0001381197/0001381197-15-000040_ibkr-20150930ex10269926e.htm,25796,FIRST AMENDMENT TO | LIMITED LIABILITY COMPANY AGREEMENT | IBG HOLDINGS LLC,false,true,true,false,0,keep,'tax receivable agreement' phrase present in body
data/edgar-query/exhibits/0001385280/0000950134-07-005969_d42502a1exv10w8.htm,397237,"EXHIBITOR SERVICES AGREEMENT | BETWEEN NATIONAL CINEMEDIA, LLC AND CINEMARK USA, INC. | DATED AS OF FEBRUARY 13, 2007",false,false,true,false,0,keep,'tax receivable agreement' phrase present in body
data/edgar-query/exhibits/0001385280/0000950134-07-005969_d42502a1exv10w9.htm,277682,"NATIONAL CINEMEDIA, LLC | THIRD AMENDED AND RESTATED LIMITED LIABILITY COMPANY OPERATING AGREEMENT | DATED AS OF FEBRUARY 13, 2007",false,true,true,false,0,keep,'tax receivable agreement' phrase present in body
data/edgar-query/exhibits/0001385280/0001193125-14-077445_d641540dex1045.htm,433424,"AMENDED AND RESTATED | EXHIBITOR SERVICES AGREEMENT | BETWEEN NATIONAL CINEMEDIA, LLC AND | CINEMARK USA, INC. | DATED AS OF FEBRUARY 13, 2007 | AMENDED AND RESTATED AS OF DECEMBER 26, 2013",false,false,true,false,0,keep,'tax receivable agreement' phrase present in body
data/edgar-query/exhibits/0001393818/0001047469-07-004475_a2177939zex-10_6.htm,176233,"TAX RECEIVABLE AGREEMENT | , 2007",true,false,true,false,6,keep,centered title contains 'tax receivable agreement'
data/edgar-query/exhibits/0001393818/0001193125-07-180760_dex106.htm,115285,"TAX RECEIVABLE AGREEMENT | June 18, 2007",true,false,true,false,6,keep,centered title contains 'tax receivable agreement'
data/edgar-query/exhibits/0001393818/0001193125-15-179529_d899728dex101.htm,57465,"Blackstone Holdings I L.P. | c/o The Blackstone Group L.P. | 345 Park Avenue | New York, New York 10154",false,false,true,false,0,keep,'tax receivable agreement' phrase present in body
data/edgar-query/exhibits/0001393818/0001193125-21-154893_d174285dex106.htm,127769,"AMENDED AND RESTATED TAX RECEIVABLE AGREEMENT | May 7, 2021",true,false,true,false,6,keep,centered title contains 'tax receivable agreement'
data/edgar-query/exhibits/0001396546/0001193125-07-195226_dex102.htm,119325,"FORM OF TAX RECEIVABLE AGREEMENT | , 2007",true,false,true,false,5,keep,centered title contains 'tax receivable agreement'
data/edgar-query/exhibits/0001396546/0001193125-07-195226_dex103.htm,114787,"FORM OF TAX RECEIVABLE AGREEMENT | , 2007",true,false,true,false,6,keep,centered title contains 'tax receivable agreement'
data/edgar-query/exhibits/0001396546/0001193125-07-206656_dex101.htm,181226,"LIMITED PARTNERSHIP AGREEMENT | VIRGIN MOBILE USA, L.P.",false,true,true,false,0,keep,'tax receivable agreement' phrase present in body
data/edgar-query/exhibits/0001396546/0001193125-07-206656_dex1014.htm,39981,"",false,false,true,false,0,keep,'tax receivable agreement' phrase present in body
data/edgar-query/exhibits/0001396546/0001193125-07-206656_dex102.htm,120918,"FORM OF TAX RECEIVABLE AGREEMENT | , 2007",true,false,true,false,5,keep,centered title contains 'tax receivable agreement'
data/edgar-query/exhibits/0001396546/0001193125-07-206656_dex103.htm,115483,"FORM OF TAX RECEIVABLE AGREEMENT | , 2007",true,false,true,false,6,keep,centered title contains 'tax receivable agreement'
data/edgar-query/exhibits/0001396546/0001193125-07-212081_dex1015.htm,133996,"VIRGIN MOBILE USA, INC. | REORGANIZATION AND PURCHASE AGREEMENT | Dated as of October [ ], 2007",false,true,true,false,0,keep,'tax receivable agreement' phrase present in body
data/edgar-query/exhibits/0001396546/0001193125-07-219673_dex101.htm,117428,"TAX RECEIVABLE AGREEMENT | October 16, 2007",true,false,true,false,5,keep,centered title contains 'tax receivable agreement'
data/edgar-query/exhibits/0001396546/0001193125-07-219673_dex102.htm,105370,"TAX RECEIVABLE AGREEMENT | October 16, 2007",true,false,true,false,6,keep,centered title contains 'tax receivable agreement'
data/edgar-query/exhibits/0001396546/0001193125-07-219673_dex103.htm,230672,"LIMITED PARTNERSHIP AGREEMENT | VIRGIN MOBILE USA, L.P. | Dated as of October 16, 2007",false,true,true,false,0,keep,'tax receivable agreement' phrase present in body
data/edgar-query/exhibits/0001396546/0001193125-08-186804_dex101.htm,270528,"AMENDED AND RESTATED LIMITED PARTNERSHIP AGREEMENT | VIRGIN MOBILE USA, L.P. | Dated as of August 22, 2008",false,true,true,false,0,keep,'tax receivable agreement' phrase present in body
data/edgar-query/exhibits/0001396546/0001193125-08-186806_dex101.htm,270528,"AMENDED AND RESTATED LIMITED PARTNERSHIP AGREEMENT | VIRGIN MOBILE USA, L.P. | Dated as of August 22, 2008",false,true,true,false,0,keep,'tax receivable agreement' phrase present in body
data/edgar-query/exhibits/0001397821/0001047469-07-007119_a2179823zex-10_6.htm,164029,TAX RECEIVABLE AGREEMENT,true,false,true,false,6,keep,centered title contains 'tax receivable agreement'
data/edgar-query/exhibits/0001397821/0001047469-07-009224_a2181120zex-10_1.htm,492942,"DUFF & PHELPS ACQUISITIONS, LLC | A Delaware Limited Liability Company | THIRD AMENDED AND RESTATED | LIMITED LIABILITY COMPANY AGREEMENT | Dated as of October 3, 2007",false,true,true,false,0,keep,'tax receivable agreement' phrase present in body
data/edgar-query/exhibits/0001397821/0001047469-07-009224_a2181120zex-10_3.htm,189244,TAX RECEIVABLE AGREEMENT,true,false,true,false,6,keep,centered title contains 'tax receivable agreement'
data/edgar-query/exhibits/0001399249/0000950123-07-010879_y35056a2exv10w7.htm,439387,"CREDIT AGREEMENT | Dated as of July 23, 2007 | PZENA INVESTMENT MANAGEMENT, LLC as the Borrower, | BANK OF AMERICA, N.A., as Administrative Agent and L/C Issuer, | The Other Lenders Party Hereto",false,true,true,false,0,keep,'tax receivable agreement' phrase present in body
data/edgar-query/exhibits/0001399249/0000950123-07-013642_y35056a3exv10w6.htm,138383,TAX RECEIVABLE AGREEMENT,true,false,true,false,6,keep,centered title contains 'tax receivable agreement'
data/edgar-query/exhibits/0001399249/0000950123-07-016285_y41571exv10w2.htm,109581,TAX RECEIVABLE AGREEMENT,true,false,true,false,6,keep,centered title contains 'tax receivable agreement'
data/edgar-query/exhibits/0001399249/0000950170-22-003157_pzn-ex10_22.htm,86255,"PZENA INVESTMENT MANAGEMENT, LLC | PROFITS INTEREST AWARD AGREEMENT",false,false,true,false,0,keep,'tax receivable agreement' phrase present in body
data/edgar-query/exhibits/0001399249/0001047469-08-012170_a2188869zex-10_2.htm,592095,AMENDMENT NO. 3 TO CREDIT AGREEMENT AND LIMITED CONSENT AND WAIVER,false,true,true,false,0,keep,'tax receivable agreement' phrase present in body
data/edgar-query/exhibits/0001399249/0001144204-13-014631_v336889_ex10-26.htm,35465,AMENDMENT TO TAX RECEIVABLE AGREEMENT,true,false,true,false,1,keep,centered title contains 'tax receivable agreement'
data/edgar-query/exhibits/0001399249/0001399249-15-000010_pzn201410kex1029.htm,8615,"AMENDMENT, DATED DECEMBER 2, 2014, TO | AMENDED AND RESTATED 2006 EQUITY INCENTIVE PLAN | (Subject to Stockholder Approval)",false,true,true,false,0,keep,'tax receivable agreement' phrase present in body
data/edgar-query/exhibits/0001399249/0001399249-15-000010_pzn201410kex1032.htm,29365,"PZENA INVESTMENT MANAGEMENT, LLC | Amended and Restated 2006 Equity Incentive Plan | Form of Class B Unit Agreement − Delayed Exchange",false,true,true,false,0,keep,'tax receivable agreement' phrase present in body
data/edgar-query/exhibits/0001399249/0001399249-16-000071_pzn201510kex1033.htm,32230,"PZENA INVESTMENT MANAGEMENT, LLC | AMENDED AND RESTATED 2006 EQUITY INCENTIVE PLAN | Form of Class B Unit-Based Agreement− Delayed Exchange",false,true,true,false,0,keep,'tax receivable agreement' phrase present in body
data/edgar-query/exhibits/0001399249/0001399249-16-000071_pzn201510kex1034.htm,28684,"PZENA INVESTMENT MANAGEMENT, LLC | AMENDED AND RESTATED 2006 EQUITY INCENTIVE PLAN | Form of Class B Unit Agreement− Delayed Exchange",false,true,true,false,0,keep,'tax receivable agreement' phrase present in body
data/edgar-query/exhibits/0001399249/0001399249-17-000040_pzn2017q2exhibit101.htm,108048,"Amended and Restated Pzena Investment Management, LLC 2006 Equity Incentive Plan",false,true,true,false,0,keep,'tax receivable agreement' phrase present in body
data/edgar-query/exhibits/0001399249/0001399249-18-000012_pzn201710kex1034.htm,77982,"PZENA INVESTMENT MANAGEMENT, LLC | Amended and Restated 2006 Equity Incentive Plan | Form of Unit Option Agreement - Delayed Exchange",false,true,true,false,0,keep,'tax receivable agreement' phrase present in body
data/edgar-query/exhibits/0001399249/0001399249-18-000012_pzn201710kex1035.htm,25646,SECOND AMENDMENT TO TAX RECEIVABLE AGREEMENT,true,false,true,false,1,keep,centered title contains 'tax receivable agreement'
data/edgar-query/exhibits/0001399249/0001564590-20-009500_pzn-ex1022_211.htm,54921,"PZENA INVESTMENT MANAGEMENT, LLC | PROFITS INTEREST AWARD AGREEMENT",false,false,true,false,0,keep,'tax receivable agreement' phrase present in body
data/edgar-query/exhibits/0001403256/0001193125-07-225925_dex103.htm,115996,FORM OF TAX RECEIVABLE AGREEMENT,true,false,true,false,7,keep,centered title contains 'tax receivable agreement'
data/edgar-query/exhibits/0001403256/0001193125-07-240457_dex1012.htm,300883,"FORM OF AMENDED AND RESTATED | AGREEMENT OF LIMITED PARTNERSHIP | [OZ PARTNERSHIP LP] | Dated as of [ ], 2007",false,true,true,false,0,keep,'tax receivable agreement' phrase present in body
data/edgar-query/exhibits/0001403256/0001193125-07-240457_dex103.htm,120026,FORM OF TAX RECEIVABLE AGREEMENT,true,false,true,false,7,keep,centered title contains 'tax receivable agreement'
data/edgar-query/exhibits/0001403256/0001193125-08-064885_dex1012.htm,331190,"AMENDED AND RESTATED | AGREEMENT OF LIMITED PARTNERSHIP | OZ ADVISORS LP | Dated as of November 13, 2007",false,true,true,false,0,keep,'tax receivable agreement' phrase present in body
data/edgar-query/exhibits/0001403256/0001193125-08-064885_dex1013.htm,326201,"AMENDED AND RESTATED | AGREEMENT OF LIMITED PARTNERSHIP | OZ ADVISORS II LP | Dated as of November 13, 2007",false,true,true,false,0,keep,'tax receivable agreement' phrase present in body
data/edgar-query/exhibits/0001403256/0001193125-08-064885_dex1014.htm,333788,"AMENDED AND RESTATED | AGREEMENT OF LIMITED PARTNERSHIP | OZ MANAGEMENT LP | Dated as of November 13, 2007",false,true,true,false,0,keep,'tax receivable agreement' phrase present in body
data/edgar-query/exhibits/0001403256/0001193125-08-064885_dex1015.htm,322181,"AMENDED AND RESTATED | AGREEMENT OF LIMITED PARTNERSHIP | OZ ADVISORS LP | Dated as of February 11, 2008",false,true,true,false,0,keep,'tax receivable agreement' phrase present in body
data/edgar-query/exhibits/0001403256/0001193125-08-064885_dex1016.htm,314544,"AMENDED AND RESTATED | AGREEMENT OF LIMITED PARTNERSHIP | OZ ADVISORS II LP | Dated as of February 11, 2008",false,true,true,false,0,keep,'tax receivable agreement' phrase present in body
data/edgar-query/exhibits/0001403256/0001193125-08-064885_dex1017.htm,326051,"AMENDED AND RESTATED | AGREEMENT OF LIMITED PARTNERSHIP | OZ MANAGEMENT LP | Dated as of February 11, 2008",false,true,true,false,0,keep,'tax receivable agreement' phrase present in body
data/edgar-query/exhibits/0001403256/0001193125-08-064885_dex103.htm,144934,TAX RECEIVABLE AGREEMENT,true,false,true,false,7,keep,centered title contains 'tax receivable agreement'
data/edgar-query/exhibits/0001403256/0001193125-08-173599_dex101.htm,308462,"AMENDED AND RESTATED | AGREEMENT OF LIMITED PARTNERSHIP | OZ MANAGEMENT LP | Dated as of April 10, 2008",false,true,true,false,0,keep,'tax receivable agreement' phrase present in body
data/edgar-query/exhibits/0001403256/0001193125-08-173599_dex102.htm,296258,"AMENDED AND RESTATED | AGREEMENT OF LIMITED PARTNERSHIP | OZ ADVISORS II LP | Dated as of April 10, 2008",false,true,true,false,0,keep,'tax receivable agreement' phrase present in body
data/edgar-query/exhibits/0001403256/0001193125-09-052250_dex103.htm,124904,FIRST AMENDED AND RESTATED TAX RECEIVABLE AGREEMENT,true,false,true,false,7,keep,centered title contains 'tax receivable agreement'
data/edgar-query/exhibits/0001403256/0001193125-09-223816_dex101.htm,333440,"AMENDED AND RESTATED | AGREEMENT OF LIMITED PARTNERSHIP | OZ MANAGEMENT LP | Dated as of September 30, 2009",false,true,true,false,0,keep,'tax receivable agreement' phrase present in body
data/edgar-query/exhibits/0001403256/0001193125-09-223816_dex102.htm,330036,"AMENDED AND RESTATED | AGREEMENT OF LIMITED PARTNERSHIP | OZ ADVISORS LP | Dated as of September 30, 2009",false,true,true,false,0,keep,'tax receivable agreement' phrase present in body
data/edgar-query/exhibits/0001403256/0001193125-09-223816_dex103.htm,323960,"AMENDED AND RESTATED | AGREEMENT OF LIMITED PARTNERSHIP | OZ ADVISORS II LP | Dated as of September 30, 2009",false,true,true,false,0,keep,'tax receivable agreement' phrase present in body
data/edgar-query/exhibits/0001403256/0001193125-12-332025_d349832dex103.htm,360684,"AMENDED AND RESTATED | AGREEMENT OF LIMITED PARTNERSHIP | OZ ADVISORS LP | Dated as of August 1, 2012",false,true,true,false,0,keep,'tax receivable agreement' phrase present in body
data/edgar-query/exhibits/0001403256/0001193125-12-332025_d349832dex104.htm,348841,"AMENDED AND RESTATED | AGREEMENT OF LIMITED PARTNERSHIP | OZ ADVISORS II LP | Dated as of August 1, 2012",false,true,true,false,0,keep,'tax receivable agreement' phrase present in body
data/edgar-query/exhibits/0001403256/0001193125-12-332025_d349832dex105.htm,354149,"AMENDED AND RESTATED | AGREEMENT OF LIMITED PARTNERSHIP | OZ MANAGEMENT LP | Dated as of August 1, 2012",false,true,true,false,0,keep,'tax receivable agreement' phrase present in body
data/edgar-query/exhibits/0001403256/0001193125-18-343068_d665930dex101.htm,119164,"Och-Ziff Capital Management Group LLC | 9 West 57 th Street | New York, New York 10019",false,false,true,false,0,keep,'tax receivable agreement' phrase present in body
data/edgar-query/exhibits/0001403256/0001193125-19-032705_d696214dex101.htm,824551,"AMENDED AND RESTATED | AGREEMENT OF LIMITED PARTNERSHIP | OZ MANAGEMENT LP | Dated as of February 7, 2019",false,true,true,false,0,keep,'tax receivable agreement' phrase present in body
data/edgar-query/exhibits/0001403256/0001193125-19-032705_d696214dex1010.htm,3800706,"GOVERNANCE AGREEMENT | February 7, 2019 | OCH-ZIFF CAPITAL MANAGEMENT GROUP LLC, | OCH-ZIFF HOLDING CORPORATION, | OCH-ZIFF HOLDING LLC, | OZ MANAGEMENT LP, | OZ ADVISORS LP, | OZ ADVISORS II LP | DANIEL S. OCH",false,false,true,false,0,keep,'tax receivable agreement' phrase present in body
data/edgar-query/exhibits/0001403256/0001193125-19-032705_d696214dex1011.htm,85447,2,false,false,true,false,0,keep,'tax receivable agreement' phrase present in body
data/edgar-query/exhibits/0001403256/0001193125-19-032705_d696214dex1012.htm,306849,"Omnibus Agreement Between | Wayne Cohen and OZ Management LP, OZ Advisors LP and OZ Advisors II LP | February 7, 2019",false,false,true,false,0,keep,'tax receivable agreement' phrase present in body
data/edgar-query/exhibits/0001403256/0001193125-19-032705_d696214dex1013.htm,341169,"Omnibus Agreement Between | James Levin and OZ Management LP, OZ Advisors LP and OZ Advisors II LP | February 7, 2019",false,false,true,false,0,keep,'tax receivable agreement' phrase present in body
data/edgar-query/exhibits/0001403256/0001193125-19-032705_d696214dex1014.htm,300477,"Omnibus Agreement Between | David Levine and OZ Management LP, OZ Advisors LP and OZ Advisors II LP | February 7, 2019",false,false,true,false,0,keep,'tax receivable agreement' phrase present in body
data/edgar-query/exhibits/0001403256/0001193125-19-032705_d696214dex1015.htm,294402,"Omnibus Agreement Between | Thomas Sipp and OZ Management LP, OZ Advisors LP and OZ Advisors II LP | February 7, 2019",false,false,true,false,0,keep,'tax receivable agreement' phrase present in body
data/edgar-query/exhibits/0001403256/0001193125-19-032705_d696214dex1017.htm,99204,CLASS E COMMON UNIT AWARD AGREEMENT,false,true,true,false,0,keep,'tax receivable agreement' phrase present in body
data/edgar-query/exhibits/0001403256/0001193125-19-032705_d696214dex102.htm,830776,"AMENDED AND RESTATED | AGREEMENT OF LIMITED PARTNERSHIP | OZ ADVISORS LP | Dated as of February 7, 2019",false,true,true,false,0,keep,'tax receivable agreement' phrase present in body
data/edgar-query/exhibits/0001403256/0001193125-19-032705_d696214dex103.htm,842547,"AMENDED AND RESTATED | AGREEMENT OF LIMITED PARTNERSHIP | OZ ADVISORS II LP | Dated as of February 7, 2019",false,true,true,false,0,keep,'tax receivable agreement' phrase present in body
data/edgar-query/exhibits/0001403256/0001193125-19-032705_d696214dex104.htm,95274,Och-Ziff Capital Management Group LLC,false,false,true,false,0,keep,'tax receivable agreement' phrase present in body
data/edgar-query/exhibits/0001403256/0001193125-19-032705_d696214dex105.htm,94549,Och-Ziff Capital Management Group LLC,false,false,true,false,0,keep,'tax receivable agreement' phrase present in body
data/edgar-query/exhibits/0001403256/0001193125-19-032705_d696214dex108.htm,852752,[Remainder of page left intentionally blank.],false,false,true,false,0,keep,'tax receivable agreement' phrase present in body
data/edgar-query/exhibits/0001403256/0001193125-19-032705_d696214dex109.htm,36315,"A MENDMENT TO THE F IRST A MENDED AND R ESTATED T AX R ECEIVABLE A GREEMENT | E FFECTIVE F EBRUARY 7, 2019",false,false,true,false,5,keep,'tax receivable agreement' phrase present in body
data/edgar-query/exhibits/0001403256/0001193125-20-254715_d905861dex101.htm,1030768,"CREDIT AND GUARANTY AGREEMENT | dated as of September 25, 2020 | SCULPTOR CAPITAL LP, | as Borrower, | SCULPTOR CAPITAL ADVISORS LP, | as a Guarantor, | SCULPTOR CAPITAL ADVISORS II LP, | as a Guarantor, | CERTAIN OTHER GUARANTORS PARTY HERETO FROM TIME TO TIME, | as Guarantors, | VARIOUS LENDERS, |",false,false,true,false,0,keep,'tax receivable agreement' phrase present in body
data/edgar-query/exhibits/0001403256/0001403256-15-000082_ozm-10xqx1q2015xex101.htm,128100,SEPARATION AND TRANSITION AGREEMENT,false,true,true,false,0,keep,'tax receivable agreement' phrase present in body
data/edgar-query/exhibits/0001403256/0001403256-16-000197_ozm10k12312015ex1010.htm,354365,"AMENDED AND RESTATED | AGREEMENT OF LIMITED PARTNERSHIP | OZ ADVISORS II LP | Dated as of December 14, 2015",false,true,true,false,0,keep,'tax receivable agreement' phrase present in body
data/edgar-query/exhibits/0001403256/0001403256-16-000197_ozm10k12312015ex1011.htm,357224,"AMENDED AND RESTATED | AGREEMENT OF LIMITED PARTNERSHIP | OZ MANAGEMENT LP | Dated as of December 14, 2015",false,true,true,false,0,keep,'tax receivable agreement' phrase present in body
data/edgar-query/exhibits/0001403256/0001403256-16-000197_ozm10k12312015ex109.htm,355651,"AMENDED AND RESTATED | AGREEMENT OF LIMITED PARTNERSHIP | OZ ADVISORS LP | Dated as of December 14, 2015",false,true,true,false,0,keep,'tax receivable agreement' phrase present in body
data/edgar-query/exhibits/0001403256/0001403256-16-000262_exhibit101traamendment.htm,15577,"AMENDMENT TO THE FIRST AMENDED AND RESTATED TAX RECEIVABLE AGREEMENT | EFFECTIVE AS OF SEPTEMBER 29, 2016",true,false,true,false,2,keep,centered title contains 'tax receivable agreement'
data/edgar-query/exhibits/0001403256/0001403256-17-000090_a10q1q2017ex106.htm,514329,"AMENDED AND RESTATED | AGREEMENT OF LIMITED PARTNERSHIP | OZ ADVISORS II LP | Dated as of March 1, 2017",false,true,true,false,0,keep,'tax receivable agreement' phrase present in body
data/edgar-query/exhibits/0001403256/0001403256-17-000090_ozm10q1q2017ex10-5.htm,513837,"AMENDED AND RESTATED | AGREEMENT OF LIMITED PARTNERSHIP | OZ ADVISORS LP | Dated as of March 1, 2017",false,true,true,false,0,keep,'tax receivable agreement' phrase present in body
data/edgar-query/exhibits/0001403256/0001403256-17-000090_ozm10q1q2017ex10_4.htm,525639,"AMENDED AND RESTATED | AGREEMENT OF LIMITED PARTNERSHIP | OZ MANAGEMENT LP | Dated as of March 1, 2017",false,true,true,false,0,keep,'tax receivable agreement' phrase present in body
data/edgar-query/exhibits/0001403256/0001403256-18-000053_ozm-10xkx4q2017ex1065.htm,126659,EMPLOYMENT AGREEMENT,false,true,true,false,0,keep,'tax receivable agreement' phrase present in body
data/edgar-query/exhibits/0001403256/0001403256-23-000051_exhibit10891.htm,952011,FIRST AMENDMENT TO CREDIT AGREEMENT,false,true,true,false,0,keep,'tax receivable agreement' phrase present in body
data/edgar-query/exhibits/0001403528/0001193125-11-203631_dex1012.htm,149059,O AKTREE C APITAL G ROUP | 2007 E QUITY I NCENTIVE P LAN,false,false,true,false,0,keep,'tax receivable agreement' phrase present in body
data/edgar-query/exhibits/0001403528/0001193125-11-203631_dex1013.htm,114067,"PHANTOM EQUITY PLAN | OAKTREE CAPITAL GROUP, LLC AND ITS AFFILIATES | Effective as of January 1, 2008",false,false,true,false,0,keep,'tax receivable agreement' phrase present in body
data/edgar-query/exhibits/0001403528/0001193125-11-276126_d189118dex107.htm,108694,SECOND AMENDED AND RESTATED TAX RECEIVABLE AGREEMENT,true,false,true,false,6,keep,centered title contains 'tax receivable agreement'
data/edgar-query/exhibits/0001403528/0001193125-12-076545_d189118dex1027.htm,57392,"GRANT AGREEMENT | U NDER THE | O AKTREE C APITAL G ROUP , LLC | 2011 E QUITY I NCENTIVE P LAN",false,false,true,false,0,keep,'tax receivable agreement' phrase present in body
data/edgar-query/exhibits/0001403528/0001193125-12-141333_d189118dex107.htm,103744,SECOND AMENDED AND RESTATED TAX RECEIVABLE AGREEMENT,true,false,true,false,6,keep,centered title contains 'tax receivable agreement'
data/edgar-query/exhibits/0001403528/0001403528-15-000009_exhibit1020201410k.htm,64994,"GRANT AGREEMENT | UNDER THE | OAKTREE CAPITAL GROUP, LLC | 2011 EQUITY INCENTIVE PLAN",false,true,true,false,0,keep,'tax receivable agreement' phrase present in body
data/edgar-query/exhibits/0001403528/0001403528-15-000009_exhibit1023201410k.htm,200021,"AMENDED AND RESTATED | GRANT AGREEMENT | UNDER THE | OAKTREE CAPITAL GROUP, LLC | 2011 EQUITY INCENTIVE PLAN",false,true,true,false,0,keep,'tax receivable agreement' phrase present in body
data/edgar-query/exhibits/0001403528/0001403528-16-000054_exhibit103-formofocghrestr.htm,70601,"RESTRICTED UNIT AWARD AGREEMENT | UNDER THE | OAKTREE CAPITAL GROUP, LLC | 2011 EQUITY INCENTIVE PLAN | (OCGH UNITS)",false,true,true,false,0,keep,'tax receivable agreement' phrase present in body
data/edgar-query/exhibits/0001403528/0001403528-17-000019_exhibit1021q17.htm,211419,"SECOND AMENDED AND RESTATED | GRANT AGREEMENT | UNDER THE | OAKTREE CAPITAL GROUP, LLC | 2011 EQUITY INCENTIVE PLAN",false,true,true,false,0,keep,'tax receivable agreement' phrase present in body
data/edgar-query/exhibits/0001403528/0001403528-18-000009_exhibit1020201710k.htm,227122,"THIRD AMENDED AND RESTATED | GRANT AGREEMENT | UNDER THE | OAKTREE CAPITAL GROUP, LLC | 2011 EQUITY INCENTIVE PLAN",false,true,true,false,0,keep,'tax receivable agreement' phrase present in body
data/edgar-query/exhibits/0001403528/0001403528-19-000015_exhibit1031q2019.htm,81538,"RESTRICTED UNIT AWARD AGREEMENT | UNDER THE | OAKTREE CAPITAL GROUP, LLC | 2011 EQUITY INCENTIVE PLAN | (OCGH UNIT TEN-YEAR VESTING)",false,true,true,false,0,keep,'tax receivable agreement' phrase present in body
data/edgar-query/exhibits/0001403528/0001403528-19-000027_exhibit1033q2019.htm,143606,THIRD AMENDED AND RESTATED TAX RECEIVABLE AGREEMENT,true,false,true,false,6,keep,centered title contains 'tax receivable agreement'
data/edgar-query/exhibits/0001403528/0001403528-23-000028_exh101-amendmenttothirdart.htm,38110,AMENDMENT TO THE | THIRD AMENDED AND RESTATED TAX RECEIVABLE AGREEMENT,true,false,true,false,1,keep,centered title contains 'tax receivable agreement'
data/edgar-query/exhibits/0001403528/0001403528-24-000019_exh101-amendmenttothirdart.htm,38015,AMENDMENT TO THE | THIRD AMENDED AND RESTATED TAX RECEIVABLE AGREEMENT,true,false,true,false,1,keep,centered title contains 'tax receivable agreement'
data/edgar-query/exhibits/0001404912/0001047469-08-009276_a2186771zex-10_4.htm,171939,"TAX RECEIVABLE AGREEMENT | , 2008",true,false,true,false,6,keep,centered title contains 'tax receivable agreement'
data/edgar-query/exhibits/0001404912/0001047469-10-002110_a2197068zex-10_5.htm,190132,"TAX RECEIVABLE AGREEMENT | , 20",true,false,true,false,6,keep,centered title contains 'tax receivable agreement'
data/edgar-query/exhibits/0001404912/0001104659-10-038689_a10-14121_1ex10d3.htm,177848,"TAX RECEIVABLE AGREEMENT | July 14, 2010",true,false,true,false,6,keep,centered title contains 'tax receivable agreement'
data/edgar-query/exhibits/0001404912/0001140361-21-034251_brhc10029724_ex10-1.htm,404022,"REORGANIZATION AGREEMENT | dated as of October 8, 2021 | KKR & Co. Inc., | KKR Group Holdings Corp., | KKR Group Partnership L.P., | KKR Holdings L.P., | KKR Holdings GP Limited, | KKR Associates Holdings L.P., | KKR Associates Holdings GP Limited, | KKR Management LLP",false,false,true,false,0,keep,'tax receivable agreement' phrase present in body
data/edgar-query/exhibits/0001404912/0001140361-22-021298_ny20004325x5_ex10-1.htm,27189,AMENDMENT NO. 2 TO TAX RECEIVABLE AGREEMENT,true,false,true,false,0,keep,centered title contains 'tax receivable agreement'
data/edgar-query/exhibits/0001404912/0001140361-22-021298_ny20004325x5_ex10-2.htm,80095,ASSIGNMENT AND ASSUMPTION AGREEMENT,false,false,true,false,0,keep,'tax receivable agreement' phrase present in body
data/edgar-query/exhibits/0001404912/0001404912-18-000009_ex10_1.htm,31571,Amendment to Tax Receivable Agreement,true,false,true,false,1,keep,centered title contains 'tax receivable agreement'
data/edgar-query/exhibits/0001408075/0001193125-18-000257_d506041dex101.htm,306880,"GRAPHIC PACKAGING INTERNATIONAL PARTNERS, LLC | AMENDED AND RESTATED | LIMITED LIABILITY COMPANY AGREEMENT | Dated as of January 1, 2018",false,true,true,false,0,keep,'tax receivable agreement' phrase present in body
data/edgar-query/exhibits/0001408075/0001193125-18-000257_d506041dex102.htm,127555,"EXCHANGE AGREEMENT | dated as of January 1, 2018 | GRAPHIC PACKAGING HOLDING COMPANY, | GPI HOLDING III, LLC | INTERNATIONAL PAPER COMPANY, | GRAPHIC PACKAGING INTERNATIONAL PARTNERS, LLC",false,true,true,false,0,keep,'tax receivable agreement' phrase present in body
data/edgar-query/exhibits/0001408075/0001193125-18-000257_d506041dex104.htm,91799,"TAX RECEIVABLE AGREEMENT | GPI HOLDING III, LLC, | GRAPHIC PACKAGING INTERNATIONAL PARTNERS, LLC, | GRAPHIC PACKAGING HOLDING COMPANY, | INTERNATIONAL PAPER COMPANY | DATED AS OF JANUARY 1, 2018",true,false,true,false,3,keep,centered title contains 'tax receivable agreement'
data/edgar-query/exhibits/0001408075/0001193125-20-015977_d836674dex101.htm,56098,"CONSENT AND WAIVER AGREEMENT | January 23, 2020 | International Paper Company | Graphic Packaging Holding Company | GPI Holding III, LLC, | Graphic Packaging International Partners, LLC",false,false,true,false,1,keep,'tax receivable agreement' phrase present in body
data/edgar-query/exhibits/0001408075/0001193125-20-215087_d92307dex101.htm,59528,"CONSENT AND WAIVER AGREEMENT | August 6, 2020 | International Paper Company | Graphic Packaging Holding Company | GPI Holding III, LLC, | Graphic Packaging International Partners, LLC",false,false,true,false,1,keep,'tax receivable agreement' phrase present in body
data/edgar-query/exhibits/0001408075/0001193125-21-043320_d110109dex101.htm,54075,"CONSENT AND WAIVER AGREEMENT | February 16, 2021 | International Paper Company | Graphic Packaging Holding Company | GPI Holding III, LLC, | Graphic Packaging International Partners, LLC",false,false,true,false,1,keep,'tax receivable agreement' phrase present in body
data/edgar-query/exhibits/0001408075/0001193125-21-166868_d138872dex101.htm,45794,"CONSENT AND WAIVER AGREEMENT | May 19, 2021 | International Paper Company | Graphic Packaging Holding Company | GPI Holding I, Inc. | Graphic Packaging International Partners, LLC",false,false,true,false,0,keep,'tax receivable agreement' phrase present in body
data/edgar-query/exhibits/0001410637/0000950123-08-009061_y64250exv10w1.htm,250143,"RHI ENTERTAINMENT HOLDINGS II, LLC | AMENDED AND RESTATED LIMITED LIABILITY COMPANY OPERATING AGREEMENT | DATED AS OF JUNE 23, 2008",false,true,true,false,0,keep,'tax receivable agreement' phrase present in body
data/edgar-query/exhibits/0001410637/0000950123-08-009061_y64250exv10w2.htm,96907,TAX RECEIVABLE AGREEMENT,true,false,true,false,6,keep,centered title contains 'tax receivable agreement'
data/edgar-query/exhibits/0001410637/0000950136-07-007117_file6.htm,117030,TAX RECEIVABLE AGREEMENT,true,false,true,false,6,keep,centered title contains 'tax receivable agreement'
data/edgar-query/exhibits/0001410637/0000950136-08-003066_file3.htm,124584,TAX RECEIVABLE AGREEMENT,true,false,true,false,6,keep,centered title contains 'tax receivable agreement'
data/edgar-query/exhibits/0001411494/0000950142-20-001846_eh2000979_ex1001.htm,351000,"SEVENTH AMENDED AND RESTATED EXCHANGE AGREEMENT | dated as of July 29, 2020 | APOLLO GLOBAL MANAGEMENT, INC., | THE APOLLO PRINCIPAL ENTITIES, | THE APOLLO PRINCIPAL HOLDERS",false,true,true,false,0,keep,'tax receivable agreement' phrase present in body
data/edgar-query/exhibits/0001411494/0001193125-08-174812_dex1012.htm,99546,TAX RECEIVABLE AGREEMENT,true,false,true,false,5,keep,centered title contains 'tax receivable agreement'
data/edgar-query/exhibits/0001411494/0001193125-08-174812_dex102.htm,175021,"AMENDED AND RESTATED | LIMITED PARTNERSHIP AGREEMENT | APOLLO PRINCIPAL HOLDINGS I, L.P. | Dated as of July 13, 2007",false,true,true,false,0,keep,'tax receivable agreement' phrase present in body
data/edgar-query/exhibits/0001411494/0001193125-08-174812_dex103.htm,176717,"AMENDED AND RESTATED | LIMITED PARTNERSHIP AGREEMENT | APOLLO PRINCIPAL HOLDINGS II, L.P. | Dated as of July 13, 2007",false,true,true,false,0,keep,'tax receivable agreement' phrase present in body
data/edgar-query/exhibits/0001411494/0001193125-08-174812_dex104.htm,195694,"AMENDED AND RESTATED | EXEMPTED LIMITED PARTNERSHIP AGREEMENT | APOLLO PRINCIPAL HOLDINGS III, L.P. | Dated July 13, 2007",false,true,true,false,0,keep,'tax receivable agreement' phrase present in body
data/edgar-query/exhibits/0001411494/0001193125-08-174812_dex105.htm,183010,"AMENDED AND RESTATED | EXEMPTED LIMITED PARTNERSHIP AGREEMENT | APOLLO PRINCIPAL HOLDINGS IV, L.P. | Dated July 13, 2007",false,true,true,false,0,keep,'tax receivable agreement' phrase present in body
data/edgar-query/exhibits/0001411494/0001193125-08-174812_dex109.htm,174451,"AGREEMENT AMONG PRINCIPALS | July 13, 2007 | LEON D. BLACK, | MARC J. ROWAN, | JOSHUA J. HARRIS, | BLACK FAMILY PARTNERS, L.P., | MJR FOUNDATION LLC, | AP PROFESSIONAL HOLDINGS, L.P., | BRH HOLDINGS, L.P.",false,false,true,false,0,keep,'tax receivable agreement' phrase present in body
data/edgar-query/exhibits/0001411494/0001193125-09-239721_dex1023.htm,180965,"AMENDED AND RESTATED | EXEMPTED LIMITED PARTNERSHIP AGREEMENT | APOLLO PRINCIPAL HOLDINGS VIII, L.P. | Dated December 30, 2008",false,true,true,false,0,keep,'tax receivable agreement' phrase present in body
data/edgar-query/exhibits/0001411494/0001193125-09-239721_dex1024.htm,169939,"AMENDED AND RESTATED | EXEMPTED LIMITED PARTNERSHIP AGREEMENT | APOLLO PRINCIPAL HOLDINGS IX, L.P. | Dated December 30, 2008",false,true,true,false,0,keep,'tax receivable agreement' phrase present in body
data/edgar-query/exhibits/0001411494/0001193125-09-239721_dex1025.htm,185103,"SECOND AMENDED AND RESTATED | LIMITED PARTNERSHIP AGREEMENT | APOLLO MANAGEMENT HOLDINGS, L.P. | Dated as of July 13, 2007",false,true,true,false,0,keep,'tax receivable agreement' phrase present in body
data/edgar-query/exhibits/0001411494/0001193125-09-239721_dex104.htm,181916,"SECOND AMENDED AND RESTATED | EXEMPTED LIMITED PARTNERSHIP AGREEMENT | APOLLO PRINCIPAL HOLDINGS III, L.P. | Dated September 30, 2008",false,true,true,false,0,keep,'tax receivable agreement' phrase present in body
data/edgar-query/exhibits/0001411494/0001193125-10-225955_dex102.htm,171195,"THIRD AMENDED AND RESTATED | LIMITED PARTNERSHIP AGREEMENT | APOLLO PRINCIPAL HOLDINGS I, L.P. | Dated as of April 14, 2010",false,true,true,false,0,keep,'tax receivable agreement' phrase present in body
data/edgar-query/exhibits/0001411494/0001193125-10-225955_dex1020.htm,168313,"SECOND AMENDED AND RESTATED | LIMITED PARTNERSHIP AGREEMENT | APOLLO PRINCIPAL HOLDINGS V, L.P. | Dated as of April 14, 2010",false,true,true,false,0,keep,'tax receivable agreement' phrase present in body
data/edgar-query/exhibits/0001411494/0001193125-10-225955_dex1021.htm,185686,"SECOND AMENDED AND RESTATED | LIMITED PARTNERSHIP AGREEMENT | APOLLO PRINCIPAL HOLDINGS VI, L.P. | Dated as of April 14, 2010",false,true,true,false,0,keep,'tax receivable agreement' phrase present in body
data/edgar-query/exhibits/0001411494/0001193125-10-225955_dex1022.htm,166978,"SECOND AMENDED AND RESTATED | EXEMPTED LIMITED PARTNERSHIP AGREEMENT | APOLLO PRINCIPAL HOLDINGS VII, L.P. | Dated April 14, 2010",false,true,true,false,0,keep,'tax receivable agreement' phrase present in body
data/edgar-query/exhibits/0001411494/0001193125-10-225955_dex1023.htm,176135,"SECOND AMENDED AND RESTATED | EXEMPTED LIMITED PARTNERSHIP AGREEMENT | APOLLO PRINCIPAL HOLDINGS VIII, L.P. | Dated April 14, 2010",false,true,true,false,0,keep,'tax receivable agreement' phrase present in body
data/edgar-query/exhibits/0001411494/0001193125-10-225955_dex1024.htm,169414,"SECOND AMENDED AND RESTATED | EXEMPTED LIMITED PARTNERSHIP AGREEMENT | APOLLO PRINCIPAL HOLDINGS IX, L.P. | Dated April 14, 2010",false,true,true,false,0,keep,'tax receivable agreement' phrase present in body
data/edgar-query/exhibits/0001411494/0001193125-10-225955_dex1025.htm,189903,"THIRD AMENDED AND RESTATED | LIMITED PARTNERSHIP AGREEMENT | APOLLO MANAGEMENT HOLDINGS, L.P. | Dated as of April 14, 2010",false,true,true,false,1,keep,'tax receivable agreement' phrase present in body
data/edgar-query/exhibits/0001411494/0001193125-10-225955_dex103.htm,187260,"THIRD AMENDED AND RESTATED | LIMITED PARTNERSHIP AGREEMENT | APOLLO PRINCIPAL HOLDINGS II, L.P. | Dated as of April 14, 2010",false,true,true,false,0,keep,'tax receivable agreement' phrase present in body
data/edgar-query/exhibits/0001411494/0001193125-10-225955_dex1036.htm,26121,"",false,false,true,false,1,keep,'tax receivable agreement' phrase present in body
data/edgar-query/exhibits/0001411494/0001193125-10-225955_dex104.htm,169669,"THIRD AMENDED AND RESTATED | EXEMPTED LIMITED PARTNERSHIP AGREEMENT | APOLLO PRINCIPAL HOLDINGS III, L.P. | Dated April 14, 2010",false,true,true,false,0,keep,'tax receivable agreement' phrase present in body
data/edgar-query/exhibits/0001411494/0001193125-10-225955_dex105.htm,182120,"THIRD AMENDED AND RESTATED | EXEMPTED LIMITED PARTNERSHIP AGREEMENT | APOLLO PRINCIPAL HOLDINGS IV, L.P. | Dated April 14, 2010",false,true,true,false,0,keep,'tax receivable agreement' phrase present in body
data/edgar-query/exhibits/0001411494/0001193125-12-470963_d410610dex1046.htm,214765,"AMENDED AND RESTATED | EXEMPTED LIMITED PARTNERSHIP AGREEMENT | AMH HOLDINGS, L.P. | Dated October 30, 2012",false,true,true,false,1,keep,'tax receivable agreement' phrase present in body
data/edgar-query/exhibits/0001411494/0001193125-13-204748_d532543dex101.htm,133249,AMENDED AND RESTATED EXCHANGE AGREEMENT,false,true,true,false,0,keep,'tax receivable agreement' phrase present in body
data/edgar-query/exhibits/0001411494/0001193125-13-204748_d532543dex102.htm,106336,AMENDED AND RESTATED TAX RECEIVABLE AGREEMENT,true,false,true,false,5,keep,centered title contains 'tax receivable agreement'
data/edgar-query/exhibits/0001411494/0001411494-14-000012_ex1050amh2013creditagreeme.htm,1305736,"CREDIT AGREEMENT | Dated as of December 18, 2013, | APOLLO MANAGEMENT HOLDINGS, L.P. , | as the Term Facility Borrower and a Revolving Facility Borrower, | THE AFFILIATES OF APOLLO MANAGEMENT HOLDINGS, L.P. PARTY HERETO , | as other Revolving Facility Borrowers, | THE GUARANTORS PARTY HERETO , | THE",false,true,true,false,0,keep,'tax receivable agreement' phrase present in body
data/edgar-query/exhibits/0001411494/0001411494-14-000021_exhibit1011q114.htm,180189,SECOND AMENDED AND RESTATED EXCHANGE AGREEMENT,false,true,true,false,0,keep,'tax receivable agreement' phrase present in body
data/edgar-query/exhibits/0001411494/0001411494-15-000013_exhibit1019-apolloprincipa.htm,227610,"AMENDED AND RESTATED | EXEMPTED LIMITED PARTNERSHIP AGREEMENT | APOLLO PRINCIPAL HOLDINGS X, L.P. | Dated April 8, 2015 | and agreed amongst the parties hereto to be effective from December 30, 2014",false,true,true,false,0,keep,'tax receivable agreement' phrase present in body
data/edgar-query/exhibits/0001411494/0001411494-15-000019_a1038secondarlpa-amhholdin.htm,255500,"SECOND AMENDED AND RESTATED | EXEMPTED LIMITED PARTNERSHIP AGREEMENT | AMH HOLDINGS (CAYMAN), L.P. | Dated November 30, 2012",false,true,true,false,1,keep,'tax receivable agreement' phrase present in body
data/edgar-query/exhibits/0001411494/0001411494-16-000038_exhibit1020q116.htm,259075,"AMENDED AND RESTATED | LIMITED LIABILITY COMPANY AGREEMENT | APOLLO PRINCIPAL HOLDINGS XI, LLC | Dated April 11, 2016 | and agreed amongst the parties hereto to be effective as of April 11, 2016",false,true,true,false,0,keep,'tax receivable agreement' phrase present in body
data/edgar-query/exhibits/0001411494/0001411494-16-000038_exhibit109q116.htm,187341,FOURTH AMENDED AND RESTATED EXCHANGE AGREEMENT,false,true,true,false,0,keep,'tax receivable agreement' phrase present in body
data/edgar-query/exhibits/0001411494/0001411494-16-000043_exhibit10102q16.htm,152605,AMENDED AND RESTATED TAX RECEIVABLE AGREEMENT,true,false,true,false,5,keep,centered title contains 'tax receivable agreement'
data/edgar-query/exhibits/0001411494/0001411494-17-000020_exhibit1014q117.htm,308840,"THIRD AMENDED AND RESTATED | LIMITED PARTNERSHIP AGREEMENT | APOLLO PRINCIPAL HOLDINGS V, L.P. | Dated as of March 7, 2017",false,true,true,false,0,keep,'tax receivable agreement' phrase present in body
data/edgar-query/exhibits/0001411494/0001411494-17-000020_exhibit1015q117.htm,308117,"THIRD AMENDED AND RESTATED | LIMITED PARTNERSHIP AGREEMENT | APOLLO PRINCIPAL HOLDINGS VI, L.P. | Dated as of March 7, 2017",false,true,true,false,0,keep,'tax receivable agreement' phrase present in body
data/edgar-query/exhibits/0001411494/0001411494-17-000020_exhibit1016q117.htm,337722,"THIRD AMENDED AND RESTATED EXEMPTED LIMITED PARTNERSHIP AGREEMENT OF APOLLO PRINCIPAL HOLDINGS VII, L.P. | Dated March 7, 2017",false,true,true,false,0,keep,'tax receivable agreement' phrase present in body
data/edgar-query/exhibits/0001411494/0001411494-17-000020_exhibit1017q117.htm,319392,"THIRD AMENDED AND RESTATED | EXEMPTED LIMITED PARTNERSHIP AGREEMENT | APOLLO PRINCIPAL HOLDINGS VIII, L.P. | Dated March 7, 2017",false,true,true,false,0,keep,'tax receivable agreement' phrase present in body
data/edgar-query/exhibits/0001411494/0001411494-17-000020_exhibit1018q117.htm,321318,"THIRD AMENDED AND RESTATED | EXEMPTED LIMITED PARTNERSHIP AGREEMENT | APOLLO PRINCIPAL HOLDINGS IX, L.P. | Dated March 7, 2017",false,true,true,false,0,keep,'tax receivable agreement' phrase present in body
data/edgar-query/exhibits/0001411494/0001411494-17-000020_exhibit1019q117.htm,307719,"SECOND AMENDED AND RESTATED EXEMPTED LIMITED PARTNERSHIP AGREEMENT OF APOLLO PRINCIPAL HOLDINGS X, L.P. Dated March 7, 2017",false,true,true,false,0,keep,'tax receivable agreement' phrase present in body
data/edgar-query/exhibits/0001411494/0001411494-17-000020_exhibit1020q117.htm,360731,"SECOND AMENDED AND RESTATED | LIMITED LIABILITY COMPANY AGREEMENT | APOLLO PRINCIPAL HOLDINGS XI, LLC | Dated March 7, 2017 and agreed amongst the parties hereto to be effective as of March 7, 2017",false,true,true,false,0,keep,'tax receivable agreement' phrase present in body
data/edgar-query/exhibits/0001411494/0001411494-17-000020_exhibit1021q117.htm,323624,"SECOND AMENDED AND RESTATED | EXEMPTED LIMITED PARTNERSHIP AGREEMENT | APOLLO PRINCIPAL HOLDINGS XII, L.P. | Dated March 7, 2017",false,true,true,false,0,keep,'tax receivable agreement' phrase present in body
data/edgar-query/exhibits/0001411494/0001411494-17-000020_exhibit102q117.htm,333957,"FOURTH AMENDED AND RESTATED | LIMITED PARTNERSHIP AGREEMENT | APOLLO PRINCIPAL HOLDINGS I, L.P. | Dated as of March 7, 2017",false,true,true,false,0,keep,'tax receivable agreement' phrase present in body
data/edgar-query/exhibits/0001411494/0001411494-17-000020_exhibit1038q117.htm,343680,"THIRD AMENDED AND RESTATED | EXEMPTED LIMITED PARTNERSHIP AGREEMENT | AMH HOLDINGS (CAYMAN), L.P. | Dated March 7, 2017",false,true,true,false,1,keep,'tax receivable agreement' phrase present in body
data/edgar-query/exhibits/0001411494/0001411494-17-000020_exhibit103q117.htm,330118,"FOURTH AMENDED AND RESTATED | LIMITED PARTNERSHIP AGREEMENT | APOLLO PRINCIPAL HOLDINGS II, L.P. | Dated as of March 7, 2017",false,true,true,false,0,keep,'tax receivable agreement' phrase present in body
data/edgar-query/exhibits/0001411494/0001411494-17-000020_exhibit104q117.htm,321035,"FOURTH AMENDED AND RESTATED | EXEMPTED LIMITED PARTNERSHIP AGREEMENT | APOLLO PRINCIPAL HOLDINGS III, L.P. | Dated March 7, 2017",false,true,true,false,0,keep,'tax receivable agreement' phrase present in body
data/edgar-query/exhibits/0001411494/0001411494-17-000020_exhibit105q117.htm,318362,"FOURTH AMENDED AND RESTATED | EXEMPTED LIMITED PARTNERSHIP AGREEMENT | APOLLO PRINCIPAL HOLDINGS IV, L.P. | Dated March 7, 2017",false,true,true,false,0,keep,'tax receivable agreement' phrase present in body
data/edgar-query/exhibits/0001411494/0001411494-17-000020_exhibit109q117.htm,194463,FIFTH AMENDED AND RESTATED EXCHANGE AGREEMENT,false,true,true,false,0,keep,'tax receivable agreement' phrase present in body
data/edgar-query/exhibits/0001411494/0001411494-18-000035_exhibit1014.htm,426127,"FIFTH AMENDED AND RESTATED EXEMPTED LIMITED PARTNERSHIP AGREEMENT | APOLLO PRINCIPAL HOLDINGS V, L.P. | Dated June 21, 2018",false,true,true,false,0,keep,'tax receivable agreement' phrase present in body
data/edgar-query/exhibits/0001411494/0001411494-18-000035_exhibit1015.htm,425815,"FIFTH AMENDED AND RESTATED EXEMPTED LIMITED PARTNERSHIP AGREEMENT | APOLLO PRINCIPAL HOLDINGS VI, L.P. | Dated June 21, 2018",false,true,true,false,0,keep,'tax receivable agreement' phrase present in body
data/edgar-query/exhibits/0001411494/0001411494-18-000035_exhibit1016.htm,366123,"FOURTH AMENDED AND RESTATED EXEMPTED LIMITED PARTNERSHIP AGREEMENT OF APOLLO PRINCIPAL HOLDINGS VII, L.P. | Dated March 19, 2018",false,true,true,false,0,keep,'tax receivable agreement' phrase present in body
data/edgar-query/exhibits/0001411494/0001411494-18-000035_exhibit1017.htm,365038,"FOURTH AMENDED AND RESTATED | EXEMPTED LIMITED PARTNERSHIP AGREEMENT | APOLLO PRINCIPAL HOLDINGS VIII, L.P. | Dated March 19, 2018",false,true,true,false,0,keep,'tax receivable agreement' phrase present in body
data/edgar-query/exhibits/0001411494/0001411494-18-000035_exhibit1018.htm,366360,"FOURTH AMENDED AND RESTATED | EXEMPTED LIMITED PARTNERSHIP AGREEMENT | APOLLO PRINCIPAL HOLDINGS IX, L.P. | Dated March 19, 2018",false,true,true,false,0,keep,'tax receivable agreement' phrase present in body
data/edgar-query/exhibits/0001411494/0001411494-18-000035_exhibit1019.htm,361636,"THIRD AMENDED AND RESTATED EXEMPTED LIMITED PARTNERSHIP AGREEMENT OF APOLLO PRINCIPAL HOLDINGS X, L.P. Dated March 19, 2018",false,true,true,false,0,keep,'tax receivable agreement' phrase present in body
data/edgar-query/exhibits/0001411494/0001411494-18-000035_exhibit102.htm,435451,"SIXTH AMENDED AND RESTATED EXEMPTED LIMITED PARTNERSHIP AGREEMENT | APOLLO PRINCIPAL HOLDINGS I, L.P. | Dated June 21, 2018",false,true,true,false,0,keep,'tax receivable agreement' phrase present in body
data/edgar-query/exhibits/0001411494/0001411494-18-000035_exhibit1020.htm,391403,"THIRD AMENDED AND RESTATED | LIMITED LIABILITY COMPANY AGREEMENT | APOLLO PRINCIPAL HOLDINGS XI, LLC | Dated March 19, 2018 and agreed amongst the parties hereto to be effective as of March 19, 2018",false,true,true,false,0,keep,'tax receivable agreement' phrase present in body
data/edgar-query/exhibits/0001411494/0001411494-18-000035_exhibit1021.htm,369073,"THIRD AMENDED AND RESTATED | EXEMPTED LIMITED PARTNERSHIP AGREEMENT | APOLLO PRINCIPAL HOLDINGS XII, L.P. | Dated March 19, 2018",false,true,true,false,0,keep,'tax receivable agreement' phrase present in body
data/edgar-query/exhibits/0001411494/0001411494-18-000035_exhibit103.htm,431043,"SIXTH AMENDED AND RESTATED EXEMPTED LIMITED PARTNERSHIP AGREEMENT | APOLLO PRINCIPAL HOLDINGS II, L.P. | Dated June 21, 2018",false,true,true,false,0,keep,'tax receivable agreement' phrase present in body
data/edgar-query/exhibits/0001411494/0001411494-18-000035_exhibit1039.htm,394508,"FOURTH AMENDED AND RESTATED | EXEMPTED LIMITED PARTNERSHIP AGREEMENT | AMH HOLDINGS (CAYMAN), L.P. | Dated March 19, 2018",false,true,true,false,1,keep,'tax receivable agreement' phrase present in body
data/edgar-query/exhibits/0001411494/0001411494-18-000035_exhibit104.htm,354629,"FIFTH AMENDED AND RESTATED | EXEMPTED LIMITED PARTNERSHIP AGREEMENT | APOLLO PRINCIPAL HOLDINGS III, L.P. | Dated March 19, 2018",false,true,true,false,0,keep,'tax receivable agreement' phrase present in body
data/edgar-query/exhibits/0001411494/0001411494-18-000035_exhibit1049.htm,1149843,"CREDIT AGREEMENT | Dated as of July 11, 2018, | APOLLO MANAGEMENT HOLDINGS, L.P. , | as the Borrower, | THE GUARANTORS PARTY HERETO , | THE LENDERS PARTY HERETO , | THE ISSUING BANKS PARTY HERETO , and | CITIBANK, N.A. , | as Administrative Agent, | _________________ | CITIBANK, N.A. , and | MERRILL",false,true,true,false,0,keep,'tax receivable agreement' phrase present in body
data/edgar-query/exhibits/0001411494/0001411494-18-000035_exhibit105.htm,368898,"FIFTH AMENDED AND RESTATED | EXEMPTED LIMITED PARTNERSHIP AGREEMENT | APOLLO PRINCIPAL HOLDINGS IV, L.P. | Dated March 19, 2018",false,true,true,false,0,keep,'tax receivable agreement' phrase present in body
data/edgar-query/exhibits/0001411494/0001411494-20-000034_exhibit103q220.htm,83382,Amendment to Agreement Among Principals,false,false,true,false,0,keep,'tax receivable agreement' phrase present in body
data/edgar-query/exhibits/0001411494/0001411494-20-000034_exhibit104q220.htm,63259,"AMENDMENT NO. 1 TO ROLL-UP AGREEMENT | July 29, 2020 | JAMES C. ZELTER, | THE JAMES AND VIVIAN ZELTER GST EXEMPT FAMILY TRUST, | BRH HOLDINGS, L.P., | AP PROFESSIONAL HOLDINGS, L.P., | APO ASSET CO., LLC, | APO CORP., | APOLLO GLOBAL MANAGEMENT, INC.",false,false,true,false,0,keep,'tax receivable agreement' phrase present in body
data/edgar-query/exhibits/0001411494/0001411494-20-000034_exhibit105q220.htm,62752,"July 29, 2020 | SCOTT M. KLEINMAN, | KRT INVESTMENTS LLC, | THE KLEINMAN CHILDREN’S TRUST, | BRH HOLDINGS, L.P., | AP PROFESSIONAL HOLDINGS, L.P., | APO ASSET CO., LLC, | APO CORP., | APOLLO GLOBAL MANAGEMENT, INC.",false,false,true,false,0,keep,'tax receivable agreement' phrase present in body
data/edgar-query/exhibits/0001411494/0001411494-21-000012_exhibit1098q42020.htm,1350650,"CREDIT AGREEMENT | Dated as of November 23, 2020, Among | APOLLO MANAGEMENT HOLDINGS, L.P., | as the Borrower, | THE GUARANTORS PARTY HERETO, THE LENDERS PARTY HERETO, | THE ISSUING BANKS PARTY HERETO , and | CITIBANK, N.A. , | as Administrative Agent, | CITIBANK, N.A. , and | BOFA SECURITIES, INC. ",false,true,true,false,0,keep,'tax receivable agreement' phrase present in body
data/edgar-query/exhibits/0001411494/0001411494-22-000014_exhibit1088.htm,545143,"CERTAIN INFORMATION, IDENTIFIED BY, AND REPLACED WITH, A MARK OF “[***]” HAS BEEN EXCLUDED FROM THIS DOCUMENT BECAUSE IT IS BOTH (I) NOT MATERIAL AND (II) IS THE TYPE THAT THE REGISTRANT TREATS AS PRIVATE OR CONFIDENTIAL. Execution Version SECOND AMENDMENT This Second Amendment to Credit Agreement, ",false,true,true,false,0,keep,'tax receivable agreement' phrase present in body
data/edgar-query/exhibits/0001411494/0001411494-22-000022_exhibit1010q12022aam-new.htm,9486,"WAIVER TO AMENDED AND RESTATED TAX RECEIVABLE AGREEMENT | May 2, 2022",true,false,true,false,1,keep,centered title contains 'tax receivable agreement'
data/edgar-query/exhibits/0001411646/0000893220-08-000061_w45617a3exv10w3.htm,16127,FORM OF CONTRIBUTION AGREEMENT,false,false,true,false,0,keep,'tax receivable agreement' phrase present in body
data/edgar-query/exhibits/0001411646/0000893220-08-000061_w45617a3exv10w9.htm,110847,"TAX RECEIVABLE AGREEMENT | , 2008 | -i-",true,false,true,false,6,keep,centered title contains 'tax receivable agreement'
data/edgar-query/exhibits/0001412232/0001193125-14-343639_d743251dex1055.htm,133446,"INCOME TAX RECEIVABLE AGREEMENT | [ — ], 2014",true,false,true,true,3,keep,centered title contains 'tax receivable agreement'
data/edgar-query/exhibits/0001412232/0001193125-14-365676_d800923dex103.htm,136786,"INCOME TAX RECEIVABLE AGREEMENT | October 7, 2014",true,false,true,true,3,keep,centered title contains 'tax receivable agreement'
data/edgar-query/exhibits/0001412232/0001193125-17-160891_d360368dex102.htm,9944,"VWR Corporation | Radnor Corporate Center | Building One, Suite 200 | 100 Matsonford Road | Radnor, Pennsylvania 19087 | May 4, 2017",false,false,true,true,1,keep,'tax receivable agreement' phrase present in body
data/edgar-query/exhibits/0001412232/0001193125-17-160892_d360368dex102.htm,9944,"VWR Corporation | Radnor Corporate Center | Building One, Suite 200 | 100 Matsonford Road | Radnor, Pennsylvania 19087 | May 4, 2017",false,false,true,true,1,keep,'tax receivable agreement' phrase present in body
data/edgar-query/exhibits/0001419178/0000950103-09-002140_dp14551_ex1004.htm,229740,"TAX RECEIVABLE AGREEMENT | ARTIO GLOBAL INVESTORS INC. | ARTIO GLOBAL HOLDINGS LLC | RICHARD C. PELL | RUDOLPH-RIAD YOUNES | dated as of [ ], 2009",true,false,true,false,6,keep,centered title contains 'tax receivable agreement'
data/edgar-query/exhibits/0001419178/0000950103-10-001534_dp17739_ex1001.htm,43464,AMENDMENT NO. 1 | EXCHANGE AGREEMENT,false,true,true,false,0,keep,'tax receivable agreement' phrase present in body
data/edgar-query/exhibits/0001419178/0000950103-13-001115_dp36269_ex1001.htm,283956,"AMENDED AND RESTATED TAX RECEIVABLE AGREEMENT | ABERDEEN ASSET MANAGEMENT INC. | ABERDEEN ASSET MANAGEMENT PLC | ARTIO GLOBAL INVESTORS INC. | ARTIO GLOBAL HOLDINGS LLC | RICHARD C. PELL | RUDOLPH-RIAD YOUNES | dated as of February 13, 2013",true,false,true,false,6,keep,centered title contains 'tax receivable agreement'
data/edgar-query/exhibits/0001419178/0000950103-13-001116_dp36269_ex1001.htm,283956,"AMENDED AND RESTATED TAX RECEIVABLE AGREEMENT | ABERDEEN ASSET MANAGEMENT INC. | ABERDEEN ASSET MANAGEMENT PLC | ARTIO GLOBAL INVESTORS INC. | ARTIO GLOBAL HOLDINGS LLC | RICHARD C. PELL | RUDOLPH-RIAD YOUNES | dated as of February 13, 2013",true,false,true,false,6,keep,centered title contains 'tax receivable agreement'
data/edgar-query/exhibits/0001419178/0000950123-09-041793_y77426a7exv10w1.htm,199373,AMENDED AND RESTATED | LIMITED LIABILITY COMPANY | AGREEMENT | FOR | ARTIO GLOBAL HOLDINGS LLC,false,false,true,false,0,keep,'tax receivable agreement' phrase present in body
data/edgar-query/exhibits/0001419178/0000950123-09-041793_y77426a7exv10w3.htm,122544,"EXCHANGE AGREEMENT | ARTIO GLOBAL INVESTORS INC. | RICHARD C. PELL | RUDOLPH-RIAD YOUNES | Dated as of [___], 2009",false,true,true,false,0,keep,'tax receivable agreement' phrase present in body
data/edgar-query/exhibits/0001420750/0001193125-07-267402_dex103.htm,827566,"$3,920,000,000 | Term and Revolving Loans | $525,000,000 | Synthetic Letter of Credit Facility | CREDIT AGREEMENT | Dated as of April 10, 2007, | DOMUS INTERMEDIATE HOLDINGS CORP., | REALOGY CORPORATION, | as Borrower, | THE LENDERS PARTY HERETO, | JPMORGAN CHASE BANK, N.A., | as Administrative Agen",false,true,true,false,0,keep,'tax receivable agreement' phrase present in body
data/edgar-query/exhibits/0001423902/0001423902-25-000063_wes2025q28-kxex102.htm,78022,TAX RECEIVABLE AGREEMENT AMENDMENT,true,false,true,false,1,keep,centered title contains 'tax receivable agreement'
data/edgar-query/exhibits/0001433642/0001433642-16-000021_filename4.htm,378459,"FOURTH AMENDED AND RESTATED | LIMITED LIABILITY COMPANY AGREEMENT | HAMILTON LANE ADVISORS, L.L.C. | Dated as of , 2017",false,true,true,false,0,keep,'tax receivable agreement' phrase present in body
data/edgar-query/exhibits/0001433642/0001433642-16-000021_filename5.htm,160092,TAX RECEIVABLE AGREEMENT,true,false,true,false,7,keep,centered title contains 'tax receivable agreement'
data/edgar-query/exhibits/0001433642/0001433642-16-000021_filename6.htm,155155,FORM OF EXCHANGE AGREEMENT,false,true,true,false,0,keep,'tax receivable agreement' phrase present in body
data/edgar-query/exhibits/0001433642/0001433642-17-000002_filename3.htm,157767,FORM OF EXCHANGE AGREEMENT,false,true,true,false,0,keep,'tax receivable agreement' phrase present in body
data/edgar-query/exhibits/0001433642/0001433642-17-000008_hlexhibit101.htm,397075,"FOURTH AMENDED AND RESTATED | LIMITED LIABILITY COMPANY AGREEMENT | HAMILTON LANE ADVISORS, L.L.C. | Dated as of [ ], 2017",false,true,true,false,0,keep,'tax receivable agreement' phrase present in body
data/edgar-query/exhibits/0001433642/0001433642-17-000008_hlexhibit102.htm,160183,TAX RECEIVABLE AGREEMENT,true,false,true,false,7,keep,centered title contains 'tax receivable agreement'
data/edgar-query/exhibits/0001433642/0001433642-17-000008_hlexhibit103.htm,138298,FORM OF EXCHANGE AGREEMENT,false,true,true,false,0,keep,'tax receivable agreement' phrase present in body
data/edgar-query/exhibits/0001433642/0001433642-17-000016_hlexhibit101.htm,399005,"FOURTH AMENDED AND RESTATED | LIMITED LIABILITY COMPANY AGREEMENT | HAMILTON LANE ADVISORS, L.L.C. | Dated as of [ ], 2017",false,true,true,false,0,keep,'tax receivable agreement' phrase present in body
data/edgar-query/exhibits/0001433642/0001433642-17-000016_hlexhibit102.htm,162460,TAX RECEIVABLE AGREEMENT,true,false,true,false,7,keep,centered title contains 'tax receivable agreement'
data/edgar-query/exhibits/0001433642/0001433642-17-000016_hlexhibit103.htm,151329,FORM OF EXCHANGE AGREEMENT,false,true,true,false,0,keep,'tax receivable agreement' phrase present in body
data/edgar-query/exhibits/0001433642/0001433642-17-000020_hlexhibit101.htm,410013,"FOURTH AMENDED AND RESTATED | LIMITED LIABILITY COMPANY AGREEMENT | HAMILTON LANE ADVISORS, L.L.C. | Dated as of [ ], 2017",false,true,true,false,0,keep,'tax receivable agreement' phrase present in body
data/edgar-query/exhibits/0001433642/0001433642-17-000035_hlexhibit101.htm,435014,"FOURTH AMENDED AND RESTATED | LIMITED LIABILITY COMPANY AGREEMENT | HAMILTON LANE ADVISORS, L.L.C. | Dated as of March 6, 2017",false,true,true,false,0,keep,'tax receivable agreement' phrase present in body
data/edgar-query/exhibits/0001433642/0001433642-17-000035_hlexhibit102.htm,170218,TAX RECEIVABLE AGREEMENT,true,false,true,false,7,keep,centered title contains 'tax receivable agreement'
data/edgar-query/exhibits/0001433642/0001433642-17-000035_hlexhibit103.htm,150092,EXCHANGE AGREEMENT,false,true,true,false,0,keep,'tax receivable agreement' phrase present in body
data/edgar-query/exhibits/0001433642/0001433642-18-000011_hlnes-1ex1022018.htm,20567,"AMENDMENT No. 1 | TO THE | FOURTH AMENDED AND RESTATED | LIMITED LIABILITY COMPANY AGREEMENT | HAMILTON LANE ADVISORS, L.L.C.",false,true,true,false,0,keep,'tax receivable agreement' phrase present in body
data/edgar-query/exhibits/0001433642/0001433642-18-000038_exhibit10310k2018.htm,16810,"AMENDMENT No. 2 | TO THE | FOURTH AMENDED AND RESTATED | LIMITED LIABILITY COMPANY AGREEMENT | HAMILTON LANE ADVISORS, L.L.C. | This AMENDMENT No. 2 TO THE FOURTH AMENDED AND RESTATED",false,true,true,false,0,keep,'tax receivable agreement' phrase present in body
data/edgar-query/exhibits/0001433642/0001433642-21-000005_amendmentno1tothetaxreceiv.htm,33744,AMENDMENT NO. 1 | TAX RECEIVABLE AGREEMENT,true,false,true,false,1,keep,centered title contains 'tax receivable agreement'
data/edgar-query/exhibits/0001433642/0001433642-23-000051_amendmentno3tohlallcagreem.htm,18882,"AMENDMENT No. 3 | TO THE | FOURTH AMENDED AND RESTATED | LIMITED LIABILITY COMPANY AGREEMENT | HAMILTON LANE ADVISORS, L.L.C.",false,true,true,false,0,keep,'tax receivable agreement' phrase present in body
data/edgar-query/exhibits/0001434804/0001047469-10-007630_a2199507zex-10_33.htm,407568,"LIMITED LIABILITY COMPANY AGREEMENT | FIRST WIND HOLDINGS, LLC | upon and after the Effective Time referred to herein | Dated as of , 2010",false,true,true,false,1,keep,'tax receivable agreement' phrase present in body
data/edgar-query/exhibits/0001434804/0001047469-10-007630_a2199507zex-10_34.htm,246036,"TAX RECEIVABLE AGREEMENT | FIRST WIND HOLDINGS INC. | FIRST WIND HOLDINGS, LLC | THE SERIES B MEMBERS OF FIRST WIND HOLDINGS, LLC | Dated as of , 2010",true,false,true,false,6,keep,centered title contains 'tax receivable agreement'
data/edgar-query/exhibits/0001434804/0001047469-10-007630_a2199507zex-10_47.htm,144108,"EXCHANGE AGREEMENT | FIRST WIND HOLDINGS INC. | FIRST WIND HOLDINGS, LLC | THE SERIES B MEMBERS OF FIRST WIND HOLDINGS, LLC | Dated as of , 2010",false,true,true,false,0,keep,'tax receivable agreement' phrase present in body
data/edgar-query/exhibits/0001434804/0001047469-10-008574_a2200305zex-10_33.htm,408008,"LIMITED LIABILITY COMPANY AGREEMENT | FIRST WIND HOLDINGS, LLC | upon and after the Effective Time referred to herein | Dated as of , 2010",false,true,true,false,1,keep,'tax receivable agreement' phrase present in body
data/edgar-query/exhibits/0001434804/0001047469-10-008574_a2200305zex-10_34.htm,245794,"TAX RECEIVABLE AGREEMENT | FIRST WIND HOLDINGS INC. | FIRST WIND HOLDINGS, LLC | THE SERIES B MEMBERS OF FIRST WIND HOLDINGS, LLC | Dated as of , 2010",true,false,true,false,6,keep,centered title contains 'tax receivable agreement'
data/edgar-query/exhibits/0001437107/0001193125-21-167834_d68084dex107.htm,227360,"TAX MATTERS AGREEMENT | AT&T Inc., | on behalf of itself | and the members | of the Remainco Group | Magallanes, Inc., | on behalf of itself | and the members | of the Spinco Group | Discovery, Inc. | on behalf of itself | and the members | of the RMT Group | Dated as of May 17, 2021",false,false,true,false,1,keep,'tax receivable agreement' phrase present in body
data/edgar-query/exhibits/0001439288/0001104659-21-025773_tm216920d2_ex10-1.htm,283064,"TAX MATTERS AGREEMENT | Rexnord Corporation, | LAND NEWCO, INC., | REGAL BELOIT CORPORATION | DATED AS OF FEBRUARY 15, 2021",false,false,true,false,0,keep,'tax receivable agreement' phrase present in body
data/edgar-query/exhibits/0001441849/0001047469-09-009188_a2194979zex-10_25.htm,355185,"THIRD AMENDED AND RESTATED LIMITED LIABILITY COMPANY AGREEMENT OF CLOUD PEAK ENERGY LLC | Dated , 2009",false,true,true,false,0,keep,'tax receivable agreement' phrase present in body
data/edgar-query/exhibits/0001441849/0001047469-09-009188_a2194979zex-10_26.htm,53254,ACQUISITION AGREEMENT,false,false,true,false,0,keep,'tax receivable agreement' phrase present in body
data/edgar-query/exhibits/0001441849/0001047469-09-009188_a2194979zex-10_31.htm,149364,"TAX RECEIVABLE AGREEMENT | , 2009",true,false,true,false,5,keep,centered title contains 'tax receivable agreement'
data/edgar-query/exhibits/0001441849/0001047469-09-009409_a2195113zex-10_21.htm,430740,"MASTER SEPARATION AGREEMENT by and among RIO TINTO AMERICA INC., RIO TINTO ENERGY AMERICA INC., KENNECOTT MANAGEMENT SERVICES COMPANY, CLOUD PEAK ENERGY INC., CLOUD PEAK ENERGY LLC and the subsidiaries listed on the signature pages hereto | Dated , 2009",false,true,true,false,0,keep,'tax receivable agreement' phrase present in body
data/edgar-query/exhibits/0001441849/0001047469-09-010170_a2195519zex-10_21.htm,465436,"MASTER SEPARATION AGREEMENT by and among RIO TINTO AMERICA INC., RIO TINTO ENERGY AMERICA INC., KENNECOTT MANAGEMENT SERVICES COMPANY, CLOUD PEAK ENERGY INC., CLOUD PEAK ENERGY RESOURCES LLC and the subsidiaries listed on the signature pages hereto | Dated , 2009",false,true,true,false,0,keep,'tax receivable agreement' phrase present in body
data/edgar-query/exhibits/0001441849/0001047469-09-010170_a2195519zex-10_25.htm,372026,"THIRD AMENDED AND RESTATED LIMITED LIABILITY COMPANY AGREEMENT OF CLOUD PEAK ENERGY RESOURCES LLC | Dated November , 2009",false,true,true,false,0,keep,'tax receivable agreement' phrase present in body
data/edgar-query/exhibits/0001441849/0001047469-09-010170_a2195519zex-10_31.htm,142030,"TAX RECEIVABLE AGREEMENT | November , 2009",true,false,true,false,7,keep,centered title contains 'tax receivable agreement'
data/edgar-query/exhibits/0001441849/0001047469-09-010170_a2195519zex-10_41.htm,550098,"CREDIT AGREEMENT | November , 2009 | CLOUD PEAK ENERGY RESOURCES LLC | the LENDERS party hereto, | the ISSUING BANKS party hereto, | MORGAN STANLEY SENIOR FUNDING, INC., as Administrative Agent and Swingline Lender | MORGAN STANLEY SENIOR FUNDING, INC., CREDIT SUISSE AG, CAYMAN ISLANDS BRANCH and RB",false,true,true,false,1,keep,'tax receivable agreement' phrase present in body
data/edgar-query/exhibits/0001441849/0001104659-09-067108_a09-34217_1ex10d1.htm,771758,"MASTER SEPARATION AGREEMENT | RIO TINTO AMERICA INC., | RIO TINTO ENERGY AMERICA INC., | KENNECOTT MANAGEMENT SERVICES COMPANY, | CLOUD PEAK ENERGY INC. , | CLOUD PEAK ENERGY RESOURCES LLC | the subsidiaries listed on the signature pages hereto | Dated November 19, 2009",false,true,true,false,0,keep,'tax receivable agreement' phrase present in body
data/edgar-query/exhibits/0001441849/0001104659-09-067108_a09-34217_1ex10d11.htm,220109,"TAX RECEIVABLE AGREEMENT | November 19, 2009",true,false,true,false,7,keep,centered title contains 'tax receivable agreement'
data/edgar-query/exhibits/0001441849/0001104659-09-067108_a09-34217_1ex10d5.htm,508752,"THIRD AMENDED AND RESTATED | LIMITED LIABILITY COMPANY AGREEMENT | CLOUD PEAK ENERGY RESOURCES LLC | Dated November 19, 2009",false,true,true,false,0,keep,'tax receivable agreement' phrase present in body
data/edgar-query/exhibits/0001441849/0001104659-09-067108_a09-34217_1ex10d6.htm,108646,ACQUISITION AGREEMENT,false,false,true,false,0,keep,'tax receivable agreement' phrase present in body
data/edgar-query/exhibits/0001441849/0001104659-09-068212_a09-34573_1ex10d1.htm,922294,"CREDIT AGREEMENT | November 25, 2009 | CLOUD PEAK ENERGY RESOURCES LLC | the LENDERS party hereto, | the ISSUING BANKS party hereto, | MORGAN STANLEY SENIOR FUNDING, INC., as Administrative Agent and Swingline Lender | MORGAN STANLEY SENIOR FUNDING, INC., CREDIT SUISSE AG, CAYMAN ISLANDS BRANCH and ",false,true,true,false,1,keep,'tax receivable agreement' phrase present in body
data/edgar-query/exhibits/0001441849/0001104659-11-033353_a11-13357_1ex10d1.htm,966999,"AMENDED AND RESTATED CREDIT AGREEMENT | November 25, 2009 | and amended and restated as of | June 3, 2011 | CLOUD PEAK ENERGY RESOURCES LLC, | the GUARANTORS party hereto, | the LENDERS party hereto, | the ISSUING BANKS party hereto, | MORGAN STANLEY SENIOR FUNDING, INC., as Administrative Agent and",false,true,true,false,0,keep,'tax receivable agreement' phrase present in body
data/edgar-query/exhibits/0001441849/0001104659-11-033623_a11-13357_1ex10d1.htm,966976,"AMENDED AND RESTATED CREDIT AGREEMENT | November 25, 2009 | and amended and restated as of | June 3, 2011 | CLOUD PEAK ENERGY RESOURCES LLC, | the GUARANTORS party hereto, | the LENDERS party hereto, | the ISSUING BANKS party hereto, | MORGAN STANLEY SENIOR FUNDING, INC., as Administrative Agent and",false,true,true,false,0,keep,'tax receivable agreement' phrase present in body
data/edgar-query/exhibits/0001441849/0001104659-13-009812_a13-4543_3ex10d1.htm,724975,"RECEIVABLES PURCHASE AGREEMENT | dated as of February 11, 2013 | CLOUD PEAK ENERGY RECEIVABLES LLC, as Seller, | CLOUD PEAK ENERGY RESOURCES LLC, as Servicer, | THE VARIOUS CONDUIT PURCHASERS, RELATED COMMITTED PURCHASERS, AND PURCHASER AGENTS FROM TIME TO TIME PARTY HERETO, | PNC BANK, NATIONAL ASS",false,true,true,false,0,keep,'tax receivable agreement' phrase present in body
data/edgar-query/exhibits/0001441849/0001104659-14-012290_a14-6464_1ex10d1.htm,1203468,"CREDIT AGREEMENT | February 21, 2014 | CLOUD PEAK ENERGY RESOURCES LLC, | the GUARANTORS party hereto, | the LENDERS party hereto, | the ISSUING BANKS party hereto | PNC BANK, NATIONAL ASSOCIATION, | as Administrative Agent and Swingline Lender | PNC CAPITAL MARKETS LLC and WELLS FARGO SECURITIES, L",false,true,true,false,0,keep,'tax receivable agreement' phrase present in body
data/edgar-query/exhibits/0001441849/0001104659-14-062137_a14-19281_1ex10d1.htm,35753,ACCELERATION AND RELEASE AGREEMENT,false,false,true,false,0,keep,'tax receivable agreement' phrase present in body
data/edgar-query/exhibits/0001444598/0000950123-09-021018_y01809a3exv10w6.htm,23856,AGREEMENT AND PLAN OF MERGER,false,false,true,false,0,keep,'tax receivable agreement' phrase present in body
data/edgar-query/exhibits/0001444598/0000950123-09-021018_y01809a3exv10w7.htm,24819,AGREEMENT AND PLAN OF MERGER,false,false,true,false,0,keep,'tax receivable agreement' phrase present in body
data/edgar-query/exhibits/0001444598/0000950123-09-021018_y01809a3exv10w9.htm,150707,"REORGANIZATION AGREEMENT | Dated as of , 2009",false,false,true,false,0,keep,'tax receivable agreement' phrase present in body
data/edgar-query/exhibits/0001444598/0000950123-09-025946_y01809a4exv10w24.htm,76152,COMMON STOCK SUBSCRIPTION AND EBS UNIT VESTING AGREEMENT,false,false,true,false,0,keep,'tax receivable agreement' phrase present in body
data/edgar-query/exhibits/0001444598/0000950123-09-025946_y01809a4exv10w3.htm,130178,"TAX RECEIVABLE AGREEMENT (EXCHANGES) | EMDEON INC., | H&F ITR HOLDCO, L.P., | GA ITR HOLDCO, L.P., | GA-H&F ITR HOLDCO, L.P. | DATED AS OF _________, 2009",true,false,true,false,7,keep,centered title contains 'tax receivable agreement'
data/edgar-query/exhibits/0001444598/0000950123-09-025946_y01809a4exv10w4.htm,121789,"TAX RECEIVABLE AGREEMENT (REORGANIZATIONS) | EMDEON INC., | H&F ITR HOLDCO, L.P., | GA ITR HOLDCO, L.P., | GA-H&F ITR HOLDCO, L.P. | DATED AS OF , 2009",true,false,true,false,6,keep,centered title contains 'tax receivable agreement'
data/edgar-query/exhibits/0001444598/0000950123-09-025946_y01809a4exv10w5.htm,126241,"TAX RECEIVABLE AGREEMENT (MANAGEMENT) | EMDEON INC. | THE PERSONS NAMED HEREIN | DATED AS OF ______, 2009",true,false,true,false,7,keep,centered title contains 'tax receivable agreement'
data/edgar-query/exhibits/0001444598/0000950123-09-025946_y01809a4exv10w8.htm,399205,"SIXTH AMENDED AND RESTATED | LIMITED LIABILITY COMPANY AGREEMENT | EBS MASTER LLC | DATED AS OF [ ], 2009",false,true,true,false,1,keep,'tax receivable agreement' phrase present in body
data/edgar-query/exhibits/0001444598/0000950123-09-025946_y01809a4exv10w9.htm,316797,"REORGANIZATION AGREEMENT | Dated as of , 2009",false,false,true,false,0,keep,'tax receivable agreement' phrase present in body
data/edgar-query/exhibits/0001444598/0000950123-09-035841_y02127exv10w1.htm,131903,"REORGANIZATION AGREEMENT | Dated as of August 4, 2009",false,false,true,false,0,keep,'tax receivable agreement' phrase present in body
data/edgar-query/exhibits/0001444598/0000950123-09-035841_y02127exv10w3.htm,330886,"SIXTH AMENDED AND RESTATED | LIMITED LIABILITY COMPANY AGREEMENT | EBS MASTER LLC | DATED AS OF AUGUST 17, 2009",false,true,true,false,2,keep,'tax receivable agreement' phrase present in body
data/edgar-query/exhibits/0001444598/0000950123-09-035841_y02127exv10w4.htm,127533,"TAX RECEIVABLE AGREEMENT (EXCHANGES) | EMDEON INC., | H&F ITR HOLDCO, L.P., | GA ITR HOLDCO, L.P., | GA-H&F ITR HOLDCO, L.P. | Dated as of August 17, 2009",true,false,true,false,7,keep,centered title contains 'tax receivable agreement'
data/edgar-query/exhibits/0001444598/0000950123-09-035841_y02127exv10w5.htm,126817,"TAX RECEIVABLE AGREEMENT (REORGANIZATIONS) | EMDEON INC., | H&F ITR HOLDCO, L.P., | GA ITR HOLDCO, L.P., | GA-H&F ITR HOLDCO, L.P. | Dated as of August 17, 2009",true,false,true,false,6,keep,centered title contains 'tax receivable agreement'
data/edgar-query/exhibits/0001444598/0000950123-09-035841_y02127exv10w6.htm,121491,"TAX RECEIVABLE AGREEMENT (MANAGEMENT) | EMDEON INC. | THE PERSONS NAMED HEREIN | Dated as of August 17, 2009",true,false,true,false,7,keep,centered title contains 'tax receivable agreement'
data/edgar-query/exhibits/0001444598/0000950123-09-035841_y02127exv10w7.htm,27115,AGREEMENT AND PLAN OF MERGER,false,false,true,false,0,keep,'tax receivable agreement' phrase present in body
data/edgar-query/exhibits/0001444598/0000950123-09-035841_y02127exv10w8.htm,25737,AGREEMENT AND PLAN OF MERGER,false,false,true,false,0,keep,'tax receivable agreement' phrase present in body
data/edgar-query/exhibits/0001444598/0001193125-13-173718_d528235dex101.htm,117197,AMENDMENT NO. 2,false,false,true,false,0,keep,'tax receivable agreement' phrase present in body
data/edgar-query/exhibits/0001444598/0001193125-14-102710_d691102dex1015.htm,35209,"Emdeon Inc. | 3055 Lebanon Pike, Suite 1000 | Nashville, TN 37214",false,false,true,false,0,keep,'tax receivable agreement' phrase present in body
data/edgar-query/exhibits/0001444598/0001193125-16-503653_d152055dex1016.htm,44772,SEPARATION AGREEMENT AND GENERAL RELEASE,false,true,true,false,0,keep,'tax receivable agreement' phrase present in body
data/edgar-query/exhibits/0001444598/0001193125-16-715948_d257456dex101.htm,1230181,AMENDMENT NO. 5,false,false,true,false,0,keep,'tax receivable agreement' phrase present in body
data/edgar-query/exhibits/0001445049/0001193125-15-322554_d13208dex10a.htm,317020,AMENDED & RESTATED PLAN SUPPORT AGREEMENT,false,true,true,false,0,keep,'tax receivable agreement' phrase present in body
data/edgar-query/exhibits/0001456772/0001104659-15-043973_a15-13684_1ex10d1.htm,299858,"TRANSACTION AGREEMENT | REIT MANAGEMENT & RESEARCH LLC, | REIT MANAGEMENT & RESEARCH TRUST, | REIT MANAGEMENT & RESEARCH INC. | GOVERNMENT PROPERTIES INCOME TRUST | Dated as of June 5, 2015",false,false,true,false,0,keep,'tax receivable agreement' phrase present in body
data/edgar-query/exhibits/0001474299/0001047469-09-010134_a2195356zex-10_1.htm,237908,"TAX RECEIVABLE AGREEMENT | NATIONAL BEEF, INC., | U.S. PREMIUM BEEF, LLC, | TKK INVESTMENTS, LLC, | TMKCo, LLC, | NBPCo Holdings, LLC | DATED AS OF , 2009 | 1",true,false,true,false,7,keep,centered title contains 'tax receivable agreement'
data/edgar-query/exhibits/0001474299/0001047469-09-010134_a2195356zex-10_3.htm,113129,FORM OF EXCHANGE AGREEMENT,false,true,true,false,0,keep,'tax receivable agreement' phrase present in body
data/edgar-query/exhibits/0001474299/0001047469-09-010506_a2195596zex-10_9g.htm,23995,"",false,false,true,false,0,keep,'tax receivable agreement' phrase present in body
data/edgar-query/exhibits/0001474299/0001047469-10-007645_a2198786zex-10_1.htm,257439,"TAX RECEIVABLE AGREEMENT | NATIONAL BEEF, INC., | U.S. PREMIUM BEEF, LLC, | TKK INVESTMENTS, LLC, | TMKCo, LLC, | NBPCo Holdings, LLC | DATED AS OF , 2010 | 1",true,false,true,false,7,keep,centered title contains 'tax receivable agreement'
data/edgar-query/exhibits/0001474299/0001047469-10-007645_a2198786zex-10_3.htm,109767,FORM OF EXCHANGE AGREEMENT,false,true,true,false,0,keep,'tax receivable agreement' phrase present in body
data/edgar-query/exhibits/0001474315/0001193125-09-249412_dex101.htm,59419,"CONTRIBUTION AGREEMENT | THE MEMBERS OF IMPERIAL CAPITAL GROUP, LLC | ICGI HOLDINGS, LLC | Dated as of [ — ], 2010",false,false,true,false,0,keep,'tax receivable agreement' phrase present in body
data/edgar-query/exhibits/0001474315/0001193125-09-249412_dex102.htm,87279,"EXCHANGE AGREEMENT | IMPERIAL CAPITAL GROUP, INC., | ICGI HOLDINGS, LLC | IMPERIAL CAPITAL GROUP, LLC | Dated as of [ — ], 2010",false,true,true,false,0,keep,'tax receivable agreement' phrase present in body
data/edgar-query/exhibits/0001474315/0001193125-09-249412_dex103.htm,112885,"TAX RECEIVABLE AGREEMENT | IMPERIAL CAPITAL GROUP, INC. | ICGI HOLDINGS, LLC | Dated as of [ — ], 2010",true,false,true,false,7,keep,centered title contains 'tax receivable agreement'
data/edgar-query/exhibits/0001474315/0001193125-09-249412_dex105.htm,161982,"AMENDED AND RESTATED | LIMITED PARTNERSHIP AGREEMENT | IMPERIAL CAPITAL GROUP, L.P. | Dated as of , 2010",false,true,true,false,0,keep,'tax receivable agreement' phrase present in body
data/edgar-query/exhibits/0001474315/0001193125-09-249412_dex106.htm,237348,"LIMITED LIABILITY COMPANY AGREEMENT | FOR | ICGI HOLDINGS, LLC | As of , 2010",false,true,true,false,1,keep,'tax receivable agreement' phrase present in body
data/edgar-query/exhibits/0001474315/0001193125-10-014389_dex101.htm,65522,"CONTRIBUTION AGREEMENT | THE MEMBERS OF IMPERIAL CAPITAL GROUP, LLC | ICGI HOLDINGS, LLC | Dated as of [ — ], 2010",false,false,true,false,0,keep,'tax receivable agreement' phrase present in body
data/edgar-query/exhibits/0001474315/0001193125-10-014389_dex102.htm,90900,"EXCHANGE AGREEMENT | IMPERIAL CAPITAL GROUP, INC., | ICGI HOLDINGS, LLC | IMPERIAL CAPITAL GROUP, LLC | Dated as of [ — ], 2010",false,true,true,false,0,keep,'tax receivable agreement' phrase present in body
data/edgar-query/exhibits/0001474315/0001193125-10-014389_dex103.htm,117431,"TAX RECEIVABLE AGREEMENT | IMPERIAL CAPITAL GROUP, INC. | ICGI HOLDINGS, LLC | Dated as of [ — ], 2010",true,false,true,false,7,keep,centered title contains 'tax receivable agreement'
data/edgar-query/exhibits/0001474315/0001193125-10-014389_dex105.htm,162633,"AMENDED AND RESTATED | LIMITED PARTNERSHIP AGREEMENT | IMPERIAL CAPITAL GROUP, L.P. | Dated as of , 2010",false,true,true,false,0,keep,'tax receivable agreement' phrase present in body
data/edgar-query/exhibits/0001474315/0001193125-10-014389_dex106.htm,251618,"LIMITED LIABILITY COMPANY AGREEMENT | FOR | ICGI HOLDINGS, LLC | As of , 20",false,true,true,false,1,keep,'tax receivable agreement' phrase present in body
data/edgar-query/exhibits/0001476719/0000950123-11-048961_w82761exv10w1.htm,309465,"CRUMBS HOLDINGS LLC | A Delaware Limited Liability Company | THIRD AMENDED AND RESTATED | LIMITED LIABILITY COMPANY AGREEMENT | Dated as of May 5, 2011",false,true,true,false,0,keep,'tax receivable agreement' phrase present in body
data/edgar-query/exhibits/0001476719/0000950123-11-048961_w82761exv10w25.htm,86696,TAX RECEIVABLE AGREEMENT,true,false,true,false,4,keep,centered title contains 'tax receivable agreement'
data/edgar-query/exhibits/0001476719/0000950123-11-099179_c24828exv10w5.htm,54450,SECURITIES GRANT AGREEMENT,false,false,true,false,0,keep,'tax receivable agreement' phrase present in body
data/edgar-query/exhibits/0001476719/0001144204-13-024860_v343163_ex10-1.htm,727273,SECURITIES PURCHASE AGREEMENT,false,true,true,false,0,keep,'tax receivable agreement' phrase present in body
data/edgar-query/exhibits/0001476719/0001144204-14-003931_v366025_ex10-1.htm,661125,"SENIOR SECURED LOAN AND SECURITY AGREEMENT | Crumbs Holdings LLC | Crumbs Bake Shop, Inc. | as Borrowers, and | Fischer Enterprises, L.L.C., | as Lender | January 20, 2014",false,false,true,false,0,keep,'tax receivable agreement' phrase present in body
data/edgar-query/exhibits/0001478085/0001193125-10-011050_dex1031.htm,124312,"FORM OF INCOME TAX RECEIVABLE AGREEMENT | February , 2010",true,false,true,true,5,keep,centered title contains 'tax receivable agreement'
data/edgar-query/exhibits/0001478085/0001193125-10-011050_dex1032.htm,113198,"FORM OF INCOME TAX RECEIVABLE AGREEMENT | February , 2010",true,false,true,true,5,keep,centered title contains 'tax receivable agreement'
data/edgar-query/exhibits/0001478085/0001193125-10-033343_dex103.htm,113242,"INCOME TAX RECEIVABLE AGREEMENT | February 10, 2010",true,false,true,true,5,keep,centered title contains 'tax receivable agreement'
data/edgar-query/exhibits/0001478085/0001193125-10-033343_dex104.htm,124379,"INCOME TAX RECEIVABLE AGREEMENT | February 10, 2010",true,false,true,true,5,keep,centered title contains 'tax receivable agreement'
data/edgar-query/exhibits/0001479426/0001047469-10-002497_a2196980zex-10_1.htm,326267,"DYNAVOX SYSTEMS HOLDINGS LLC | A Delaware Limited Liability Company | THIRD AMENDED AND RESTATED | LIMITED LIABILITY COMPANY AGREEMENT | Dated as of , 2010",false,true,true,false,0,keep,'tax receivable agreement' phrase present in body
data/edgar-query/exhibits/0001479426/0001047469-10-002497_a2196980zex-10_3.htm,174777,TAX RECEIVABLE AGREEMENT,true,false,true,false,6,keep,centered title contains 'tax receivable agreement'
data/edgar-query/exhibits/0001479426/0001047469-10-003510_a2197494zex-10_1.htm,327164,"DYNAVOX SYSTEMS HOLDINGS LLC | A Delaware Limited Liability Company | THIRD AMENDED AND RESTATED | LIMITED LIABILITY COMPANY AGREEMENT | Dated as of , 2010",false,true,true,false,0,keep,'tax receivable agreement' phrase present in body
data/edgar-query/exhibits/0001479426/0001047469-10-003510_a2197494zex-10_3.htm,176309,TAX RECEIVABLE AGREEMENT,true,false,true,false,6,keep,centered title contains 'tax receivable agreement'
data/edgar-query/exhibits/0001479426/0001047469-10-004266_a2198285zex-10_1.htm,327154,"DYNAVOX SYSTEMS HOLDINGS LLC | A Delaware Limited Liability Company | THIRD AMENDED AND RESTATED | LIMITED LIABILITY COMPANY AGREEMENT | Dated as of April 21, 2010",false,true,true,false,0,keep,'tax receivable agreement' phrase present in body
data/edgar-query/exhibits/0001479426/0001047469-10-004266_a2198285zex-10_3.htm,176338,TAX RECEIVABLE AGREEMENT,true,false,true,false,6,keep,centered title contains 'tax receivable agreement'
data/edgar-query/exhibits/0001483321/0001193125-10-230177_dex104.htm,126102,"TAX RECEIVABLE AGREEMENT | AVEON HOLDINGS I GP INC., | AVEON HOLDINGS I L.P. | THE AVEON HOLDINGS I LIMITED PARTNERS FROM | TIME TO TIME PARTY HERETO | Dated as of , 2010",true,false,true,false,7,keep,centered title contains 'tax receivable agreement'
data/edgar-query/exhibits/0001483321/0001193125-10-262879_dex104.htm,133921,"TAX RECEIVABLE AGREEMENT | AVEON HOLDINGS I GP INC., | AVEON HOLDINGS I L.P. | THE AVEON HOLDINGS I LIMITED PARTNERS FROM | TIME TO TIME PARTY HERETO | Dated as of , 2010",true,false,true,false,7,keep,centered title contains 'tax receivable agreement'
data/edgar-query/exhibits/0001484769/0001493152-25-020163_ex10-2.htm,247569,"TAX RECEIVABLES AGREEMENT | FUBOTV INC., | FUBO OPERATIONS LLC | HULU, LLC | Dated as of October 29, 2025",false,false,false,false,6,keep,6 TRA-specific defined terms present
data/edgar-query/exhibits/0001484769/0001493152-25-020163_ex10-3.htm,583669,"AMENDED AND RESTATED | LIMITED LIABILITY COMPANY AGREEMENT | FUBO OPERATIONS LLC | a Delaware limited liability company | Dated as of October 29, 2025",false,true,true,false,0,keep,'tax receivable agreement' phrase present in body
data/edgar-query/exhibits/0001488139/0001628280-26-034108_celtic-llcaexecutionvers.htm,308801,"",false,false,true,false,0,keep,'tax receivable agreement' phrase present in body
data/edgar-query/exhibits/0001490304/0000950123-10-065576_g22658a2exv10w5.htm,1712822,"CREDIT AND GUARANTY AGREEMENT | dated as of May 26, 2010 | AURORA DIAGNOSTICS, LLC, as Borrower, | AURORA DIAGNOSTICS HOLDINGS, LLC AND CERTAIN SUBSIDIARIES AND AFFILIATES OF AURORA DIAGNOSTICS, LLC, as Guarantors, | THE VARIOUS LENDERS PARTY HERETO, | BARCLAYS BANK PLC, as Administrative Agent and ",false,false,true,false,0,keep,'tax receivable agreement' phrase present in body
data/edgar-query/exhibits/0001490304/0000950123-10-070973_g22658a3exv10w5.htm,1915037,"CREDIT AND GUARANTY AGREEMENT | dated as of May 26, 2010 | AURORA DIAGNOSTICS, LLC, as Borrower, | AURORA DIAGNOSTICS HOLDINGS, LLC AND CERTAIN SUBSIDIARIES AND AFFILIATES OF AURORA DIAGNOSTICS, LLC, as Guarantors, | THE VARIOUS LENDERS PARTY HERETO, | BARCLAYS BANK PLC, as Administrative Agent and ",false,false,true,false,0,keep,'tax receivable agreement' phrase present in body
data/edgar-query/exhibits/0001490304/0000950123-10-080006_g22658a4exv10w5.htm,2222354,"CREDIT AND GUARANTY AGREEMENT | dated as of May 26, 2010 | AURORA DIAGNOSTICS, LLC, as Borrower, | AURORA DIAGNOSTICS HOLDINGS, LLC AND CERTAIN SUBSIDIARIES AND AFFILIATES OF AURORA DIAGNOSTICS, LLC, as Guarantors, | THE VARIOUS LENDERS PARTY HERETO, | BARCLAYS BANK PLC, as Administrative Agent and ",false,false,true,false,0,keep,'tax receivable agreement' phrase present in body
data/edgar-query/exhibits/0001490304/0000950123-10-095354_g22658a5exv10w2.htm,142210,"TAX RECEIVABLE AGREEMENT | AURORA DIAGNOSTICS, INC., | THE SUMMIT FUNDS NAMED HEREIN, | THE SUMMIT GPs NAMED HEREIN, | THE SB SHAREHOLDERS NAMED HEREIN, | THE KB SHAREHOLDERS NAMED HEREIN, | THE MANAGEMENT INVESTORS NAMED HEREIN, | dated as of ____________, 2010",true,false,true,false,6,keep,centered title contains 'tax receivable agreement'
data/edgar-query/exhibits/0001490304/0000950123-10-095354_g22658a5exv10w4.htm,182490,AGREEMENT AND PLAN OF MERGER,false,false,true,false,0,keep,'tax receivable agreement' phrase present in body
data/edgar-query/exhibits/0001490304/0000950123-10-106744_g22658a6exv10w4.htm,176266,AGREEMENT AND PLAN OF MERGER,false,false,true,false,0,keep,'tax receivable agreement' phrase present in body
data/edgar-query/exhibits/0001490978/0001490978-24-000072_sdgr-20240630xex1032022pla.htm,119298,"SCHRÖDINGER, INC. | 2022 EQUITY INCENTIVE PLAN",false,true,true,false,0,keep,'tax receivable agreement' phrase present in body
data/edgar-query/exhibits/0001497350/0001193125-16-614409_d156892dex1026.htm,127573,TAX RECEIVABLE AGREEMENT,true,false,true,false,4,keep,centered title contains 'tax receivable agreement'
data/edgar-query/exhibits/0001498068/0001047469-16-010499_a2226835zex-10_24.htm,191450,"TAX RECEIVABLE AGREEMENT | AMERICAN RENAL ASSOCIATES HOLDINGS, INC. | CENTERBRIDGE CAPITAL PARTNERS, L.P. | Dated as of [ ]",true,false,true,false,4,keep,centered title contains 'tax receivable agreement'
data/edgar-query/exhibits/0001498068/0001047469-16-012011_a2228035zex-10_2.htm,1480844,AMENDMENT NO. 1,false,false,true,false,0,keep,'tax receivable agreement' phrase present in body
data/edgar-query/exhibits/0001498068/0001047469-16-012011_a2228035zex-10_24.htm,191675,"TAX RECEIVABLE AGREEMENT | AMERICAN RENAL ASSOCIATES HOLDINGS, INC. | CENTERBRIDGE CAPITAL PARTNERS, L.P. | Dated as of [ ]",true,false,true,false,4,keep,centered title contains 'tax receivable agreement'
data/edgar-query/exhibits/0001498068/0001104659-16-114271_a16-9415_1ex10d3.htm,234471,"TAX RECEIVABLE AGREEMENT | AMERICAN RENAL ASSOCIATES HOLDINGS, INC. | CENTERBRIDGE CAPITAL PARTNERS, L.P. | Dated as of April 26, 2016",true,false,true,false,4,keep,centered title contains 'tax receivable agreement'
data/edgar-query/exhibits/0001498068/0001104659-16-114271_a16-9415_1ex10d4.htm,3242361,AMENDMENT NO. 1,false,false,true,false,0,keep,'tax receivable agreement' phrase present in body
data/edgar-query/exhibits/0001498710/0001193125-10-212371_dex1011.htm,199705,"RECAPITALIZATION AGREEMENT | SPIRIT AIRLINES, INC., | POF SPIRIT FOREIGN HOLDINGS, | OCM PRINCIPAL OPPORTUNITIES FUND II, L.P. | OCM PRINCIPAL OPPORTUNITIES FUND III, L.P. | OCM SPIRIT HOLDINGS, LLC, | OCM SPIRIT HOLDINGS II, LLC, | OCM SPIRIT HOLDINGS III, LLC, | OCM SPIRIT HOLDINGS III-A, LLC, | I",false,false,true,false,0,keep,'tax receivable agreement' phrase present in body
data/edgar-query/exhibits/0001498710/0001193125-10-265039_dex1012.htm,116736,"TAX RECEIVABLE AGREEMENT | SPIRIT AIRLINES, INC., | INDIGO PACIFIC PARTNERS LLC, | OCM FIE, LLC | Dated as of , 2010",true,false,true,false,3,keep,centered title contains 'tax receivable agreement'
data/edgar-query/exhibits/0001498710/0001193125-11-136483_dex1012.htm,117326,"TAX RECEIVABLE AGREEMENT | SPIRIT AIRLINES, INC., | INDIGO PACIFIC PARTNERS LLC, | OCM FIE, LLC | Dated as of , 2011",true,false,true,false,3,keep,centered title contains 'tax receivable agreement'
data/edgar-query/exhibits/0001498710/0001193125-11-330952_d250422dex1012.htm,118557,"TAX RECEIVABLE AGREEMENT | SPIRIT AIRLINES, INC., | INDIGO PACIFIC PARTNERS LLC, | OCM FIE, LLC | Dated as of June 1 , 2011",true,false,true,false,3,keep,centered title contains 'tax receivable agreement'
data/edgar-query/exhibits/0001498710/0001498710-12-000021_save-ex101x20120331x10q.htm,47901,Separation Agreement,false,true,true,false,0,keep,'tax receivable agreement' phrase present in body
data/edgar-query/exhibits/0001499912/0000909518-15-000025_mm01-2615_8ka1e101.htm,162373,"Leucadia National Corporation | 520 Madison Avenue | New York, New York 10022",false,false,true,false,0,keep,'tax receivable agreement' phrase present in body
data/edgar-query/exhibits/0001499912/0000909518-15-000025_mm01-2615_8ka1e102b.htm,1025226,"AMENDED AND RESTATED CREDIT AGREEMENT | originally dated as of January 16, 2015 | as amended and restated as of January 24, 2015 | FXCM HOLDINGS, LLC and FXCM NEWCO, LLC, | as Borrower, | LEUCADIA NATIONAL CORPORATION, | as the initial Lender, | The other Lenders party hereto from time to time | LEU",false,true,true,false,0,keep,'tax receivable agreement' phrase present in body
data/edgar-query/exhibits/0001499912/0000950123-10-092418_y86406a1exv10w1.htm,208842,"FXCM HOLDINGS, LLC | A Delaware Limited Liability Company | THIRD AMENDED AND RESTATED | LIMITED LIABILITY COMPANY AGREEMENT | Dated as of , 2010",false,true,true,false,0,keep,'tax receivable agreement' phrase present in body
data/edgar-query/exhibits/0001499912/0000950123-10-092418_y86406a1exv10w2.htm,106218,"TAX RECEIVABLE AGREEMENT | FXCM INC. and THE PERSONS NAMED HEREIN | DATED AS OF _________, 2010",true,false,true,false,7,keep,centered title contains 'tax receivable agreement'
data/edgar-query/exhibits/0001499912/0000950123-10-105211_y87330a3exv10w1.htm,206148,"FXCM HOLDINGS, LLC | A Delaware Limited Liability Company | THIRD AMENDED AND RESTATED | LIMITED LIABILITY COMPANY AGREEMENT | Dated as of , 2010",false,true,true,false,0,keep,'tax receivable agreement' phrase present in body
data/edgar-query/exhibits/0001499912/0000950123-10-111573_y88193exv10w1.htm,202507,"FXCM HOLDINGS, LLC | A Delaware Limited Liability Company | THIRD AMENDED AND RESTATED | LIMITED LIABILITY COMPANY AGREEMENT | Dated as of December 1, 2010",false,true,true,false,0,keep,'tax receivable agreement' phrase present in body
data/edgar-query/exhibits/0001499912/0000950123-10-111573_y88193exv10w3.htm,105632,"TAX RECEIVABLE AGREEMENT | FXCM INC. | THE PERSONS NAMED HEREIN | DATED AS OF December 1, 2010",true,false,true,false,7,keep,centered title contains 'tax receivable agreement'
data/edgar-query/exhibits/0001499912/0001144204-16-123246_v448363_ex10-1.htm,432912,"AMENDED AND RESTATED LIMITED LIABILITY COMPANY AGREEMENT | FXCM GROUP, LLC | DATED AS OF SEPTEMBER 1, 2016",false,true,true,false,0,keep,'tax receivable agreement' phrase present in body
data/edgar-query/exhibits/0001517302/0001193125-12-506395_d429881dex1017.htm,421859,"FIVE-YEAR REVOLVING CREDIT AGREEMENT | Dated as of August 16, 2012 | ARTISAN PARTNERS HOLDINGS LP, | THE LENDERS NAMED HEREIN, | CITIBANK, N.A., as Administrative Agent, | CITIGROUP GLOBAL MARKETS INC. | MERRILL LYNCH, PIERCE, FENNER & SMITH INCORPORATED | as Joint Lead Arrangers and Joint Book Runn",false,true,true,false,0,keep,'tax receivable agreement' phrase present in body
data/edgar-query/exhibits/0001517302/0001193125-12-506395_d429881dex1018.htm,468696,"A RTISAN P ARTNERS H OLDINGS LP | $200,000,000 | $60,000,000 4.98% Senior Notes, Series A, due August 16, 2017 | $50,000,000 5.32% Senior Notes, Series B, due August 16, 2019 | $90,000,000 5.82% Senior Notes, Series C, due August 16, 2022 | N OTE P URCHASE A GREEMENT | Dated as of August 16, 2012",false,false,true,false,0,keep,'tax receivable agreement' phrase present in body
data/edgar-query/exhibits/0001517302/0001193125-13-016808_d429881dex102.htm,223993,"RESALE AND REGISTRATION RIGHTS AGREEMENT | , 2013 | ARTISAN PARTNERS ASSET MANAGEMENT INC. | THE STOCKHOLDERS PARTY HERETO",false,true,true,false,0,keep,'tax receivable agreement' phrase present in body
data/edgar-query/exhibits/0001517302/0001193125-13-059236_d474016dex101.htm,327909,"FOURTH AMENDED AND RESTATED | AGREEMENT OF LIMITED PARTNERSHIP | ARTISAN PARTNERS HOLDINGS LP, | a Delaware Limited Partnership",false,true,true,false,1,keep,'tax receivable agreement' phrase present in body
data/edgar-query/exhibits/0001517302/0001193125-13-059236_d474016dex104.htm,143223,"TAX RECEIVABLE AGREEMENT (MERGER) | ARTISAN PARTNERS ASSET MANAGEMENT INC. | H&F BREWER AIV II, L.P. | Dated as of , 2013",true,false,true,false,7,keep,centered title contains 'tax receivable agreement'
data/edgar-query/exhibits/0001517302/0001193125-13-059236_d474016dex105.htm,157524,"TAX RECEIVABLE AGREEMENT (EXCHANGES) | ARTISAN PARTNERS ASSET MANAGEMENT INC. | EACH LIMITED PARTNER OF | ARTISAN PARTNERS HOLDINGS LP | Dated as of , 2013",true,false,true,false,7,keep,centered title contains 'tax receivable agreement'
data/edgar-query/exhibits/0001517302/0001193125-13-400101_d611205dex102.htm,291599,"FIFTH AMENDED AND RESTATED | AGREEMENT OF LIMITED PARTNERSHIP | ARTISAN PARTNERS HOLDINGS LP, | a Delaware Limited Partnership",false,true,true,false,1,keep,'tax receivable agreement' phrase present in body
data/edgar-query/exhibits/0001517302/0001193125-13-400101_d611205dex104.htm,206318,"AMENDED AND RESTATED | RESALE AND REGISTRATION RIGHTS AGREEMENT | , 2013 | ARTISAN PARTNERS ASSET MANAGEMENT INC. | THE STOCKHOLDERS PARTY HERETO",false,true,true,false,0,keep,'tax receivable agreement' phrase present in body
data/edgar-query/exhibits/0001517302/0001517302-13-000005_partnershipagreementdocx.htm,446786,"FOURTH AMENDED AND RESTATED AGREEMENT OF LIMITED PARTNERSHIP OF ARTISAN PARTNERS HOLDINGS LP, a Delaware Limited Partnership",false,true,true,false,1,keep,'tax receivable agreement' phrase present in body
data/edgar-query/exhibits/0001517302/0001517302-13-000005_registrationrightsresaleag.htm,296430,"RESALE AND REGISTRATION RIGHTS AGREEMENT | dated as of March 12, 2013 among | ARTISAN PARTNERS ASSET MANAGEMENT INC. | THE STOCKHOLDERS PARTY HERETO",false,true,true,false,0,keep,'tax receivable agreement' phrase present in body
data/edgar-query/exhibits/0001517302/0001517302-13-000005_taxreceivableagreementexch.htm,364521,"TAX RECEIVABLE AGREEMENT (EXCHANGES) | ARTISAN PARTNERS ASSET MANAGEMENT INC. | EACH LIMITED PARTNER OF ARTISAN PARTNERS HOLDINGS LP | Dated as of March 12, 2013",true,false,true,false,7,keep,centered title contains 'tax receivable agreement'
data/edgar-query/exhibits/0001517302/0001517302-13-000005_taxreceivableagreementmerg.htm,195908,"TAX RECEIVABLE AGREEMENT (MERGER) | ARTISAN PARTNERS ASSET MANAGEMENT INC. | H&F BREWER AIV II, L.P. | Dated as of March 6, 2013",true,false,true,false,7,keep,centered title contains 'tax receivable agreement'
data/edgar-query/exhibits/0001517302/0001517302-13-000025_exhibit101fifthamendedandr.htm,425800,"FIFTH AMENDED AND RESTATED AGREEMENT OF LIMITED PARTNERSHIP OF ARTISAN PARTNERS HOLDINGS LP, a Delaware Limited Partnership",false,true,true,false,1,keep,'tax receivable agreement' phrase present in body
data/edgar-query/exhibits/0001517302/0001517302-13-000025_exhibit102amendedandrestat.htm,277993,"AMENDED AND RESTATED | RESALE AND REGISTRATION RIGHTS AGREEMENT | dated as of November 6, 2013 among | ARTISAN PARTNERS ASSET MANAGEMENT INC. | THE STOCKHOLDERS PARTY HERETO",false,true,true,false,0,keep,'tax receivable agreement' phrase present in body
data/edgar-query/exhibits/0001517302/0001517302-16-000074_apam-ex101x2015x12x31.htm,425674,"FIFTH AMENDED AND RESTATED AGREEMENT OF LIMITED PARTNERSHIP OF ARTISAN PARTNERS HOLDINGS LP, a Delaware Limited Partnership",false,true,true,false,1,keep,'tax receivable agreement' phrase present in body
data/edgar-query/exhibits/0001517302/0001517302-16-000074_apam-ex102x2015x12x31.htm,275824,"AMENDED AND RESTATED | RESALE AND REGISTRATION RIGHTS AGREEMENT | dated as of November 6, 2013 among | ARTISAN PARTNERS ASSET MANAGEMENT INC. | THE STOCKHOLDERS PARTY HERETO",false,true,true,false,0,keep,'tax receivable agreement' phrase present in body
data/edgar-query/exhibits/0001517302/0001517302-16-000074_apam-ex104x2013x3x31.htm,194288,"TAX RECEIVABLE AGREEMENT (MERGER) | ARTISAN PARTNERS ASSET MANAGEMENT INC. | H&F BREWER AIV II, L.P. | Dated as of March 6, 2013",true,false,true,false,7,keep,centered title contains 'tax receivable agreement'
data/edgar-query/exhibits/0001517302/0001517302-16-000074_apam-ex105x2013x3x31.htm,363103,"TAX RECEIVABLE AGREEMENT (EXCHANGES) | ARTISAN PARTNERS ASSET MANAGEMENT INC. | EACH LIMITED PARTNER OF ARTISAN PARTNERS HOLDINGS LP | Dated as of March 12, 2013",true,false,true,false,7,keep,centered title contains 'tax receivable agreement'
data/edgar-query/exhibits/0001517302/0001517302-17-000044_ex1012017818.htm,610764,"ARTISAN PARTNERS HOLDINGS LP | $60,000,000 4.29% Senior Notes, Series D, due August 16, 2025 | ______________ | NOTE PURCHASE AGREEMENT | _____________ | Dated as of August 16, 2017",false,true,true,false,0,keep,'tax receivable agreement' phrase present in body
data/edgar-query/exhibits/0001517302/0001517302-17-000054_apam-ex103x2017x9x30.htm,620325,"ARTISAN PARTNERS HOLDINGS LP | $200,000,000 $60,000,000 4.98% Senior Notes, Series A, due August 16, 2017 $50,000,000 5.32% Senior Notes, Series B, due August 16, 2019 $90,000,000 5.82% Senior Notes, Series C, due August 16, 2022 | ______________ | NOTE PURCHASE AGREEMENT | _____________ | Dated as ",false,true,true,false,0,keep,'tax receivable agreement' phrase present in body
data/edgar-query/exhibits/0001517302/0001517302-19-000034_ex10120190606.htm,634774,"ARTISAN PARTNERS HOLDINGS LP | $50,000,000 4.53% Senior Notes, Series E, due August 16, 2027 | ______________ | NOTE PURCHASE AGREEMENT | _____________ | Dated as of June 6, 2019",false,true,true,false,0,keep,'tax receivable agreement' phrase present in body
data/edgar-query/exhibits/0001517302/0001517302-24-000015_apamex105-2023x12x31.htm,10900,FIRST AMENDMENT TO TAX RECEIVABLE AGREEMENT (MERGER),true,false,true,false,0,keep,centered title contains 'tax receivable agreement'
data/edgar-query/exhibits/0001517302/0001517302-24-000015_apamex107-2023x12x31.htm,10869,FIRST AMENDMENT TO TAX RECEIVABLE AGREEMENT (EXCHANGES),true,false,true,false,0,keep,centered title contains 'tax receivable agreement'
data/edgar-query/exhibits/0001517302/0001628280-25-029667_notepurchaseagreement_arti.htm,613857,"Artisan Partners Holdings LP | $50,000,000 5.43% Senior Notes, Series G, due August 16, 2030 | ______________ | Note Purchase Agreement | _____________ | Dated as of June 3, 2025",false,true,true,false,0,keep,'tax receivable agreement' phrase present in body
data/edgar-query/exhibits/0001519622/0001193125-11-173100_dex106.htm,589604,MASTER TRANSACTION AGREEMENT,false,false,true,false,0,keep,'tax receivable agreement' phrase present in body
data/edgar-query/exhibits/0001519751/0001193125-22-306146_d420098dex102.htm,224181,"TAX ALLOCATION AGREEMENT | FORTUNE BRANDS HOME & SECURITY, INC. | MASTERBRAND, INC. | Dated as of December 14, 2022",false,false,true,false,0,keep,'tax receivable agreement' phrase present in body
data/edgar-query/exhibits/0001524223/0001193125-11-255480_d201800dex102.htm,252305,"AMENDED AND RESTATED | LIMITED LIABILITY COMPANY AGREEMENT | M&N GROUP HOLDINGS, LLC | (A Delaware Limited Liability Company) | Dated as of , 2011",false,true,true,false,0,keep,'tax receivable agreement' phrase present in body
data/edgar-query/exhibits/0001524223/0001193125-11-255480_d201800dex104.htm,149737,"TAX RECEIVABLE AGREEMENT | dated as of , 2011",true,false,true,false,7,keep,centered title contains 'tax receivable agreement'
data/edgar-query/exhibits/0001524223/0001193125-11-255480_d201800dex109.htm,249127,FORM OF AMENDED AND | RESTATED SHAREHOLDERS AGREEMENT,false,false,true,false,0,keep,'tax receivable agreement' phrase present in body
data/edgar-query/exhibits/0001524223/0001193125-11-299994_d201800dex1010.htm,318081,FORM OF AMENDED AND | RESTATED SHAREHOLDERS AGREEMENT,false,false,true,false,0,keep,'tax receivable agreement' phrase present in body
data/edgar-query/exhibits/0001524223/0001193125-11-299994_d201800dex1011.htm,318558,FORM OF AMENDED AND | RESTATED SHAREHOLDERS AGREEMENT,false,false,true,false,0,keep,'tax receivable agreement' phrase present in body
data/edgar-query/exhibits/0001524223/0001193125-12-134807_d283564dex1010.htm,347552,"AMENDED AND RESTATED SHAREHOLDERS AGREEMENT | M&N ADVISORY ADVANTAGE CORPORATION | Dated November 23, 2011",false,false,true,false,0,keep,'tax receivable agreement' phrase present in body
data/edgar-query/exhibits/0001524223/0001193125-12-134807_d283564dex1011.htm,333529,"AMENDED AND RESTATED SHAREHOLDERS AGREEMENT | M&N ALTERNATIVE OPPORTUNITIES, INC. | Dated November 23, 2011",false,false,true,false,0,keep,'tax receivable agreement' phrase present in body
data/edgar-query/exhibits/0001524223/0001193125-12-134807_d283564dex102.htm,251773,"AMENDED AND RESTATED | LIMITED LIABILITY COMPANY AGREEMENT | M&N GROUP HOLDINGS, LLC | (A Delaware Limited Liability Company) | Effective October 1, 2011",false,true,true,false,0,keep,'tax receivable agreement' phrase present in body
data/edgar-query/exhibits/0001524223/0001193125-12-134807_d283564dex104.htm,151986,"TAX RECEIVABLE AGREEMENT | dated as of November 23, 2011",true,false,true,false,7,keep,centered title contains 'tax receivable agreement'
data/edgar-query/exhibits/0001524223/0001193125-12-134807_d283564dex109.htm,350197,"AMENDED AND RESTATED SHAREHOLDERS AGREEMENT | MNA ADVISORS, INC. | Dated November 23, 2011",false,false,true,false,0,keep,'tax receivable agreement' phrase present in body
data/edgar-query/exhibits/0001524223/0001193125-15-144646_d914160dex101.htm,792410,"$100,000,000 | CREDIT AGREEMENT | dated as of April 23, 2015, | MANNING & NAPIER, INC., | as the Managing Member, | MANNING & NAPIER GROUP, LLC, and | MANNING & NAPIER ADVISORS, LLC | as Borrowers, | the Lenders referred to herein, | as Lenders, | WELLS FARGO BANK, NATIONAL ASSOCIATION, | as Adminis",false,true,true,false,0,keep,'tax receivable agreement' phrase present in body
data/edgar-query/exhibits/0001524223/0001193125-21-208722_d188775dex101.htm,86997,SHARE REDEMPTION AND EXCHANGE AGREEMENT,false,true,true,false,0,keep,'tax receivable agreement' phrase present in body
data/edgar-query/exhibits/0001524223/0001193125-21-208722_d188775dex102.htm,90811,SHARE REDEMPTION AND EXCHANGE AGREEMENT,false,true,true,false,0,keep,'tax receivable agreement' phrase present in body
data/edgar-query/exhibits/0001524223/0001193125-21-208722_d188775dex103.htm,86301,SHARE REDEMPTION AND EXCHANGE AGREEMENT,false,true,true,false,0,keep,'tax receivable agreement' phrase present in body
data/edgar-query/exhibits/0001524223/0001193125-21-208722_d188775dex104.htm,98602,SHARE REDEMPTION AND EXCHANGE AGREEMENT,false,true,true,false,0,keep,'tax receivable agreement' phrase present in body
data/edgar-query/exhibits/0001524223/0001193125-22-241062_d359265dex101.htm,20664,TAX RECEIVABLE TERMINATION AGREEMENT AND RELEASE,false,false,true,false,1,keep,'tax receivable agreement' phrase present in body
data/edgar-query/exhibits/0001524223/0001524223-16-000031_exhibit103_q12016form10-q.htm,69371,FIRST AMENDMENT TO CREDIT AGREEMENT,false,true,true,false,0,keep,'tax receivable agreement' phrase present in body
data/edgar-query/exhibits/0001524223/0001524223-22-000014_exhibit1032_q42021form10-k.htm,111347,SUBSTITUTION AND ASSUMPTION AGREEMENT AND RELEASE,false,false,true,false,0,keep,'tax receivable agreement' phrase present in body
data/edgar-query/exhibits/0001524223/0001524223-22-000014_exhibit1033_q42021form10-k.htm,10505,FORM OF JOINDER,false,false,true,false,0,keep,'tax receivable agreement' phrase present in body
data/edgar-query/exhibits/0001527166/0000950123-12-005979_x83442a7exv10w4.htm,128313,"FORM OF TAX RECEIVABLE AGREEMENT dated as of | , 2012",true,false,true,false,6,keep,centered title contains 'tax receivable agreement'
data/edgar-query/exhibits/0001527166/0001193125-12-218876_d348678dex102.htm,156751,"TAX RECEIVABLE AGREEMENT | May 2, 2012",true,false,true,false,6,keep,centered title contains 'tax receivable agreement'
data/edgar-query/exhibits/0001528930/0001171843-19-004537_exh_101.htm,491356,"FRANCHISE GROUP NEW HOLDCO, LLC | FIRST AMENDED AND RESTATED LIMITED LIABILITY COMPANY AGREEMENT | Dated as of July 10, 2019",false,true,true,false,1,keep,'tax receivable agreement' phrase present in body
data/edgar-query/exhibits/0001528930/0001171843-19-004537_exh_106.htm,112325,INCOME TAX RECEIVABLE AGREEMENT,true,false,true,true,5,keep,centered title contains 'tax receivable agreement'
data/edgar-query/exhibits/0001528930/0001171843-19-004537_exh_107.htm,150694,SECOND AMENDMENT TO CREDIT AGREEMENT | AND ASSUMPTION AGREEMENT,false,true,true,false,0,keep,'tax receivable agreement' phrase present in body
data/edgar-query/exhibits/0001528930/0001171843-19-004538_exh_101.htm,491356,"FRANCHISE GROUP NEW HOLDCO, LLC | FIRST AMENDED AND RESTATED LIMITED LIABILITY COMPANY AGREEMENT | Dated as of July 10, 2019",false,true,true,false,1,keep,'tax receivable agreement' phrase present in body
data/edgar-query/exhibits/0001528930/0001171843-19-004538_exh_106.htm,112325,INCOME TAX RECEIVABLE AGREEMENT,true,false,true,true,5,keep,centered title contains 'tax receivable agreement'
data/edgar-query/exhibits/0001528930/0001171843-19-004538_exh_107.htm,150694,SECOND AMENDMENT TO CREDIT AGREEMENT | AND ASSUMPTION AGREEMENT,false,true,true,false,0,keep,'tax receivable agreement' phrase present in body
data/edgar-query/exhibits/0001528930/0001171843-19-004539_exh_101.htm,491356,"FRANCHISE GROUP NEW HOLDCO, LLC | FIRST AMENDED AND RESTATED LIMITED LIABILITY COMPANY AGREEMENT | Dated as of July 10, 2019",false,true,true,false,1,keep,'tax receivable agreement' phrase present in body
data/edgar-query/exhibits/0001528930/0001171843-19-004539_exh_106.htm,112325,INCOME TAX RECEIVABLE AGREEMENT,true,false,true,true,5,keep,centered title contains 'tax receivable agreement'
data/edgar-query/exhibits/0001528930/0001171843-19-004539_exh_107.htm,150694,SECOND AMENDMENT TO CREDIT AGREEMENT | AND ASSUMPTION AGREEMENT,false,true,true,false,0,keep,'tax receivable agreement' phrase present in body
data/edgar-query/exhibits/0001528930/0001171843-19-006362_exh_102.htm,1728954,THIRD AMENDMENT TO CREDIT AGREEMENT,false,true,true,false,0,keep,'tax receivable agreement' phrase present in body
data/edgar-query/exhibits/0001530950/0001193125-22-071987_d683386dex101.htm,167256,"TAX MATTERS AGREEMENT | BELLRING INTERMEDIATE HOLDINGS, INC., | POST HOLDINGS, INC. | BELLRING BRANDS, INC. | DATED AS OF MARCH 10, 2022 | 1",false,false,true,false,0,keep,'tax receivable agreement' phrase present in body
data/edgar-query/exhibits/0001533932/0001047469-12-002084_a2207597zex-10_1.htm,475080,"VANTIV HOLDING, LLC | A Delaware Limited Liability Company | SECOND AMENDED AND RESTATED LIMITED LIABILITY COMPANY AGREEMENT | Dated as of [ ], 2012",false,true,true,false,3,keep,'tax receivable agreement' phrase present in body
data/edgar-query/exhibits/0001533932/0001047469-12-002084_a2207597zex-10_21.htm,62603,ADVANCEMENT AGREEMENT,false,false,true,false,0,keep,'tax receivable agreement' phrase present in body
data/edgar-query/exhibits/0001533932/0001047469-12-002084_a2207597zex-10_30.htm,198462,TAX RECEIVABLE AGREEMENT,true,false,true,false,7,keep,centered title contains 'tax receivable agreement'
data/edgar-query/exhibits/0001533932/0001047469-12-002084_a2207597zex-10_31.htm,181520,TAX RECEIVABLE AGREEMENT,true,false,true,false,6,keep,centered title contains 'tax receivable agreement'
data/edgar-query/exhibits/0001533932/0001047469-12-002084_a2207597zex-10_32.htm,183355,TAX RECEIVABLE AGREEMENT,true,false,true,false,7,keep,centered title contains 'tax receivable agreement'
data/edgar-query/exhibits/0001533932/0001047469-12-002084_a2207597zex-10_33.htm,171342,TAX RECEIVABLE AGREEMENT,true,false,true,false,5,keep,centered title contains 'tax receivable agreement'
data/edgar-query/exhibits/0001533932/0001104659-12-033971_a12-9265_1ex10d1.htm,493907,"VANTIV HOLDING, LLC | A Delaware Limited Liability Company | SECOND AMENDED AND RESTATED LIMITED LIABILITY COMPANY AGREEMENT | Dated as of March 21, 2012",false,true,true,false,2,keep,'tax receivable agreement' phrase present in body
data/edgar-query/exhibits/0001533932/0001104659-12-033971_a12-9265_1ex10d10.htm,2790626,"LOAN AGREEMENT | VANTIV, LLC, | a Delaware limited liability company, as Borrower | VARIOUS LENDERS | FROM TIME TO TIME PARTY HERETO, | FIFTH THIRD BANK, as Syndication Agent, | CREDIT SUISSE SECURITIES (USA) LLC, DEUTSCHE BANK SECURITIES INC. and MORGAN STANLEY MUFG LOAN PARTNERS, LLC, as Co-Docume",false,false,true,false,0,keep,'tax receivable agreement' phrase present in body
data/edgar-query/exhibits/0001533932/0001104659-12-033971_a12-9265_1ex10d2.htm,56597,ADVANCEMENT AGREEMENT,false,false,true,false,0,keep,'tax receivable agreement' phrase present in body
data/edgar-query/exhibits/0001533932/0001104659-12-033971_a12-9265_1ex10d6.htm,218198,TAX RECEIVABLE AGREEMENT,true,false,true,false,7,keep,centered title contains 'tax receivable agreement'
data/edgar-query/exhibits/0001533932/0001104659-12-033971_a12-9265_1ex10d7.htm,216397,TAX RECEIVABLE AGREEMENT,true,false,true,false,6,keep,centered title contains 'tax receivable agreement'
data/edgar-query/exhibits/0001533932/0001104659-12-033971_a12-9265_1ex10d8.htm,191343,TAX RECEIVABLE AGREEMENT,true,false,true,false,7,keep,centered title contains 'tax receivable agreement'
data/edgar-query/exhibits/0001533932/0001104659-12-033971_a12-9265_1ex10d9.htm,226482,TAX RECEIVABLE AGREEMENT,true,false,true,false,5,keep,centered title contains 'tax receivable agreement'
data/edgar-query/exhibits/0001533932/0001193125-17-252076_d431317dex101.htm,1022704,INCREMENTAL AMENDMENT NO. 3,false,false,true,false,0,keep,'tax receivable agreement' phrase present in body
data/edgar-query/exhibits/0001533932/0001193125-17-252077_d431317dex101.htm,1022704,INCREMENTAL AMENDMENT NO. 3,false,false,true,false,0,keep,'tax receivable agreement' phrase present in body
data/edgar-query/exhibits/0001533932/0001193125-17-252903_d437865dex101.htm,952243,INCREMENTAL AMENDMENT NO. 2,false,false,true,false,0,keep,'tax receivable agreement' phrase present in body
data/edgar-query/exhibits/0001533932/0001193125-17-281198_d432768dex101.htm,1505298,THIRD AMENDMENT AND RESTATEMENT AGREEMENT,false,false,true,false,0,keep,'tax receivable agreement' phrase present in body
data/edgar-query/exhibits/0001533932/0001193125-17-303527_d311752dex101.htm,2280197,AMENDMENT NO. 4,false,false,true,false,0,keep,'tax receivable agreement' phrase present in body
data/edgar-query/exhibits/0001533932/0001193125-18-200512_d600985dex101.htm,1164248,AMENDMENT NO. 5,false,false,true,false,0,keep,'tax receivable agreement' phrase present in body
data/edgar-query/exhibits/0001533932/0001533932-13-000168_ex101loanagreement.htm,1905519,"LOAN AGREEMENT | VANTIV, LLC, a Delaware limited liability company, as Borrower | VARIOUS LENDERS FROM TIME TO TIME PARTY HERETO, | FIFTH THIRD BANK, as Syndication Agent, | CREDIT SUISSE AG, MORGAN STANLEY MUFG LOAN PARTNERS, LLC, GOLDMAN SACHS BANK USA, CITIGROUP GLOBAL MARKETS INC., DEUTSCHE BANK",false,false,true,false,1,keep,'tax receivable agreement' phrase present in body
data/edgar-query/exhibits/0001533932/0001533932-13-000259_ex10-1adventtratermination.htm,72050,TAX RECEIVABLE TERMINATION AGREEMENT,false,false,true,false,0,keep,'tax receivable agreement' phrase present in body
data/edgar-query/exhibits/0001533932/0001533932-13-000259_ex10-2jpdntratermination.htm,54867,TAX RECEIVABLE TERMINATION AGREEMENT,false,false,true,false,0,keep,'tax receivable agreement' phrase present in body
data/edgar-query/exhibits/0001533932/0001533932-14-000179_amendedandrestatedloanagre.htm,1074375,"AMENDED AND RESTATED LOAN AGREEMENT | VANTIV, LLC, a Delaware limited liability company, as Borrower | VARIOUS LENDERS FROM TIME TO TIME PARTY HERETO, | JPMORGAN CHASE BANK, N.A., as Administrative Agent and Collateral Agent, | DATED AS OF JUNE 13, 2014 | BANK OF AMERICA, N.A., CREDIT SUISSE AG, MOR",false,false,true,false,0,keep,'tax receivable agreement' phrase present in body
data/edgar-query/exhibits/0001533932/0001533932-14-000179_amendmentandrestatementagr.htm,824785,AMENDMENT AND RESTATEMENT AGREEMENT,false,false,true,false,0,keep,'tax receivable agreement' phrase present in body
data/edgar-query/exhibits/0001533932/0001533932-14-000179_mercurytaxreceivableagreem.htm,173168,TAX RECEIVABLE AGREEMENT,true,false,true,false,5,keep,centered title contains 'tax receivable agreement'
data/edgar-query/exhibits/0001533932/0001533932-14-000220_amendedandrestatedloanagre.htm,1087899,"AMENDED AND RESTATED LOAN AGREEMENT | VANTIV, LLC, a Delaware limited liability company, as Borrower | VARIOUS LENDERS FROM TIME TO TIME PARTY HERETO, | JPMORGAN CHASE BANK, N.A., as Administrative Agent and Collateral Agent, | DATED AS OF JUNE 13, 2014 | BANK OF AMERICA, N.A., CREDIT SUISSE AG, MOR",false,false,true,false,0,keep,'tax receivable agreement' phrase present in body
data/edgar-query/exhibits/0001533932/0001533932-15-000212_vntvex-101traaddendum.htm,369294,REPURCHASE ADDENDUM TO TAX RECEIVABLE AGREEMENT,true,false,true,false,1,keep,centered title contains 'tax receivable agreement'
data/edgar-query/exhibits/0001533932/0001533932-15-000264_ex-101taxreceivablepurchas.htm,49948,TAX RECEIVABLE PURCHASE ADDENDUM,false,false,true,false,1,keep,'tax receivable agreement' phrase present in body
data/edgar-query/exhibits/0001533932/0001533932-16-000440_vntvex-10353trapurchaseadd.htm,113764,TAX RECEIVABLE PURCHASE ADDENDUM,false,false,true,false,2,keep,'tax receivable agreement' phrase present in body
data/edgar-query/exhibits/0001533932/0001533932-16-000458_ex101-amendmentandrestatem.htm,455296,AMENDMENT AND RESTATEMENT AGREEMENT,false,false,true,false,0,keep,'tax receivable agreement' phrase present in body
data/edgar-query/exhibits/0001533932/0001533932-16-000458_ex102-secondamendedandrest.htm,1081234,"SECOND AMENDED AND RESTATED LOAN AGREEMENT | VANTIV, LLC, a Delaware limited liability company, as Borrower | VARIOUS LENDERS FROM TIME TO TIME PARTY HERETO, | JPMORGAN CHASE BANK, N.A., as Administrative Agent and Collateral Agent, | DATED AS OF OCTOBER 14, 2016 | BANK OF AMERICA, N.A., FIFTH THIRD",false,false,true,false,0,keep,'tax receivable agreement' phrase present in body
data/edgar-query/exhibits/0001533932/0001533932-17-000128_exhibit101transactionagree.htm,116956,TRANSACTION AGREEMENT,false,false,true,false,0,keep,'tax receivable agreement' phrase present in body
data/edgar-query/exhibits/0001534504/0001193125-12-455752_d430958dex1020.htm,116231,TAX RECEIVABLE AGREEMENT,true,false,true,false,6,keep,centered title contains 'tax receivable agreement'
data/edgar-query/exhibits/0001534504/0001193125-12-455752_d430958dex1022.htm,364763,"AMENDED AND RESTATED | LIMITED LIABILITY COMPANY AGREEMENT | PBF ENERGY COMPANY LLC | Dated and effective as of | [ ], 2012",false,true,true,false,0,keep,'tax receivable agreement' phrase present in body
data/edgar-query/exhibits/0001534504/0001193125-12-506649_d456149dex101.htm,353990,"AMENDED AND RESTATED | LIMITED LIABILITY COMPANY AGREEMENT | PBF ENERGY COMPANY LLC | Dated and effective as of | December 12, 2012",false,true,true,false,0,keep,'tax receivable agreement' phrase present in body
data/edgar-query/exhibits/0001534504/0001193125-12-506649_d456149dex102.htm,116811,TAX RECEIVABLE AGREEMENT,true,false,true,false,6,keep,centered title contains 'tax receivable agreement'
data/edgar-query/exhibits/0001534504/0001193125-12-506649_d456149dex103.htm,75553,EXCHANGE AGREEMENT,false,true,true,false,0,keep,'tax receivable agreement' phrase present in body
data/edgar-query/exhibits/0001537667/0001104659-15-043972_a15-13688_1ex10d1.htm,341696,"TRANSACTION AGREEMENT | REIT MANAGEMENT & RESEARCH LLC, | REIT MANAGEMENT & RESEARCH TRUST, | REIT MANAGEMENT & RESEARCH INC. | SELECT INCOME REIT | Dated as of June 5, 2015",false,false,true,false,0,keep,'tax receivable agreement' phrase present in body
data/edgar-query/exhibits/0001537951/0001193125-12-134838_d273299dex1013.htm,83461,TAX RECEIVABLE AGREEMENT,true,false,true,false,6,keep,centered title contains 'tax receivable agreement'
data/edgar-query/exhibits/0001537951/0001193125-12-134838_d273299dex1017.htm,68366,REORGANIZATION AGREEMENT,false,false,true,false,0,keep,'tax receivable agreement' phrase present in body
data/edgar-query/exhibits/0001537951/0001193125-12-205091_d342287dex101.htm,1821378,"AMENDED AND RESTATED CREDIT AGREEMENT | dated as of May 2, 2012, | BOURLAND & LEVERICH SUPPLY CO. LLC, | as Borrower | THE OTHER GUARANTORS PARTY HERETO, | as Guarantors | THE LENDERS PARTY HERETO, | REGIONS BANK | as Administrative Agent | REGIONS BANK AND | RBS BUSINESS CAPITAL, A DIVISION OF RBS ",false,true,true,false,0,keep,'tax receivable agreement' phrase present in body
data/edgar-query/exhibits/0001537951/0001193125-13-385887_d604739dex101.htm,52228,EXCHANGE AND TAX RECEIVABLE | TERMINATION AGREEMENT,false,false,true,false,0,keep,'tax receivable agreement' phrase present in body
data/edgar-query/exhibits/0001537951/0001437749-12-004784_ex10-4.htm,127883,TAX RECEIVABLE AGREEMENT,true,false,true,false,6,keep,centered title contains 'tax receivable agreement'
data/edgar-query/exhibits/0001537951/0001437749-12-004784_ex10-5.htm,127461,TAX RECEIVABLE AGREEMENT,true,false,true,false,6,keep,centered title contains 'tax receivable agreement'
data/edgar-query/exhibits/0001537951/0001437749-12-004784_ex10-9.htm,136506,REORGANIZATION AGREEMENT,false,false,true,false,0,keep,'tax receivable agreement' phrase present in body
data/edgar-query/exhibits/0001540047/0001104659-16-107187_a16-6317_3ex10d2.htm,167652,"TAX RECEIVABLE AGREEMENT | WL ROSS HOLDING CORP., | CERTAIN OTHER PERSONS NAMED HEREIN, | AGENT | DATED AS OF [ · ]",true,false,true,false,7,keep,centered title contains 'tax receivable agreement'
data/edgar-query/exhibits/0001540729/0001193125-12-160439_d279673dex103.htm,904051,AMENDMENT AGREEMENT,false,false,true,false,1,keep,'tax receivable agreement' phrase present in body
data/edgar-query/exhibits/0001540729/0001193125-16-702135_d252634dex1012.htm,1036745,"$772,750,000 | THIRD AMENDED AND RESTATED CREDIT AGREEMENT | dated as of August 12, 2010 | last amended and restated as | of August 30, 2016 | FORESIGHT ENERGY LLC, | as Borrower, | CITIBANK, N.A., | as Administrative Agent, Collateral Agent and Swing Line Lender, | each L/C Issuer Party Hereto, | t",false,true,true,false,1,keep,'tax receivable agreement' phrase present in body
data/edgar-query/exhibits/0001549966/0001193125-12-417847_d421420dex101.htm,360620,"SECOND AMENDED AND RESTATED | LIMITED PARTNERSHIP AGREEMENT | SILVERCREST L.P. | Effective as of , 2012",false,true,true,false,0,keep,'tax receivable agreement' phrase present in body
data/edgar-query/exhibits/0001549966/0001193125-12-417847_d421420dex102.htm,187054,"SILVERCREST ASSET MANAGEMENT GROUP INC. | TAX RECEIVABLE AGREEMENT | Dated as of [ ], 2012",true,false,true,false,7,keep,centered title contains 'tax receivable agreement'
data/edgar-query/exhibits/0001549966/0001193125-13-231645_d513839dex101.htm,358025,SECOND AMENDED AND RESTATED | LIMITED PARTNERSHIP AGREEMENT | SILVERCREST L.P.,false,true,true,false,0,keep,'tax receivable agreement' phrase present in body
data/edgar-query/exhibits/0001549966/0001193125-13-231645_d513839dex102.htm,184783,"SILVERCREST ASSET MANAGEMENT GROUP INC. | TAX RECEIVABLE AGREEMENT | Dated as of [ ], 2013",true,false,true,false,7,keep,centered title contains 'tax receivable agreement'
data/edgar-query/exhibits/0001549966/0001564590-15-002173_samg-ex101_201503307.htm,680763,"ASSET PURCHASE AGREEMENT | SILVERCREST ASSET MANAGEMENT GROUP LLC, | JAMISON, EATON & WOOD, INC. | THE PRINCIPALS | And, For Limited Purposes, | SILVERCREST L.P. | SILVERCREST ASSET MANAGEMENT GROUP INC. | Dated as of March 30, 2015",false,true,true,false,0,keep,'tax receivable agreement' phrase present in body
data/edgar-query/exhibits/0001549966/0001564590-15-006473_samg-ex106_421.htm,62699,SILVERCREST ASSET MANAGEMENT GROUP INC. | 2012 EQUITY INCENTIVE PLAN | RESTRICTED STOCK UNIT AWARD AGREEMENT,false,true,true,false,0,keep,'tax receivable agreement' phrase present in body
data/edgar-query/exhibits/0001549966/0001564590-18-023517_samg-ex101_45.htm,107427,"",false,false,true,false,0,keep,'tax receivable agreement' phrase present in body
data/edgar-query/exhibits/0001549966/0001564590-20-035533_samg-ex102_392.htm,93167,2,false,false,true,false,0,keep,'tax receivable agreement' phrase present in body
data/edgar-query/exhibits/0001556263/0000950170-24-088224_syrs-ex10_2.htm,152212,"SYROS PHARMACEUTICALS, INC. | 2022 EQUITY INCENTIVE PLAN",false,true,true,false,0,keep,'tax receivable agreement' phrase present in body
data/edgar-query/exhibits/0001556263/0001193125-22-195811_d365321dex105.htm,85700,"SYROS PHARMACEUTICALS, INC. | 2022 EQUITY INCENTIVE PLAN",false,true,true,false,0,keep,'tax receivable agreement' phrase present in body
data/edgar-query/exhibits/0001556593/0001140361-23-049804_ef20013513_ex10-1.htm,206289,TRANSACTION SUPPORT AGREEMENT,false,true,true,false,3,keep,'tax receivable agreement' phrase present in body
data/edgar-query/exhibits/0001561387/0001140361-20-015855_ex10_1.htm,87253,EXCHANGE AGREEMENT,false,true,true,false,0,keep,'tax receivable agreement' phrase present in body
data/edgar-query/exhibits/0001561387/0001140361-20-015855_ex10_2.htm,58447,TRA TERMINATION AGREEMENT,false,false,true,false,1,keep,'tax receivable agreement' phrase present in body
data/edgar-query/exhibits/0001561387/0001140361-20-015855_ex2_1.htm,648022,"AGREEMENT AND PLAN OF MERGER | BENEFYTT TECHNOLOGIES, INC., | DAYLIGHT BETA PARENT CORP. | DAYLIGHT BETA CORP. | Dated as of July 12, 2020",false,false,true,false,0,keep,'tax receivable agreement' phrase present in body
data/edgar-query/exhibits/0001561387/0001193125-13-010873_d439448dex101.htm,221031,"FORM OF THIRD AMENDED AND RESTATED LIMITED LIABILITY COMPANY AGREEMENT | HEALTH PLAN INTERMEDIARIES HOLDINGS, LLC | Dated as of , 2013",false,true,true,false,1,keep,'tax receivable agreement' phrase present in body
data/edgar-query/exhibits/0001561387/0001193125-13-010873_d439448dex105.htm,145240,"FORM OF TAX RECEIVABLE AGREEMENT | HEALTH INSURANCE INNOVATIONS, INC. | HEALTH PLAN INTERMEDIARIES HOLDINGS, LLC | SERIES B MEMBERS OF HEALTH PLAN INTERMEDIARIES HOLDINGS, LLC | Dated as of , 2013",true,false,true,false,7,keep,centered title contains 'tax receivable agreement'
data/edgar-query/exhibits/0001561387/0001193125-13-010873_d439448dex106.htm,97597,"FORM OF EXCHANGE AGREEMENT | HEALTH INSURANCE INNOVATIONS, INC. | HEALTH PLAN INTERMEDIARIES HOLDINGS, LLC | THE SERIES B MEMBERS OF HEALTH PLAN INTERMEDIARIES HOLDINGS, LLC | Dated as of [ ], 2013",false,true,true,false,0,keep,'tax receivable agreement' phrase present in body
data/edgar-query/exhibits/0001561387/0001193125-13-054645_d485543dex101.htm,240096,"THIRD AMENDED AND RESTATED LIMITED LIABILITY COMPANY AGREEMENT | HEALTH PLAN INTERMEDIARIES HOLDINGS, LLC | Dated as of February 13, 2013",false,true,true,false,1,keep,'tax receivable agreement' phrase present in body
data/edgar-query/exhibits/0001561387/0001193125-13-054645_d485543dex102.htm,156593,"TAX RECEIVABLE AGREEMENT | HEALTH INSURANCE INNOVATIONS, INC. | HEALTH PLAN INTERMEDIARIES HOLDINGS, LLC | SERIES B MEMBERS OF HEALTH PLAN INTERMEDIARIES HOLDINGS, LLC | Dated as of February 13, 2013",true,false,true,false,7,keep,centered title contains 'tax receivable agreement'
data/edgar-query/exhibits/0001561387/0001493152-17-007969_ex10-1.htm,813383,"CREDIT AGREEMENT | dated as of July 17, 2017 | HEALTH PLAN INTERMEDIARIES HOLDINGS, LLC, | as the Borrower | CERTAIN AFFILIATES AND SUBSIDIARIES OF THE BORROWER IDENTIFIED HEREIN, as the Guarantors | SUNTRUST BANK, | as the Lender",false,true,true,false,0,keep,'tax receivable agreement' phrase present in body
data/edgar-query/exhibits/0001561387/0001493152-19-008882_ex10-1.htm,1537907,"CREDIT AGREEMENT | Dated as of June 5, 2019 | HEALTH PLAN INTERMEDIARIES HOLDINGS, LLC, | as the Borrower, | HEALTH INSURANCE INNOVATIONS, INC., | as the Parent, | THE SUBSIDIARIES OF THE PARENT IDENTIFIED HEREIN, | as the Guarantors, | BANK OF AMERICA, N.A., | as Administrative Agent, Swingline Len",false,true,true,false,0,keep,'tax receivable agreement' phrase present in body
data/edgar-query/exhibits/0001561387/0001561387-19-000008_exhibit103.htm,90101,"FIRST AMENDMENT TO CREDIT AGREEMENT AND SECURITY AND PLEDGE AGREEMENT AND GUARANTOR JOINDER AGREEMENT THIS FIRST AMENDMENT TO CREDIT AGREEMENT AND SECURITY AND PLEDGE AGREEMENT AND GUARANTOR JOINDER AGREEMENT, dated as of February 28, 2019 (this “Amendment”), is entered into by and among HEALTH PLAN",true,false,true,false,0,keep,centered title contains 'tax receivable agreement'
data/edgar-query/exhibits/0001562214/0001144204-15-017816_v404972_ex10-1.htm,455426,"SECOND AMENDED AND RESTATED | LIMITED LIABILITY COMPANY AGREEMENT | ZAIS GROUP PARENT, LLC | Effective March 17, 2015",false,true,true,false,1,keep,'tax receivable agreement' phrase present in body
data/edgar-query/exhibits/0001562214/0001144204-15-017816_v404972_ex10-3.htm,130422,EXCHANGE AGREEMENT,false,true,true,false,1,keep,'tax receivable agreement' phrase present in body
data/edgar-query/exhibits/0001562214/0001144204-15-017816_v404972_ex10-5.htm,151494,TAX RECEIVABLE AGREEMENT,true,false,true,false,8,keep,centered title contains 'tax receivable agreement'
data/edgar-query/exhibits/0001562214/0001144204-15-044385_v416140_ex10-2.htm,18071,FIRST Amendment | EXCHANGE AGREEMENT,false,true,true,false,0,keep,'tax receivable agreement' phrase present in body
data/edgar-query/exhibits/0001562214/0001144204-15-044385_v416140_ex10-3.htm,16486,first Amendment | TAX RECEIVABLE AGREEMENT,true,false,true,false,0,keep,centered title contains 'tax receivable agreement'
data/edgar-query/exhibits/0001562214/0001144204-17-016574_v461169_ex10-35.htm,42481,SEPARATION AGREEMENT,false,true,true,false,0,keep,'tax receivable agreement' phrase present in body
data/edgar-query/exhibits/0001564709/0001214659-13-001353_ex10_16.htm,160458,TAX RECEIVABLE AGREEMENT,true,false,true,false,6,keep,centered title contains 'tax receivable agreement'
data/edgar-query/exhibits/0001564709/0001214659-13-001651_ex10_16.htm,168987,TAX RECEIVABLE AGREEMENT,true,false,true,false,6,keep,centered title contains 'tax receivable agreement'
data/edgar-query/exhibits/0001564709/0001214659-13-003578_ex10_1.htm,416232,"H.D.D. LLC | a California Limited Liability Company | THIRD AMENDED AND RESTATED | OPERATING AGREEMENT | DATED AS OF JUNE 19, 2013",false,true,true,false,1,keep,'tax receivable agreement' phrase present in body
data/edgar-query/exhibits/0001564709/0001214659-13-003578_ex10_3.htm,217631,TAX RECEIVABLE AGREEMENT,true,false,true,false,6,keep,centered title contains 'tax receivable agreement'
data/edgar-query/exhibits/0001568669/0001047469-13-004003_a2214142zex-10_1.htm,564405,"FOURTH AMENDED AND RESTATED | LIMITED LIABILITY COMPANY AGREEMENT | PRIVATE NATIONAL MORTGAGE ACCEPTANCE COMPANY, LLC | Effective [ ], 2013",false,true,true,false,0,keep,'tax receivable agreement' phrase present in body
data/edgar-query/exhibits/0001568669/0001047469-13-004003_a2214142zex-10_2.htm,167781,TAX RECEIVABLE AGREEMENT,true,false,true,false,6,keep,centered title contains 'tax receivable agreement'
data/edgar-query/exhibits/0001568669/0001047469-13-004003_a2214142zex-10_3.htm,129112,EXCHANGE AGREEMENT,false,true,true,false,0,keep,'tax receivable agreement' phrase present in body
data/edgar-query/exhibits/0001568669/0001104659-13-041295_a13-3564_8ex10d1.htm,509710,"FOURTH AMENDED AND RESTATED | LIMITED LIABILITY COMPANY AGREEMENT | PRIVATE NATIONAL MORTGAGE ACCEPTANCE COMPANY, LLC | Effective May 8, 2013",false,true,true,false,0,keep,'tax receivable agreement' phrase present in body
data/edgar-query/exhibits/0001568669/0001104659-13-041295_a13-3564_8ex10d2.htm,146643,EXCHANGE AGREEMENT,false,true,true,false,0,keep,'tax receivable agreement' phrase present in body
data/edgar-query/exhibits/0001568669/0001104659-13-041295_a13-3564_8ex10d3.htm,165449,TAX RECEIVABLE AGREEMENT,true,false,true,false,6,keep,centered title contains 'tax receivable agreement'
data/edgar-query/exhibits/0001568832/0001144204-13-030675_v344734_ex10-1.htm,247445,"SECOND AMENDED AND RESTATED | LIMITED LIABILITY COMPANY | AGREEMENT | REALTY CAPITAL SECURITIES, LLC",false,false,true,false,0,keep,'tax receivable agreement' phrase present in body
data/edgar-query/exhibits/0001568832/0001144204-13-030675_v344734_ex10-2.htm,245424,"AMENDED AND RESTATED LIMITED LIABILITY COMPANY AGREEMENT of RCS ADVISORY SERVICES, LLC",false,true,true,false,0,keep,'tax receivable agreement' phrase present in body
data/edgar-query/exhibits/0001568832/0001144204-13-030675_v344734_ex10-3.htm,247730,"AMENDED AND RESTATED | LIMITED LIABILITY COMPANY | AGREEMENT | AMERICAN NATIONAL STOCK TRANSFER, LLC",false,false,true,false,0,keep,'tax receivable agreement' phrase present in body
data/edgar-query/exhibits/0001568832/0001144204-13-030675_v344734_ex10-5.htm,120465,"EXCHANGE AGREEMENT | RCS CAPITAL CORPORATION | RCAP HOLDINGS, LLC | Dated as of [ ], 2013",false,true,true,false,0,keep,'tax receivable agreement' phrase present in body
data/edgar-query/exhibits/0001568832/0001144204-13-030675_v344734_ex10-6.htm,160267,"TAX RECEIVABLE AGREEMENT | RCS CAPITAL CORPORATION, | RCAP HOLDINGS, LLC | REALTY CAPITAL SECURITIES, LLC, | RCS ADVISORY SERVICES, LLC, and | AMERICAN NATIONAL STOCK TRANSFER, LLC | Dated as of [ ], 2013",true,false,true,false,6,keep,centered title contains 'tax receivable agreement'
data/edgar-query/exhibits/0001568832/0001144204-13-032186_v346477_ex10-1.htm,304741,"SECOND AMENDED AND RESTATED LIMITED LIABILITY COMPANY AGREEMENT of REALTY CAPITAL SECURITIES, LLC",false,true,true,false,0,keep,'tax receivable agreement' phrase present in body
data/edgar-query/exhibits/0001568832/0001144204-13-032186_v346477_ex10-2.htm,354322,"AMENDED AND RESTATED LIMITED LIABILITY COMPANY AGREEMENT of RCS ADVISORY SERVICES, LLC",false,true,true,false,0,keep,'tax receivable agreement' phrase present in body
data/edgar-query/exhibits/0001568832/0001144204-13-032186_v346477_ex10-3.htm,354814,"AMENDED AND RESTATED LIMITED LIABILITY COMPANY AGREEMENT of AMERICAN NATIONAL STOCK TRANSFER, LLC",false,true,true,false,0,keep,'tax receivable agreement' phrase present in body
data/edgar-query/exhibits/0001568832/0001445305-14-000765_exhibit101realtycapitalsecur.htm,228923,"THIRD AMENDED AND RESTATED | LIMITED LIABILITY COMPANY | AGREEMENT | Realty Capital Securities , LLC | Dated as of February 11, 2014",false,false,true,false,0,keep,'tax receivable agreement' phrase present in body
data/edgar-query/exhibits/0001568832/0001445305-14-000765_exhibit102rcsadvisoryseconda.htm,232269,"SECOND AMENDED AND RESTATED | LIMITED LIABILITY COMPANY | AGREEMENT | RCS ADVISORY SERVICES, LLC | Dated as of February 11, 2014",false,false,true,false,0,keep,'tax receivable agreement' phrase present in body
data/edgar-query/exhibits/0001568832/0001445305-14-000765_exhibit103anstsecondarllcagr.htm,220710,"SECOND AMENDED AND RESTATED | LIMITED LIABILITY COMPANY | AGREEMENT | AMERICAN NATIONAL STOCK TRANSFER, LLC | Dated as of February 11, 2014",false,false,true,false,0,keep,'tax receivable agreement' phrase present in body
data/edgar-query/exhibits/0001568832/0001568832-13-000004_a101amendedandrestatedlimite.htm,311931,"SECOND AMENDED AND RESTATED LIMITED LIABILITY COMPANY AGREEMENT of REALTY CAPITAL SECURITIES, LLC",false,true,true,false,0,keep,'tax receivable agreement' phrase present in body
data/edgar-query/exhibits/0001568832/0001568832-13-000004_a102amendedandrestatedlimite.htm,295607,"AMENDED AND RESTATED | LIMITED LIABILITY COMPANY | AGREEMENT | RCS ADVISORY SERVICES, LLC",false,false,true,false,0,keep,'tax receivable agreement' phrase present in body
data/edgar-query/exhibits/0001568832/0001568832-13-000004_a103amendedandrestatedlimite.htm,307176,"AMENDED AND RESTATED | LIMITED LIABILITY COMPANY | AGREEMENT | AMERICAN NATIONAL STOCK TRANSFER, LLC",false,false,true,false,0,keep,'tax receivable agreement' phrase present in body
data/edgar-query/exhibits/0001568832/0001568832-13-000004_a105exchangeagreement.htm,101781,"EXCHANGE AGREEMENT | RCS CAPITAL CORPORATION | RCAP HOLDINGS, LLC | Dated as of June 10, 2013",false,true,true,false,0,keep,'tax receivable agreement' phrase present in body
data/edgar-query/exhibits/0001568832/0001568832-13-000004_a106taxreceivableagreement.htm,160848,"TAX RECEIVABLE AGREEMENT | RCS CAPITAL CORPORATION, | RCAP HOLDINGS, LLC | REALTY CAPITAL SECURITIES, LLC, | RCS ADVISORY SERVICES, LLC | AMERICAN NATIONAL STOCK TRANSFER, LLC | Dated as of June 10, 2013",true,false,true,false,6,keep,centered title contains 'tax receivable agreement'
data/edgar-query/exhibits/0001571498/0001193125-22-154514_d349205dex101.htm,79338,"EPIZYME, INC. | 2022 EQUITY INCENTIVE PLAN",false,true,true,false,0,keep,'tax receivable agreement' phrase present in body
data/edgar-query/exhibits/0001572684/0000830122-14-000040_ex107taxreceivableagreemen.htm,223138,"TAX RECEIVABLE AGREEMENT | UCP, INC. | UCP, LLC | PICO HOLDINGS, INC | Dated as of July 23, 2013",true,false,true,false,7,keep,centered title contains 'tax receivable agreement'
data/edgar-query/exhibits/0001572684/0000830122-14-000040_ex109secondamendmendandres.htm,283000,"SECOND AMENDED AND RESTATED | LIMITED LIABILITY COMPANY OPERATING AGREEMENT | UCP, LLC | EFFECTIVE AS OF July 23, 2013 | 1",false,true,true,false,2,keep,'tax receivable agreement' phrase present in body
data/edgar-query/exhibits/0001572684/0001193125-17-119218_d369736dex101.htm,74583,V OTING S UPPORT AND T RANSFER R ESTRICTION A GREEMENT,false,false,true,false,0,keep,'tax receivable agreement' phrase present in body
data/edgar-query/exhibits/0001572684/0001193125-17-119220_d369736dex101.htm,74583,V OTING S UPPORT AND T RANSFER R ESTRICTION A GREEMENT,false,false,true,false,0,keep,'tax receivable agreement' phrase present in body
data/edgar-query/exhibits/0001572684/0001572684-13-000020_ex108formoftaxreceivableag.htm,224742,"TAX RECEIVABLE AGREEMENT | UCP, INC. | UCP, LLC | PICO HOLDINGS, INC | Dated as of __________ __, 2013",true,false,true,false,7,keep,centered title contains 'tax receivable agreement'
data/edgar-query/exhibits/0001572684/0001572684-13-000026_ex1011formof2ndamendedllco.htm,285470,"SECOND AMENDED AND RESTATED | LIMITED LIABILITY COMPANY OPERATING AGREEMENT | UCP, LLC | EFFECTIVE AS OF _______, 2013 | 1",false,true,true,false,2,keep,'tax receivable agreement' phrase present in body
data/edgar-query/exhibits/0001572684/0001572684-13-000038_ex1010amendedandrestatedll.htm,290268,"SECOND AMENDED AND RESTATED | LIMITED LIABILITY COMPANY OPERATING AGREEMENT | UCP, LLC | EFFECTIVE AS OF JULY 23, 2013",false,true,true,false,2,keep,'tax receivable agreement' phrase present in body
data/edgar-query/exhibits/0001572684/0001572684-13-000038_ex108taxreceivableagreement.htm,185679,"TAX RECEIVABLE AGREEMENT | UCP, INC. | UCP, LLC | PICO HOLDINGS, INC | Dated as of July 23, 2013",true,false,true,false,7,keep,centered title contains 'tax receivable agreement'
data/edgar-query/exhibits/0001573166/0001047469-13-006521_a2215172zex-10_3.htm,230846,TAX RECEIVABLE AGREEMENT,true,false,true,false,7,keep,centered title contains 'tax receivable agreement'
data/edgar-query/exhibits/0001573166/0001047469-13-006826_a2215590zex-10_23.htm,519748,"JONES ENERGY HOLDINGS, LLC | THIRD AMENDED AND RESTATED LIMITED LIABILITY COMPANY AGREEMENT | Dated as of [ · ], 2013",false,true,true,false,0,keep,'tax receivable agreement' phrase present in body
data/edgar-query/exhibits/0001573166/0001047469-13-006826_a2215590zex-10_24.htm,89867,RESTRUCTURING AGREEMENT,false,false,true,false,0,keep,'tax receivable agreement' phrase present in body
data/edgar-query/exhibits/0001573166/0001104659-13-057840_a13-17492_2ex10d1.htm,775080,"JONES ENERGY HOLDINGS, LLC | THIRD AMENDED AND RESTATED | LIMITED LIABILITY COMPANY AGREEMENT | Dated as of July 26, 2013",false,true,true,false,0,keep,'tax receivable agreement' phrase present in body
data/edgar-query/exhibits/0001573166/0001104659-13-057840_a13-17492_2ex10d2.htm,102607,RESTRUCTURING AGREEMENT,false,false,true,false,0,keep,'tax receivable agreement' phrase present in body
data/edgar-query/exhibits/0001573166/0001104659-13-057840_a13-17492_2ex10d4.htm,211980,TAX RECEIVABLE AGREEMENT,true,false,true,false,7,keep,centered title contains 'tax receivable agreement'
data/edgar-query/exhibits/0001573166/0001104659-16-141676_a16-16913_7ex10d1.htm,795222,"JONES ENERGY HOLDINGS, LLC | FOURTH AMENDED AND RESTATED LIMITED LIABILITY COMPANY AGREEMENT | Dated as of August 26, 2016",false,true,true,false,0,keep,'tax receivable agreement' phrase present in body
data/edgar-query/exhibits/0001573166/0001104659-18-043562_a18-16239_1ex10d1.htm,326441,AMENDMENT NO. 13 TO CREDIT AGREEMENT,false,true,true,false,0,keep,'tax receivable agreement' phrase present in body
data/edgar-query/exhibits/0001574197/0001193125-17-116314_d302947dex101.htm,490862,"AMENDED AND RESTATED | LIMITED LIABILITY COMPANY AGREEMENT | FIVE POINT OPERATING COMPANY, LLC | a Delaware limited liability company",false,true,true,false,0,keep,'tax receivable agreement' phrase present in body
data/edgar-query/exhibits/0001574197/0001193125-17-116314_d302947dex104.htm,511117,"SECOND AMENDED AND RESTATED | CONTRIBUTION AND SALE AGREEMENT | Dated as of July 2, 2015 | Amended and Restated as of May 2, 2016",false,false,true,false,0,keep,'tax receivable agreement' phrase present in body
data/edgar-query/exhibits/0001574197/0001193125-17-116314_d302947dex105.htm,190142,"TAX RECEIVABLE AGREEMENT | FIVE POINT HOLDINGS, LLC, | FIVE POINT OPERATING COMPANY, LLC | THE PERSONS NAMED HEREIN | Dated as of May 2, 2016",true,false,true,false,6,keep,centered title contains 'tax receivable agreement'
data/edgar-query/exhibits/0001574197/0001193125-17-301029_d642716dex101.htm,503521,"LIMITED PARTNERSHIP AGREEMENT | FIVE POINT OPERATING COMPANY, LP | a Delaware limited partnership",false,true,true,false,0,keep,'tax receivable agreement' phrase present in body
data/edgar-query/exhibits/0001574197/0001574197-21-000057_ex-101xfphx93021x10q.htm,115759,EMPLOYMENT TRANSITION AGREEMENT,false,false,true,false,0,keep,'tax receivable agreement' phrase present in body
data/edgar-query/exhibits/0001574197/0001574197-22-000050_ex-101xfphx33122x10q.htm,76289,EMPLOYMENT TRANSITION AGREEMENT,false,false,true,false,0,keep,'tax receivable agreement' phrase present in body
data/edgar-query/exhibits/0001574632/0001047469-14-002155_a2218751zex-10_4.htm,248581,TAX RECEIVABLE AGREEMENT,true,false,true,false,6,keep,centered title contains 'tax receivable agreement'
data/edgar-query/exhibits/0001574648/0001047469-13-007239_a2215581zex-10_13.htm,197374,FORM OF TAX RECEIVABLE AGREEMENT,true,false,true,false,6,keep,centered title contains 'tax receivable agreement'
data/edgar-query/exhibits/0001574648/0001047469-13-007526_a2215951zex-10_11.htm,337451,"AMENDED AND RESTATED LIMITED PARTNERSHIP AGREEMENT | ATHLON HOLDINGS LP | A Delaware Limited Partnership | Dated as of , 2013",false,true,true,false,0,keep,'tax receivable agreement' phrase present in body
data/edgar-query/exhibits/0001574648/0001104659-13-084750_a13-19876_1ex10d11.htm,370520,"AMENDED AND RESTATED LIMITED PARTNERSHIP AGREEMENT | ATHLON HOLDINGS LP | A Delaware Limited Partnership | Dated as of August 7, 2013",false,true,true,false,0,keep,'tax receivable agreement' phrase present in body
data/edgar-query/exhibits/0001574648/0001104659-13-084750_a13-19876_1ex10d7.htm,219299,TAX RECEIVABLE AGREEMENT,true,false,true,false,6,keep,centered title contains 'tax receivable agreement'
data/edgar-query/exhibits/0001575828/0001193125-13-291201_d527343dex1010.htm,106219,"TAX RECEIVABLE AGREEMENT | FRANK’S INTERNATIONAL N.V., | FRANK’S INTERNATIONAL CV, | [AGENT], | MOSING HOLDINGS, INC. | DATED AS OF [•] 2013",true,false,true,false,7,keep,centered title contains 'tax receivable agreement'
data/edgar-query/exhibits/0001575828/0001193125-13-291201_d527343dex1011.htm,25302,FORM OF GLOBAL TRANSACTION AGREEMENT,false,false,true,false,0,keep,'tax receivable agreement' phrase present in body
data/edgar-query/exhibits/0001575828/0001193125-13-300736_d527343dex1011.htm,25319,GLOBAL TRANSACTION AGREEMENT,false,false,true,false,0,keep,'tax receivable agreement' phrase present in body
data/edgar-query/exhibits/0001575828/0001193125-13-339720_d585089dex101.htm,107639,"TAX RECEIVABLE AGREEMENT | FRANK’S INTERNATIONAL N.V., | FRANK’S INTERNATIONAL CV, | MOSING HOLDINGS INC. | DATED AS OF AUGUST 14, 2013",true,false,true,false,7,keep,centered title contains 'tax receivable agreement'
data/edgar-query/exhibits/0001575828/0001193125-21-077955_d74132dex101.htm,84546,FORM OF VOTING AND SUPPORT AGREEMENT,false,true,true,false,0,keep,'tax receivable agreement' phrase present in body
data/edgar-query/exhibits/0001575828/0001193125-21-077955_d74132dex103.htm,81976,"AMENDED AND RESTATED TAX RECEIVABLE AGREEMENT | FRANK’S INTERNATIONAL N.V., | FRANK’S INTERNATIONAL C.V., | MOSING HOLDINGS LLC | DATED AS OF MARCH 10, 2021",true,false,true,false,6,keep,centered title contains 'tax receivable agreement'
data/edgar-query/exhibits/0001576940/0001193125-17-119575_d373497dex101.htm,74583,V OTING S UPPORT AND T RANSFER R ESTRICTION A GREEMENT,false,false,true,false,0,keep,'tax receivable agreement' phrase present in body
data/edgar-query/exhibits/0001577670/0001104659-15-000348_a14-26875_1ex10d3.htm,714167,"THIRD AMENDED AND RESTATED LIMITED LIABILITY LIMITED PARTNERSHIP AGREEMENT | LADDER CAPITAL FINANCE HOLDINGS LLLP, A DELAWARE LIMITED LIABILITY LIMITED PARTNERSHIP | Dated as of December 31, 2014",false,true,true,false,1,keep,'tax receivable agreement' phrase present in body
data/edgar-query/exhibits/0001577670/0001104659-15-000348_a14-26875_1ex10d4.htm,263196,AMENDED AND RESTATED TAX RECEIVABLE AGREEMENT,true,false,true,false,6,keep,centered title contains 'tax receivable agreement'
data/edgar-query/exhibits/0001577670/0001104659-17-040947_a17-15631_1ex10d1.htm,120999,SEPARATION AGREEMENT,false,true,true,false,0,keep,'tax receivable agreement' phrase present in body
data/edgar-query/exhibits/0001577670/0001193125-13-483267_d555727dex102.htm,120058,TAX RECEIVABLE AGREEMENT,true,false,true,false,6,keep,centered title contains 'tax receivable agreement'
data/edgar-query/exhibits/0001577916/0000912057-13-000266_filename4.htm,475572,"PREMIER HEALTHCARE ALLIANCE, L.P. | A California Limited Partnership | FORM OF AMENDED AND RESTATED | LIMITED PARTNERSHIP AGREEMENT",false,true,true,false,1,keep,'tax receivable agreement' phrase present in body
data/edgar-query/exhibits/0001577916/0000912057-13-000266_filename6.htm,175345,"FORM OF TAX RECEIVABLE AGREEMENT | PREMIER, INC. | THE LIMITED PARTNERS OF | PREMIER HEALTHCARE ALLIANCE, L.P.",true,false,true,false,6,keep,centered title contains 'tax receivable agreement'
data/edgar-query/exhibits/0001577916/0000912057-13-000266_filename7.htm,114192,FORM OF EXCHANGE AGREEMENT,false,true,true,false,1,keep,'tax receivable agreement' phrase present in body
data/edgar-query/exhibits/0001577916/0001047469-13-008658_a2216023zex-10_1.htm,475600,"PREMIER HEALTHCARE ALLIANCE, L.P. | A California Limited Partnership | FORM OF AMENDED AND RESTATED | LIMITED PARTNERSHIP AGREEMENT",false,true,true,false,1,keep,'tax receivable agreement' phrase present in body
data/edgar-query/exhibits/0001577916/0001047469-13-008658_a2216023zex-10_3.htm,175373,"FORM OF TAX RECEIVABLE AGREEMENT | PREMIER, INC. | THE LIMITED PARTNERS OF | PREMIER HEALTHCARE ALLIANCE, L.P.",true,false,true,false,6,keep,centered title contains 'tax receivable agreement'
data/edgar-query/exhibits/0001577916/0001047469-13-008658_a2216023zex-10_4.htm,114220,FORM OF EXCHANGE AGREEMENT,false,true,true,false,1,keep,'tax receivable agreement' phrase present in body
data/edgar-query/exhibits/0001577916/0001047469-13-009072_a2216569zex-10_34.htm,126520,"SECOND AMENDMENT TO LOAN AGREEMENT, CONSENT AND WAIVER",false,false,true,false,0,keep,'tax receivable agreement' phrase present in body
data/edgar-query/exhibits/0001577916/0001047469-13-009292_a2216741zex-10_1.htm,483071,"PREMIER HEALTHCARE ALLIANCE, L.P. | A California Limited Partnership | FORM OF AMENDED AND RESTATED | LIMITED PARTNERSHIP AGREEMENT",false,true,true,false,1,keep,'tax receivable agreement' phrase present in body
data/edgar-query/exhibits/0001577916/0001104659-13-074328_a13-21744_1ex10d1.htm,531065,"PREMIER HEALTHCARE ALLIANCE, L.P. | A California Limited Partnership | AMENDED AND RESTATED | LIMITED PARTNERSHIP AGREEMENT",false,true,true,false,2,keep,'tax receivable agreement' phrase present in body
data/edgar-query/exhibits/0001577916/0001104659-13-074328_a13-21744_1ex10d2.htm,116758,EXCHANGE AGREEMENT,false,true,true,false,1,keep,'tax receivable agreement' phrase present in body
data/edgar-query/exhibits/0001577916/0001104659-13-074328_a13-21744_1ex10d3.htm,184482,"TAX RECEIVABLE AGREEMENT | PREMIER, INC. | THE LIMITED PARTNERS OF | PREMIER HEALTHCARE ALLIANCE, L.P.",true,false,true,false,6,keep,centered title contains 'tax receivable agreement'
data/edgar-query/exhibits/0001577916/0001193125-20-216431_d59221dex101.htm,43647,UNIT EXCHANGE AND TAX RECEIVABLE ACCELERATION AGREEMENT,false,false,true,false,1,keep,'tax receivable agreement' phrase present in body
data/edgar-query/exhibits/0001579157/0000950170-23-027589_vnce-ex10_2.htm,2266196,CONSENT AND SECOND AMENDMENT TO AMENDED AND RESTATED CREDIT AGREEMENT AND FIRST AMENDMENT TO SECURITY AGREEMENT,false,true,true,false,0,keep,'tax receivable agreement' phrase present in body
data/edgar-query/exhibits/0001579157/0000950170-23-027589_vnce-ex10_3.htm,1704311,CONSENT AND THIRD AMENDMENT TO CREDIT AGREEMENT,false,true,true,false,0,keep,'tax receivable agreement' phrase present in body
data/edgar-query/exhibits/0001579157/0000950170-23-029729_vnce-ex10_1.htm,2292421,"CREDIT AGREEMENT | Dated as of June 23, 2023 | Vince , LLC, as the Borrower, | The Guarantors Named Herein, | BANK OF AMERICA, N.A. , as Agent and | The Other Lenders Party Hereto | BofA SECURITIES, INC. , as Sole Lead Arranger and Sole Bookrunner",false,true,true,false,0,keep,'tax receivable agreement' phrase present in body
data/edgar-query/exhibits/0001579157/0000950170-23-029729_vnce-ex10_2.htm,1777231,FOURTH AMENDMENT TO CREDIT AGREEMENT,false,true,true,false,0,keep,'tax receivable agreement' phrase present in body
data/edgar-query/exhibits/0001579157/0000950170-25-007775_vnce-ex10_1.htm,2199395,FIRST AMENDMENT TO CREDIT AGREEMENT,false,true,true,false,0,keep,'tax receivable agreement' phrase present in body
data/edgar-query/exhibits/0001579157/0000950170-25-007775_vnce-ex10_2.htm,1457525,FIFTH AMENDMENT TO CREDIT AGREEMENT,false,true,true,false,1,keep,'tax receivable agreement' phrase present in body
data/edgar-query/exhibits/0001579157/0001193125-13-419180_d559406dex103.htm,120009,"TAX RECEIVABLE AGREEMENT | APPAREL HOLDING CORP. | (F/K/A KELLWOOD HOLDING CORP.), | THE STOCKHOLDERS | THE STOCKHOLDER REPRESENTATIVE | Dated as of [ ], 2013",true,false,true,false,3,keep,centered title contains 'tax receivable agreement'
data/edgar-query/exhibits/0001579157/0001193125-13-436816_d559406dex1038.htm,669372,"$175,000,000 | CREDIT AGREEMENT | VINCE, LLC | VINCE INTERMEDIATE HOLDING, LLC, | as Borrowers, | VINCE HOLDING CORP., | as a Guarantor | The Several Lenders from Time to Time Parties Hereto, | BANK OF AMERICA, N.A., | as Administrative Agent, | J.P. MORGAN SECURITIES LLC, | as Syndication Agent, | ",false,true,true,false,1,keep,'tax receivable agreement' phrase present in body
data/edgar-query/exhibits/0001579157/0001193125-13-436816_d559406dex1039.htm,887057,"CREDIT AGREEMENT | Dated as of [ ], 2013 | Vince, LLC, | as the Borrower, | The Guarantors Named Herein, | BANK OF AMERICA, N.A. | as Agent | The Other Lenders Party Hereto | MERRILL LYNCH, PIERCE, FENNER & SMITH INCORPORATED , | as Sole Lead Arranger and Sole Bookrunner",false,true,true,false,1,keep,'tax receivable agreement' phrase present in body
data/edgar-query/exhibits/0001579157/0001193125-13-457161_d636948dex102.htm,116174,"TAX RECEIVABLE AGREEMENT | APPAREL HOLDING CORP. | (F/K/A KELLWOOD HOLDING CORP.), | THE STOCKHOLDERS | THE STOCKHOLDER REPRESENTATIVE | Dated as of November 27, 2013",true,false,true,false,3,keep,centered title contains 'tax receivable agreement'
data/edgar-query/exhibits/0001579157/0001193125-13-457161_d636948dex104.htm,898836,"CREDIT AGREEMENT | Dated as of November 27, 2013 | Vince, LLC, | as the Borrower, | The Guarantors Named Herein, | BANK OF AMERICA, N.A., | as Agent | The Other Lenders Party Hereto | MERRILL LYNCH, PIERCE, FENNER & SMITH INCORPORATED , | as Sole Lead Arranger and Sole Bookrunner",false,true,true,false,1,keep,'tax receivable agreement' phrase present in body
data/edgar-query/exhibits/0001579157/0001193125-13-457161_d636948dex105.htm,671531,"$175,000,000 | CREDIT AGREEMENT | VINCE, LLC | VINCE INTERMEDIATE HOLDING, LLC, | as Borrowers, | VINCE HOLDING CORP., | as a Guarantor | The Several Lenders from Time to Time Parties Hereto, | BANK OF AMERICA, N.A., | as Administrative Agent, | J.P. MORGAN SECURITIES LLC, | as Syndication Agent, | ",false,true,true,false,1,keep,'tax receivable agreement' phrase present in body
data/edgar-query/exhibits/0001579157/0001193125-16-506920_d151998dex101.htm,152310,"INVESTMENT AGREEMENT | VINCE HOLDING CORP., | SUN CARDINAL, LLC, | SCSF CARDINAL, LLC | Dated as of March 15, 2016",false,false,true,false,0,keep,'tax receivable agreement' phrase present in body
data/edgar-query/exhibits/0001579157/0001193125-17-254666_d415161dex101.htm,157503,"INVESTMENT AGREEMENT | VINCE HOLDING CORP., | SUN CARDINAL, LLC, | SCSF CARDINAL, LLC | Dated as of August 10, 2017",false,false,true,false,0,keep,'tax receivable agreement' phrase present in body
data/edgar-query/exhibits/0001579157/0001564590-15-011419_vnce-ex101_175.htm,9922,"September 1, 2015",false,false,true,false,1,keep,'tax receivable agreement' phrase present in body
data/edgar-query/exhibits/0001579157/0001564590-16-016221_vnce-ex1043_439.htm,31634,"SUN CAPITAL PARTNERS V, L.P. | 5200 Town Center Circle | Suite 600 | Boca Raton, FL 33486 | December 9, 2015",false,false,true,false,0,keep,'tax receivable agreement' phrase present in body
data/edgar-query/exhibits/0001579157/0001564590-17-013208_vnce-ex101_9.htm,91453,"WAIVER, CONSENT, AND FIRST AMENDMENT TO CREDIT AGREEMENT",false,true,true,false,0,keep,'tax receivable agreement' phrase present in body
data/edgar-query/exhibits/0001579157/0001564590-17-013208_vnce-ex102_10.htm,32688,[remainder of page intentionally left blank] | [Signature Page to Term Loan Side Letter] | [Signature pages of Lenders omitted and on file with the registrant],false,false,true,false,0,keep,'tax receivable agreement' phrase present in body
data/edgar-query/exhibits/0001579157/0001564590-18-022157_vnce-ex101_6.htm,1313655,"CREDIT AGREEMENT | Dated as of August 21, 2018 | VINCE, LLC , | as the Borrower, | The Guarantors Named Herein, | CITIZENS BANK, N.A. , | as Agent | The Other Lenders Party Hereto | CITIZENS BANK, N.A. , | as Sole Lead Arranger and Sole Bookrunner",false,true,true,false,1,keep,'tax receivable agreement' phrase present in body
data/edgar-query/exhibits/0001579157/0001564590-18-022157_vnce-ex102_7.htm,1170963,"CREDIT AGREEMENT | Dated as of August 21, 2018 | Vince, LLC , | as the Borrower, | The Guarantors Named Herein, | CRYSTAL FINANCIAL LLC , | as Agent | The Other Lenders Party Hereto",false,true,true,false,1,keep,'tax receivable agreement' phrase present in body
data/edgar-query/exhibits/0001579157/0001564590-20-043479_vnce-ex101_111.htm,1231308,THIRD AMENDMENT TO CREDIT AGREEMENT,false,true,true,false,1,keep,'tax receivable agreement' phrase present in body
data/edgar-query/exhibits/0001579157/0001564590-20-043479_vnce-ex102_110.htm,1537905,THIRD AMENDMENT TO CREDIT AGREEMENT,false,true,true,false,1,keep,'tax receivable agreement' phrase present in body
data/edgar-query/exhibits/0001579157/0001564590-21-022575_vnce-ex1044_276.htm,1113557,"CREDIT AGREEMENT | Dated as of December 11, 2020 | Vince, LLC , | as the Borrower, | The Guarantors Named Herein, | SK FINANCIAL SERVICES, LLC , | as Agent | The Other Lenders Party Hereto",false,true,true,false,1,keep,'tax receivable agreement' phrase present in body
data/edgar-query/exhibits/0001579157/0001564590-21-022575_vnce-ex1047_1111.htm,1834373,SIXTH AMENDMENT TO CREDIT AGREEMENT,false,true,true,false,0,keep,'tax receivable agreement' phrase present in body
data/edgar-query/exhibits/0001579157/0001564590-21-022575_vnce-ex1048_1232.htm,1356332,2548/21798-049 CURRENT/123127207v6 SIXTH AMENDMENT TO CREDIT AGREEMENT,false,true,true,false,1,keep,'tax receivable agreement' phrase present in body
data/edgar-query/exhibits/0001579157/0001564590-21-047478_vnce-ex101_291.htm,1239116,"CREDIT AGREEMENT | Dated as of September 7, 2021 | Vince, LLC , | as the Borrower, | The Guarantors Named Herein, | The Lenders Party Hereto, | PLC AGENT LLC , | as Agent",false,true,true,false,1,keep,'tax receivable agreement' phrase present in body
data/edgar-query/exhibits/0001579157/0001564590-21-047478_vnce-ex102_401.htm,1653056,"AMENDED AND RESTATED CREDIT AGREEMENT | Dated as of September 7, 2021 | VINCE, LLC , | as the Borrower, | The Guarantors Named Herein, | CITIZENS BANK, N.A. , | as Agent | The Other Lenders Party Hereto | CITIZENS BANK, N.A. , | as Sole Lead Arranger and Sole Bookrunner",false,true,true,false,0,keep,'tax receivable agreement' phrase present in body
data/edgar-query/exhibits/0001579157/0001564590-21-047478_vnce-ex103_400.htm,1161411,2548/21798-049 CURRENT/120670196v8 FIRST AMENDMENT TO CREDIT AGREEMENT,false,true,true,false,1,keep,'tax receivable agreement' phrase present in body
data/edgar-query/exhibits/0001580185/0001104659-13-091911_a13-26134_1ex10d1.htm,461539,"AMENDED AND RESTATED | LIMITED LIABILITY COMPANY AGREEMENT | JGWPT HOLDINGS, LLC | (f/k/a WENTWORTH FINANCIAL LLC) | a Delaware Limited Liability Company | Dated as of November 13, 2013",false,true,true,false,0,keep,'tax receivable agreement' phrase present in body
data/edgar-query/exhibits/0001580185/0001104659-13-091911_a13-26134_1ex10d2.htm,248466,TAX RECEIVABLE AGREEMENT,true,false,true,false,7,keep,centered title contains 'tax receivable agreement'
data/edgar-query/exhibits/0001580185/0001567619-13-000108_s000086x4_ex10-1.htm,387729,"AMENDED AND RESTATED | LIMITED LIABILITY COMPANY AGREEMENT | JGWPT HOLDINGS, LLC | (f/k/a WENTWORTH FINANCIAL LLC) | a Delaware Limited Liability Company | Dated as of [_____], 2013",false,true,true,false,0,keep,'tax receivable agreement' phrase present in body
data/edgar-query/exhibits/0001580185/0001567619-13-000108_s000086x4_ex10-2.htm,167441,FORM OF TAX RECEIVABLE AGREEMENT,true,false,true,false,7,keep,centered title contains 'tax receivable agreement'
data/edgar-query/exhibits/0001580185/0001580185-17-000079_rsafilingversion-101.htm,364017,RESTRUCTURING SUPPORT AGREEMENT,false,true,true,false,0,keep,'tax receivable agreement' phrase present in body
data/edgar-query/exhibits/0001581091/0001104659-26-049628_tm2612789d1_ex10-1.htm,115935,VOTING AND SUPPORT AGREEMENT,false,true,true,false,0,keep,'tax receivable agreement' phrase present in body
data/edgar-query/exhibits/0001581091/0001104659-26-049628_tm2612789d1_ex10-3.htm,99210,VOTING AND SUPPORT AGREEMENT,false,true,true,false,0,keep,'tax receivable agreement' phrase present in body
data/edgar-query/exhibits/0001581091/0001104659-26-049628_tm2612789d1_ex10-4.htm,40309,AMENDMENT NO. 1 TO THE TAX RECEIVABLE AGREEMENT,true,false,true,false,1,keep,centered title contains 'tax receivable agreement'
data/edgar-query/exhibits/0001581091/0001104659-26-049630_tm2612789d5_ex10-1.htm,115935,VOTING AND SUPPORT AGREEMENT,false,true,true,false,0,keep,'tax receivable agreement' phrase present in body
data/edgar-query/exhibits/0001581091/0001104659-26-049630_tm2612789d5_ex10-3.htm,99210,VOTING AND SUPPORT AGREEMENT,false,true,true,false,0,keep,'tax receivable agreement' phrase present in body
data/edgar-query/exhibits/0001581091/0001104659-26-049630_tm2612789d5_ex10-4.htm,40309,AMENDMENT NO. 1 TO THE TAX RECEIVABLE AGREEMENT,true,false,true,false,1,keep,centered title contains 'tax receivable agreement'
data/edgar-query/exhibits/0001581091/0001193125-13-381949_d558338dex1011.htm,54133,MANAGEMENT SERVICES AGREEMENT,false,false,true,false,0,keep,'tax receivable agreement' phrase present in body
data/edgar-query/exhibits/0001581091/0001193125-13-381949_d558338dex1012.htm,289229,"RMCO, LLC | FOURTH AMENDED AND RESTATED LIMITED LIABILITY COMPANY AGREEMENT | Dated as of [•], 2013",false,true,true,false,1,keep,'tax receivable agreement' phrase present in body
data/edgar-query/exhibits/0001581091/0001193125-13-381949_d558338dex1013.htm,182308,"TAX RECEIVABLE AGREEMENT | RIHI, INC. | RE/MAX HOLDINGS, INC. | Dated as of , 2013",true,false,true,false,6,keep,centered title contains 'tax receivable agreement'
data/edgar-query/exhibits/0001581091/0001193125-13-381949_d558338dex1022.htm,189522,"TAX RECEIVABLE AGREEMENT | WESTON PRESIDIO V, L.P. | RE/MAX HOLDINGS, INC. | Dated as of , 2013",true,false,true,false,6,keep,centered title contains 'tax receivable agreement'
data/edgar-query/exhibits/0001581091/0001558370-15-001514_rmax-20150630ex1038ac69c.htm,42488,JOINDER,false,false,true,false,0,keep,'tax receivable agreement' phrase present in body
data/edgar-query/exhibits/0001581091/0001558370-19-000930_rmax-20181231ex101808862.htm,59412,JOINDER,false,false,true,false,0,keep,'tax receivable agreement' phrase present in body
data/edgar-query/exhibits/0001581091/0001558370-19-000930_rmax-20181231ex1019b8134.htm,56817,JOINDER,false,false,true,false,0,keep,'tax receivable agreement' phrase present in body
data/edgar-query/exhibits/0001581091/0001558370-20-001165_ex-10d5.htm,513116,"RMCO, LLC | FOURTH AMENDED AND RESTATED LIMITED LIABILITY COMPANY AGREEMENT | Dated as of October 1, 2013",false,true,true,false,1,keep,'tax receivable agreement' phrase present in body
data/edgar-query/exhibits/0001581091/0001564590-13-001337_rmax-ex10_20130930291.htm,557168,"___________________________________ | RMCO, LLC | ___________________________________ | FOURTH AMENDED AND RESTATED LIMITED LIABILITY COMPANY AGREEMENT | Dated as of October 1, 2013",false,true,true,false,1,keep,'tax receivable agreement' phrase present in body
data/edgar-query/exhibits/0001581091/0001564590-13-001337_rmax-ex10_20130930292.htm,399057,"TAX RECEIVABLE AGREEMENT | RIHI, INC. | RE/MAX HOLDINGS, INC. | Dated as of October 7, 2013",true,false,true,false,6,keep,centered title contains 'tax receivable agreement'
data/edgar-query/exhibits/0001581091/0001564590-13-001337_rmax-ex10_20130930293.htm,394413,"TAX RECEIVABLE AGREEMENT | WESTON PRESIDIO V, L.P. | RE/MAX HOLDINGS, INC. | Dated as of October 7, 2013",true,false,true,false,6,keep,centered title contains 'tax receivable agreement'
data/edgar-query/exhibits/0001581091/0001564590-13-001337_rmax-ex10_20130930295.htm,113962,MANAGEMENT SERVICES AGREEMENT,false,false,true,false,0,keep,'tax receivable agreement' phrase present in body
data/edgar-query/exhibits/0001582616/0001193125-13-401066_d566832dex1019.htm,322004,REORGANIZATION AGREEMENT,false,false,true,false,0,keep,'tax receivable agreement' phrase present in body
data/edgar-query/exhibits/0001582616/0001193125-13-401066_d566832dex1020.htm,269291,"NORCRAFT COMPANIES LLC | A Delaware Limited Liability Company | LIMITED LIABILITY COMPANY AGREEMENT | Dated as of , 2013",false,true,true,false,1,keep,'tax receivable agreement' phrase present in body
data/edgar-query/exhibits/0001582616/0001193125-13-401066_d566832dex1025.htm,182016,"TAX RECEIVABLE AGREEMENT (EXCHANGES) | NORCRAFT COMPANIES, INC. | EACH MEMBER OF | NORCRAFT COMPANIES LLC LISTED ON ANNEX A | Dated as of [ ], 2013",true,false,true,false,5,keep,centered title contains 'tax receivable agreement'
data/edgar-query/exhibits/0001582616/0001193125-13-401066_d566832dex1026.htm,159939,"TAX RECEIVABLE AGREEMENT (SKM NORCRAFT CONTRIBUTION) | NORCRAFT COMPANIES, INC. | EACH SHAREHOLDER OF SKM NORCRAFT CORP. | Dated as of [ ], 2013",true,false,true,false,5,keep,centered title contains 'tax receivable agreement'
data/edgar-query/exhibits/0001582616/0001193125-13-401066_d566832dex1027.htm,150784,"TAX RECEIVABLE AGREEMENT (TRIMARAN CABINET CONTRIBUTION) | NORCRAFT COMPANIES, INC. | EACH SHAREHOLDER OF TRIMARAN CABINET CORP. | Dated as of [ ], 2013",true,false,true,false,5,keep,centered title contains 'tax receivable agreement'
data/edgar-query/exhibits/0001582616/0001193125-15-114434_d898975dex101.htm,20427,TAX RECEIVABLE (EXCHANGES) TERMINATION AGREEMENT,false,false,true,false,1,keep,'tax receivable agreement' phrase present in body
data/edgar-query/exhibits/0001582616/0001193125-15-114434_d898975dex102.htm,18851,TAX RECEIVABLE (SKM CONTRIBUTION) TERMINATION AGREEMENT,false,false,true,false,1,keep,'tax receivable agreement' phrase present in body
data/edgar-query/exhibits/0001582616/0001193125-15-114434_d898975dex103.htm,22516,TAX RECEIVABLE (TRIMARANCONTRIBUTION) TERMINATION AGREEMENT,false,false,true,false,1,keep,'tax receivable agreement' phrase present in body
data/edgar-query/exhibits/0001582616/0001582616-14-000007_ex1014traexchanges.htm,292030,"TAX RECEIVABLE AGREEMENT (EXCHANGES) | NORCRAFT COMPANIES, INC. | EACH MEMBER OF | NORCRAFT COMPANIES LLC LISTED ON ANNEX A | Dated as of November 13, 2013",true,false,true,false,5,keep,centered title contains 'tax receivable agreement'
data/edgar-query/exhibits/0001582616/0001582616-14-000007_ex1015traskm.htm,224331,"TAX RECEIVABLE AGREEMENT (SKM NORCRAFT CONTRIBUTION) | NORCRAFT COMPANIES, INC. | EACH SHAREHOLDER OF SKM NORCRAFT CORP. | Dated as of November 13, 2013",true,false,true,false,5,keep,centered title contains 'tax receivable agreement'
data/edgar-query/exhibits/0001582616/0001582616-14-000007_ex1016tratrimaran.htm,205338,"TAX RECEIVABLE AGREEMENT (TRIMARAN CABINET CONTRIBUTION) | NORCRAFT COMPANIES, INC. | EACH SHAREHOLDER OF TRIMARAN CABINET CORP. | Dated as of November 13, 2013",true,false,true,false,5,keep,centered title contains 'tax receivable agreement'
data/edgar-query/exhibits/0001582616/0001582616-14-000007_ex109llcagreementofnorcraft.htm,452113,"NORCRAFT COMPANIES LLC | A Delaware Limited Liability Company | LIMITED LIABILITY COMPANY AGREEMENT | Dated as of November 13, 2013",false,true,true,false,2,keep,'tax receivable agreement' phrase present in body
data/edgar-query/exhibits/0001584423/0001193125-15-085753_d888690dex101.htm,1337016,"SECOND AMENDED AND RESTATED CREDIT AGREEMENT | Dated as of November 16, 2012, | Amended and Restated as of June 28, 2013 | Further Amended and Restated as of March 6, 2015 | APX GROUP, INC., | THE GUARANTORS PARTY HERETO FROM TIME TO TIME | BANK OF AMERICA, N.A., | as Administrative Agent, | BANK OF",false,true,true,false,0,keep,'tax receivable agreement' phrase present in body
data/edgar-query/exhibits/0001584423/0001193125-17-254492_d441784dex101.htm,1397765,"THIRD AMENDED AND RESTATED CREDIT AGREEMENT | Dated as of November 16, 2012, | Amended and Restated as of June 28, 2013 | Further Amended and Restated as of March 6, 2015 | Further Amended and Restated as of August 10, 2017 | APX GROUP, INC., | THE GUARANTORS PARTY HERETO FROM TIME TO TIME, | BANK O",false,true,true,false,0,keep,'tax receivable agreement' phrase present in body
data/edgar-query/exhibits/0001584423/0001193125-18-268243_d620443dex101.htm,1544287,"CREDIT AGREEMENT | Dated as of September 6, 2018, | APX GROUP, INC., | THE GUARANTORS PARTY HERETO FROM TIME TO TIME, | BANK OF AMERICA, N.A., | as Administrative Agent, | THE OTHER LENDERS PARTY HERETO FROM TIME TO TIME | BANK OF AMERICA, N.A. | CITIGROUP GLOBAL MARKETS INC. | CREDIT SUISSE LOAN FU",false,true,true,false,0,keep,'tax receivable agreement' phrase present in body
data/edgar-query/exhibits/0001584443/0001193125-13-365437_d572964dex101.htm,1371044,"AMENDED AND RESTATED CREDIT AGREEMENT | Dated as of November 16, 2012, | Amended and Restated as of June 28, 2013 | APX GROUP, INC., | THE GUARANTORS PARTY HERETO FROM TIME TO TIME | BANK OF AMERICA, N.A., | as Administrative Agent, | BANK OF AMERICA, N.A., | as L/C Issuer and Swing Line Lender, | T",false,true,true,false,0,keep,'tax receivable agreement' phrase present in body
data/edgar-query/exhibits/0001590976/0001193125-13-473426_d621288dex1017.htm,119545,TAX RECEIVABLE AGREEMENT,true,false,true,false,6,keep,centered title contains 'tax receivable agreement'
data/edgar-query/exhibits/0001590976/0001193125-14-038886_d672080dex101.htm,274370,"MALIBU BOATS HOLDINGS, LLC | FIRST AMENDED AND RESTATED | LIMITED LIABILITY COMPANY AGREEMENT | Dated as of February 5, 2014",false,true,true,false,0,keep,'tax receivable agreement' phrase present in body
data/edgar-query/exhibits/0001590976/0001193125-14-038886_d672080dex104.htm,154684,TAX RECEIVABLE AGREEMENT,true,false,true,false,6,keep,centered title contains 'tax receivable agreement'
data/edgar-query/exhibits/0001592016/0001104659-15-057259_a15-16788_2ex10d3.htm,98514,TAX RECEIVABLES AGREEMENT,false,false,true,false,4,keep,'tax receivable agreement' phrase present in body
data/edgar-query/exhibits/0001592386/0001047469-14-003044_a2219101zex-10_10.htm,412306,"AMENDED AND RESTATED LIMITED LIABILITY COMPANY AGREEMENT | VIRTU EMPLOYEE HOLDCO LLC | Dated as of [ ], 2014",false,true,true,false,0,keep,'tax receivable agreement' phrase present in body
data/edgar-query/exhibits/0001592386/0001047469-14-003044_a2219101zex-10_17.htm,104335,"[UNIT VESTING,] (1) EQUITY RETENTION AND | RESTRICTIVE COVENANT AGREEMENT | , 2014",false,false,true,false,0,keep,'tax receivable agreement' phrase present in body
data/edgar-query/exhibits/0001592386/0001047469-14-003044_a2219101zex-10_18.htm,107679,"UNIT VESTING, EQUITY RETENTION AND | RESTRICTIVE COVENANT AGREEMENT | , 2014",false,false,true,false,0,keep,'tax receivable agreement' phrase present in body
data/edgar-query/exhibits/0001592386/0001047469-14-003044_a2219101zex-10_4.htm,197696,EXCHANGE AGREEMENT,false,true,true,false,0,keep,'tax receivable agreement' phrase present in body
data/edgar-query/exhibits/0001592386/0001047469-14-003044_a2219101zex-10_9.htm,598605,"SECOND AMENDED AND RESTATED | LIMITED LIABILITY COMPANY AGREEMENT | VIRTU FINANCIAL LLC | Dated as of [ ], 2014",false,true,true,false,0,keep,'tax receivable agreement' phrase present in body
data/edgar-query/exhibits/0001592386/0001047469-15-001003_a2219372zex-10_10.htm,423165,"AMENDED AND RESTATED LIMITED LIABILITY COMPANY AGREEMENT | VIRTU EMPLOYEE HOLDCO LLC | Dated as of [ ], 2015",false,true,true,false,0,keep,'tax receivable agreement' phrase present in body
data/edgar-query/exhibits/0001592386/0001047469-15-001003_a2219372zex-10_17.htm,100787,"[UNIT VESTING,] EQUITY RETENTION AND RESTRICTIVE COVENANT AGREEMENT | , 2015",false,false,true,false,0,keep,'tax receivable agreement' phrase present in body
data/edgar-query/exhibits/0001592386/0001047469-15-001003_a2219372zex-10_18.htm,86553,"UNIT VESTING, EQUITY RETENTION AND RESTRICTIVE COVENANT AGREEMENT | , 2015",false,false,true,false,0,keep,'tax receivable agreement' phrase present in body
data/edgar-query/exhibits/0001592386/0001047469-15-001003_a2219372zex-10_4.htm,181919,EXCHANGE AGREEMENT,false,true,true,false,0,keep,'tax receivable agreement' phrase present in body
data/edgar-query/exhibits/0001592386/0001047469-15-001003_a2219372zex-10_6.htm,245311,"TAX RECEIVABLE AGREEMENT (non-SLP EXCHANGES) | VIRTU FINANCIAL, INC., | THE PERSONS NAMED HEREIN | Dated as of [ ], 2015",true,false,true,false,7,keep,centered title contains 'tax receivable agreement'
data/edgar-query/exhibits/0001592386/0001047469-15-001003_a2219372zex-10_7.htm,267178,"TAX RECEIVABLE AGREEMENT (MERGERS) | VIRTU FINANCIAL, INC., | SLP III EW FEEDER I, L.P. | HAVELOCK FUND INVESTMENTS PTE LTD. | Dated as of [ ], 2015",true,false,true,false,7,keep,centered title contains 'tax receivable agreement'
data/edgar-query/exhibits/0001592386/0001047469-15-001003_a2219372zex-10_8.htm,244789,"TAX RECEIVABLE AGREEMENT (SLP EXCHANGES) | VIRTU FINANCIAL, INC., | THE PERSONS NAMED HEREIN | Dated as of [ ], 2015",true,false,true,false,7,keep,centered title contains 'tax receivable agreement'
data/edgar-query/exhibits/0001592386/0001047469-15-001003_a2219372zex-10_9.htm,602907,"THIRD AMENDED AND RESTATED | LIMITED LIABILITY COMPANY AGREEMENT | VIRTU FINANCIAL LLC | Dated as of [ ], 2015",false,true,true,false,0,keep,'tax receivable agreement' phrase present in body
data/edgar-query/exhibits/0001592386/0001047469-15-002610_a2223212zex-10_10.htm,423252,"AMENDED AND RESTATED LIMITED LIABILITY COMPANY AGREEMENT | VIRTU EMPLOYEE HOLDCO LLC | Dated as of [ ], 2015",false,true,true,false,0,keep,'tax receivable agreement' phrase present in body
data/edgar-query/exhibits/0001592386/0001047469-15-002610_a2223212zex-10_17.htm,100812,"[UNIT VESTING,] EQUITY RETENTION AND RESTRICTIVE COVENANT AGREEMENT | , 2015",false,false,true,false,0,keep,'tax receivable agreement' phrase present in body
data/edgar-query/exhibits/0001592386/0001047469-15-002610_a2223212zex-10_18.htm,86581,"UNIT VESTING, EQUITY RETENTION AND RESTRICTIVE COVENANT AGREEMENT | , 2015",false,false,true,false,0,keep,'tax receivable agreement' phrase present in body
data/edgar-query/exhibits/0001592386/0001047469-15-002610_a2223212zex-10_6.htm,246697,"TAX RECEIVABLE AGREEMENT (non-SLP EXCHANGES) | VIRTU FINANCIAL, INC., | THE PERSONS NAMED HEREIN | Dated as of [ ], 2015",true,false,true,false,7,keep,centered title contains 'tax receivable agreement'
data/edgar-query/exhibits/0001592386/0001047469-15-002610_a2223212zex-10_7.htm,267458,"TAX RECEIVABLE AGREEMENT (MERGERS) | VIRTU FINANCIAL, INC., | SLP III EW FEEDER I, L.P. | HAVELOCK FUND INVESTMENTS PTE LTD. | Dated as of [ ], 2015",true,false,true,false,7,keep,centered title contains 'tax receivable agreement'
data/edgar-query/exhibits/0001592386/0001047469-15-002610_a2223212zex-10_8.htm,246177,"TAX RECEIVABLE AGREEMENT (SLP EXCHANGES) | VIRTU FINANCIAL, INC., | THE PERSONS NAMED HEREIN | Dated as of [ ], 2015",true,false,true,false,7,keep,centered title contains 'tax receivable agreement'
data/edgar-query/exhibits/0001592386/0001047469-15-002610_a2223212zex-10_9.htm,602705,"THIRD AMENDED AND RESTATED | LIMITED LIABILITY COMPANY AGREEMENT | VIRTU FINANCIAL LLC | Dated as of [ ], 2015",false,true,true,false,0,keep,'tax receivable agreement' phrase present in body
data/edgar-query/exhibits/0001592386/0001047469-15-003193_a2224040zex-10_6.htm,253269,"TAX RECEIVABLE AGREEMENT (non-SLP EXCHANGES) | VIRTU FINANCIAL, INC., | THE PERSONS NAMED HEREIN | Dated as of [ ], 2015",true,false,true,false,7,keep,centered title contains 'tax receivable agreement'
data/edgar-query/exhibits/0001592386/0001047469-15-003193_a2224040zex-10_7.htm,249817,"TAX RECEIVABLE AGREEMENT (MERGERS) | VIRTU FINANCIAL, INC., | SLP III EW FEEDER I, L.P. | HAVELOCK FUND INVESTMENTS PTE LTD. | Dated as of [ ], 2015",true,false,true,false,7,keep,centered title contains 'tax receivable agreement'
data/edgar-query/exhibits/0001592386/0001047469-15-003193_a2224040zex-10_8.htm,244311,"TAX RECEIVABLE AGREEMENT (SLP EXCHANGES) | VIRTU FINANCIAL, INC., | THE PERSONS NAMED HEREIN | Dated as of [ ], 2015",true,false,true,false,7,keep,centered title contains 'tax receivable agreement'
data/edgar-query/exhibits/0001592386/0001104659-15-042100_a15-8228_1ex10d3.htm,198795,EXCHANGE AGREEMENT,false,true,true,false,0,keep,'tax receivable agreement' phrase present in body
data/edgar-query/exhibits/0001592386/0001104659-15-042100_a15-8228_1ex10d5.htm,287688,"TAX RECEIVABLE AGREEMENT (non-SLP EXCHANGES) | VIRTU FINANCIAL, INC., | THE PERSONS NAMED HEREIN | Dated as of April 15, 2015",true,false,true,false,7,keep,centered title contains 'tax receivable agreement'
data/edgar-query/exhibits/0001592386/0001104659-15-042100_a15-8228_1ex10d6.htm,273031,"TAX RECEIVABLE AGREEMENT (MERGERS) | VIRTU FINANCIAL, INC., | SLP III EW FEEDER I, L.P. | HAVELOCK FUND INVESTMENTS PTE LTD. | Dated as of April 15, 2015",true,false,true,false,7,keep,centered title contains 'tax receivable agreement'
data/edgar-query/exhibits/0001592386/0001104659-15-042100_a15-8228_1ex10d7.htm,254326,"TAX RECEIVABLE AGREEMENT (SLP EXCHANGES) | VIRTU FINANCIAL, INC., | THE PERSONS NAMED HEREIN | Dated as of April 15, 2015",true,false,true,false,7,keep,centered title contains 'tax receivable agreement'
data/edgar-query/exhibits/0001592386/0001104659-15-042100_a15-8228_1ex10d8.htm,827413,"THIRD AMENDED AND RESTATED | LIMITED LIABILITY COMPANY AGREEMENT | VIRTU FINANCIAL LLC | Dated as of April 15, 2015",false,true,true,false,0,keep,'tax receivable agreement' phrase present in body
data/edgar-query/exhibits/0001592386/0001104659-15-042100_a15-8228_1ex10d9.htm,536419,"AMENDED AND RESTATED LIMITED LIABILITY COMPANY AGREEMENT | VIRTU EMPLOYEE HOLDCO LLC | Dated as of April 15, 2015",false,true,true,false,0,keep,'tax receivable agreement' phrase present in body
data/edgar-query/exhibits/0001592386/0001104659-17-037232_a17-14679_1ex10d1.htm,23726,1,false,false,true,false,0,keep,'tax receivable agreement' phrase present in body
data/edgar-query/exhibits/0001594466/0000950123-14-000580_filename3.htm,254445,"FIRST AMENDED AND RESTATED | LIMITED LIABILITY COMPANY AGREEMENT | PARSLEY ENERGY, LLC | DATED AS OF [ ], 2014",false,true,true,false,0,keep,'tax receivable agreement' phrase present in body
data/edgar-query/exhibits/0001594466/0001193125-14-140752_d644323dex104.htm,104006,"FORM OF TAX RECEIVABLE AGREEMENT | PARSLEY ENERGY, INC., | PARSLEY ENERGY, LLC, | CERTAIN MEMBERS OF PARSLEY ENERGY, LLC, | [AGENT] | DATED AS OF [•], 2014",true,false,true,false,7,keep,centered title contains 'tax receivable agreement'
data/edgar-query/exhibits/0001594466/0001193125-14-140752_d644323dex105.htm,238253,"FORM OF FIRST AMENDED AND RESTATED | LIMITED LIABILITY COMPANY AGREEMENT | PARSLEY ENERGY, LLC | DATED AS OF [ ], 2014",false,true,true,false,0,keep,'tax receivable agreement' phrase present in body
data/edgar-query/exhibits/0001594466/0001193125-14-181256_d644323dex104.htm,104300,"FORM OF TAX RECEIVABLE AGREEMENT | PARSLEY ENERGY, INC., | PARSLEY ENERGY, LLC, | CERTAIN MEMBERS OF PARSLEY ENERGY, LLC, | [AGENT] | DATED AS OF [•], 2014",true,false,true,false,7,keep,centered title contains 'tax receivable agreement'
data/edgar-query/exhibits/0001594466/0001193125-14-194190_d644323dex1019.htm,71999,"FIFTH AMENDMENT | AMENDED AND RESTATED CREDIT AGREEMENT | Dated as of May 9, 2014 | PARSLEY ENERGY, L.P., | as Borrower, | PARSLEY ENERGY MANAGEMENT, LLC, | as General Partner, | PARSLEY ENERGY, LLC, | as Parent, | WELLS FARGO BANK, NATIONAL ASSOCIATION, | as Administrative Agent, | JPMORGAN CHASE B",false,true,true,false,1,keep,'tax receivable agreement' phrase present in body
data/edgar-query/exhibits/0001594466/0001193125-14-225854_d736716dex101.htm,367896,"FIRST AMENDED AND RESTATED | LIMITED LIABILITY COMPANY AGREEMENT | PARSLEY ENERGY, LLC | DATED AS OF MAY 29, 2014",false,true,true,false,0,keep,'tax receivable agreement' phrase present in body
data/edgar-query/exhibits/0001594466/0001193125-14-225854_d736716dex102.htm,117714,"TAX RECEIVABLE AGREEMENT | PARSLEY ENERGY, INC., | CERTAIN MEMBERS OF PARSLEY ENERGY, LLC, | BRYAN SHEFFIELD | DATED AS OF MAY 29, 2014",true,false,true,false,7,keep,centered title contains 'tax receivable agreement'
data/edgar-query/exhibits/0001594466/0001193125-17-130657_d374474dex101.htm,281612,"SECOND AMENDED AND RESTATED | LIMITED LIABILITY COMPANY AGREEMENT | PARSLEY ENERGY, LLC | DATED AS OF APRIL 20, 2017",false,true,true,false,0,keep,'tax receivable agreement' phrase present in body
data/edgar-query/exhibits/0001594466/0001193125-19-052013_d715300dex101.htm,295311,"THIRD AMENDED AND RESTATED | LIMITED LIABILITY COMPANY AGREEMENT | PARSLEY ENERGY, LLC | DATED AS OF FEBRUARY 20, 2019",false,true,true,false,0,keep,'tax receivable agreement' phrase present in body
data/edgar-query/exhibits/0001594466/0001193125-20-273256_d71669dex101.htm,32565,TAX RECEIVABLE AGREEMENT AMENDMENT,true,false,true,false,1,keep,centered title contains 'tax receivable agreement'
data/edgar-query/exhibits/0001594466/0001594466-19-000087_parsley-fourthamendedresta.htm,441844,"FOURTH AMENDED AND RESTATED | LIMITED LIABILITY COMPANY AGREEMENT | PARSLEY ENERGY, LLC | DATED AS OF JULY 22, 2019",false,true,true,false,0,keep,'tax receivable agreement' phrase present in body
data/edgar-query/exhibits/0001596967/0000912057-14-000065_filename11.htm,177008,TAX RECEIVABLE AGREEMENT,true,false,true,false,7,keep,centered title contains 'tax receivable agreement'
data/edgar-query/exhibits/0001596967/0000950170-24-018791_mc-ex10_11.htm,32201,FIRST AMENDMENT TO THE | TAX RECEIVABLE AGREEMENT,true,false,true,false,1,keep,centered title contains 'tax receivable agreement'
data/edgar-query/exhibits/0001596967/0000950170-24-018791_mc-ex10_7.htm,232291,MOELIS & COMPANY GROUP LP | PERFORMANCE-BASED VESTING AGREEMENT,false,false,true,false,0,keep,'tax receivable agreement' phrase present in body
data/edgar-query/exhibits/0001596967/0001047469-14-001758_a2218542zex-10_7.htm,177010,TAX RECEIVABLE AGREEMENT,true,false,true,false,7,keep,centered title contains 'tax receivable agreement'
data/edgar-query/exhibits/0001596967/0001047469-14-003406_a2219289zex-10_7.htm,211394,TAX RECEIVABLE AGREEMENT,true,false,true,false,7,keep,centered title contains 'tax receivable agreement'
data/edgar-query/exhibits/0001596967/0001104659-14-029215_a14-10912_1ex10d3.htm,211795,TAX RECEIVABLE AGREEMENT,true,false,true,false,7,keep,centered title contains 'tax receivable agreement'
data/edgar-query/exhibits/0001596967/0001193125-25-137453_d10407dex103.htm,94088,MOELIS & COMPANY GROUP EMPLOYEE HOLDINGS LP | PERFORMANCE-BASED VESTING AGREEMENT,false,false,true,false,0,keep,'tax receivable agreement' phrase present in body
data/edgar-query/exhibits/0001597033/0001193125-14-100227_d652688dex1044.htm,145847,"INCOME TAX RECEIVABLE AGREEMENT | [ ], 2014 | Sabre Corporation | Sovereign Manager Co-Invest, LLC | -i-",true,false,true,true,4,keep,centered title contains 'tax receivable agreement'
data/edgar-query/exhibits/0001597033/0001193125-14-155070_d714044dex101.htm,142606,"INCOME TAX RECEIVABLE AGREEMENT | April 23, 2014 | Sabre Corporation | Sovereign Manager Co-Invest, LLC",true,false,true,true,4,keep,centered title contains 'tax receivable agreement'
data/edgar-query/exhibits/0001597033/0001597033-20-000026_exhibit1078paymentandt.htm,21008,[ Signature page follows ],false,false,true,true,2,keep,'tax receivable agreement' phrase present in body
data/edgar-query/exhibits/0001599489/0001104659-21-000302_tm2039559d1_ex10-1.htm,44500,ASSIGNMENT AND TERMINATION AGREEMENT,false,false,true,false,0,keep,'tax receivable agreement' phrase present in body
data/edgar-query/exhibits/0001599489/0001193125-14-054268_d668968dex104.htm,103408,"FORM OF TAX RECEIVABLE AGREEMENT | XPEDX HOLDING COMPANY | UWW HOLDINGS, LLC | Dated as of [ ]",true,false,true,false,3,keep,centered title contains 'tax receivable agreement'
data/edgar-query/exhibits/0001599489/0001193125-14-054268_d668968dex105.htm,195200,"TAX MATTERS AGREEMENT | BY AND AMONG INTERNATIONAL PAPER COMPANY, | XPEDX HOLDING COMPANY | UWW HOLDINGS, INC. | DATED AS OF JANUARY 28, 2014",false,false,true,false,1,keep,'tax receivable agreement' phrase present in body
data/edgar-query/exhibits/0001599489/0001193125-14-054268_d668968dex106.htm,223941,"BANK OF AMERICA, N.A. | MERRILL LYNCH, PIERCE, | FENNER & SMITH | INCORPORATED | One Bryant Park | New York, New York 10036 | WELLS FARGO BANK, N.A. | 2450 Colorado Boulevard | Suite 3000 West | Santa Monica, California 90404 | SUNTRUST BANK | 303 Peachtree Street | Atlanta, Georgia 30308 | SUNTRUST",false,false,true,false,0,keep,'tax receivable agreement' phrase present in body
data/edgar-query/exhibits/0001599489/0001193125-14-226512_d668968dex1013.htm,100665,"FORM OF TAX RECEIVABLE AGREEMENT | XPEDX HOLDING COMPANY | UWW HOLDINGS, LLC | Dated as of [ ]",true,false,true,false,3,keep,centered title contains 'tax receivable agreement'
data/edgar-query/exhibits/0001599489/0001193125-14-259659_d750071dex105.htm,100539,"TAX RECEIVABLE AGREEMENT | VERITIV CORPORATION | UWW HOLDINGS, LLC | Dated as of July 1, 2014",true,false,true,false,3,keep,centered title contains 'tax receivable agreement'
data/edgar-query/exhibits/0001599489/0001599489-20-000011_amendmentno1totra042820.htm,6669,"",false,false,true,false,2,keep,'tax receivable agreement' phrase present in body
data/edgar-query/exhibits/0001601758/0001047469-14-005861_a2220546zex-10_1.htm,427299,"SECOND AMENDED AND RESTATED | LIMITED LIABILITY COMPANY AGREEMENT | WOODSIDE HOMES COMPANY, LLC | Dated as of [ ], 2014",false,true,true,false,0,keep,'tax receivable agreement' phrase present in body
data/edgar-query/exhibits/0001601758/0001047469-14-005861_a2220546zex-10_3.htm,158039,EXCHANGE AGREEMENT,false,true,true,false,0,keep,'tax receivable agreement' phrase present in body
data/edgar-query/exhibits/0001601758/0001047469-14-005861_a2220546zex-10_5.htm,192695,FORM OF TAX RECEIVABLE AGREEMENT,true,false,true,false,6,keep,centered title contains 'tax receivable agreement'
data/edgar-query/exhibits/0001601758/0001047469-14-007122_a2220762zex-10_1.htm,411029,"SECOND AMENDED AND RESTATED | LIMITED LIABILITY COMPANY AGREEMENT | WOODSIDE HOMES COMPANY, LLC | Dated as of [ ], 2014",false,true,true,false,0,keep,'tax receivable agreement' phrase present in body
data/edgar-query/exhibits/0001602367/0001047469-14-005528_a2220427zex-10_1.htm,192661,"TAX RECEIVABLE AGREEMENT | ADEPTUS HEALTH INC. | THE PERSONS NAMED HEREIN | Dated as of [ ], 2014",true,false,true,false,7,keep,centered title contains 'tax receivable agreement'
data/edgar-query/exhibits/0001602367/0001047469-14-005528_a2220427zex-10_14.htm,128275,FORM OF AMENDED AND RESTATED RESTRICTED UNITS AGREEMENT,false,false,true,false,0,keep,'tax receivable agreement' phrase present in body
data/edgar-query/exhibits/0001602367/0001047469-14-005528_a2220427zex-10_16.htm,99300,FORM OF AGREEMENT AND PLAN OF MERGER,false,false,true,false,0,keep,'tax receivable agreement' phrase present in body
data/edgar-query/exhibits/0001602367/0001047469-14-005528_a2220427zex-10_19.htm,1504935,SECOND AMENDMENT TO CREDIT AGREEMENT AND FIRST AMENDMENT TO SECURITY AND PLEDGE AGREEMENT,false,true,true,false,0,keep,'tax receivable agreement' phrase present in body
data/edgar-query/exhibits/0001602367/0001047469-14-005528_a2220427zex-10_7.htm,296475,"AMENDED AND RESTATED LIMITED LIABILITY COMPANY AGREEMENT | ADEPTUS HEALTH LLC | [ ], 2014",false,true,true,false,0,keep,'tax receivable agreement' phrase present in body
data/edgar-query/exhibits/0001602367/0001104659-14-049401_a14-16257_1ex10d1.htm,386080,"AMENDED AND RESTATED LIMITED LIABILITY COMPANY AGREEMENT | ADEPTUS HEALTH LLC | June 24, 2014",false,true,true,false,0,keep,'tax receivable agreement' phrase present in body
data/edgar-query/exhibits/0001602367/0001104659-14-049401_a14-16257_1ex10d3.htm,264677,"TAX RECEIVABLE AGREEMENT | ADEPTUS HEALTH INC. | THE PERSONS NAMED HEREIN | Dated as of June 25, 2014",true,false,true,false,7,keep,centered title contains 'tax receivable agreement'
data/edgar-query/exhibits/0001602367/0001104659-14-049401_a14-16257_1ex10d5.htm,103264,AGREEMENT AND PLAN OF MERGER,false,false,true,false,0,keep,'tax receivable agreement' phrase present in body
data/edgar-query/exhibits/0001602367/0001104659-15-070139_a15-20920_1ex10d1.htm,1559165,"CREDIT AGREEMENT | Dated as of October 6, 2015 | FIRST CHOICE ER, LLC, | as the Borrower, | ADEPTUS HEALTH LLC, | CERTAIN OF ITS SUBSIDIARIES PARTY HERETO, | as the Guarantors, | BANK OF AMERICA, N.A., | as Administrative Agent, Swing Line Lender and L/C Issuer | THE LENDERS PARTY HERETO | BANK OF M",false,true,true,false,1,keep,'tax receivable agreement' phrase present in body
data/edgar-query/exhibits/0001604416/0001104659-16-127383_a16-13346_1ex10d1.htm,197650,"TAX RECEIVABLE AGREEMENT | WL ROSS HOLDING CORP., | CERTAIN OTHER PERSONS NAMED HEREIN, | AGENT | DATED AS OF JUNE 9, 2016",true,false,true,false,7,keep,centered title contains 'tax receivable agreement'
data/edgar-query/exhibits/0001604416/0001104659-16-127383_a16-13346_1ex10d2.htm,55416,"JOINDER AGREEMENT | June [ ], 2016",false,false,true,false,0,keep,'tax receivable agreement' phrase present in body
data/edgar-query/exhibits/0001604416/0001104659-16-127383_a16-13346_1ex10d3.htm,2931882,"CREDIT AGREEMENT | Dated as of June 9, 2016 | NEON FINANCE COMPANY LLC | (to be merged with and into NEXEO SOLUTIONS, LLC), | and the other U.S. Borrowers referred to herein, | as U.S. Borrowers, and | NEXEO SOLUTIONS CANADA CORP. | as Canadian Borrower, | NEON HOLDING COMPANY LLC | (to be merged wi",false,true,true,false,0,keep,'tax receivable agreement' phrase present in body
data/edgar-query/exhibits/0001604416/0001104659-16-127383_a16-13346_1ex10d4.htm,2309575,"CREDIT AGREEMENT | Dated as of June 9, 2016 | NEON FINANCE COMPANY LLC | (to be merged with and into NEXEO SOLUTIONS, LLC), | as the Borrower, | NEON HOLDING COMPANY LLC | (to be merged with and into NEXEO SOLUTIONS HOLDINGS, LLC), as Holdings, | NEXEO SOLUTIONS SUB HOLDING CORP., as Sub Holdco | BA",false,true,true,false,0,keep,'tax receivable agreement' phrase present in body
data/edgar-query/exhibits/0001604416/0001144204-16-089622_v434869_ex10-2.htm,150009,"TAX RECEIVABLE AGREEMENT | WL ROSS HOLDING CORP., | CERTAIN OTHER PERSONS NAMED HEREIN, | AGENT | DATED AS OF [●] | TAX RECEIVABLE AGREEMENT",true,false,true,false,7,keep,centered title contains 'tax receivable agreement'
data/edgar-query/exhibits/0001604416/0001144204-16-089623_v434869_ex10-2.htm,150009,"TAX RECEIVABLE AGREEMENT | WL ROSS HOLDING CORP., | CERTAIN OTHER PERSONS NAMED HEREIN, | AGENT | DATED AS OF [●] | TAX RECEIVABLE AGREEMENT",true,false,true,false,7,keep,centered title contains 'tax receivable agreement'
data/edgar-query/exhibits/0001604416/0001193125-18-276580_d620013dex101.htm,46296,TAX RECEIVABLE TERMINATION AND SETTLEMENT AGREEMENT,false,false,true,false,0,keep,'tax receivable agreement' phrase present in body
data/edgar-query/exhibits/0001604416/0001193125-18-276582_d620013dex101.htm,46296,TAX RECEIVABLE TERMINATION AND SETTLEMENT AGREEMENT,false,false,true,false,0,keep,'tax receivable agreement' phrase present in body
data/edgar-query/exhibits/0001604416/0001628280-17-002796_ex101termloanamendmentno.htm,797879,"Execution Version 1 AMENDMENT NO. 1, dated as of March 22, 2017 (this “Amendment”), to the Credit Agreement, dated as of June 9, 2016, by and among NEXEO SOLUTIONS, LLC, a Del- aware limited liability company (as successor to Neon Finance Company LLC) (the “Borrow- er”), NEXEO SOLUTIONS HOLDINGS, LL",false,true,true,false,0,keep,'tax receivable agreement' phrase present in body
data/edgar-query/exhibits/0001604416/0001628280-17-012416_ex101termloanamendmentno.htm,828293,"EXECUTION VERSION 1 AMENDMENT NO. 2, dated as of December 19, 2017 (this “Amendment”), to the Credit Agreement, dated as of June 9, 2016, by and among NEXEO SOLUTIONS, LLC, a Delaware limited liability company (as successor to Neon Finance Company LLC) (the “Borrower”), NEXEO SOLUTIONS HOLDINGS, LLC",false,true,true,false,0,keep,'tax receivable agreement' phrase present in body
data/edgar-query/exhibits/0001606268/0001193125-14-253831_d699121dex102.htm,942592,"CREDIT AGREEMENT | SPARK ENERGY, INC., | as Parent, | SPARK HOLDCO, LLC, | SPARK ENERGY, LLC, | SPARK ENERGY GAS, LLC, | as Co-Borrowers, | SOCIÉTÉ GÉNÉRALE, | as Administrative Agent, an Issuing Bank and a Bank, | SG AMERICAS SECURITIES, LLC, | as Sole Lead Arranger and Sole Bookrunner, | NATIXIS, ",false,true,true,false,0,keep,'tax receivable agreement' phrase present in body
data/edgar-query/exhibits/0001606268/0001193125-14-253831_d699121dex106.htm,116048,"TAX RECEIVABLE AGREEMENT | SPARK ENERGY, INC., | SPARK HOLDCO, LLC, | CERTAIN MEMBERS OF SPARK HOLDCO, LLC, | W. KEITH MAXWELL III | DATED AS OF [ — ], 2014",true,false,true,false,7,keep,centered title contains 'tax receivable agreement'
data/edgar-query/exhibits/0001606268/0001193125-14-253831_d699121dex107.htm,241670,"SECOND AMENDED AND RESTATED | LIMITED LIABILITY COMPANY AGREEMENT | SPARK HOLDCO, LLC | DATED AS OF [ ], 2014",false,true,true,false,0,keep,'tax receivable agreement' phrase present in body
data/edgar-query/exhibits/0001606268/0001193125-14-293754_d768423dex101.htm,964373,"CREDIT AGREEMENT | SPARK ENERGY, INC., | as Parent, | SPARK HOLDCO, LLC, | SPARK ENERGY, LLC, | SPARK ENERGY GAS, LLC, | as Co-Borrowers, | SOCIÉTÉ GÉNÉRALE, | as Administrative Agent, an Issuing Bank and a Bank, | SG AMERICAS SECURITIES, LLC, | as Sole Lead Arranger and Sole Bookrunner, | NATIXIS, ",false,true,true,false,0,keep,'tax receivable agreement' phrase present in body
data/edgar-query/exhibits/0001606268/0001193125-14-293754_d768423dex102.htm,141377,"TAX RECEIVABLE AGREEMENT | SPARK ENERGY, INC., | SPARK HOLDCO, LLC, | CERTAIN MEMBERS OF SPARK HOLDCO, LLC, | W. KEITH MAXWELL III | DATED AS OF AUGUST 1, 2014",true,false,true,false,7,keep,centered title contains 'tax receivable agreement'
data/edgar-query/exhibits/0001606268/0001193125-14-293754_d768423dex103.htm,236279,"SECOND AMENDED AND RESTATED | LIMITED LIABILITY COMPANY AGREEMENT | SPARK HOLDCO, LLC | DATED AS OF AUGUST 1, 2014",false,true,true,false,0,keep,'tax receivable agreement' phrase present in body
data/edgar-query/exhibits/0001606268/0001606268-15-000106_creditagreementjuly2015.htm,1653225,"AMENDED AND RESTATED CREDIT AGREEMENT | SPARK ENERGY, INC., as Parent, | SPARK HOLDCO, LLC, SPARK ENERGY, LLC, SPARK ENERGY GAS, LLC, CENSTAR ENERGY CORP, | CENSTAR OPERATING COMPANY, LLC, as Co-Borrowers, | SOCIÉTÉ GÉNÉRALE, as Administrative Agent, an Issuing Bank and a Bank, | SG AMERICAS SECURIT",false,true,true,false,0,keep,'tax receivable agreement' phrase present in body
data/edgar-query/exhibits/0001606268/0001606268-16-000225_a103amendment_nox2xtoxcred.htm,60692,AMENDMENT NO. 2,false,false,true,false,0,keep,'tax receivable agreement' phrase present in body
data/edgar-query/exhibits/0001606268/0001606268-16-000312_exhibit102amendment_nox4xt.htm,1672761,AMENDMENT NO. 4,false,false,true,false,0,keep,'tax receivable agreement' phrase present in body
data/edgar-query/exhibits/0001606268/0001606268-17-000045_sparkenergyllcagreementex1.htm,386193,"THIRD AMENDED AND RESTATED | LIMITED LIABILITY COMPANY AGREEMENT | SPARK HOLDCO, LLC | DATED AS OF MARCH 15, 2017",false,true,true,false,0,keep,'tax receivable agreement' phrase present in body
data/edgar-query/exhibits/0001606268/0001606268-17-000065_sparkholdcocreditagreement.htm,2605778,"CREDIT AGREEMENT | SPARK ENERGY, INC., as Parent, | SPARK HOLDCO, LLC, SPARK ENERGY, LLC, SPARK ENERGY GAS, LLC, CENSTAR ENERGY CORP, CENSTAR OPERATING COMPANY, LLC, OASIS POWER, LLC, OASIS POWER HOLDINGS, LLC, | ELECTRICITY MAINE, LLC, | ELECTRICITY N.H., LLC, | PROVIDER POWER MASS, LLC, MAJOR ENER",false,true,true,false,0,keep,'tax receivable agreement' phrase present in body
data/edgar-query/exhibits/0001606268/0001606268-19-000089_traterminationagreement.htm,68225,TRA TERMINATION AND RELEASE AGREEMENT,false,false,true,false,1,keep,'tax receivable agreement' phrase present in body
data/edgar-query/exhibits/0001606268/0001606268-22-000008_a106amendmentno5.htm,1512490,AMENDMENT NO. 5,false,false,true,false,0,keep,'tax receivable agreement' phrase present in body
data/edgar-query/exhibits/0001606268/0001606268-24-000032_amendmentno3tothirdarllcag.htm,57820,"AMENDMENT NO. 3 TO THIRD AMENDED AND RESTATED LIMITED LIABILITY COMPANY AGREEMENT OF SPARK HOLDCO, LLC",false,true,true,false,0,keep,'tax receivable agreement' phrase present in body
data/edgar-query/exhibits/0001606366/0001193125-14-267807_d714963dex1013.htm,104132,"FORM OF INCOME TAX RECEIVABLE AGREEMENT | Dated as of [ ], 2014",true,false,true,true,4,keep,centered title contains 'tax receivable agreement'
data/edgar-query/exhibits/0001606366/0001193125-14-275282_d714963dex102.htm,134057,AMENDMENT NO. 1 TO | FIRST LIEN CREDIT AGREEMENT,false,true,true,true,0,keep,'tax receivable agreement' phrase present in body
data/edgar-query/exhibits/0001606366/0001193125-14-403640_d809146dex101.htm,103679,"INCOME TAX RECEIVABLE AGREEMENT | Dated as of July 30, 2014",true,false,true,true,4,keep,centered title contains 'tax receivable agreement'
data/edgar-query/exhibits/0001606366/0001193125-14-443996_d838272dex101.htm,1002781,"CREDIT AGREEMENT | Dated as of December 11, 2014 | EL POLLO LOCO, INC., | as the Borrower, | EL POLLO LOCO HOLDINGS, INC., | CERTAIN SUBSIDIARIES OF HOLDINGS PARTY HERETO, | as the Guarantors, | BANK OF AMERICA, N.A., | as Administrative Agent, Swingline Lender and L/C Issuer, | WELLS FARGO BANK, NA",false,true,true,true,0,keep,'tax receivable agreement' phrase present in body
data/edgar-query/exhibits/0001606366/0001558370-22-011677_loco-20220802xex10d1.htm,2101398,"​ | CREDIT AGREEMENT | Dated as of July 27, 2022 | ​ | ​ | EL POLLO LOCO, INC., | as the Borrower, | ​ | EL POLLO LOCO HOLDINGS, INC., | CERTAIN SUBSIDIARIES OF HOLDINGS PARTY HERETO, | as the Guarantors, | ​ | BANK OF AMERICA, N.A., | as Administrative Agent, Swingline Lender and L/C Issuer, | ​ | ",false,true,true,true,0,keep,'tax receivable agreement' phrase present in body
data/edgar-query/exhibits/0001609711/0001193125-15-042658_d728713dex101.htm,87961,"REORGANIZATION AGREEMENT | GODADDY INC., | DESERT NEWCO, LLC | THE OTHER PARTIES NAMED HEREIN | Dated as of [ ], 2015",false,false,true,false,0,keep,'tax receivable agreement' phrase present in body
data/edgar-query/exhibits/0001609711/0001193125-15-042658_d728713dex102.htm,285430,"SECOND AMENDED AND RESTATED | LIMITED LIABILITY COMPANY AGREEMENT | DESERT NEWCO, LLC | A DELAWARE LIMITED LIABILITY COMPANY | Dated as of [ ], 2015",false,true,true,false,0,keep,'tax receivable agreement' phrase present in body
data/edgar-query/exhibits/0001609711/0001193125-15-042658_d728713dex103.htm,172902,"STOCKHOLDER AGREEMENT | GODADDY INC., | DESERT NEWCO, LLC | THE OTHER PARTIES NAMED HEREIN | Dated as of [ ], 2015",false,true,true,false,0,keep,'tax receivable agreement' phrase present in body
data/edgar-query/exhibits/0001609711/0001193125-15-042658_d728713dex104.htm,143213,"TAX RECEIVABLE AGREEMENT (EXCHANGES) | GODADDY INC. | THE PERSONS NAMED HEREIN | Dated as of [ ], 2015",true,false,true,false,6,keep,centered title contains 'tax receivable agreement'
data/edgar-query/exhibits/0001609711/0001193125-15-042658_d728713dex105.htm,139355,"TAX RECEIVABLE AGREEMENT ([ ] 1 REORGANIZATION) | GODADDY INC., | [ ] | [ ] | Dated as of [ ], 2015",true,false,true,false,6,keep,centered title contains 'tax receivable agreement'
data/edgar-query/exhibits/0001609711/0001193125-15-042658_d728713dex106.htm,88734,EXCHANGE AGREEMENT,false,true,true,false,0,keep,'tax receivable agreement' phrase present in body
data/edgar-query/exhibits/0001609711/0001193125-15-050384_d728713dex1014.htm,1364840,AMENDMENT NO. 4 TO CREDIT AGREEMENT,false,true,true,false,0,keep,'tax receivable agreement' phrase present in body
data/edgar-query/exhibits/0001609711/0001193125-15-060244_d728713dex102.htm,281694,"SECOND AMENDED AND RESTATED | LIMITED LIABILITY COMPANY AGREEMENT | DESERT NEWCO, LLC | A DELAWARE LIMITED LIABILITY COMPANY | Dated as of [ ], 2015",false,true,true,false,0,keep,'tax receivable agreement' phrase present in body
data/edgar-query/exhibits/0001609711/0001193125-15-060244_d728713dex103.htm,173253,"STOCKHOLDER AGREEMENT | GODADDY INC., | DESERT NEWCO, LLC | THE OTHER PARTIES NAMED HEREIN | Dated as of [ ], 2015",false,true,true,false,0,keep,'tax receivable agreement' phrase present in body
data/edgar-query/exhibits/0001609711/0001193125-15-120133_d903539dex101.htm,364047,"THIRD AMENDED AND RESTATED | LIMITED LIABILITY COMPANY AGREEMENT | DESERT NEWCO, LLC | A DELAWARE LIMITED LIABILITY COMPANY | Dated as of March 31, 2015",false,true,true,false,0,keep,'tax receivable agreement' phrase present in body
data/edgar-query/exhibits/0001609711/0001193125-15-120133_d903539dex102.htm,111777,EXCHANGE AGREEMENT,false,true,true,false,0,keep,'tax receivable agreement' phrase present in body
data/edgar-query/exhibits/0001609711/0001193125-15-120133_d903539dex104.htm,206975,"STOCKHOLDER AGREEMENT | GODADDY INC., | DESERT NEWCO, LLC | THE OTHER PARTIES NAMED HEREIN | Dated as of March 31, 2015",false,true,true,false,0,keep,'tax receivable agreement' phrase present in body
data/edgar-query/exhibits/0001609711/0001193125-15-120133_d903539dex105.htm,167972,"TAX RECEIVABLE AGREEMENT (EXCHANGES) | GODADDY INC. | THE PERSONS NAMED HEREIN | Dated as of March 31, 2015",true,false,true,false,6,keep,centered title contains 'tax receivable agreement'
data/edgar-query/exhibits/0001609711/0001193125-15-120133_d903539dex106.htm,142164,"TAX RECEIVABLE AGREEMENT (KKR CO-INVEST REORGANIZATION) | GODADDY INC., | GDG CO-INVEST BLOCKER L.P. | Dated as of March 31, 2015",true,false,true,false,6,keep,centered title contains 'tax receivable agreement'
data/edgar-query/exhibits/0001609711/0001193125-15-120133_d903539dex107.htm,142178,"TAX RECEIVABLE AGREEMENT (KKR REORGANIZATION) | GODADDY INC. | KKR 2006 GDG BLOCKER L.P. | Dated as of March 31, 2015",true,false,true,false,6,keep,centered title contains 'tax receivable agreement'
data/edgar-query/exhibits/0001609711/0001193125-15-120133_d903539dex108.htm,142018,"TAX RECEIVABLE AGREEMENT (SLP REORGANIZATION) | GODADDY INC., | SLP III KINGDOM FEEDER I, L.P. | Dated as of March 31, 2015",true,false,true,false,6,keep,centered title contains 'tax receivable agreement'
data/edgar-query/exhibits/0001609711/0001193125-15-120133_d903539dex109.htm,139679,"TAX RECEIVABLE AGREEMENT (TCV REORGANIZATION) | GODADDY INC., | TCV VII (A) L.P. | Dated as of March 31, 2015",true,false,true,false,6,keep,centered title contains 'tax receivable agreement'
data/edgar-query/exhibits/0001609711/0001609711-17-000029_ex101-creditagreement.htm,2776632,AMENDMENT NO. 5 TO CREDIT AGREEMENT,false,true,true,false,0,keep,'tax receivable agreement' phrase present in body
data/edgar-query/exhibits/0001609711/0001609711-17-000070_a101bridgeloanagreement.htm,1433517,"BRIDGE CREDIT AGREEMENT | dated as of April 3, 2017 among DESERT NEWCO, LLC, as Holdings, GD FINANCE CO, INC., as the Borrower, The Several Lenders from Time to Time Parties Hereto, BARCLAYS BANK PLC, as the Administrative Agent and a Lender, | and BARCLAYS BANK PLC, DEUTSCHE BANK SECURITIES INC., C",false,true,true,false,0,keep,'tax receivable agreement' phrase present in body
data/edgar-query/exhibits/0001609711/0001609711-20-000105_exhibit101-traexchange.htm,92392,AMENDMENT NO. 1 TO | THE TAX RECEIVABLE AGREEMENT (EXCHANGES),true,false,true,false,0,keep,centered title contains 'tax receivable agreement'
data/edgar-query/exhibits/0001609711/0001609711-20-000105_exhibit102-traexchange.htm,117863,TRA (EXCHANGES) TERMINATION AND RELEASE AGREEMENT,false,false,true,false,0,keep,'tax receivable agreement' phrase present in body
data/edgar-query/exhibits/0001609711/0001609711-20-000105_exhibit103-trakkrreorg.htm,58522,TRA (KKR REORGANIZATION) TERMINATION AND RELEASE AGREEMENT,false,false,true,false,1,keep,'tax receivable agreement' phrase present in body
data/edgar-query/exhibits/0001609711/0001609711-20-000105_exhibit104-trakkrcoxin.htm,57610,TRA (KKR CO-INVEST REORGANIZATION) TERMINATION AND RELEASE AGREEMENT,false,false,true,false,1,keep,'tax receivable agreement' phrase present in body
data/edgar-query/exhibits/0001609711/0001609711-20-000105_exhibit105-traslpreorg.htm,62132,TRA (SLP REORGANIZATION) TERMINATION AND RELEASE AGREEMENT,false,false,true,false,1,keep,'tax receivable agreement' phrase present in body
data/edgar-query/exhibits/0001609711/0001609711-20-000105_exhibit106-tratcvreorg.htm,60666,TRA (TCV REORGANIZATION) TERMINATION AND RELEASE AGREEMENT,false,false,true,false,1,keep,'tax receivable agreement' phrase present in body
data/edgar-query/exhibits/0001609711/0001609711-22-000141_godaddy-amendmentno6.htm,2739224,1,false,false,true,false,0,keep,'tax receivable agreement' phrase present in body
data/edgar-query/exhibits/0001609711/0001609711-23-000092_ex101-conformedcreditagree.htm,2409440,2,false,false,true,false,0,keep,'tax receivable agreement' phrase present in body
data/edgar-query/exhibits/0001609711/0001609711-23-000167_ex102-amendmentno9.htm,2341428,2,false,false,true,false,0,keep,'tax receivable agreement' phrase present in body
data/edgar-query/exhibits/0001609711/0001609711-24-000009_ex101-1222024.htm,2477859,2,false,false,true,false,0,keep,'tax receivable agreement' phrase present in body
data/edgar-query/exhibits/0001609711/0001609711-24-000082_ex101-53124.htm,2607957,2,false,false,true,false,0,keep,'tax receivable agreement' phrase present in body
data/edgar-query/exhibits/0001609711/0001609711-24-000205_ex101-121624.htm,2508226,2,false,false,true,false,0,keep,'tax receivable agreement' phrase present in body
data/edgar-query/exhibits/0001611110/0001144204-14-051029_v384892_ex10-10.htm,649854,"CREDIT AGREEMENT | August 14, 2014 | MEDLEY LLC, | as Borrower, | THE LENDERS PARTY HERETO | CREDIT SUISSE AG, CAYMAN ISLANDS BRANCH | as Administrative Agent and Collateral Agent | CREDIT SUISSE SECURITIES (USA) | LLC, | as Bookrunner and Lead Arranger",false,true,true,false,0,keep,'tax receivable agreement' phrase present in body
data/edgar-query/exhibits/0001611110/0001144204-14-051029_v384892_ex10-2.htm,142650,"TAX RECEIVABLE AGREEMENT among MEDLEY MANAGEMENT INC. | THE PERSONS NAMED HEREIN | Dated as of __________, 2014",true,false,true,false,7,keep,centered title contains 'tax receivable agreement'
data/edgar-query/exhibits/0001611110/0001144204-14-053884_v388111_ex10-1.htm,261882,"FOURTH AMENDED AND RESTATED | LIMITED LIABILITY COMPANY AGREEMENT | MEDLEY LLC | Dated as of _________ __, 2014",false,true,true,false,0,keep,'tax receivable agreement' phrase present in body
data/edgar-query/exhibits/0001611110/0001144204-14-053884_v388111_ex10-11.htm,603291,"CREDIT AGREEMENT | August 19, 2014 | MEDLEY LLC, | as Borrower, | THE LENDERS PARTY HERETO | CITY NATIONAL BANK, | as Administrative Agent and Collateral Agent",false,true,true,false,0,keep,'tax receivable agreement' phrase present in body
data/edgar-query/exhibits/0001611110/0001144204-14-058383_v390178_ex10-1.htm,282935,"FOURTH AMENDED AND RESTATED | LIMITED LIABILITY COMPANY AGREEMENT | MEDLEY LLC | Dated as of September 23, 2014",false,true,true,false,0,keep,'tax receivable agreement' phrase present in body
data/edgar-query/exhibits/0001611110/0001144204-14-058383_v390178_ex10-3.htm,149703,"TAX RECEIVABLE AGREEMENT | MEDLEY MANAGEMENT INC. | THE PERSONS NAMED HEREIN | Dated as of September 23, 2014",true,false,true,false,7,keep,centered title contains 'tax receivable agreement'
data/edgar-query/exhibits/0001611110/0001437749-21-014011_ex_254706.htm,169325,"FIFTH AMENDED AND RESTATED | LIMITED LIABILITY COMPANY AGREEMENT | MEDLEY LLC | Dated as of June 1, 2021",false,true,true,false,0,keep,'tax receivable agreement' phrase present in body
data/edgar-query/exhibits/0001611983/0001104659-25-067806_tm2520147d2_ex10-2.htm,110066,TAX RECEIVABLES AGREEMENT,false,false,false,false,3,keep,3 TRA-specific defined terms present
data/edgar-query/exhibits/0001611988/0001144204-14-057010_v389070_ex10-5.htm,147329,"TAX RECEIVABLE AGREEMENT | Fifth Street Asset Management Inc., | Fifth Street Holdings L.P., | Leonard M. Tannenbaum, | Bernard D. Berman and | Ivelin M. Dimitrov | dated as of September , 2014",true,false,true,false,6,keep,centered title contains 'tax receivable agreement'
data/edgar-query/exhibits/0001611988/0001144204-14-064964_v393113_ex10-3.htm,158707,"TAX RECEIVABLE AGREEMENT | Fifth Street Asset Management Inc., | Fifth Street Holdings L.P., | Leonard M. Tannenbaum, | Bernard D. Berman, | Ivelin M. Dimitrov, | Tannenbaum Family 2012 Trust, | Bernard D. Berman 2012 Trust and | FSC CT II, Inc. | dated as of October 29, 2014",true,false,true,false,6,keep,centered title contains 'tax receivable agreement'
data/edgar-query/exhibits/0001613136/0000950123-14-009354_filename8.htm,301747,"E NOVATION C ONTROLS , LLC | An Oklahoma Limited Liability Company | S ECOND A MENDED AND R ESTATED O PERATING A GREEMENT | Dated as of , 2014",false,false,true,false,1,keep,'tax receivable agreement' phrase present in body
data/edgar-query/exhibits/0001613136/0000950123-14-009354_filename9.htm,100758,TAX RECEIVABLE AGREEMENT,true,false,true,false,7,keep,centered title contains 'tax receivable agreement'
data/edgar-query/exhibits/0001613136/0001193125-14-327505_d753506dex101.htm,301774,"E NOVATION C ONTROLS , LLC | An Oklahoma Limited Liability Company | S ECOND A MENDED AND R ESTATED O PERATING A GREEMENT | Dated as of , 2014",false,false,true,false,1,keep,'tax receivable agreement' phrase present in body
data/edgar-query/exhibits/0001613136/0001193125-14-327505_d753506dex102.htm,100785,TAX RECEIVABLE AGREEMENT,true,false,true,false,7,keep,centered title contains 'tax receivable agreement'
data/edgar-query/exhibits/0001617227/0000950123-14-009344_filename7.htm,333486,"FORM OF AMENDED AND RESTATED | LIMITED LIABILITY COMPANY AGREEMENT | J. ALEXANDER’S HOLDINGS, LLC, | A DELAWARE LIMITED LIABILITY COMPANY | Dated [ ], 2014 | J. ALEXANDER’S HOLDINGS, LLC | AND THE | OTHER PARTIES HERETO",false,true,true,false,0,keep,'tax receivable agreement' phrase present in body
data/edgar-query/exhibits/0001617227/0001193125-14-385250_d776473dex101.htm,333510,"FORM OF AMENDED AND RESTATED | LIMITED LIABILITY COMPANY AGREEMENT | J. ALEXANDER’S HOLDINGS, LLC, | A DELAWARE LIMITED LIABILITY COMPANY | Dated [ ], 2014 | J. ALEXANDER’S HOLDINGS, LLC | AND THE | OTHER PARTIES HERETO",false,true,true,false,0,keep,'tax receivable agreement' phrase present in body
data/edgar-query/exhibits/0001617667/0001047469-14-009020_a2222054zex-10_1.htm,392810,"TAX RECEIVABLE AGREEMENT | NEFF CORPORATION | WAYZATA OPPORTUNITIES FUND II, L.P. | WAYZATA OPPORTUNITIES FUND OFFSHORE II, L.P. | the several LLC OPTION HOLDERS (as defined herein) | MANAGEMENT REPRESENTATIVE (as defined herein) | OTHER MEMBERS OF NEFF HOLDINGS LLC FROM TIME TO TIME PARTY HERETO | ",true,false,true,false,5,keep,centered title contains 'tax receivable agreement'
data/edgar-query/exhibits/0001617667/0001047469-14-009020_a2222054zex-10_4.htm,608472,"NEFF HOLDINGS LLC | SECOND AMENDED AND RESTATED LIMITED LIABILITY COMPANY AGREEMENT | Dated as of [ · ], 2014",false,true,true,false,0,keep,'tax receivable agreement' phrase present in body
data/edgar-query/exhibits/0001617667/0001047469-14-009020_a2222054zex-10_6.htm,678936,"EXECUTION VERSION #86469808v2 AMENDMENT NO. 1 TO SECOND LIEN CREDIT AGREEMENT This AMENDMENT NO. 1, dated as of October 14, 2014 (this “Amendment”), is entered into by and among Neff LLC, a Delaware limited liability company (“Parent”), Neff Holdings LLC, a Delaware limited liability company (“Holdi",false,true,true,false,0,keep,'tax receivable agreement' phrase present in body
data/edgar-query/exhibits/0001617667/0001047469-14-009020_a2222054zex-10_9.htm,623146,"EXECUTION VERSION AMENDMENT NO. 2 TO AMENDED AND RESTATED CREDIT AGREEMENT This AMENDMENT NO. 2, dated as of October 14, 2014 (this “Amendment”), is entered into by and among Neff LLC, a Delaware limited liability company (“Parent Borrower”), Neff Holdings LLC, a Delaware limited liability company (",false,true,true,false,0,keep,'tax receivable agreement' phrase present in body
data/edgar-query/exhibits/0001617667/0001047469-14-009175_a2222201zex-10_25.htm,154625,AMENDED AND RESTATED EMPLOYMENT AGREEMENT,false,true,true,false,0,keep,'tax receivable agreement' phrase present in body
data/edgar-query/exhibits/0001617667/0001047469-14-009175_a2222201zex-10_27.htm,161117,AMENDED AND RESTATED EMPLOYMENT AGREEMENT,false,true,true,false,0,keep,'tax receivable agreement' phrase present in body
data/edgar-query/exhibits/0001617667/0001104659-14-084462_a14-25263_1ex10d1.htm,383403,"TAX RECEIVABLE AGREEMENT | NEFF CORPORATION | WAYZATA OPPORTUNITIES FUND II, L.P. | WAYZATA OPPORTUNITIES FUND OFFSHORE II, L.P. | the several LLC OPTION HOLDERS (as defined herein) | MANAGEMENT REPRESENTATIVE (as defined herein) | OTHER MEMBERS OF NEFF HOLDINGS LLC FROM TIME TO TIME PARTY HERETO | ",true,false,true,false,5,keep,centered title contains 'tax receivable agreement'
data/edgar-query/exhibits/0001617667/0001104659-14-084462_a14-25263_1ex10d25.htm,142268,AMENDED AND RESTATED EMPLOYMENT AGREEMENT,false,true,true,false,0,keep,'tax receivable agreement' phrase present in body
data/edgar-query/exhibits/0001617667/0001104659-14-084462_a14-25263_1ex10d27.htm,144635,AMENDED AND RESTATED EMPLOYMENT AGREEMENT,false,true,true,false,0,keep,'tax receivable agreement' phrase present in body
data/edgar-query/exhibits/0001617667/0001104659-14-084462_a14-25263_1ex10d4.htm,587614,"NEFF HOLDINGS LLC | SECOND AMENDED AND RESTATED LIMITED LIABILITY COMPANY AGREEMENT | Dated as of November 26, 2014",false,true,true,false,0,keep,'tax receivable agreement' phrase present in body
data/edgar-query/exhibits/0001617667/0001104659-15-043460_a15-13545_1ex10d1.htm,70793,AMENDMENT NO. 1 TO TAX RECEIVABLE AGREEMENT,true,false,true,false,1,keep,centered title contains 'tax receivable agreement'
data/edgar-query/exhibits/0001617667/0001104659-17-045075_a17-17963_1ex10d1.htm,124278,EXCHANGE AND TERMINATION AGREEMENT,false,false,true,false,0,keep,'tax receivable agreement' phrase present in body
data/edgar-query/exhibits/0001617667/0001104659-17-045075_a17-17963_1ex10d2.htm,114078,EXCHANGE AND TERMINATION AGREEMENT,false,false,true,false,0,keep,'tax receivable agreement' phrase present in body
data/edgar-query/exhibits/0001617667/0001104659-17-052473_a17-20319_1ex10d1.htm,124384,EXCHANGE AND TERMINATION AGREEMENT,false,false,true,false,0,keep,'tax receivable agreement' phrase present in body
data/edgar-query/exhibits/0001617667/0001104659-17-052473_a17-20319_1ex10d2.htm,116111,EXCHANGE AND TERMINATION AGREEMENT,false,false,true,false,0,keep,'tax receivable agreement' phrase present in body
data/edgar-query/exhibits/0001617977/0001193125-14-381866_d776094dex101.htm,286548,"THE HABIT RESTAURANTS, LLC | A Delaware Limited Liability Company | FORM OF FOURTH AMENDED AND RESTATED LIMITED LIABILITY COMPANY AGREEMENT | Dated as of , 2014",false,true,true,false,1,keep,'tax receivable agreement' phrase present in body
data/edgar-query/exhibits/0001617977/0001193125-14-381866_d776094dex1013.htm,80775,FORM OF RECAPITALIZATION AGREEMENT,false,false,true,false,0,keep,'tax receivable agreement' phrase present in body
data/edgar-query/exhibits/0001617977/0001193125-14-381866_d776094dex102.htm,146604,"FORM OF TAX RECEIVABLE AGREEMENT | THE HABIT RESTAURANTS, INC. and its WHOLLY-OWNED SUBSIDIARY | EACH MEMBER OF | THE HABIT RESTAURANTS, LLC LISTED ON ANNEX A | Dated as of [ ], 2014",true,false,true,false,5,keep,centered title contains 'tax receivable agreement'
data/edgar-query/exhibits/0001617977/0001193125-15-087772_d889740dex101.htm,282118,"THE HABIT RESTAURANTS, LLC | A Delaware Limited Liability Company | FOURTH AMENDED AND RESTATED LIMITED LIABILITY COMPANY AGREEMENT | Dated as of November 25, 2014",false,true,true,false,1,keep,'tax receivable agreement' phrase present in body
data/edgar-query/exhibits/0001617977/0001193125-15-087772_d889740dex1016.htm,80113,RECAPITALIZATION AGREEMENT,false,false,true,false,0,keep,'tax receivable agreement' phrase present in body
data/edgar-query/exhibits/0001617977/0001193125-15-087772_d889740dex102.htm,143974,"TAX RECEIVABLE AGREEMENT | THE HABIT RESTAURANTS, INC. and its WHOLLY-OWNED SUBSIDIARIES, | THE HABIT RESTAURANTS, LLC | EACH MEMBER OF | THE HABIT RESTAURANTS, LLC LISTED ON ANNEX A | Dated as of November 25, 2014",true,false,true,false,5,keep,centered title contains 'tax receivable agreement'
data/edgar-query/exhibits/0001617977/0001193125-15-121541_d884946dex101.htm,397140,"THE HABIT RESTAURANTS, LLC | A Delaware Limited Liability Company | FIFTH AMENDED AND RESTATED LIMITED LIABILITY COMPANY AGREEMENT | Dated as of April 6, 2015",false,true,true,false,1,keep,'tax receivable agreement' phrase present in body
data/edgar-query/exhibits/0001617977/0001193125-20-001833_d861195dex101.htm,37258,TAX RECEIVABLE AGREEMENT AMENDMENT,true,false,true,false,1,keep,centered title contains 'tax receivable agreement'
data/edgar-query/exhibits/0001617977/0001193125-20-001834_d861195dex101.htm,37258,TAX RECEIVABLE AGREEMENT AMENDMENT,true,false,true,false,1,keep,centered title contains 'tax receivable agreement'
data/edgar-query/exhibits/0001617996/0001047469-14-009715_a2222116zex-10_1.htm,458114,"SEPARATION AGREEMENT | HEIDELBERGCEMENT AG | HANSON BUILDING PRODUCTS LIMITED | Dated as of [ · ] , 201[ · ]",false,true,true,false,0,keep,'tax receivable agreement' phrase present in body
data/edgar-query/exhibits/0001617996/0001047469-14-009715_a2222116zex-10_4.htm,135107,"TAX RECEIVABLE AGREEMENT | [US NEWCO] | LEHIGH HANSON, INC. | Dated as of [ · ] , 201[ · ]",true,false,true,false,3,keep,centered title contains 'tax receivable agreement'
data/edgar-query/exhibits/0001620533/0001047469-14-010114_a2222577zex-10_1.htm,462226,"TAX RECEIVABLE AGREEMENT | SHAKE SHACK INC. | SSE HOLDINGS, LLC | THE MEMBERS OF SSE HOLDINGS, LLC FROM TIME TO TIME PARTY HERETO | Dated as of [ · ], 2015",true,false,true,false,6,keep,centered title contains 'tax receivable agreement'
data/edgar-query/exhibits/0001620533/0001047469-14-010114_a2222577zex-10_3.htm,721471,"SSE HOLDINGS, LLC | THIRD AMENDED AND RESTATED LIMITED LIABILITY COMPANY AGREEMENT | Dated as of [•], 2015",false,true,true,false,0,keep,'tax receivable agreement' phrase present in body
data/edgar-query/exhibits/0001620533/0001047469-15-000292_a2222777zex-10_1.htm,456820,"TAX RECEIVABLE AGREEMENT | SHAKE SHACK INC. | SSE HOLDINGS, LLC | THE MEMBERS OF SSE HOLDINGS, LLC FROM TIME TO TIME PARTY HERETO | Dated as of [ · ], 2015",true,false,true,false,6,keep,centered title contains 'tax receivable agreement'
data/edgar-query/exhibits/0001620533/0001047469-15-000292_a2222777zex-10_3.htm,753960,"SSE HOLDINGS, LLC | THIRD AMENDED AND RESTATED LIMITED LIABILITY COMPANY AGREEMENT | Dated as of [ · ], 2015",false,true,true,false,0,keep,'tax receivable agreement' phrase present in body
data/edgar-query/exhibits/0001620533/0001047469-15-000292_a2222777zex-10_5.htm,1047879,"THIRD AMENDED AND RESTATED | CREDIT AGREEMENT | January [ ], 2015 | SSE HOLDINGS, LLC | The Other Loan Parties Party Hereto | The Lenders Party Hereto | JPMORGAN CHASE BANK, N.A., | as Administrative Agent",false,true,true,false,0,keep,'tax receivable agreement' phrase present in body
data/edgar-query/exhibits/0001620533/0001104659-15-008009_a15-4012_1ex10d1.htm,494154,"TAX RECEIVABLE AGREEMENT | SHAKE SHACK INC. | SSE HOLDINGS, LLC | THE MEMBERS OF SSE HOLDINGS, LLC FROM TIME TO TIME PARTY HERETO | Dated as of February 4, 2015",true,false,true,false,6,keep,centered title contains 'tax receivable agreement'
data/edgar-query/exhibits/0001620533/0001104659-15-008009_a15-4012_1ex10d3.htm,614354,"SSE HOLDINGS, LLC | THIRD AMENDED AND RESTATED LIMITED LIABILITY COMPANY AGREEMENT | Dated as of February 4, 2015",false,true,true,false,0,keep,'tax receivable agreement' phrase present in body
data/edgar-query/exhibits/0001620533/0001144204-19-037667_tv526670_ex10-1.htm,1125034,"$50,000,000 | CREDIT AGREEMENT dated as of August 2, 2019, | SSE HOLDINGS, LLC , as Borrower, | the Guarantors party hereto, | as Guarantors | the Lenders referred to herein, as Lenders, | WELLS FARGO BANK, NATIONAL ASSOCIATION, as Administrative Agent, Swingline Lender and Issuing Lender",false,true,true,false,1,keep,'tax receivable agreement' phrase present in body
data/edgar-query/exhibits/0001620533/0001620533-15-000003_shak-20141231_ex106.htm,967947,"THIRD AMENDED AND RESTATED | CREDIT AGREEMENT | January 28, 2015 | SSE HOLDINGS, LLC The Other Loan Parties Party Hereto | The Lenders Party Hereto | JPMORGAN CHASE BANK, N.A., | as Administrative Agent",false,true,true,false,0,keep,'tax receivable agreement' phrase present in body
data/edgar-query/exhibits/0001620533/0001620533-17-000041_shak-20161228_exhibit1012.htm,166590,AMENDMENT NO. 2 | THIRD AMENDED AND RESTATED | LIMITED LIABILITY COMPANY AGREEMENT,false,true,true,false,0,keep,'tax receivable agreement' phrase present in body
data/edgar-query/exhibits/0001620533/0001620533-19-000010_shak-20181226_exhibit1061.htm,110159,"AMENDMENT NO. 1 TO THIRD AMENDED AND RESTATED Credit Agreement | Dated as of May 11, 2016",false,true,true,false,0,keep,'tax receivable agreement' phrase present in body
data/edgar-query/exhibits/0001620533/0001620533-20-000029_shak-20200325exhibit103.htm,280710,FIRST AMENDMENT TO CREDIT AGREEMENT,false,true,true,false,1,keep,'tax receivable agreement' phrase present in body
data/edgar-query/exhibits/0001620533/0001620533-25-000065_shak-20250625_exhibit102.htm,618491,"Execution Version 1750212957 SIXTH AMENDMENT Dated as of July 9, 2025 to CREDIT AGREEMENT Dated as of August 2, 2019 THIS SIXTH AMENDMENT TO CREDIT AGREEMENT (this “Amendment”), dated as of July 9, 2025, is by and among SSE HOLDINGS, LLC, a Delaware limited liability company (the “Borrower”), the Gu",false,true,true,false,1,keep,'tax receivable agreement' phrase present in body
data/edgar-query/exhibits/0001621563/0001193125-14-447101_d789569dex104.htm,75791,"STOCKHOLDERS’ AGREEMENT | DATED AS OF [ ], 2015 | SUMMIT MATERIALS, INC. | THE OTHER PARTIES HERETO",false,false,true,false,0,keep,'tax receivable agreement' phrase present in body
data/edgar-query/exhibits/0001621563/0001193125-15-005780_d789569dex102.htm,129176,"TAX RECEIVABLE AGREEMENT | SUMMIT MATERIALS, INC. | THE PERSONS NAMED HEREIN | Dated as of [ ], 2015",true,false,true,false,6,keep,centered title contains 'tax receivable agreement'
data/edgar-query/exhibits/0001621563/0001193125-15-005780_d789569dex104.htm,76899,"STOCKHOLDERS’ AGREEMENT | DATED AS OF [ ], 2015 | SUMMIT MATERIALS, INC. | THE OTHER PARTIES HERETO",false,false,true,false,0,keep,'tax receivable agreement' phrase present in body
data/edgar-query/exhibits/0001621563/0001193125-15-095513_d890805dex103.htm,144150,"TAX RECEIVABLE AGREEMENT | SUMMIT MATERIALS, INC. | THE PERSONS NAMED HEREIN | Dated as of March 11, 2015",true,false,true,false,6,keep,centered title contains 'tax receivable agreement'
data/edgar-query/exhibits/0001621563/0001193125-15-095513_d890805dex105.htm,83981,"STOCKHOLDERS’ AGREEMENT | DATED AS OF MARCH 11, 2015 | SUMMIT MATERIALS, INC. | THE OTHER PARTIES HERETO",false,false,true,false,0,keep,'tax receivable agreement' phrase present in body
data/edgar-query/exhibits/0001621563/0001628280-22-024709_summit-brianharristransi.htm,81029,"1 TRANSITION AND CONSULTING AGREEMENT This Transition and Consulting Agreement (this “Agreement”) is made this 8th day of September, 2022 (the “Effective Date”) by and among Summit Materials, Inc., a Delaware corporation (together with its affiliates, the “Company”), and Brian J. Harris (the “Execut",true,false,true,false,0,keep,centered title contains 'tax receivable agreement'
data/edgar-query/exhibits/0001621563/0001628280-23-027121_ex10110q22023.htm,51298,AMENDMENT NO. 1 TO TAX RECEIVABLE AGREEMENT,true,false,true,false,1,keep,centered title contains 'tax receivable agreement'
data/edgar-query/exhibits/0001621563/0001628280-23-036315_ex10110q32023.htm,61659,ASSIGNMENT AGREEMENT,false,false,true,false,0,keep,'tax receivable agreement' phrase present in body
data/edgar-query/exhibits/0001626115/0000950170-24-022152_pjt-ex10_13.htm,29500,FIRST AMENDMENT TO THE EXCHANGE AGREEMENT,false,true,true,false,0,keep,'tax receivable agreement' phrase present in body
data/edgar-query/exhibits/0001626115/0000950170-24-090024_pjt-ex10_1.htm,528577,"THIRD AMENDED AND RESTATED | LIMITED PARTNERSHIP AGREEMENT | PJT PARTNERS HOLDINGS LP | Dated as of April 25, 2024",false,true,true,false,0,keep,'tax receivable agreement' phrase present in body
data/edgar-query/exhibits/0001626115/0001193125-15-286966_d883787dex101.htm,304308,"FORM OF SECOND AMENDED AND RESTATED | LIMITED PARTNERSHIP AGREEMENT | PJT PARTNERS HOLDINGS LP | Dated as of , 2015",false,true,true,false,0,keep,'tax receivable agreement' phrase present in body
data/edgar-query/exhibits/0001626115/0001193125-15-286966_d883787dex103.htm,124998,"TAX RECEIVABLE AGREEMENT | , 2015",true,false,true,false,6,keep,centered title contains 'tax receivable agreement'
data/edgar-query/exhibits/0001626115/0001193125-15-286966_d883787dex108.htm,156723,"FORM OF EMPLOYEE MATTERS AGREEMENT | THE BLACKSTONE GROUP L.P. | BLACKSTONE HOLDINGS I L.P., | NEW ADVISORY GP L.L.C., | PJT PARTNERS INC., | PJT PARTNERS HOLDINGS LP, | PJT CAPITAL LP, | PJT MANAGEMENT, LLC, | Dated as of , 2015",false,false,true,false,0,keep,'tax receivable agreement' phrase present in body
data/edgar-query/exhibits/0001626115/0001193125-15-337529_d21345dex101.htm,169406,"EMPLOYEE MATTERS AGREEMENT | THE BLACKSTONE GROUP L.P. | BLACKSTONE HOLDINGS I L.P., | NEW ADVISORY GP L.L.C., | PJT PARTNERS INC., | PJT PARTNERS HOLDINGS LP, | PJT CAPITAL LP, | PJT MANAGEMENT, LLC, | Dated as of October 1, 2015",false,false,true,false,0,keep,'tax receivable agreement' phrase present in body
data/edgar-query/exhibits/0001626115/0001193125-15-337529_d21345dex105.htm,311402,"SECOND AMENDED AND RESTATED | LIMITED PARTNERSHIP AGREEMENT | PJT PARTNERS HOLDINGS LP | Dated as of October 1, 2015",false,true,true,false,0,keep,'tax receivable agreement' phrase present in body
data/edgar-query/exhibits/0001626115/0001193125-15-337529_d21345dex107.htm,133411,"TAX RECEIVABLE AGREEMENT | October 1, 2015",true,false,true,false,6,keep,centered title contains 'tax receivable agreement'
data/edgar-query/exhibits/0001626115/0001564590-16-013745_pjt-ex1020_1194.htm,78990,CLASS A UNIT ISSUANCE NOTICE | UNDER THE | PJT Partners holdings lp LIMITED PARTNERSHIP AGREEMENT AND | THE PJT Partners Inc. 2015 OMNIBUS INCENTIVE PLAN | (Founder Unit Issuance),false,true,true,false,0,keep,'tax receivable agreement' phrase present in body
data/edgar-query/exhibits/0001626115/0001564590-16-013745_pjt-ex1021_1103.htm,88125,LTIP UNIT GRANT NOTICE | UNDER THE | PJT Partners holdings lp LIMITED PARTNERSHIP aGREEMENT AND | THE PJT PARTNERS INC. 2015 OMNIBUS INCENTIVE PLAN | (Earn-Out Unit Grant),false,true,true,false,0,keep,'tax receivable agreement' phrase present in body
data/edgar-query/exhibits/0001626115/0001564590-16-013745_pjt-ex1022_1195.htm,83226,CLASS A UNIT ISSUANCE NOTICE | UNDER THE | pjt partners holdings lp LIMITED PARTNERSHIP AGREEMENT AND | THE PJT Partners Inc. 2015 OMNIBUS INCENTIVE PLAN | (Founder Unit Issuance),false,true,true,false,0,keep,'tax receivable agreement' phrase present in body
data/edgar-query/exhibits/0001626115/0001564590-16-013745_pjt-ex1023_1102.htm,77622,LTIP UNIT GRANT NOTICE | UNDER THE | pjt partners holdings lp LIMITED PARTNERSHIP aGREEMENT AND | THE PJT PARTNERS INC. 2015 OMNIBUS INCENTIVE PLAN | (Earn-Out Unit Grant),false,true,true,false,0,keep,'tax receivable agreement' phrase present in body
data/edgar-query/exhibits/0001626115/0001564590-16-013745_pjt-ex1024_1100.htm,75422,FOUNDER LTIP UNIT GRANT NOTICE | UNDER THE | pjt partners holdings lp LIMITED PARTNERSHIP AGREEMENT AND | THE PJT Partners Inc. 2015 OMNIBUS INCENTIVE PLAN | (Founder LTIP Unit Grant),false,true,true,false,0,keep,'tax receivable agreement' phrase present in body
data/edgar-query/exhibits/0001626115/0001564590-16-013745_pjt-ex106_1111.htm,67014,AMENDMENT TO THE SECOND AMENDED AND RESTATED LIMITED | PARTNERSHIP AGREEMENT OF PJT PARTNERS HOLDINGS LP,false,false,true,false,0,keep,'tax receivable agreement' phrase present in body
data/edgar-query/exhibits/0001626115/0001564590-17-002891_pjt-ex108_842.htm,65411,AMENDMENT NO. 2 TO THE SECOND AMENDED AND RESTATED LIMITED PARTNERSHIP AGREEMENT OF PJT PARTNERS HOLDINGS LP,false,true,true,false,0,keep,'tax receivable agreement' phrase present in body
data/edgar-query/exhibits/0001626115/0001564590-22-016468_pjt-ex102_86.htm,82975,PERFORMANCE LTIP UNIT GRANT NOTICE | UNDER THE | PJT PARTNERS HOLDINGS LP LIMITED PARTNERSHIP AGREEMENT AND | THE PJT PARTNERS INC. 2015 OMNIBUS INCENTIVE PLAN,false,true,true,false,0,keep,'tax receivable agreement' phrase present in body
data/edgar-query/exhibits/0001627014/0001104659-20-105810_tm2031024d1_ex10-1.htm,500528,"AMENDED AND RESTATED LIMITED LIABILITY COMPANY AGREEMENT OF OPTIMAL BLUE HOLDCO, LLC , A DELAWARE LIMITED LIABILITY COMPANY | Dated September 15, 2020 | OPTIMAL BLUE HOLDCO, LLC | AND THE | OTHER PARTIES HERETO",false,true,true,false,0,keep,'tax receivable agreement' phrase present in body
data/edgar-query/exhibits/0001627014/0001193125-15-112122_d837244dex104.htm,35131,FORM OF ADVANCEMENT AGREEMENT,false,false,true,false,0,keep,'tax receivable agreement' phrase present in body
data/edgar-query/exhibits/0001627014/0001627014-21-000005_bkiexhibit102910-kx2020.htm,717032,"SECOND AMENDED AND RESTATED | LIMITED LIABILITY COMPANY AGREEMENT | OPTIMAL BLUE HOLDCO, LLC, | A DELAWARE LIMITED LIABILITY COMPANY | Dated November 24, 2020",false,true,true,false,0,keep,'tax receivable agreement' phrase present in body
data/edgar-query/exhibits/0001628908/0001193125-15-199503_d838828dex103.htm,151236,FORM OF INCOME TAX RECEIVABLES AGREEMENT,false,false,false,false,6,keep,6 TRA-specific defined terms present
data/edgar-query/exhibits/0001628908/0001193125-15-219372_d939182dex104.htm,152788,INCOME TAX RECEIVABLES AGREEMENT,false,false,false,false,6,keep,6 TRA-specific defined terms present
data/edgar-query/exhibits/0001632127/0000950157-15-000588_ex10-2.htm,113107,"TAX MATTERS AGREEMENT | GRAHAM HOLDINGS COMPANY | CABLE ONE, INC. | ___________________________________ | As of June 16, 2015 | ___________________________________",false,false,true,false,0,keep,'tax receivable agreement' phrase present in body
data/edgar-query/exhibits/0001632127/0001193125-15-136053_d869451dex102.htm,86076,"TAX MATTERS AGREEMENT | GRAHAM HOLDINGS COMPANY | CABLE ONE, INC. | As of , 2015",false,false,true,false,0,keep,'tax receivable agreement' phrase present in body
data/edgar-query/exhibits/0001632808/0001047469-15-005921_a2225134zex-10_1.htm,289556,"TAX RECEIVABLE AGREEMENT | PHILADELPHIA ENERGY SOLUTIONS INC. | PHILADELPHIA ENERGY SOLUTIONS LLC | PESC COMPANY, LP | CARLYLE PES, L.L.C. | PES EQUITY HOLDINGS, LLC | [CERTAIN MEMBERS OF EXECUTIVE AND SENIOR MANAGEMENT] | THE MEMBERS OF PHILADELPHIA ENERGY SOLUTIONS LLC FROM TIME TO TIME PARTY HERE",true,false,true,false,6,keep,centered title contains 'tax receivable agreement'
data/edgar-query/exhibits/0001636032/0001567619-15-000529_s000769x2_ex10-3.htm,171280,"TAX RECEIVABLE AGREEMENT | WAYNE FARMS, INC., | THE PERSONS NAMED HEREIN | Dated as of [_________ ___], 2015",true,false,true,false,6,keep,centered title contains 'tax receivable agreement'
data/edgar-query/exhibits/0001636032/0001567619-15-000529_s000769x2_ex10-4.htm,469579,SECOND AMENDED AND RESTATED | LIMITED LIABILITY COMPANY AGREEMENT | WAYNE FARMS LLC | a Delaware limited liability company,false,true,true,false,1,keep,'tax receivable agreement' phrase present in body
data/edgar-query/exhibits/0001636032/0001567619-15-000529_s000769x2_ex10-7.htm,1446914,"FOURTH AMENDED AND RESTATED CREDIT AGREEMENT | Dated as of March 26, 2015 | WAYNE FARMS LLC, as Borrower, | THE LENDERS AND THE ISSUING LENDER PARTY HERETO, | COÖPERATIEVE CENTRALE RAIFFEISEN-BOERENLEENBANK B.A., “RABOBANK NEDERLAND”, NEW YORK BRANCH, as Administrative Agent | COÖPERATIEVE CENTRALE ",false,true,true,false,0,keep,'tax receivable agreement' phrase present in body
data/edgar-query/exhibits/0001636032/0001567619-15-000824_s000769x6_ex10-3.htm,200312,"TAX RECEIVABLE AGREEMENT | WAYNE FARMS, INC., | THE PERSONS NAMED HEREIN | Dated as of [_________ ___], 2015",true,false,true,false,6,keep,centered title contains 'tax receivable agreement'
data/edgar-query/exhibits/0001636032/0001567619-15-000824_s000769x6_ex10-4.htm,500719,SECOND AMENDED AND RESTATED | LIMITED LIABILITY COMPANY AGREEMENT | WAYNE FARMS LLC | a Delaware limited liability company,false,true,true,false,1,keep,'tax receivable agreement' phrase present in body
data/edgar-query/exhibits/0001636032/0001567619-15-000824_s000769x6_ex10-8.htm,113517,FIRST AMENDMENT TO | FOURTH AMENDED AND RESTATED CREDIT AGREEMENT,false,true,true,false,1,keep,'tax receivable agreement' phrase present in body
data/edgar-query/exhibits/0001637207/0000950142-23-002414_eh230400535_ex1001.htm,53712,SEPARATION AGREEMENT,false,true,true,false,0,keep,'tax receivable agreement' phrase present in body
data/edgar-query/exhibits/0001637207/0001193125-15-253757_d888681dex1018.htm,75513,RECAPITALIZATION AGREEMENT,false,false,true,false,0,keep,'tax receivable agreement' phrase present in body
data/edgar-query/exhibits/0001637207/0001193125-15-253757_d888681dex104.htm,260204,"PLA-FIT HOLDINGS, LLC | A Delaware Limited Liability Company | SECOND AMENDED AND RESTATED LIMITED LIABILITY COMPANY AGREEMENT | Dated as of [ ], 2015",false,true,true,false,1,keep,'tax receivable agreement' phrase present in body
data/edgar-query/exhibits/0001637207/0001193125-15-253757_d888681dex105.htm,149397,"TAX RECEIVABLE AGREEMENT | PLANET FITNESS, INC. and its WHOLLY-OWNED SUBSIDIARIES, | PLA-FIT HOLDINGS, LLC | EACH MEMBER OF | PLA-FIT HOLDINGS, LLC LISTED ON ANNEX A | Dated as of , 2015",true,false,true,false,5,keep,centered title contains 'tax receivable agreement'
data/edgar-query/exhibits/0001637207/0001193125-15-253757_d888681dex106.htm,134459,"TAX RECEIVABLE AGREEMENT | PLANET FITNESS, INC. and its WHOLLY-OWNED SUBSIDIARIES, | PLA-FIT HOLDINGS, LLC | EACH STOCKHOLDER OF | PLANET FITNESS, INC. LISTED ON ANNEX A | Dated as of , 2015",true,false,true,false,5,keep,centered title contains 'tax receivable agreement'
data/edgar-query/exhibits/0001637207/0001193125-15-253757_d888681dex109.htm,85947,EXCHANGE AGREEMENT,false,true,true,false,0,keep,'tax receivable agreement' phrase present in body
data/edgar-query/exhibits/0001637207/0001637207-24-000020_ex103firstamendmenttotaxre.htm,69221,FIRST AMENDMENT TO TAX RECEIVABLE AGREEMENT,true,false,true,false,3,keep,centered title contains 'tax receivable agreement'
data/edgar-query/exhibits/0001637207/0001637207-24-000020_ex105firstamendmenttotaxre.htm,48141,FIRST AMENDMENT TO TAX RECEIVABLE AGREEMENT,true,false,true,false,2,keep,centered title contains 'tax receivable agreement'
data/edgar-query/exhibits/0001638833/0000950123-15-007939_filename2.htm,178635,"FORM OF INCOME TAX RECEIVABLE AGREEMENT | Dated as of [ ], 2015",true,false,true,true,4,keep,centered title contains 'tax receivable agreement'
data/edgar-query/exhibits/0001638833/0001104659-17-056338_a17-21454_1ex10d2.htm,83545,TERMINATION AND RELEASE AGREEMENT,false,false,true,true,0,keep,'tax receivable agreement' phrase present in body
data/edgar-query/exhibits/0001638833/0001104659-17-056338_a17-21454_1ex10d4.htm,44124,TRA Waiver and Assignment Agreement,false,false,true,true,0,keep,'tax receivable agreement' phrase present in body
data/edgar-query/exhibits/0001638833/0001193125-15-293354_d898342dex1013.htm,179553,"FORM OF INCOME TAX RECEIVABLE AGREEMENT | Dated as of [ ], 2015",true,false,true,true,4,keep,centered title contains 'tax receivable agreement'
data/edgar-query/exhibits/0001638833/0001193125-15-318621_d898342dex1016.htm,56622,"SURGERY PARTNERS, INC. | FORM OF REORGANIZATION AGREEMENT | , 2015",false,false,true,true,0,keep,'tax receivable agreement' phrase present in body
data/edgar-query/exhibits/0001638833/0001193125-17-166717_d368189dex103.htm,49050,AMENDMENT NO. 1 TO | INCOME TAX RECEIVABLE AGREEMENT,true,false,true,true,1,keep,centered title contains 'tax receivable agreement'
data/edgar-query/exhibits/0001638833/0001638833-15-000007_exhibit101taxreceivableagr.htm,268622,"INCOME TAX RECEIVABLE AGREEMENT Dated as of September 30, 2015",true,false,true,true,4,keep,centered title contains 'tax receivable agreement'
data/edgar-query/exhibits/0001638833/0001638833-15-000007_exhibit103reorganizationag.htm,532590,"SURGERY PARTNERS, INC. | REORGANIZATION AGREEMENT | SEPTEMBER 30, 2015",false,false,true,true,4,keep,'tax receivable agreement' phrase present in body
data/edgar-query/exhibits/0001638833/0001638833-15-000007_exhibit107formofrestricted.htm,64400,"Name: [● ] Number of Shares of Restricted Stock: [● ] Date of Issue: September 30, 2015",false,false,true,true,0,keep,'tax receivable agreement' phrase present in body
data/edgar-query/exhibits/0001638833/0001638833-18-000004_exhibit1011trawaiveragreem.htm,26170,TRA Waiver and Assignment Agreement,false,false,true,true,0,keep,'tax receivable agreement' phrase present in body
data/edgar-query/exhibits/0001638833/0001638833-23-000082_surgerypartners-tenthame.htm,858124,"/s/ Peter Cucchiara CREDIT AGREEMENT dated as of August 31, 2017 among SP HOLDCO I, INC., as Holdings, SURGERY CENTER HOLDINGS, INC., as the Borrower, THE OTHER GUARANTORS PARTY HERETO FROM TIME TO TIME, THE LENDERS PARTY HERETO and JEFFERIES FINANCE LLC, as Administrative Agent and Collateral Agent",false,true,true,true,0,keep,'tax receivable agreement' phrase present in body
data/edgar-query/exhibits/0001640313/0001193125-15-254878_d893087dex1018.htm,133121,"SKINNYPOP | TAX RECEIVABLE AGREEMENT | AMPLIFY SNACK BRANDS, INC. | THE STOCKHOLDERS IDENTIFIED HEREIN | [ INSERT STOCKHOLDERS REPRESENTATIVE ] | Dated as of [ ],2015",true,false,true,false,6,keep,centered title contains 'tax receivable agreement'
data/edgar-query/exhibits/0001640313/0001193125-15-254878_d893087dex1023.htm,35999,FOURTH AMENDMENT TO CREDIT AGREEMENT,false,true,true,false,0,keep,'tax receivable agreement' phrase present in body
data/edgar-query/exhibits/0001640313/0001193125-16-700252_d251011dex102.htm,1709039,"CREDIT AGREEMENT | September 2, 2016 | AMPLIFY SNACK BRANDS, INC., | as Borrower, | THE LENDERS PARTY HERETO | JEFFERIES FINANCE LLC, | as Administrative Agent | JEFFERIES FINANCE LLC | CREDIT SUISSE SECURITIES (USA) LLC | GOLDMAN SACHS BANK USA, | as Joint Lead Arrangers and Bookrunners | CREDIT SU",false,true,true,false,0,keep,'tax receivable agreement' phrase present in body
data/edgar-query/exhibits/0001641489/0001567619-15-000982_s000971x7_ex10-1.htm,712247,REORGANIZATION AGREEMENT | Dated as of [_________] 2015,false,false,true,false,0,keep,'tax receivable agreement' phrase present in body
data/edgar-query/exhibits/0001641489/0001567619-15-000982_s000971x7_ex10-3.htm,279078,"AMENDED AND RESTATED LIMITED LIABILITY COMPANY AGREEMENT of VTV THERAPEUTICS LLC Dated as of [__________], 2015",false,true,true,false,1,keep,'tax receivable agreement' phrase present in body
data/edgar-query/exhibits/0001641489/0001567619-15-000982_s000971x7_ex10-4.htm,115174,EXCHANGE AGREEMENT,false,true,true,false,0,keep,'tax receivable agreement' phrase present in body
data/edgar-query/exhibits/0001641489/0001567619-15-000982_s000971x7_ex10-5.htm,172725,"TAX RECEIVABLE AGREEMENT | vTv THERAPEUTICS INC., | THE PERSONS NAMED HEREIN | Dated as of [_________ ___], 2015",true,false,true,false,7,keep,centered title contains 'tax receivable agreement'
data/edgar-query/exhibits/0001641489/0001567619-15-001036_s000995x1_ex10-1.htm,719400,"REORGANIZATION AGREEMENT | Dated as of July 29, 2015",false,false,true,false,0,keep,'tax receivable agreement' phrase present in body
data/edgar-query/exhibits/0001641489/0001567619-15-001036_s000995x1_ex10-2.htm,280314,"AMENDED AND RESTATED LIMITED LIABILITY COMPANY AGREEMENT of VTV THERAPEUTICS LLC Dated as of July 29, 2015",false,true,true,false,1,keep,'tax receivable agreement' phrase present in body
data/edgar-query/exhibits/0001641489/0001567619-15-001036_s000995x1_ex10-4.htm,115283,EXCHANGE AGREEMENT,false,true,true,false,0,keep,'tax receivable agreement' phrase present in body
data/edgar-query/exhibits/0001641489/0001567619-15-001036_s000995x1_ex10-5.htm,172630,"TAX RECEIVABLE AGREEMENT | vTv THERAPEUTICS INC., | THE PERSONS NAMED HEREIN | Dated as of July 29 , 2015",true,false,true,false,7,keep,centered title contains 'tax receivable agreement'
data/edgar-query/exhibits/0001643953/0001213900-18-001442_f8k0218ex10-1_purpleinnova.htm,131710,EXCHANGE AGREEMENT,false,true,true,false,1,keep,'tax receivable agreement' phrase present in body
data/edgar-query/exhibits/0001643953/0001213900-18-001442_f8k0218ex10-2_purpleinnova.htm,153510,TAX RECEIVABLE AGREEMENT,true,false,true,false,7,keep,centered title contains 'tax receivable agreement'
data/edgar-query/exhibits/0001643953/0001213900-19-001463_f8k0119ex10-2_purple.htm,303857,FORM OF AMENDED & RESTATED CREDIT AGREEMENT,false,true,true,false,0,keep,'tax receivable agreement' phrase present in body
data/edgar-query/exhibits/0001643953/0001213900-19-003226_f8k022119ex10-1_purple.htm,304699,AMENDED & RESTATED CREDIT AGREEMENT,false,true,true,false,0,keep,'tax receivable agreement' phrase present in body
data/edgar-query/exhibits/0001643953/0001213900-23-065011_f10q0623ex10-10_purplein.htm,1146635,"CREDIT AGREEMENT | Dated as of August 7, 2023 | PURPLE INNOVATION, LLC, | as a Borrower, | PURPLE INNOVATION, INC., | as Guarantor, | CERTAIN FINANCIAL INSTITUTIONS, | as Lenders, | BANK OF MONTREAL, | as Administrative Agent and Swing Line Lender | BMO Capital Markets, | as Arranger and Book Runner",false,true,true,false,0,keep,'tax receivable agreement' phrase present in body
data/edgar-query/exhibits/0001643953/0001213900-23-065011_f10q0623ex10-8_purplein.htm,947012,"TERM LOAN CREDIT AGREEMENT | Dated as of August 7, 2023 | PURPLE INNOVATION, LLC, | as a Borrower, | PURPLE INNOVATION, INC., | as Guarantor, | CERTAIN FINANCIAL INSTITUTIONS, | as Lenders, | CALLODINE COMMERCIAL FINANCE, LLC, | as Administrative Agent",false,true,true,false,0,keep,'tax receivable agreement' phrase present in body
data/edgar-query/exhibits/0001643953/0001213900-24-005735_ea192025ex10-1_purple.htm,932641,"AMENDED AND RESTATED CREDIT AGREEMENT | Dated as of January 23, 2024 | PURPLE INNOVATION, LLC, as a Borrower, | PURPLE INNOVATION, INC., as Guarantor, | CERTAIN FINANCIAL INSTITUTIONS, as Lenders, | DELAWARE TRUST COMPANY, as Administrative Agent",false,true,true,false,0,keep,'tax receivable agreement' phrase present in body
data/edgar-query/exhibits/0001643953/0001213900-24-005735_ea192025ex10-2_purple.htm,109919,"CLASS A COMMON STOCK PURCHASE WARRANT | PURPLE INNOVATION, INC.",false,true,true,false,0,keep,'tax receivable agreement' phrase present in body
data/edgar-query/exhibits/0001643953/0001213900-25-023703_ea023371901ex10-1_purple.htm,957885,FIRST AMENDMENT TO AMENDED AND RESTATED CREDIT AGREEMENT,false,true,true,false,0,keep,'tax receivable agreement' phrase present in body
data/edgar-query/exhibits/0001643953/0001213900-25-023703_ea023371901ex10-2_purple.htm,111817,Form of Incremental Warrant,false,true,true,false,0,keep,'tax receivable agreement' phrase present in body
data/edgar-query/exhibits/0001643953/0001213900-25-023815_ea023007701ex10-41_purplein.htm,956120,FIRST AMENDMENT TO AMENDED AND RESTATED CREDIT AGREEMENT,false,true,true,false,0,keep,'tax receivable agreement' phrase present in body
data/edgar-query/exhibits/0001643953/0001213900-25-023815_ea023007701ex10-42_purplein.htm,110267,Form of Incremental Warrant,false,true,true,false,0,keep,'tax receivable agreement' phrase present in body
data/edgar-query/exhibits/0001643953/0001213900-25-040151_ea024094101ex10-1_purple.htm,1028400,SECOND AMENDMENT TO AMENDED AND RESTATED CREDIT AGREEMENT,false,true,true,false,0,keep,'tax receivable agreement' phrase present in body
data/edgar-query/exhibits/0001643953/0001213900-25-040151_ea024094101ex10-2_purple.htm,108194,Form of Incremental Warrant,false,true,true,false,0,keep,'tax receivable agreement' phrase present in body
data/edgar-query/exhibits/0001643953/0001213900-25-040151_ea024094101ex10-3_purple.htm,109076,Warrant,false,true,true,false,0,keep,'tax receivable agreement' phrase present in body
data/edgar-query/exhibits/0001644378/0000912057-15-000213_filename11.htm,526007,"REIT MANAGEMENT & RESEARCH LLC | OPERATING AGREEMENT | Dated as of June 5, 2015",false,true,true,false,0,keep,'tax receivable agreement' phrase present in body
data/edgar-query/exhibits/0001644378/0000912057-15-000213_filename12.htm,302302,"TRANSACTION AGREEMENT | REIT MANAGEMENT & RESEARCH LLC, | REIT MANAGEMENT & RESEARCH TRUST, | REIT MANAGEMENT & RESEARCH INC. | GOVERNMENT PROPERTIES INCOME TRUST | Dated as of June 5, 2015",false,false,true,false,0,keep,'tax receivable agreement' phrase present in body
data/edgar-query/exhibits/0001644378/0000912057-15-000213_filename13.htm,292115,"TRANSACTION AGREEMENT | REIT MANAGEMENT & RESEARCH LLC, | REIT MANAGEMENT & RESEARCH TRUST, | REIT MANAGEMENT & RESEARCH INC. | HOSPITALITY PROPERTIES TRUST | Dated as of June 5, 2015",false,false,true,false,0,keep,'tax receivable agreement' phrase present in body
data/edgar-query/exhibits/0001644378/0000912057-15-000213_filename14.htm,321698,"TRANSACTION AGREEMENT | REIT MANAGEMENT & RESEARCH LLC, | REIT MANAGEMENT & RESEARCH TRUST, | REIT MANAGEMENT & RESEARCH INC. | SELECT INCOME REIT | Dated as of June 5, 2015",false,false,true,false,0,keep,'tax receivable agreement' phrase present in body
data/edgar-query/exhibits/0001644378/0000912057-15-000213_filename15.htm,334402,"TRANSACTION AGREEMENT | REIT MANAGEMENT & RESEARCH LLC, | REIT MANAGEMENT & RESEARCH TRUST, | REIT MANAGEMENT & RESEARCH INC. | SENIOR HOUSING PROPERTIES TRUST | Dated as of June 5, 2015",false,false,true,false,0,keep,'tax receivable agreement' phrase present in body
data/edgar-query/exhibits/0001644378/0000912057-15-000213_filename27.htm,166448,TAX RECEIVABLE AGREEMENT,true,false,true,false,5,keep,centered title contains 'tax receivable agreement'
data/edgar-query/exhibits/0001644378/0001047469-15-007855_a2226223zex-10_1.htm,525888,"THE RMR GROUP LLC | AMENDED AND RESTATED OPERATING AGREEMENT | Dated as of October [ ], 2015",false,true,true,false,0,keep,'tax receivable agreement' phrase present in body
data/edgar-query/exhibits/0001644378/0001047469-15-007855_a2226223zex-10_17.htm,166165,TAX RECEIVABLE AGREEMENT,true,false,true,false,5,keep,centered title contains 'tax receivable agreement'
data/edgar-query/exhibits/0001644378/0001047469-15-007855_a2226223zex-10_2.htm,301969,"TRANSACTION AGREEMENT | REIT MANAGEMENT & RESEARCH LLC, | REIT MANAGEMENT & RESEARCH TRUST, | REIT MANAGEMENT & RESEARCH INC. | GOVERNMENT PROPERTIES INCOME TRUST | Dated as of June 5, 2015",false,false,true,false,0,keep,'tax receivable agreement' phrase present in body
data/edgar-query/exhibits/0001644378/0001047469-15-007855_a2226223zex-10_3.htm,291782,"TRANSACTION AGREEMENT | REIT MANAGEMENT & RESEARCH LLC, | REIT MANAGEMENT & RESEARCH TRUST, | REIT MANAGEMENT & RESEARCH INC. | HOSPITALITY PROPERTIES TRUST | Dated as of June 5, 2015",false,false,true,false,0,keep,'tax receivable agreement' phrase present in body
data/edgar-query/exhibits/0001644378/0001047469-15-007855_a2226223zex-10_4.htm,321365,"TRANSACTION AGREEMENT | REIT MANAGEMENT & RESEARCH LLC, | REIT MANAGEMENT & RESEARCH TRUST, | REIT MANAGEMENT & RESEARCH INC. | SELECT INCOME REIT | Dated as of June 5, 2015",false,false,true,false,0,keep,'tax receivable agreement' phrase present in body
data/edgar-query/exhibits/0001644378/0001047469-15-007855_a2226223zex-10_5.htm,334069,"TRANSACTION AGREEMENT | REIT MANAGEMENT & RESEARCH LLC, | REIT MANAGEMENT & RESEARCH TRUST, | REIT MANAGEMENT & RESEARCH INC. | SENIOR HOUSING PROPERTIES TRUST | Dated as of June 5, 2015",false,false,true,false,0,keep,'tax receivable agreement' phrase present in body
data/edgar-query/exhibits/0001644378/0001644378-18-000009_exhibit104.htm,528960,"THE RMR GROUP LLC | AMENDED AND RESTATED OPERATING AGREEMENT | Dated as of October 14, 2015 | _____________________________",false,true,true,false,0,keep,'tax receivable agreement' phrase present in body
data/edgar-query/exhibits/0001644406/0001193125-16-641691_d191744dex104.htm,204596,"TAX RECEIVABLE AGREEMENT | GORES HOLDINGS, INC., | HOSTESS CDM CO-INVEST, LLC, | CDM HOSTESS CLASS C, LLC, | AP HOSTESS HOLDINGS, L.P. | C. DEAN METROPOULOS | Dated as of [ ● ], 2016",true,false,true,false,5,keep,centered title contains 'tax receivable agreement'
data/edgar-query/exhibits/0001644406/0001193125-16-641692_d191744dex104.htm,204596,"TAX RECEIVABLE AGREEMENT | GORES HOLDINGS, INC., | HOSTESS CDM CO-INVEST, LLC, | CDM HOSTESS CLASS C, LLC, | AP HOSTESS HOLDINGS, L.P. | C. DEAN METROPOULOS | Dated as of [ ● ], 2016",true,false,true,false,5,keep,centered title contains 'tax receivable agreement'
data/edgar-query/exhibits/0001644406/0001193125-16-763385_d281040dex1015.htm,245063,"TAX RECEIVABLE AGREEMENT | HOSTESS BRANDS, INC., | HOSTESS CDM CO-INVEST, LLC AND EACH SERIES THEREOF, | CDM HOSTESS CLASS C, LLC AND EACH SERIES THEREOF, | AP HOSTESS HOLDINGS, L.P. | C. DEAN METROPOULOS | Dated as of November 4, 2016",true,false,true,false,5,keep,centered title contains 'tax receivable agreement'
data/edgar-query/exhibits/0001644406/0001193125-16-763385_d281040dex1019.htm,145989,EXCHANGE AGREEMENT,false,true,true,false,0,keep,'tax receivable agreement' phrase present in body
data/edgar-query/exhibits/0001644406/0001193125-16-763385_d281040dex1021.htm,188563,AMENDED AND RESTATED | REGISTRATION RIGHTS AND LOCK-UP AGREEMENT,false,false,true,false,0,keep,'tax receivable agreement' phrase present in body
data/edgar-query/exhibits/0001644406/0001644406-18-000002_buyout_amendment.htm,129937,BUYOUT AND AMENDMENT AGREEMENT,false,false,true,false,3,keep,'tax receivable agreement' phrase present in body
data/edgar-query/exhibits/0001651052/0001047469-18-004821_a2236026zex-10_1.htm,547473,"FOURTH AMENDED AND RESTATED OPERATING AGREEMENT | FOCUS FINANCIAL PARTNERS, LLC | DATED AS OF , 2018",false,true,true,false,0,keep,'tax receivable agreement' phrase present in body
data/edgar-query/exhibits/0001651052/0001047469-18-004821_a2236026zex-10_2.htm,219232,Tax Receivable Agreement | for PE Holders,true,false,true,false,5,keep,centered title contains 'tax receivable agreement'
data/edgar-query/exhibits/0001651052/0001047469-18-004821_a2236026zex-10_3.htm,189126,Tax Receivable Agreement | for Non-PE Holders,true,false,true,false,5,keep,centered title contains 'tax receivable agreement'
data/edgar-query/exhibits/0001651052/0001104659-18-048427_a18-18012_1ex10d1.htm,815029,"FOURTH AMENDED AND RESTATED OPERATING AGREEMENT | FOCUS FINANCIAL PARTNERS, LLC | DATED AS OF JULY 30, 2018",false,true,true,false,0,keep,'tax receivable agreement' phrase present in body
data/edgar-query/exhibits/0001651052/0001104659-18-048427_a18-18012_1ex10d2.htm,307032,Tax Receivable Agreement | for PE Holders,true,false,true,false,5,keep,centered title contains 'tax receivable agreement'
data/edgar-query/exhibits/0001651052/0001104659-18-048427_a18-18012_1ex10d3.htm,192193,Tax Receivable Agreement | for Non-PE Holders,true,false,true,false,5,keep,centered title contains 'tax receivable agreement'
data/edgar-query/exhibits/0001651052/0001104659-20-039636_tm2013937d1_ex10-1.htm,174685,"TAX RECEIVABLE AGREEMENT | FOCUS FINANCIAL PARTNERS INC., | THE TRA HOLDERS | THE AGENT | DATED AS OF MARCH 25, 2020 | TAX RECEIVABLE AGREEMENT",true,false,true,false,6,keep,centered title contains 'tax receivable agreement'
data/edgar-query/exhibits/0001651052/0001104659-23-026345_tm237908d2_ex10-2.htm,59688,FORM OF TRA WAIVER AND EXCHANGE AGREEMENT,false,true,true,false,1,keep,'tax receivable agreement' phrase present in body
data/edgar-query/exhibits/0001651052/0001410578-16-000664_filename2.htm,2865527,"AMENDED AND RESTATED | REVOLVING CREDIT AND TERM LOAN AGREEMENT | Dated as of December 10, 2013 | FOCUS FINANCIAL PARTNERS, LLC, | CERTAIN SUBSIDIARIES, | as Borrowers, | BANK OF AMERICA, N.A., | as Administrative Agent, Swing Line Lender | and L/C Issuer, | The Other Lenders Party Hereto | MERRILL ",false,false,true,false,0,keep,'tax receivable agreement' phrase present in body
data/edgar-query/exhibits/0001651502/0001193125-15-357099_d53727dex102.htm,91271,"FORM OF TAX RECEIVABLE AGREEMENT | loanDepot, Inc., | loanDepot Holdings, LLC, | the Recipients that are parties hereto | dated as of [ ], 2015",true,false,true,false,7,keep,centered title contains 'tax receivable agreement'
data/edgar-query/exhibits/0001651502/0001193125-15-357099_d53727dex1039.htm,56537,PURCHASE AGREEMENT,false,true,true,false,0,keep,'tax receivable agreement' phrase present in body
data/edgar-query/exhibits/0001653653/0001047469-16-009692_a2226927zex-10_3.htm,157233,EXCHANGE AGREEMENT,false,true,true,false,0,keep,'tax receivable agreement' phrase present in body
data/edgar-query/exhibits/0001653653/0001047469-16-009692_a2226927zex-10_4.htm,180884,FORM OF TAX RECEIVABLE AGREEMENT,true,false,true,false,6,keep,centered title contains 'tax receivable agreement'
data/edgar-query/exhibits/0001653653/0001047469-16-011186_a2227620zex-10_1.htm,519360,"FORM OF THIRD AMENDED AND RESTATED LIMITED LIABILITY COMPANY AGREEMENT | STATION HOLDCO LLC | Dated as of [ ], 2016",false,true,true,false,0,keep,'tax receivable agreement' phrase present in body
data/edgar-query/exhibits/0001653653/0001104659-16-116745_a16-10164_1ex10d1.htm,228752,TAX RECEIVABLE AGREEMENT,true,false,true,false,6,keep,centered title contains 'tax receivable agreement'
data/edgar-query/exhibits/0001653653/0001104659-16-116745_a16-10164_1ex10d2.htm,654142,"THIRD AMENDED AND RESTATED LIMITED LIABILITY COMPANY AGREEMENT | STATION HOLDCO LLC | Dated as of April 28, 2016",false,true,true,false,0,keep,'tax receivable agreement' phrase present in body
data/edgar-query/exhibits/0001653653/0001104659-16-116745_a16-10164_1ex10d3.htm,187182,EXCHANGE AGREEMENT,false,true,true,false,0,keep,'tax receivable agreement' phrase present in body
data/edgar-query/exhibits/0001653653/0001653653-19-000009_rrr-03312019xex101.htm,36799,AMENDMENT NO. 1 TO | TAX RECEIVABLE AGREEMENT,true,false,true,false,2,keep,centered title contains 'tax receivable agreement'
data/edgar-query/exhibits/0001656987/0001567619-16-001764_s001076x10_ex10-7.htm,127378,"EXCHANGE AGREEMENT | OTG EXP, INC. | OTG MANAGEMENT, LLC | THE MEMBERS OF OTG MANAGEMENT, LLC | Dated as of ______________, 2016",false,true,true,false,0,keep,'tax receivable agreement' phrase present in body
data/edgar-query/exhibits/0001656987/0001567619-16-001764_s001076x10_ex10-8.htm,211907,"TAX RECEIVABLE AGREEMENT BY AND AMONG OTG EXP, INC., OTG MANAGEMENT, LLC, | AND CERTAIN OTHER PARTIES __________ , 2016",true,false,true,false,7,keep,centered title contains 'tax receivable agreement'
data/edgar-query/exhibits/0001656987/0001567619-16-001773_s001076x11_ex10-16.htm,83555,AGREEMENT AND PLAN OF MERGER,false,false,true,false,0,keep,'tax receivable agreement' phrase present in body
data/edgar-query/exhibits/0001656987/0001567619-16-001773_s001076x11_ex10-17.htm,125484,MERGER AND WARRANT EXERCISE AGREEMENT,false,true,true,false,0,keep,'tax receivable agreement' phrase present in body
data/edgar-query/exhibits/0001658099/0001193125-18-291631_d641212dex108.htm,124088,"FIRST AMENDMENT TO AMENDED | AND RESTATED CREDIT AGREEMENT | dated as January 26, 2018 | ENERGY VENTURES GOM LLC, | as Borrower, | ENVEN ENERGY CORPORATION, | as Parent Guarantor, | THE OTHER GUARANTORS PARTY HERETO | BANK OF MONTREAL, | as Administrative Agent, | the Lenders Party Hereto",false,true,true,false,0,keep,'tax receivable agreement' phrase present in body
data/edgar-query/exhibits/0001659122/0001193125-16-798531_d283804dex101.htm,340731,SUBSCRIPTION AGREEMENT,false,false,true,false,0,keep,'tax receivable agreement' phrase present in body
data/edgar-query/exhibits/0001659122/0001193125-16-798531_d283804dex102.htm,342051,SUBSCRIPTION AGREEMENT,false,false,true,false,0,keep,'tax receivable agreement' phrase present in body
data/edgar-query/exhibits/0001659122/0001193125-16-798532_d283804dex101.htm,340731,SUBSCRIPTION AGREEMENT,false,false,true,false,0,keep,'tax receivable agreement' phrase present in body
data/edgar-query/exhibits/0001659122/0001193125-16-798532_d283804dex102.htm,342051,SUBSCRIPTION AGREEMENT,false,false,true,false,0,keep,'tax receivable agreement' phrase present in body
data/edgar-query/exhibits/0001659122/0001193125-17-156370_d388902dex101.htm,149710,"TAX RECEIVABLE AGREEMENT | ROSEHILL RESOURCES INC., | TEMA OIL AND GAS COMPANY, | AGENT | DATED AS OF APRIL 27, 2017",true,false,true,false,7,keep,centered title contains 'tax receivable agreement'
data/edgar-query/exhibits/0001659122/0001193125-17-156370_d388902dex103.htm,331181,"FIRST AMENDED AND RESTATED | LIMITED LIABILITY COMPANY AGREEMENT | ROSEHILL OPERATING COMPANY, LLC | DATED AS OF APRIL 27, 2017",false,true,true,false,0,keep,'tax receivable agreement' phrase present in body
data/edgar-query/exhibits/0001659122/0001193125-17-156370_d388902dex108.htm,770954,"C REDIT A GREEMENT | April 27, 2017 | ROSEHILL OPERATING COMPANY, LLC , | as Borrower, | PNC BANK, NATIONAL ASSOCIATION , | as Administrative Agent, | the Lenders party hereto | PNC C APITAL M ARKETS LLC | Sole Lead Arranger and Sole Book Runner",false,false,true,false,0,keep,'tax receivable agreement' phrase present in body
data/edgar-query/exhibits/0001659122/0001193125-17-369604_d461384dex102.htm,366361,"SECOND AMENDED AND RESTATED | LIMITED LIABILITY COMPANY AGREEMENT | ROSEHILL OPERATING COMPANY, LLC | DATED AS OF DECEMBER 8, 2017",false,true,true,false,0,keep,'tax receivable agreement' phrase present in body
data/edgar-query/exhibits/0001659122/0001193125-17-369604_d461384dex103.htm,872491,"ROSEHILL OPERATING COMPANY, LLC | SENIOR SECURED SECOND LIEN NOTES DUE | 2023 | $100,000,000 NOTE PURCHASE AGREEMENT | DATED AS OF DECEMBER 8, 2017",false,true,true,false,0,keep,'tax receivable agreement' phrase present in body
data/edgar-query/exhibits/0001659122/0001193125-17-369604_d461384dex104.htm,915780,FIRST AMENDMENT TO CREDIT AGREEMENT,false,true,true,false,0,keep,'tax receivable agreement' phrase present in body
data/edgar-query/exhibits/0001659122/0001193125-18-100598_d559817dex101.htm,802837,"AMENDED & RESTATED CREDIT AGREEMENT | dated as of March 28, 2018 | ROSEHILL OPERATING COMPANY, LLC, | as Borrower, | ROSEHILL RESOURCES INC. , | as RRI, | JPMORGAN CHASE BANK, N.A., | as Administrative Agent, | the Lenders party hereto | CITIBANK, N.A. , | as Syndication Agent, | BMO HARRIS BANK N.A",false,true,true,false,0,keep,'tax receivable agreement' phrase present in body
data/edgar-query/exhibits/0001659122/0001193125-18-100598_d559817dex102.htm,869001,LIMITED CONSENT AND FIRST AMENDMENT TO NOTE PURCHASE AGREEMENT,false,true,true,false,0,keep,'tax receivable agreement' phrase present in body
data/edgar-query/exhibits/0001659122/0001193125-20-184563_d936731dex101.htm,420131,R ESTRUCTURING S UPPORT A GREEMENT,false,false,true,false,0,keep,'tax receivable agreement' phrase present in body
data/edgar-query/exhibits/0001659122/0001628280-20-010614_a101rosehill-juniordipcred.htm,940222,"The annexes, exhibits and schedules hereto have been excluded from this exhibit because they are both not material and would likely cause competitive harm to the registrant if publicly disclosed. | ROSEHILL OPERATING COMPANY, LLC | JUNIOR CONVERTIBLE SECURED DEBTOR-IN-POSSESSION CREDIT AGREEMENT",false,true,true,false,0,keep,'tax receivable agreement' phrase present in body
data/edgar-query/exhibits/0001665988/0001193125-16-650677_d22578dex101.htm,184104,"TAX RECEIVABLE AGREEMENT | BIOVENTUS INC. | BIOVENTUS LLC and | the MEMBERS (as defined herein) | Dated as of [●], 2016",true,false,true,false,6,keep,centered title contains 'tax receivable agreement'
data/edgar-query/exhibits/0001665988/0001193125-16-650677_d22578dex1012.htm,673393,AMENDMENT AND RESTATEMENT AGREEMENT,false,false,true,false,0,keep,'tax receivable agreement' phrase present in body
data/edgar-query/exhibits/0001665988/0001193125-16-650677_d22578dex104.htm,349744,"BIOVENTUS LLC | SECOND AMENDED AND RESTATED | LIMITED LIABILITY COMPANY AGREEMENT | Dated as of [●], 2016",false,true,true,false,1,keep,'tax receivable agreement' phrase present in body
data/edgar-query/exhibits/0001665988/0001193125-21-028021_d58473dex101.htm,199051,"TAX RECEIVABLE AGREEMENT | BIOVENTUS INC. | BIOVENTUS LLC and | the MEMBERS (as defined herein) | Dated as of [●], 2021",true,false,true,false,6,keep,centered title contains 'tax receivable agreement'
data/edgar-query/exhibits/0001665988/0001193125-21-028021_d58473dex104.htm,373642,"BIOVENTUS LLC | SECOND AMENDED AND RESTATED | LIMITED LIABILITY COMPANY AGREEMENT | Dated as of [●], 2021",false,true,true,false,1,keep,'tax receivable agreement' phrase present in body
data/edgar-query/exhibits/0001665988/0001193125-21-035490_d58473dex104.htm,373594,"BIOVENTUS LLC | SECOND AMENDED AND RESTATED | LIMITED LIABILITY COMPANY AGREEMENT | Dated as of [●], 2021",false,true,true,false,1,keep,'tax receivable agreement' phrase present in body
data/edgar-query/exhibits/0001665988/0001193125-21-045802_d134776dex101.htm,373734,"BIOVENTUS LLC | SECOND AMENDED AND RESTATED | LIMITED LIABILITY COMPANY AGREEMENT | Dated as of February 16, 2021",false,true,true,false,1,keep,'tax receivable agreement' phrase present in body
data/edgar-query/exhibits/0001665988/0001193125-21-045802_d134776dex102.htm,198489,"TAX RECEIVABLE AGREEMENT | BIOVENTUS INC. | BIOVENTUS LLC and | the MEMBERS (as defined herein) | Dated as of February 16, 2021",true,false,true,false,6,keep,centered title contains 'tax receivable agreement'
data/edgar-query/exhibits/0001669779/0001047469-16-015560_a2229763zex-10_1.htm,304998,"TAX RECEIVABLE AGREEMENT | CAMPING WORLD HOLDINGS, INC. | the several MEMBERS (as defined herein) | MANAGEMENT REPRESENTATIVE (as defined herein) and | OTHER MEMBERS OF CWGS ENTERPRISES, LLC FROM TIME TO TIME PARTY HERETO | Dated as of [ ], 2016",true,false,true,false,5,keep,centered title contains 'tax receivable agreement'
data/edgar-query/exhibits/0001669779/0001047469-16-015560_a2229763zex-10_3.htm,547930,"CWGS ENTERPRISES, LLC | AMENDED AND RESTATED LIMITED LIABILITY COMPANY AGREEMENT | Dated as of [ · ], 2016",false,true,true,false,0,keep,'tax receivable agreement' phrase present in body
data/edgar-query/exhibits/0001669779/0001047469-16-015697_a2229814zex-10_1.htm,298147,"TAX RECEIVABLE AGREEMENT | CAMPING WORLD HOLDINGS, INC. | the several MEMBERS (as defined herein) | MANAGEMENT REPRESENTATIVE (as defined herein) and | OTHER MEMBERS OF CWGS ENTERPRISES, LLC FROM TIME TO TIME PARTY HERETO | Dated as of [ ], 2016",true,false,true,false,5,keep,centered title contains 'tax receivable agreement'
data/edgar-query/exhibits/0001669779/0001047469-16-015697_a2229814zex-10_3.htm,487519,"CWGS ENTERPRISES, LLC | AMENDED AND RESTATED LIMITED LIABILITY COMPANY AGREEMENT | Dated as of [ · ], 2016",false,true,true,false,0,keep,'tax receivable agreement' phrase present in body
data/edgar-query/exhibits/0001669779/0001047469-16-015697_a2229814zex-10_32.htm,3995933,2,false,false,true,false,0,keep,'tax receivable agreement' phrase present in body
data/edgar-query/exhibits/0001669779/0001104659-21-153126_tm2136191d1_ex10-1.htm,1212995,[ Signature Pages Follow ],false,false,true,false,0,keep,'tax receivable agreement' phrase present in body
data/edgar-query/exhibits/0001669779/0001558370-16-009958_cwh-20160930ex1038f8588.htm,1491521,"CREDIT AGREEMENT | November 8, 2016, | CWGS ENTERPRISES, LLC, | as Holdings, | CWGS GROUP, LLC, | as Borrower, | The Lenders Party Hereto | GOLDMAN SACHS BANK USA, | as Administrative Agent | GOLDMAN SACHS BANK USA | and JPMORGAN CHASE BANK, N.A., | as Joint Lead Arrangers and Joint Bookrunners | GO",false,true,true,false,0,keep,'tax receivable agreement' phrase present in body
data/edgar-query/exhibits/0001669779/0001558370-17-001687_cwh-20161231ex101c4a695.htm,714348,"TAX RECEIVABLE AGREEMENT | CAMPING WORLD HOLDINGS, INC. | the several MEMBERS (as defined herein) | MANAGEMENT REPRESENTATIVE (as defined herein) and | OTHER MEMBERS OF CWGS ENTERPRISES, LLC FROM TIME TO TIME PARTY HERETO | Dated as of October 6, 2016",true,false,true,false,6,keep,centered title contains 'tax receivable agreement'
data/edgar-query/exhibits/0001669779/0001558370-17-001687_cwh-20161231ex103b782d8.htm,857782,"CWGS ENTERPRISES, LLC | AMENDED AND RESTATED LIMITED LIABILITY COMPANY AGREEMENT | Dated as of October 6, 2016",false,true,true,false,0,keep,'tax receivable agreement' phrase present in body
data/edgar-query/exhibits/0001669779/0001558370-18-002545_ex-10d1.htm,1656977,2,false,false,true,false,0,keep,'tax receivable agreement' phrase present in body
data/edgar-query/exhibits/0001669779/0001558370-21-008114_cwh-20210603xex10d1.htm,1544708,"CREDIT AGREEMENT | June 3, 2021, | CWGS ENTERPRISES, LLC, | as Holdings, | CWGS GROUP, LLC, | as Borrower, | The LENDERS Party Hereto | GOLDMAN SACHS BANK USA, | as Administrative Agent | GOLDMAN SACHS BANK USA | and JPMORGAN CHASE BANK, N.A., | as Joint Lead Arrangers and Joint Bookrunners | GOLDMA",false,true,true,false,0,keep,'tax receivable agreement' phrase present in body
data/edgar-query/exhibits/0001669779/0001558370-24-001703_cwh-20231231xex10d22.htm,90258,AMENDMENT NO. 1 TO | TAX RECEIVABLE AGREEMENT,true,false,true,false,0,keep,centered title contains 'tax receivable agreement'
data/edgar-query/exhibits/0001669779/0001558370-24-016046_cwh-20241202xex10d1.htm,1497618,[ Signature Pages Follow ],false,false,true,false,0,keep,'tax receivable agreement' phrase present in body
data/edgar-query/exhibits/0001669792/0001047469-16-013816_a2228918zex-10_4.htm,212894,"FORM OF INCOME TAX RECEIVABLE AGREEMENT | Dated as of [ · ], 2016",true,false,true,true,5,keep,centered title contains 'tax receivable agreement'
data/edgar-query/exhibits/0001669792/0001047469-16-014002_a2228971zex-10_4.htm,257103,"INCOME TAX RECEIVABLE AGREEMENT | Dated as of [ · ], 2016",true,false,true,true,5,keep,centered title contains 'tax receivable agreement'
data/edgar-query/exhibits/0001669792/0001104659-16-134051_a16-6876_13ex10d3.htm,257049,"INCOME TAX RECEIVABLE AGREEMENT | Dated as of July 20, 2016",true,false,true,true,5,keep,centered title contains 'tax receivable agreement'
data/edgar-query/exhibits/0001670349/0001193125-21-202199_d190800dex105.htm,880201,FOURTH AMENDMENT AND LIMITED CONSENT | TO ABL CREDIT AGREEMENT,false,true,true,false,0,keep,'tax receivable agreement' phrase present in body
data/edgar-query/exhibits/0001674101/0001193125-20-028315_d880241dex104.htm,142068,TAX RECEIVABLE AGREEMENT,true,false,true,false,4,keep,centered title contains 'tax receivable agreement'
data/edgar-query/exhibits/0001674101/0001193125-20-028316_d880298dex104.htm,142068,TAX RECEIVABLE AGREEMENT,true,false,true,false,4,keep,centered title contains 'tax receivable agreement'
data/edgar-query/exhibits/0001674101/0001628280-20-002714_exhibitno101termloancred.htm,760728,"Execution Version TERM LOAN CREDIT AGREEMENT among VERTIV INTERMEDIATE HOLDING II CORPORATION, as HOLDINGS VERTIV GROUP CORPORATION, as the BORROWER, VARIOUS LENDERS and CITIBANK, N.A., as ADMINISTRATIVE AGENT _______________________________________ Dated as of March 2, 2020 CITIBANK, N.A., JPMORGAN",false,true,true,false,0,keep,'tax receivable agreement' phrase present in body
data/edgar-query/exhibits/0001674101/0001628280-22-000426_exhibit101-trarepurchaseag.htm,39673,TRA REPURCHASE AGREEMENT,false,false,true,false,3,keep,'tax receivable agreement' phrase present in body
data/edgar-query/exhibits/0001674101/0001628280-22-017243_ex101-amendmentno1totrarep.htm,23455,AMENDMENT NO. 1 to TRA REPURCHASE AGREEMENT,false,false,true,false,0,keep,'tax receivable agreement' phrase present in body
data/edgar-query/exhibits/0001674335/0001193125-16-770028_d181517dex1012.htm,1406488,[signature pages follow],false,false,true,false,0,keep,'tax receivable agreement' phrase present in body
data/edgar-query/exhibits/0001674335/0001193125-16-770028_d181517dex1022.htm,1341673,2,false,false,true,false,0,keep,'tax receivable agreement' phrase present in body
data/edgar-query/exhibits/0001674335/0001193125-17-073723_d342319dex101.htm,1045230,2,false,false,true,false,0,keep,'tax receivable agreement' phrase present in body
data/edgar-query/exhibits/0001674335/0001193125-17-369972_d479375dex101.htm,2064663,[signature pages follow],false,false,true,false,0,keep,'tax receivable agreement' phrase present in body
data/edgar-query/exhibits/0001674335/0001193125-17-369972_d479375dex102.htm,1489224,2,false,false,true,false,0,keep,'tax receivable agreement' phrase present in body
data/edgar-query/exhibits/0001678463/0001193125-16-681246_d201367dex1014.htm,166538,"TAX RECEIVABLE AGREEMENT | [Lone Star] | Forterra, Inc. | Dated as of [●], 2016",true,false,true,false,4,keep,centered title contains 'tax receivable agreement'
data/edgar-query/exhibits/0001678463/0001193125-16-739405_d267135dex1014.htm,139069,"TAX RECEIVABLE AGREEMENT | LSF9 Stardust Holdings, L.P. | Forterra, Inc. | Dated as of October , 2016",true,false,true,false,4,keep,centered title contains 'tax receivable agreement'
data/edgar-query/exhibits/0001678463/0001193125-16-765397_d287018dex101.htm,2696383,"SENIOR LIEN TERM LOAN CREDIT AGREEMENT | October 25, 2016, | FORTERRA FINANCE, LLC, | FORTERRA, INC., | THE LENDERS PARTY HERETO | CREDIT SUISSE AG, CAYMAN ISLANDS BRANCH, | as Administrative Agent | CREDIT SUISSE SECURITIES (USA) LLC, | as Sole Lead Arranger and Sole Bookrunner",false,true,true,false,0,keep,'tax receivable agreement' phrase present in body
data/edgar-query/exhibits/0001678463/0001193125-16-765397_d287018dex102.htm,3535330,"ABL CREDIT AGREEMENT | October 25, 2016, | FORTERRA, INC., | THE OTHER US BORROWERS PARTY HERETO, | THE CANADIAN BORROWERS PARTY HERETO, | THE LENDERS PARTY HERETO, | BANK OF AMERICA, N.A., | as Agent | CREDIT SUISSE SECURITIES (USA) LLC, | BANK OF AMERICA, N.A. | BARCLAYS BANK PLC | CITIGROUP GLOBA",false,true,true,false,0,keep,'tax receivable agreement' phrase present in body
data/edgar-query/exhibits/0001679063/0001104659-22-059491_tm2215197d3_ex10-2.htm,36935,AMENDMENT TO TAX RECEIVABLE AGREEMENT,true,false,true,false,1,keep,centered title contains 'tax receivable agreement'
data/edgar-query/exhibits/0001679063/0001104659-22-059496_tm2215197d3_ex10-2.htm,36935,AMENDMENT TO TAX RECEIVABLE AGREEMENT,true,false,true,false,1,keep,centered title contains 'tax receivable agreement'
data/edgar-query/exhibits/0001679273/0001193125-16-693702_d205931dex101.htm,166198,"TAX MATTERS AGREEMENT | [ConAgra] , | on behalf of itself | and the members | of the ConAgra Group, | [SpinCo] | on behalf of itself | and the members | of the LW Group | Dated as of [ ], 2016",false,false,true,false,0,keep,'tax receivable agreement' phrase present in body
data/edgar-query/exhibits/0001679273/0001193125-16-766127_d273163dex101.htm,150088,"TAX MATTERS AGREEMENT | ConAgra Foods, Inc., | on behalf of itself | and the members | of the ConAgra Group, | Lamb Weston Holdings, Inc. | on behalf of itself | and the members | of the LW Group | Dated as of November 8, 2016",false,false,true,false,0,keep,'tax receivable agreement' phrase present in body
data/edgar-query/exhibits/0001682745/0001104659-18-041476_a18-15692_1ex10d2.htm,258867,"TAX RECEIVABLE AGREEMENT | VERRA MOBILITY CORPORATION, | THE STOCKHOLDERS IDENTIFIED HEREIN, | PE GREENLIGHT HOLDINGS, LLC, | IN ITS CAPACITY AS THE STOCKHOLDER REPRESENTATIVE | Dated as of [ · ], 2018",true,false,true,false,4,keep,centered title contains 'tax receivable agreement'
data/edgar-query/exhibits/0001682745/0001104659-18-041477_a18-15692_1ex10d2.htm,258867,"TAX RECEIVABLE AGREEMENT | VERRA MOBILITY CORPORATION, | THE STOCKHOLDERS IDENTIFIED HEREIN, | PE GREENLIGHT HOLDINGS, LLC, | IN ITS CAPACITY AS THE STOCKHOLDER REPRESENTATIVE | Dated as of [ · ], 2018",true,false,true,false,4,keep,centered title contains 'tax receivable agreement'
data/edgar-query/exhibits/0001682745/0001564590-18-024644_vrrm-ex104_937.htm,252560,"TAX RECEIVABLE AGREEMENT | VERRA MOBILITY CORPORATION, | THE STOCKHOLDERS IDENTIFIED HEREIN, | PE GREENLIGHT HOLDINGS, LLC, | IN ITS CAPACITY AS THE STOCKHOLDER REPRESENTATIVE | Dated as of October 17, 2018",true,false,true,false,4,keep,centered title contains 'tax receivable agreement'
data/edgar-query/exhibits/0001685040/0001193125-17-126443_d271055dex105.htm,118886,"TAX RECEIVABLES AGREEMENT | [•] | MetLife, Inc. | Brighthouse Financial, Inc.",false,false,false,false,3,keep,3 TRA-specific defined terms present
data/edgar-query/exhibits/0001685040/0001193125-17-252871_d428466dex105.htm,113146,"TAX RECEIVABLES AGREEMENT | July 27, 2017 | MetLife, Inc. | Brighthouse Financial, Inc.",false,false,false,false,3,keep,3 TRA-specific defined terms present
data/edgar-query/exhibits/0001688941/0000950123-16-022770_filename5.htm,144951,"TAX RECEIVABLE AGREEMENT | [Lone Star] | Foundation Building Materials, Inc. | Dated as of [●], 2016",true,false,true,false,4,keep,centered title contains 'tax receivable agreement'
data/edgar-query/exhibits/0001688941/0001193125-17-009960_d264719dex103.htm,144978,"TAX RECEIVABLE AGREEMENT | [Lone Star] | Foundation Building Materials, Inc. | Dated as of [●], 2016",true,false,true,false,4,keep,centered title contains 'tax receivable agreement'
data/edgar-query/exhibits/0001688941/0001193125-18-251688_d598470dex1021.htm,1814228,"TERM LOAN CREDIT AGREEMENT | August 13, 2018, | FBM ALPHA LLC, as Holdings, | FOUNDATION BUILDING MATERIALS HOLDING COMPANY LLC, as the Borrower, | THE LENDERS PARTY HERETO | ROYAL BANK OF CANADA, | as Administrative Agent | RBC CAPITAL MARKETS 1 , | GOLDMAN SACHS BANK USA, | SUNTRUST ROBINSON HUMPH",false,true,true,false,0,keep,'tax receivable agreement' phrase present in body
data/edgar-query/exhibits/0001688941/0001628280-20-016457_traamendmentexhibit101.htm,35036,TAX RECEIVABLE TERMINATION AGREEMENT,false,false,true,false,1,keep,'tax receivable agreement' phrase present in body
data/edgar-query/exhibits/0001690680/0001193125-17-359952_d298983dex105.htm,265164,"TAX MATTERS AGREEMENT | BGC PARTNERS, INC., | BGC HOLDINGS, L.P., | BGC PARTNERS, L.P., | NEWMARK GROUP, INC., | NEWMARK HOLDINGS, L.P. and | NEWMARK PARTNERS, L.P. | Dated as of [•]",false,false,true,false,0,keep,'tax receivable agreement' phrase present in body
data/edgar-query/exhibits/0001690680/0001193125-17-359952_d298983dex106.htm,77950,TAX RECEIVABLE AGREEMENT,true,false,true,false,4,keep,centered title contains 'tax receivable agreement'
data/edgar-query/exhibits/0001690680/0001193125-17-366544_d298983dex105.htm,265828,"TAX MATTERS AGREEMENT | BGC PARTNERS, INC., | BGC HOLDINGS, L.P., | BGC PARTNERS, L.P., | NEWMARK GROUP, INC., | NEWMARK HOLDINGS, L.P. and | NEWMARK PARTNERS, L.P. | Dated as of [•]",false,false,true,false,0,keep,'tax receivable agreement' phrase present in body
data/edgar-query/exhibits/0001690680/0001193125-17-373644_d451435dex107.htm,253749,"TAX MATTERS AGREEMENT | BGC PARTNERS, INC., | BGC HOLDINGS, L.P., | BGC PARTNERS, L.P., | NEWMARK GROUP, INC., | NEWMARK HOLDINGS, L.P. and | NEWMARK PARTNERS, L.P. | Dated as of December 13, 2017",false,false,true,false,0,keep,'tax receivable agreement' phrase present in body
data/edgar-query/exhibits/0001690680/0001193125-17-373644_d451435dex108.htm,77751,TAX RECEIVABLE AGREEMENT,true,false,true,false,4,keep,centered title contains 'tax receivable agreement'
data/edgar-query/exhibits/0001690769/0001193125-18-038241_d508878dex104.htm,368232,"AMENDED AND RESTATED | AGREEMENT OF LIMITED PARTNERSHIP | SRII OPCO, LP | Dated as of February 9, 2018",false,true,true,false,0,keep,'tax receivable agreement' phrase present in body
data/edgar-query/exhibits/0001690769/0001193125-18-038241_d508878dex105.htm,118176,TAX RECEIVABLE AGREEMENT,true,false,true,false,7,keep,centered title contains 'tax receivable agreement'
data/edgar-query/exhibits/0001690820/0000950123-17-003051_filename3.htm,114361,"TAX RECEIVABLE AGREEMENT | CARVANA CO., | CERTAIN OTHER PERSONS NAMED HEREIN, | THE AGENT | DATED AS OF [ ● ], 2017",true,false,true,false,6,keep,centered title contains 'tax receivable agreement'
data/edgar-query/exhibits/0001690820/0000950123-17-003051_filename4.htm,114662,FORM OF EXCHANGE AGREEMENT,false,true,true,false,0,keep,'tax receivable agreement' phrase present in body
data/edgar-query/exhibits/0001690820/0000950123-17-003051_filename5.htm,307491,"Carvana Group, LLC | FORM OF FOURTH AMENDED AND RESTATED LIMITED LIABILITY COMPANY AGREEMENT | Dated as of [●], 2017",false,true,true,false,1,keep,'tax receivable agreement' phrase present in body
data/edgar-query/exhibits/0001690820/0000950123-17-003051_filename6.htm,34639,"Carvana Co. Sub LLC | A Delaware Limited Liability Company | FORM OF LIMITED LIABILITY COMPANY AGREEMENT | Dated as of [●], 2017",false,true,true,false,0,keep,'tax receivable agreement' phrase present in body
data/edgar-query/exhibits/0001690820/0001193125-17-106717_d297157dex101.htm,114388,"TAX RECEIVABLE AGREEMENT | CARVANA CO., | CERTAIN OTHER PERSONS NAMED HEREIN, | THE AGENT | DATED AS OF [ ● ], 2017",true,false,true,false,6,keep,centered title contains 'tax receivable agreement'
data/edgar-query/exhibits/0001690820/0001193125-17-106717_d297157dex102.htm,114689,FORM OF EXCHANGE AGREEMENT,false,true,true,false,0,keep,'tax receivable agreement' phrase present in body
data/edgar-query/exhibits/0001690820/0001193125-17-106717_d297157dex1028.htm,34670,"Carvana Co. Sub LLC | A Delaware Limited Liability Company | FORM OF LIMITED LIABILITY COMPANY AGREEMENT | Dated as of [●], 2017",false,true,true,false,0,keep,'tax receivable agreement' phrase present in body
data/edgar-query/exhibits/0001690820/0001193125-17-106717_d297157dex103.htm,307518,"Carvana Group, LLC | FORM OF FOURTH AMENDED AND RESTATED LIMITED LIABILITY COMPANY AGREEMENT | Dated as of [●], 2017",false,true,true,false,1,keep,'tax receivable agreement' phrase present in body
data/edgar-query/exhibits/0001690820/0001193125-17-119018_d297157dex101.htm,114210,"TAX RECEIVABLE AGREEMENT | CARVANA CO., | CERTAIN OTHER PERSONS NAMED HEREIN, | THE AGENT | DATED AS OF [ ● ], 2017",true,false,true,false,6,keep,centered title contains 'tax receivable agreement'
data/edgar-query/exhibits/0001690820/0001193125-17-119018_d297157dex103.htm,298823,"Carvana Group, LLC | FOURTH AMENDED AND RESTATED LIMITED LIABILITY COMPANY AGREEMENT | Dated as of [●], 2017",false,true,true,false,1,keep,'tax receivable agreement' phrase present in body
data/edgar-query/exhibits/0001690820/0001193125-17-156305_d388690dex101.htm,204789,"TAX RECEIVABLE AGREEMENT | CARVANA CO., | CERTAIN OTHER PERSONS NAMED HEREIN, | THE AGENT | DATED AS OF APRIL 27, 2017",true,false,true,false,6,keep,centered title contains 'tax receivable agreement'
data/edgar-query/exhibits/0001690820/0001193125-17-156305_d388690dex102.htm,388167,"Carvana Group, LLC | FOURTH AMENDED AND RESTATED LIMITED LIABILITY COMPANY AGREEMENT | Dated as of April 27, 2017",false,true,true,false,1,keep,'tax receivable agreement' phrase present in body
data/edgar-query/exhibits/0001690820/0001193125-17-156305_d388690dex103.htm,207692,EXCHANGE AGREEMENT,false,true,true,false,0,keep,'tax receivable agreement' phrase present in body
data/edgar-query/exhibits/0001690820/0001193125-20-263341_d42993dex101.htm,306334,"Carvana Group, LLC",false,false,true,false,1,keep,'tax receivable agreement' phrase present in body
data/edgar-query/exhibits/0001690820/0001193125-23-189188_d537573dex101.htm,2277494,TRANSACTION SUPPORT AGREEMENT,false,true,true,false,0,keep,'tax receivable agreement' phrase present in body
data/edgar-query/exhibits/0001691936/0001493152-21-017760_ex10-11.htm,139255,TAX RECEIVABLES AGREEMENT,false,false,false,false,6,keep,6 TRA-specific defined terms present
data/edgar-query/exhibits/0001691936/0001493152-21-017760_ex10-12.htm,387551,"AMENDED AND RESTATED | LIMITED LIABILITY COMPANY AGREEMENT | ANDINA HOLDINGS, LLC | DATED AS OF July 20, 2021",false,true,true,false,1,keep,'tax receivable agreement' phrase present in body
data/edgar-query/exhibits/0001692787/0001193125-22-173139_d259336dex101.htm,665958,"US$1,250,000,000 SENIOR REVOLVING CREDIT FACILITY | CREDIT AGREEMENT | dated as of June 8, 2022 | KINETIK HOLDINGS LP, | as Borrower | THE LENDERS PARTY HERETO, | THE ISSUING BANKS PARTY HERETO, | BANK OF AMERICA, N.A., | as Administrative Agent, | WELLS FARGO BANK, NATIONAL ASSOCIATION, MUFG BANK, ",false,true,true,false,0,keep,'tax receivable agreement' phrase present in body
data/edgar-query/exhibits/0001692787/0001193125-22-173139_d259336dex102.htm,549445,"CREDIT AGREEMENT | dated as of June 8, 2022 | KINETIK HOLDINGS LP, | as Borrower | THE LENDERS PARTY HERETO, | PNC BANK, NATIONAL ASSOCIATION, | as Administrative Agent, | MUFG BANK, LTD., TRUIST BANK, WELLS FARGO BANK, NATIONAL | ASSOCIATION, BANK OF AMERICA, N.A. and TD SECURITIES (USA) LLC | as C",false,true,true,false,0,keep,'tax receivable agreement' phrase present in body
data/edgar-query/exhibits/0001692787/0001193125-25-133719_d857465dex101.htm,636549,"US$1,600,000,000 SENIOR REVOLVING CREDIT FACILITY | CREDIT AGREEMENT | dated as of May 30, 2025 | KINETIK HOLDINGS LP, | as Borrower | THE LENDERS PARTY HERETO, | THE ISSUING BANKS PARTY HERETO, | PNC BANK, NATIONAL ASSOCIATION, | as Administrative Agent, | BOFA SECURITIES, INC. , | as Syndication A",false,true,true,false,0,keep,'tax receivable agreement' phrase present in body
data/edgar-query/exhibits/0001692787/0001193125-25-133719_d857465dex102.htm,504331,"CREDIT AGREEMENT | dated as of May 30, 2025 | KINETIK HOLDINGS LP, | as Borrower | THE LENDERS PARTY HERETO, | TORONTO DOMINION (TEXAS) LLC | as Administrative Agent, | PNC BANK, NATIONAL ASSOCIATION and MIZUHO BANK, LTD. | as Co-Syndication Agents, | BOFA SECURITIES, INC. and TRUIST BANK | as Co-Do",false,true,true,false,0,keep,'tax receivable agreement' phrase present in body
data/edgar-query/exhibits/0001692819/0001193125-16-802608_d312912dex1010.htm,488490,"TAX RECEIVABLE AGREEMENT | TEX Energy LLC | American Stock Transfer & Trust Company, LLC, as Transfer Agent | dated as of October 3, 2016",true,false,true,false,3,keep,centered title contains 'tax receivable agreement'
data/edgar-query/exhibits/0001692819/0001193125-16-802608_d312912dex1011.htm,210222,"TAX MATTERS AGREEMENT | ENERGY FUTURE HOLDINGS CORP., | ENERGY FUTURE INTERMEDIATE HOLDING COMPANY LLC, | EFIH FINANCE INC., | EFH MERGER CO., LLC | TEX ENERGY LLC | DATED AS OF OCTOBER 3, 2016",false,false,true,false,1,keep,'tax receivable agreement' phrase present in body
data/edgar-query/exhibits/0001692819/0001193125-17-110857_d312912dex1013.htm,488490,"TAX RECEIVABLE AGREEMENT | TEX Energy LLC | American Stock Transfer & Trust Company, LLC, as Transfer Agent | dated as of October 3, 2016",true,false,true,false,3,keep,centered title contains 'tax receivable agreement'
data/edgar-query/exhibits/0001692819/0001193125-17-110857_d312912dex1014.htm,210222,"TAX MATTERS AGREEMENT | ENERGY FUTURE HOLDINGS CORP., | ENERGY FUTURE INTERMEDIATE HOLDING COMPANY LLC, | EFIH FINANCE INC., | EFH MERGER CO., LLC | TEX ENERGY LLC | DATED AS OF OCTOBER 3, 2016",false,false,true,false,1,keep,'tax receivable agreement' phrase present in body
data/edgar-query/exhibits/0001692819/0001193125-24-002418_d694804dex101.htm,304588,"AMENDED AND RESTATED | TAX RECEIVABLE AGREEMENT | Vistra Corp. | Equiniti Trust Company, LLC, as Transfer Agent | dated as of December 29, 2023",true,false,true,false,3,keep,centered title contains 'tax receivable agreement'
data/edgar-query/exhibits/0001692819/0001692819-18-000018_vistra-20171231xexhibit10d.htm,56014,PERFORMANCE STOCK UNIT AGREEMENT | PURSUANT TO THE | VISTRA ENERGY CORP. 2016 OMNIBUS INCENTIVE PLAN | * * * * *,false,true,true,false,0,keep,'tax receivable agreement' phrase present in body
data/edgar-query/exhibits/0001693256/0000912057-17-000017_filename12.htm,436270,"EIGHTH AMENDED AND RESTATED | LIMITED LIABILITY COMPANY AGREEMENT | SES HOLDINGS, LLC | DATED AS OF DECEMBER 19, 2016",false,true,true,false,0,keep,'tax receivable agreement' phrase present in body
data/edgar-query/exhibits/0001693256/0000912057-17-000017_filename8.htm,194294,"TAX RECEIVABLE AGREEMENT | SELECT ENERGY SERVICES, INC., | SES LEGACY HOLDINGS, LLC, | CRESTVIEW PARTNERS II GP, L.P. | DATED AS OF DECEMBER 19, 2016",true,false,true,false,5,keep,centered title contains 'tax receivable agreement'
data/edgar-query/exhibits/0001693256/0000912057-17-000017_filename9.htm,186071,"TAX RECEIVABLE AGREEMENT | SELECT ENERGY SERVICES, INC., | CRESTVIEW PARTNERS II SES INVESTMENT B, LLC, | CRESTVIEW PARTNERS II GP, L.P. | DATED AS OF DECEMBER 19, 2016",true,false,true,false,5,keep,centered title contains 'tax receivable agreement'
data/edgar-query/exhibits/0001693256/0001047469-17-001192_a2231067zex-10_5.htm,194352,"TAX RECEIVABLE AGREEMENT | SELECT ENERGY SERVICES, INC., | SES LEGACY HOLDINGS, LLC, | CRESTVIEW PARTNERS II GP, L.P. | DATED AS OF DECEMBER 19, 2016",true,false,true,false,5,keep,centered title contains 'tax receivable agreement'
data/edgar-query/exhibits/0001693256/0001047469-17-001192_a2231067zex-10_6.htm,186127,"TAX RECEIVABLE AGREEMENT | SELECT ENERGY SERVICES, INC., | CRESTVIEW PARTNERS II SES INVESTMENT B, LLC, | CRESTVIEW PARTNERS II GP, L.P. | DATED AS OF DECEMBER 19, 2016",true,false,true,false,5,keep,centered title contains 'tax receivable agreement'
data/edgar-query/exhibits/0001693256/0001047469-17-001192_a2231067zex-10_9.htm,436297,"EIGHTH AMENDED AND RESTATED | LIMITED LIABILITY COMPANY AGREEMENT | SES HOLDINGS, LLC | DATED AS OF DECEMBER 19, 2016",false,true,true,false,0,keep,'tax receivable agreement' phrase present in body
data/edgar-query/exhibits/0001693256/0001104659-22-035557_tm229712d1_ex10-1.htm,1225835,"dated as of March 17, 2022, | SELECT ENERGY SERVICES, LLC, | as Borrower, | SES HOLDINGS, LLC, | as Parent, | WELLS FARGO BANK, NATIONAL ASSOCIATION, | as Administrative Agent, Issuing Lender and Swingline Lender, | WELLS FARGO CAPITAL FINANCE, LLC, | as Sustainability Structuring Agent, | WELLS FAR",false,false,true,false,0,keep,'tax receivable agreement' phrase present in body
data/edgar-query/exhibits/0001693256/0001104659-25-006825_tm254551d1_ex10-1.htm,1161440,"CREDIT AGREEMENT | dated as of January 24, 2025, | SELECT WATER SOLUTIONS, LLC, | as Borrower, | SES HOLDINGS, LLC, | as Parent, | BANK OF AMERICA, N.A. | as Administrative Agent, Issuing Lender and Swingline Lender, | BOFA SECURITIES, INC. and J . P . MORGAN SECURITIES LLC, | as Joint Sustainabilit",false,true,true,false,0,keep,'tax receivable agreement' phrase present in body
data/edgar-query/exhibits/0001693256/0001558370-17-006568_wttr-20170630ex1030a98b1.htm,51612,AMENDMENT NO. 1 TO TAX RECEIVABLE AGREEMENT,true,false,true,false,1,keep,centered title contains 'tax receivable agreement'
data/edgar-query/exhibits/0001693256/0001558370-17-006568_wttr-20170630ex104cbe710.htm,44186,AMENDMENT NO. 1 TO | TAX RECEIVABLE AGREEMENT,true,false,true,false,1,keep,centered title contains 'tax receivable agreement'
data/edgar-query/exhibits/0001693256/0001558370-23-013256_wttr-20230630xex10d2.htm,34117,AMENDMENT NO. 2 TO TAX RECEIVABLE AGREEMENT,true,false,true,false,1,keep,centered title contains 'tax receivable agreement'
data/edgar-query/exhibits/0001693256/0001558370-23-013256_wttr-20230630xex10d3.htm,20060,AMENDMENT NO. 2 TO TAX RECEIVABLE AGREEMENT,true,false,true,false,1,keep,centered title contains 'tax receivable agreement'
data/edgar-query/exhibits/0001693853/0000950123-17-003069_filename11.htm,128610,"TAX RECEIVABLE AGREEMENT | VINE RESOURCES INC. | THE PERSONS NAMED HEREIN | Dated as of [ ], 2017",true,false,true,false,6,keep,centered title contains 'tax receivable agreement'
data/edgar-query/exhibits/0001693853/0001193125-17-118785_d299355dex1027.htm,128615,"TAX RECEIVABLE AGREEMENT | VINE RESOURCES INC. | THE PERSONS NAMED HEREIN | Dated as of [ ], 2017",true,false,true,false,6,keep,centered title contains 'tax receivable agreement'
data/edgar-query/exhibits/0001693853/0001193125-21-050849_d86799dex1013.htm,183010,"TAX RECEIVABLE AGREEMENT | VINE ENERGY INC. | THE PERSONS NAMED HEREIN | Dated as of [ ], 2021",true,false,true,false,6,keep,centered title contains 'tax receivable agreement'
data/edgar-query/exhibits/0001693853/0001193125-21-091165_d117650dex101.htm,356379,"FORM OF AMENDED AND RESTATED | LIMITED LIABILITY COMPANY AGREEMENT | VINE ENERGY HOLDINGS LLC | a Delaware limited liability company | Dated as of March 17, 2021",false,true,true,false,0,keep,'tax receivable agreement' phrase present in body
data/edgar-query/exhibits/0001693853/0001193125-21-091165_d117650dex102.htm,171113,"TAX RECEIVABLE AGREEMENT | VINE ENERGY INC. | THE PERSONS NAMED HEREIN | Dated as of March 17, 2021",true,false,true,false,6,keep,centered title contains 'tax receivable agreement'
data/edgar-query/exhibits/0001693853/0001193125-21-243574_d204861dex102.htm,28413,TAX RECEIVABLE AGREEMENT AMENDMENT,true,false,true,false,1,keep,centered title contains 'tax receivable agreement'
data/edgar-query/exhibits/0001694028/0001193125-17-118739_d313047dex103.htm,125843,"TAX RECEIVABLE AGREEMENT | LIBERTY OILFIELD SERVICES INC., | R/C ENERGY IV DIRECT PARTNERSHIP, L.P., | R/C ENERGY IV DIRECT PARTNERSHIP, L.P., as Agent | DATED AS OF , 2017",true,false,true,false,5,keep,centered title contains 'tax receivable agreement'
data/edgar-query/exhibits/0001694028/0001193125-17-118739_d313047dex104.htm,127740,"TAX RECEIVABLE AGREEMENT | LIBERTY OILFIELD SERVICES INC., | CERTAIN OTHER PERSONS NAMED HEREIN | [AGENT] | DATED AS OF , 2017",true,false,true,false,6,keep,centered title contains 'tax receivable agreement'
data/edgar-query/exhibits/0001694028/0001193125-17-118739_d313047dex105.htm,348415,"SECOND AMENDED AND RESTATED | LIMITED LIABILITY COMPANY OPERATING AGREEMENT | LIBERTY OILFIELD SERVICES NEW HOLDCO LLC | DATED AS OF , 2017",false,true,true,false,0,keep,'tax receivable agreement' phrase present in body
data/edgar-query/exhibits/0001694028/0001193125-18-000719_d313047dex105.htm,327877,"SECOND AMENDED AND RESTATED | LIMITED LIABILITY COMPANY OPERATING AGREEMENT | LIBERTY OILFIELD SERVICES NEW HOLDCO LLC | DATED AS OF , 2018",false,true,true,false,0,keep,'tax receivable agreement' phrase present in body
data/edgar-query/exhibits/0001694028/0001193125-18-013495_d513358dex101.htm,343059,"SECOND AMENDED AND RESTATED | LIMITED LIABILITY COMPANY OPERATING AGREEMENT | LIBERTY OILFIELD SERVICES NEW HOLDCO LLC | DATED AS OF JANUARY 17, 2018",false,true,true,false,0,keep,'tax receivable agreement' phrase present in body
data/edgar-query/exhibits/0001694028/0001193125-18-013495_d513358dex102.htm,126557,"TAX RECEIVABLE AGREEMENT | LIBERTY OILFIELD SERVICES INC., | R/C ENERGY IV DIRECT PARTNERSHIP, L.P., | R/C ENERGY IV DIRECT PARTNERSHIP, L.P., as Agent | DATED AS OF JANUARY 17, 2018",true,false,true,false,5,keep,centered title contains 'tax receivable agreement'
data/edgar-query/exhibits/0001694028/0001193125-18-013495_d513358dex103.htm,141120,"TAX RECEIVABLE AGREEMENT | LIBERTY OILFIELD SERVICES INC., | CERTAIN OTHER PERSONS NAMED HEREIN | AGENTS | DATED AS OF JANUARY 17, 2018",true,false,true,false,6,keep,centered title contains 'tax receivable agreement'
data/edgar-query/exhibits/0001694028/0001694028-22-000020_lbrt-agentreplacementxexec.htm,24610,"Agent Designation Amendment to the Tax Receivable Agreement | February 22, 2022",true,false,true,false,0,keep,centered title contains 'tax receivable agreement'
data/edgar-query/exhibits/0001697500/0001193125-17-126442_d304379dex103.htm,131952,"TAX RECEIVABLE AGREEMENT | SOLARIS OILFIELD INFRASTRUCTURE, INC. | CERTAIN OTHER PERSONS NAMED HEREIN, | YORKTOWN ENERGY PARTNERS X, L.P., AS AGENT | SOLARIS SUB MANAGER LLC, AS AGENT | DATED AS OF [ ], 2017",true,false,true,false,6,keep,centered title contains 'tax receivable agreement'
data/edgar-query/exhibits/0001697500/0001193125-17-126442_d304379dex104.htm,330202,"SECOND AMENDED AND RESTATED | LIMITED LIABILITY COMPANY AGREEMENT | SOLARIS OILFIELD INFRASTRUCTURE, LLC | DATED AS OF [•], 2017",false,true,true,false,0,keep,'tax receivable agreement' phrase present in body
data/edgar-query/exhibits/0001697500/0001193125-17-173651_d381590dex101.htm,379801,"SECOND AMENDED AND RESTATED | LIMITED LIABILITY COMPANY AGREEMENT | SOLARIS OILFIELD INFRASTRUCTURE, LLC | DATED AS OF MAY 11, 2017",false,true,true,false,0,keep,'tax receivable agreement' phrase present in body
data/edgar-query/exhibits/0001697500/0001193125-17-179697_d382278dex101.htm,154401,"TAX RECEIVABLE AGREEMENT | SOLARIS OILFIELD INFRASTRUCTURE, INC. | CERTAIN OTHER PERSONS NAMED HEREIN, | YORKTOWN ENERGY PARTNERS X, L.P., AS AGENT | SOLARIS SUB MANAGER LLC, AS AGENT | DATED AS OF MAY 17, 2017",true,false,true,false,6,keep,centered title contains 'tax receivable agreement'
data/edgar-query/exhibits/0001697500/0001193125-24-220668_d896105dex104.htm,553886,"SENIOR SECURED TERM LOAN AGREEMENT | Dated as of September 11, 2024 | SOLARIS ENERGY INFRASTRUCTURE, LLC, | as Borrower, | SOLARIS ENERGY INFRASTRUCTURE, INC. , | as Parent | THE OTHER OBLIGORS PARTY HERETO, | THE LENDERS PARTY HERETO | BANCO SANTANDER, S.A. NEW YORK BRANCH, | as Administrative Agen",false,false,true,false,1,keep,'tax receivable agreement' phrase present in body
data/edgar-query/exhibits/0001697500/0001193125-24-233911_d842961dex101.htm,684808,"LOAN, SECURITY AND GUARANTY AGREEMENT | Dated as of October 2, 2024 | SOLARIS ENERGY INFRASTRUCTURE, LLC, | SOLARIS OILFIELD SITE SERVICES OPERATING, LLC, | SOLARIS OILFIELD EARLY PROPERTY, LLC, | SOLARIS OILFIELD SITE SERVICES PERSONNEL LLC, | SOLARIS LOGISTICS, LLC, | SOLARIS OILFIELD TECHNOLOGIES",false,false,true,false,1,keep,'tax receivable agreement' phrase present in body
data/edgar-query/exhibits/0001697500/0001193125-25-107559_d939534dex101.htm,628995,Certain identified information in this Agreement denoted with “[***]” has been excluded | from this exhibit pursuant to Item 601(b)(10)(iv) of Regulation S-K because it is both not | material and of the type that the registrant treats as private and confidential. | SECOND AMENDMENT TO AGREEMENT,false,false,true,false,1,keep,'tax receivable agreement' phrase present in body
data/edgar-query/exhibits/0001697500/0001193125-25-107559_d939534dex102.htm,713985,"SECOND AMENDMENT TO | LOAN, SECURITY AND GUARANTY AGREEMENT",false,false,true,false,1,keep,'tax receivable agreement' phrase present in body
data/edgar-query/exhibits/0001697500/0001193125-26-117930_d69360dex101.htm,537898,"SENIOR SECURED TERM LOAN AGREEMENT | Dated as of March 16, 2026 | SOLARIS ENERGY INFRASTRUCTURE, LLC , | as Borrower, | SOLARIS ENERGY INFRASTRUCTURE, INC. , | as Parent | THE OTHER OBLIGORS PARTY HERETO, | THE LENDERS PARTY HERETO | GOLDMAN SACHS BANK USA, | as Administrative Agent | BANCO SANTANDE",false,false,true,false,1,keep,'tax receivable agreement' phrase present in body
data/edgar-query/exhibits/0001697500/0001193125-26-148031_d132412dex101.htm,577884,AMENDMENT NO. 1 TO SENIOR SECURED TERM LOAN AGREEMENT,false,false,true,false,1,keep,'tax receivable agreement' phrase present in body
data/edgar-query/exhibits/0001697500/0001193125-26-219852_d112244dex101.htm,1095332,"CREDIT AGREEMENT | Dated as of May 12, 2026 | SOLARIS ENERGY INFRASTRUCTURE, LLC, | as the Borrower, | SOLARIS ENERGY INFRASTRUCTURE, INC., | as Parent | MUFG BANK, LTD., | as Administrative Agent, | CSC DELAWARE TRUST COMPANY, | as Collateral Agent, | THE LENDERS AND L/C ISSUERS PARTY HERETO FROM T",false,true,true,false,1,keep,'tax receivable agreement' phrase present in body
data/edgar-query/exhibits/0001697500/0001558370-18-001571_soi-20171231ex10234e643.htm,1147175,"CREDIT AGREEMENT | dated as of January 19, 2018 | SOLARIS OILFIELD INFRASTRUCTURE, LLC, | The Lenders From Time to Time Party Hereto | WOODFOREST NATIONAL BANK, | as Administrative Agent | CADENCE BANK, N.A., | as Documentation Agent,",false,true,true,false,1,keep,'tax receivable agreement' phrase present in body
data/edgar-query/exhibits/0001697500/0001558370-25-009911_sei-20250630xex10d2.htm,19104,AMENDMENT NO. 1 TO TAX RECEIVABLE AGREEMENT,true,false,true,false,0,keep,centered title contains 'tax receivable agreement'
data/edgar-query/exhibits/0001697500/0001697500-19-000024_soi-20190331ex101c4c238.htm,940927,"AMENDED AND RESTATED | CREDIT AGREEMENT | dated as of April 26, 2019 | SOLARIS OILFIELD INFRASTRUCTURE, LLC, | The Lenders From Time to Time Party Hereto | WELLS FARGO BANK, NATIONAL ASSOCIATION, | as Administrative Agent | WELLS FARGO SECURITIES, LLC and WOODFOREST NATIONAL BANK, | as Co-Lead Arran",false,true,true,false,1,keep,'tax receivable agreement' phrase present in body
data/edgar-query/exhibits/0001697500/0001697500-22-000011_soi-20211231ex10204dfe8.htm,994771,​ | AMENDMENT NO. 1 TO | AMENDED AND RESTATED CREDIT AGREEMENT,false,true,true,false,1,keep,'tax receivable agreement' phrase present in body
data/edgar-query/exhibits/0001697500/0001697500-23-000013_soi-20230630xex10d2.htm,19205,AMENDMENT NO. 1 TO TAX RECEIVABLE AGREEMENT,true,false,true,false,0,keep,centered title contains 'tax receivable agreement'
data/edgar-query/exhibits/0001699039/0001047469-17-003978_a2232274zex-10_3.htm,183519,"TAX RECEIVABLE AGREEMENT | RANGER ENERGY SERVICES, INC. | CERTAIN OTHER PERSONS NAMED HEREIN, | [ ], AS AGENT | DATED AS OF [ ], 2017",true,false,true,false,6,keep,centered title contains 'tax receivable agreement'
data/edgar-query/exhibits/0001699039/0001047469-17-003978_a2232274zex-10_4.htm,494958,"AMENDED AND RESTATED | LIMITED LIABILITY COMPANY AGREEMENT | RNGR ENERGY SERVICES, LLC | DATED AS OF [ · ], 2017",false,true,true,false,0,keep,'tax receivable agreement' phrase present in body
data/edgar-query/exhibits/0001699039/0001047469-17-003978_a2232274zex-10_5.htm,1239660,"CREDIT AGREEMENT | WELLS FARGO BANK, NATIONAL ASSOCIATION, | as Administrative Agent, | WELLS FARGO BANK, NATIONAL ASSOCIATION | as Sole Lead Arranger, | WELLS FARGO BANK, NATIONAL ASSOCIATION, | as Sole Book Runner, | THE LENDERS THAT ARE PARTIES HERETO | as the Lenders, | RNGR ENERGY SERVICES, LLC",false,true,true,false,0,keep,'tax receivable agreement' phrase present in body
data/edgar-query/exhibits/0001699039/0001104659-17-053149_a17-20834_1ex10d1.htm,469914,"AMENDED AND RESTATED | LIMITED LIABILITY COMPANY AGREEMENT | RNGR ENERGY SERVICES, LLC | DATED AS OF August 16, 2017",false,true,true,false,0,keep,'tax receivable agreement' phrase present in body
data/edgar-query/exhibits/0001699039/0001104659-17-053149_a17-20834_1ex10d2.htm,192160,"TAX RECEIVABLE AGREEMENT | RANGER ENERGY SERVICES, INC. | CERTAIN OTHER PERSONS NAMED HEREIN, | CSL CAPITAL MANAGEMENT, LLC, AS AGENT | DATED AS OF AUGUST 16, 2017",true,false,true,false,5,keep,centered title contains 'tax receivable agreement'
data/edgar-query/exhibits/0001699039/0001104659-17-053149_a17-20834_1ex10d3.htm,1727839,"CREDIT AGREEMENT | WELLS FARGO BANK, NATIONAL ASSOCIATION, | as Administrative Agent, | WELLS FARGO BANK, NATIONAL ASSOCIATION | as Sole Lead Arranger, | WELLS FARGO BANK, NATIONAL ASSOCIATION, | as Sole Book Runner, | THE LENDERS THAT ARE PARTIES HERETO | as the Lenders, | RNGR ENERGY SERVICES, LLC",false,true,true,false,0,keep,'tax receivable agreement' phrase present in body
data/edgar-query/exhibits/0001699039/0001699039-21-000099_rngr-092921ex102.htm,1439439,"LOAN AND SECURITY AGREEMENT | Dated as of September 27, 2021 | RNGR ENERGY SERVICES, LLC, | RANGER ENERGY SERVICES, LLC, | TORRENT ENERGY SERVICES, LLC, | RANGER ENERGY LEASING, LLC, | RANGER ENERGY PROPERTIES, LLC, | ACADEMY OILFIELD RENTALS, LLC, | BRAVO WIRELINE, LLC, | RANGER ENERGY EQUIPMENT, L",false,false,true,false,0,keep,'tax receivable agreement' phrase present in body
data/edgar-query/exhibits/0001699039/0001699039-21-000105_rngr-ex101securitiespurcha.htm,232044,SECURITIES PURCHASE AGREEMENT,false,true,true,false,0,keep,'tax receivable agreement' phrase present in body
data/edgar-query/exhibits/0001699039/0001699039-21-000105_rngr-ex104tratermination.htm,74369,TAX RECEIVABLE TERMINATION AND SETTLEMENT AGREEMENT,false,false,true,false,1,keep,'tax receivable agreement' phrase present in body
data/edgar-query/exhibits/0001699136/0000912057-17-000054_filename4.htm,180504,"TAX RECEIVABLE AGREEMENT | CACTUS, INC. | CERTAIN OTHER PERSONS NAMED HEREIN, | THE AGENT | DATED AS OF , 2017",true,false,true,false,5,keep,centered title contains 'tax receivable agreement'
data/edgar-query/exhibits/0001699136/0000912057-17-000054_filename5.htm,460226,"FIRST AMENDED AND RESTATED | LIMITED LIABILITY COMPANY OPERATING AGREEMENT | CACTUS WELLHEAD, LLC | DATED AS OF , 2017",false,true,true,false,0,keep,'tax receivable agreement' phrase present in body
data/edgar-query/exhibits/0001699136/0000912057-17-000163_filename8.htm,189703,"TAX RECEIVABLE AGREEMENT | CACTUS, INC. | CERTAIN OTHER PERSONS NAMED HEREIN, | THE AGENT | DATED AS OF , 2017",true,false,true,false,5,keep,centered title contains 'tax receivable agreement'
data/edgar-query/exhibits/0001699136/0000912057-17-000163_filename9.htm,444885,"FIRST AMENDED AND RESTATED | LIMITED LIABILITY COMPANY OPERATING AGREEMENT | CACTUS WELLHEAD, LLC | DATED AS OF , 2017",false,true,true,false,0,keep,'tax receivable agreement' phrase present in body
data/edgar-query/exhibits/0001699136/0001047469-18-000260_a2234279zex-10_3.htm,190114,"TAX RECEIVABLE AGREEMENT | CACTUS, INC. | CERTAIN OTHER PERSONS NAMED HEREIN, | THE AGENT | DATED AS OF , 2018",true,false,true,false,5,keep,centered title contains 'tax receivable agreement'
data/edgar-query/exhibits/0001699136/0001047469-18-000260_a2234279zex-10_4.htm,444911,"FIRST AMENDED AND RESTATED | LIMITED LIABILITY COMPANY OPERATING AGREEMENT | CACTUS WELLHEAD, LLC | DATED AS OF , 2018",false,true,true,false,0,keep,'tax receivable agreement' phrase present in body
data/edgar-query/exhibits/0001699136/0001104659-18-008554_a17-7305_14ex10d1.htm,210505,"TAX RECEIVABLE AGREEMENT | CACTUS, INC. | CERTAIN OTHER PERSONS NAMED HEREIN, | THE AGENT | DATED AS OF JANUARY 29, 2018",true,false,true,false,5,keep,centered title contains 'tax receivable agreement'
data/edgar-query/exhibits/0001699136/0001104659-18-008554_a17-7305_14ex10d2.htm,444999,"FIRST AMENDED AND RESTATED | LIMITED LIABILITY COMPANY OPERATING AGREEMENT | CACTUS WELLHEAD, LLC | DATED AS OF JANUARY 29, 2018",false,true,true,false,0,keep,'tax receivable agreement' phrase present in body
data/edgar-query/exhibits/0001699136/0001104659-20-034821_tm2012996d1_ex10-1.htm,50826,"CACTUS, INC. | LONG TERM INCENTIVE PLAN | PERFORMANCE STOCK UNIT AGREEMENT",false,true,true,false,0,keep,'tax receivable agreement' phrase present in body
data/edgar-query/exhibits/0001699136/0001104659-20-034821_tm2012996d1_ex10-2.htm,56382,"CACTUS, INC. LONG TERM INCENTIVE PLAN | PERFORMANCE STOCK UNIT AGREEMENT",false,true,true,false,0,keep,'tax receivable agreement' phrase present in body
data/edgar-query/exhibits/0001699136/0001104659-23-027188_tm238037d1_ex10-1.htm,1215946,"AMENDED AND RESTATED CREDIT AGREEMENT | February 28, 2023 | CACTUS COMPANIES, LLC, | AS BORROWER, | THE GUARANTORS FROM TIME TO TIME PARTY HERETO, | THE LENDERS FROM TIME TO TIME PARTY HERETO | JPMORGAN CHASE BANK, N.A., | AS ADMINISTRATIVE AGENT, | AN ISSUING BANK AND SWINGLINE LENDER | JPMORGAN CH",false,true,true,false,1,keep,'tax receivable agreement' phrase present in body
data/edgar-query/exhibits/0001699136/0001104659-23-027188_tm238037d1_ex10-2.htm,351266,"AMENDED AND RESTATED | LIMITED LIABILITY COMPANY OPERATING AGREEMENT | CACTUS COMPANIES, LLC | DATED AS OF FEBRUARY 27, 2023",false,true,true,false,0,keep,'tax receivable agreement' phrase present in body
data/edgar-query/exhibits/0001699136/0001558370-18-007225_ex-10d1.htm,1998960,"CREDIT AGREEMENT | DATED AS OF August 21, 2018 | CACTUS WELLHEAD, LLC, AS BORROWER, | THE GUARANTORS FROM TIME TO TIME PARTY HERETO, THE LENDERS FROM TIME TO TIME PARTY HERETO | JPMORGAN CHASE BANK, N.A., AS ADMINISTRATIVE AGENT, AN ISSUING BANK AND SWINGLINE LENDER | JPMORGAN CHASE BANK, N.A., AS S",false,true,true,false,0,keep,'tax receivable agreement' phrase present in body
data/edgar-query/exhibits/0001699136/0001699136-22-000011_a20211231-exhibit1026.htm,68781,"CACTUS, INC. LONG TERM INCENTIVE PLAN | PERFORMANCE STOCK UNIT AGREEMENT",false,true,true,false,0,keep,'tax receivable agreement' phrase present in body
data/edgar-query/exhibits/0001699136/0001699136-23-000003_whd-20230103xexhibit101.htm,511392,"SECOND AMENDED AND RESTATED | LIMITED LIABILITY COMPANY OPERATING AGREEMENT | CACTUS WELLHEAD, LLC | DATED AS OF December 29, 2022",false,true,true,false,0,keep,'tax receivable agreement' phrase present in body
data/edgar-query/exhibits/0001699136/0001699136-24-000065_a20240331-exhibit101.htm,20063,FIRST AMENDMENT TO TAX RECEIVABLE AGREEMENT,true,false,true,false,0,keep,centered title contains 'tax receivable agreement'
data/edgar-query/exhibits/0001699136/0001699136-25-000078_whd-2025033125xex102.htm,75184,"CACTUS, INC. | LONG TERM INCENTIVE PLAN PERFORMANCE STOCK UNIT AGREEMENT",false,true,true,false,0,keep,'tax receivable agreement' phrase present in body
data/edgar-query/exhibits/0001699136/0001699136-25-000105_whd-2025063025xex101.htm,1678734,SECOND AMENDMENT TO AMENDED AND RESTATED CREDIT AGREEMENT,false,true,true,false,0,keep,'tax receivable agreement' phrase present in body
data/edgar-query/exhibits/0001701605/0000950103-18-013305_dp98267_ex1004.htm,257194,"AMENDED AND RESTATED | STOCKHOLDERS AGREEMENT | November 13, 2018 | BAKER HUGHES, A GE COMPANY | GENERAL ELECTRIC COMPANY",false,true,true,false,0,keep,'tax receivable agreement' phrase present in body
data/edgar-query/exhibits/0001701605/0001193125-17-220852_d343521dex101.htm,195077,"STOCKHOLDERS AGREEMENT | July 3, 2017 | BAKER HUGHES, A GE COMPANY | GENERAL ELECTRIC COMPANY",false,true,true,false,0,keep,'tax receivable agreement' phrase present in body
data/edgar-query/exhibits/0001702744/0001213900-17-007546_f8k070717ex10vi_simplygood.htm,126326,"INCOME TAX RECEIVABLE AGREEMENT | By and among THE SIMPLY GOOD FOODS COMPANY, ATKINS HOLDINGS, LLC and | ROARK CAPITAL ACQUISITION, LLC | (solely in its capacity as the Stockholders’ Representative). | July 7, 2017",true,false,true,true,3,keep,centered title contains 'tax receivable agreement'
data/edgar-query/exhibits/0001702744/0001702744-18-000072_traterminationagreement.htm,46965,TERMINATION AGREEMENT,false,false,true,true,0,keep,'tax receivable agreement' phrase present in body
data/edgar-query/exhibits/0001703085/0000950123-17-005648_filename2.htm,1912367,"REVOLVING CREDIT AND GUARANTY AGREEMENT | Dated as of May 30, 2017 | BJ SERVICES, LLC, | as the Borrower, | THE OTHER BORROWERS FROM TIME TO TIME PARTY HERETO, | THE GUARANTORS FROM TIME TO TIME PARTY HERETO, | JPMORGAN CHASE BANK, N.A., | as Administrative Agent, Swing Line Lender, | an L/C Issuer ",false,false,true,false,0,keep,'tax receivable agreement' phrase present in body
data/edgar-query/exhibits/0001703085/0001193125-17-228632_d319841dex105.htm,1912394,"REVOLVING CREDIT AND GUARANTY AGREEMENT | Dated as of May 30, 2017 | BJ SERVICES, LLC, | as the Borrower, | THE OTHER BORROWERS FROM TIME TO TIME PARTY HERETO, | THE GUARANTORS FROM TIME TO TIME PARTY HERETO, | JPMORGAN CHASE BANK, N.A., | as Administrative Agent, Swing Line Lender, | an L/C Issuer ",false,false,true,false,0,keep,'tax receivable agreement' phrase present in body
data/edgar-query/exhibits/0001703085/0001193125-17-235126_d319841dex102.htm,200926,"TAX RECEIVABLE AGREEMENT | BJ SERVICES, INC. | BJ SERVICES, LLC | BAKER HUGHES OILFIELD OPERATIONS LLC | BAKER HUGHES INTERNATIONAL HOLDINGS LLC | ALLIED ENERGY JV CONTRIBUTION, LLC | [CSL ENTITIES] | [GS ENTITIES] | BJ SERVICES MANAGEMENT HOLDINGS, LLC | THE MEMBERS OF BJ SERVICES, LLC | FROM TIME ",true,false,true,false,6,keep,centered title contains 'tax receivable agreement'
data/edgar-query/exhibits/0001703085/0001193125-17-235126_d319841dex103.htm,356927,"BJ SERVICES, LLC | THIRD AMENDED AND RESTATED | LIMITED LIABILITY COMPANY AGREEMENT | Dated as of [ ● ], 2017",false,true,true,false,0,keep,'tax receivable agreement' phrase present in body
data/edgar-query/exhibits/0001704596/0001193125-18-153470_d386290dex101.htm,189979,"TAX RECEIVABLE AGREEMENT | EVO PAYMENTS, INC. | EVO INVESTCO, LLC | THE MEMBERS OF EVO INVESTCO, LLC | FROM TIME TO TIME PARTY HERETO | Dated as of [ ]",true,false,true,false,6,keep,centered title contains 'tax receivable agreement'
data/edgar-query/exhibits/0001704596/0001193125-18-153470_d386290dex1014.htm,1167135,"FIRST LIEN CREDIT AGREEMENT | dated as of December 22, 2016 | EVO PAYMENTS INTERNATIONAL, LLC, | as the Borrower | THE SUBSIDIARIES OF THE BORROWER IDENTIFIED HEREIN, | as the Guarantors | THE LENDERS FROM TIME TO TIME PARTY HERETO, | SUNTRUST BANK, | as Administrative Agent, Swingline Lender and Is",false,true,true,false,1,keep,'tax receivable agreement' phrase present in body
data/edgar-query/exhibits/0001704596/0001193125-18-153470_d386290dex1018.htm,940939,"SECOND LIEN CREDIT AGREEMENT | dated as of December 22, 2016 | EVO PAYMENTS INTERNATIONAL, LLC, | as the Borrower | THE SUBSIDIARIES OF THE BORROWER IDENTIFIED HEREIN, | as the Guarantors | THE LENDERS FROM TIME TO TIME PARTY HERETO, | SunTrust Bank, | as Administrative Agent | SunTrust Robinson Hum",false,true,true,false,1,keep,'tax receivable agreement' phrase present in body
data/edgar-query/exhibits/0001704596/0001193125-18-153470_d386290dex102.htm,415466,"EVO INVESTCO, LLC | SECOND AMENDED AND RESTATED | LIMITED LIABILITY COMPANY AGREEMENT",false,true,true,false,0,keep,'tax receivable agreement' phrase present in body
data/edgar-query/exhibits/0001704596/0001193125-18-153470_d386290dex104.htm,161382,EXCHANGE AGREEMENT,false,true,true,false,0,keep,'tax receivable agreement' phrase present in body
data/edgar-query/exhibits/0001704596/0001193125-18-168533_d386290dex101.htm,208160,"TAX RECEIVABLE AGREEMENT | EVO PAYMENTS, INC. | EVO INVESTCO, LLC | THE MEMBERS OF EVO INVESTCO, LLC | FROM TIME TO TIME PARTY HERETO | Dated as of [ ]",true,false,true,false,6,keep,centered title contains 'tax receivable agreement'
data/edgar-query/exhibits/0001704596/0001193125-18-168533_d386290dex102.htm,421605,"EVO INVESTCO, LLC | SECOND AMENDED AND RESTATED | LIMITED LIABILITY COMPANY AGREEMENT",false,true,true,false,0,keep,'tax receivable agreement' phrase present in body
data/edgar-query/exhibits/0001704596/0001193125-18-168533_d386290dex104.htm,161452,EXCHANGE AGREEMENT,false,true,true,false,0,keep,'tax receivable agreement' phrase present in body
data/edgar-query/exhibits/0001704596/0001193125-22-209539_d378815dex104.htm,66442,AMENDMENT NO. 1 | TO THE | TAX RECEIVABLE AGREEMENT,true,false,true,false,1,keep,centered title contains 'tax receivable agreement'
data/edgar-query/exhibits/0001704596/0001558370-18-006940_evop-20180630ex10172ad95.htm,482364,"TAX RECEIVABLE AGREEMENT | EVO PAYMENTS, INC. | EVO INVESTCO, LLC | THE MEMBERS OF EVO INVESTCO, LLC | FROM TIME TO TIME PARTY HERETO | Dated as of May 25, 2018",true,false,true,false,7,keep,centered title contains 'tax receivable agreement'
data/edgar-query/exhibits/0001704596/0001558370-18-006940_evop-20180630ex102ed5009.htm,917010,"EVO INVESTCO, LLC | SECOND AMENDED AND RESTATED | LIMITED LIABILITY COMPANY AGREEMENT | Dated as of May 22, 2018",false,true,true,false,0,keep,'tax receivable agreement' phrase present in body
data/edgar-query/exhibits/0001704596/0001558370-18-006940_evop-20180630ex104fd2827.htm,366225,EXCHANGE AGREEMENT,false,true,true,false,0,keep,'tax receivable agreement' phrase present in body
data/edgar-query/exhibits/0001704711/0001193125-17-308863_d369769dex101.htm,204177,"TAX RECEIVABLE AGREEMENT | FUNKO, INC. | FUNKO ACQUISITION HOLDINGS, LLC | the several MEMBERS (as defined herein) | MANAGEMENT REPRESENTATIVE (as defined herein) and | OTHER MEMBERS OF FUNKO ACQUISITION HOLDINGS, LLC | FROM TIME TO TIME PARTY HERETO | Dated as of [ ] [ ], 2017",true,false,true,false,5,keep,centered title contains 'tax receivable agreement'
data/edgar-query/exhibits/0001704711/0001193125-17-308863_d369769dex1011.htm,1004511,AMENDMENT NO. 6 TO FINANCING AGREEMENT,false,false,true,false,0,keep,'tax receivable agreement' phrase present in body
data/edgar-query/exhibits/0001704711/0001193125-17-308863_d369769dex103.htm,389777,"FUNKO ACQUISITION HOLDINGS, L.L.C. | SECOND AMENDED AND RESTATED | LIMITED LIABILITY COMPANY AGREEMENT | Dated as of [•], 2017",false,true,true,false,0,keep,'tax receivable agreement' phrase present in body
data/edgar-query/exhibits/0001704711/0001193125-17-315943_d369769dex103.htm,353827,"FUNKO ACQUISITION HOLDINGS, L.L.C. | SECOND AMENDED AND RESTATED | LIMITED LIABILITY COMPANY AGREEMENT | Dated as of [•], 2017",false,true,true,false,0,keep,'tax receivable agreement' phrase present in body
data/edgar-query/exhibits/0001704711/0001193125-18-306791_d642324dex101.htm,971134,"CREDIT AGREEMENT | Dated as of October 22, 2018 | FUNKO ACQUISITION HOLDINGS, L.L.C., | as Ultimate Parent and a Borrower, | FUNKO HOLDINGS LLC, | as Parent and a Borrower, | FUNKO, LLC | LOUNGEFLY, LLC | each as a Borrower, | EACH OF THE GUARANTORS (as defined herein), | as Guarantors, | THE LENDER",false,true,true,false,0,keep,'tax receivable agreement' phrase present in body
data/edgar-query/exhibits/0001704711/0001193125-19-253713_d820313dex101.htm,1085988,SECOND AMENDMENT TO CREDIT AGREEMENT,false,true,true,false,0,keep,'tax receivable agreement' phrase present in body
data/edgar-query/exhibits/0001704711/0001564590-18-006124_fnko-ex1025_587.htm,422263,"TAX RECEIVABLE AGREEMENT | FUNKO, INC. | FUNKO ACQUISITION HOLDINGS, LLC | the several MEMBERS (as defined herein) | MANAGEMENT REPRESENTATIVE (as defined herein) and | OTHER MEMBERS OF FUNKO ACQUISITION HOLDINGS, LLC FROM TIME TO TIME PARTY HERETO | Dated as of November 1, 2017",true,false,true,false,6,keep,centered title contains 'tax receivable agreement'
data/edgar-query/exhibits/0001704711/0001564590-18-006124_fnko-ex1027_586.htm,915964,"FUNKO ACQUISITION HOLDINGS, L.L.C. | SECOND AMENDED AND RESTATED LIMITED LIABILITY COMPANY AGREEMENT | Dated as of November 1, 2017",false,true,true,false,0,keep,'tax receivable agreement' phrase present in body
data/edgar-query/exhibits/0001704711/0001704711-21-000052_funko_2021creditagreement.htm,1351287,"CREDIT AGREEMENT | September 17, 2021 | FUNKO ACQUISITION HOLDINGS, L.L.C., FUNKO HOLDINGS LLC, FUNKO, LLC, LOUNGEFLY, LLC, FUNKO GAMES, LLC and the other Borrowers Party Hereto | The Lenders Party Hereto | JPMORGAN CHASE BANK, N.A., as Administrative Agent | PNC BANK, NATIONAL ASSOCIATION, KEYBANK ",false,true,true,false,0,keep,'tax receivable agreement' phrase present in body
data/edgar-query/exhibits/0001704711/0001704711-23-000008_ex-10232022.htm,1346908,"AMENDMENT NO. 3 | Dated as of February 28, 2023 | CREDIT AGREEMENT | Dated as of September 17, 2021",false,true,true,false,0,keep,'tax receivable agreement' phrase present in body
data/edgar-query/exhibits/0001704711/0001704711-26-000005_exhibit10121326.htm,1489838,[Signature Pages Follow],false,false,true,false,0,keep,'tax receivable agreement' phrase present in body
data/edgar-query/exhibits/0001704720/0001104659-20-105811_tm2031027d1_ex10-1.htm,500528,"AMENDED AND RESTATED LIMITED LIABILITY COMPANY AGREEMENT OF OPTIMAL BLUE HOLDCO, LLC , A DELAWARE LIMITED LIABILITY COMPANY | Dated September 15, 2020 | OPTIMAL BLUE HOLDCO, LLC | AND THE | OTHER PARTIES HERETO",false,true,true,false,0,keep,'tax receivable agreement' phrase present in body
data/edgar-query/exhibits/0001704720/0001704720-21-000024_exhibit1014optimalbluearll.htm,694613,"SECOND AMENDED AND RESTATED | LIMITED LIABILITY COMPANY AGREEMENT | OPTIMAL BLUE HOLDCO, LLC, | A DELAWARE LIMITED LIABILITY COMPANY | Dated November 24, 2020",false,true,true,false,0,keep,'tax receivable agreement' phrase present in body
data/edgar-query/exhibits/0001705327/0001047469-17-005467_a2233048zex-10_42.htm,5532425,FOURTH AMENDMENT TO FIRST LIEN CREDIT AGREEMENT,false,true,true,false,0,keep,'tax receivable agreement' phrase present in body
data/edgar-query/exhibits/0001705327/0001047469-17-005467_a2233048zex-10_43.htm,130850,THIRD AMENDMENT TO SECOND LIEN CREDIT AGREEMENT,false,true,true,false,0,keep,'tax receivable agreement' phrase present in body
data/edgar-query/exhibits/0001705327/0001047469-18-002005_a2234781zex-10_5.htm,240419,"TAX RECEIVABLE AGREEMENT | US LBM HOLDINGS, INC., | LBM MIDCO, LLC | EACH STOCKHOLDER OF | US LBM HOLDINGS, INC. LISTED ON ANNEX A | Dated as of , 2018",true,false,true,false,6,keep,centered title contains 'tax receivable agreement'
data/edgar-query/exhibits/0001705327/0001047469-18-002005_a2234781zex-10_6.htm,247728,"TAX RECEIVABLE AGREEMENT | US LBM HOLDINGS, INC., | LBM MIDCO, LLC | EACH MEMBER OF | LBM MIDCO, LLC LISTED ON ANNEX A | Dated as of , 2018",true,false,true,false,6,keep,centered title contains 'tax receivable agreement'
data/edgar-query/exhibits/0001705327/0001047469-18-002005_a2234781zex-10_7.htm,359811,"LBM MIDCO, LLC | A Delaware Limited Liability Company | AMENDED AND RESTATED LIMITED LIABILITY COMPANY AGREEMENT | Dated as of [ ], 2018",false,true,true,false,0,keep,'tax receivable agreement' phrase present in body
data/edgar-query/exhibits/0001705327/0001047469-18-002005_a2234781zex-10_9.htm,113364,EXCHANGE AGREEMENT,false,true,true,false,0,keep,'tax receivable agreement' phrase present in body
data/edgar-query/exhibits/0001705843/0001193125-23-158545_d487053dex102.htm,152176,EXCHANGE AGREEMENT,false,true,true,false,1,keep,'tax receivable agreement' phrase present in body
data/edgar-query/exhibits/0001705843/0001193125-23-158545_d487053dex103.htm,241325,"TAX RECEIVABLE AGREEMENT | CIBUS, INC. (f/k/a Calyxt, Inc.) | THE PERSONS NAMED HEREIN | Dated as of May 31, 2023",true,false,true,false,7,keep,centered title contains 'tax receivable agreement'
data/edgar-query/exhibits/0001705843/0001193125-23-158545_d487053dex104.htm,395861,"THIRD AMENDED AND RESTATED | LIMITED LIABILITY COMPANY AGREEMENT | CIBUS GLOBAL, LLC | a Delaware limited liability company | Dated as of May 31, 2023",false,true,true,false,0,keep,'tax receivable agreement' phrase present in body
data/edgar-query/exhibits/0001707502/0001564590-22-009963_sldb-ex1026_670.htm,126824,SOLID BIOSCIENCES INC. | 2020 EQUITY INCENTIVE PLAN,false,true,true,false,0,keep,'tax receivable agreement' phrase present in body
data/edgar-query/exhibits/0001709768/0001213900-18-014134_f8k1018ex10-3_sentinelenergy.htm,421204,"PURCHASE AND CONTRIBUTION AGREEMENT | INVACOR PIPELINE AND PROCESS SOLUTIONS, LLC, | CSL ENERGY HOLDING III CORP, LLC, | SENTINEL ENERGY SERVICES INC., | STRIKE, LLC | October 18, 2018",false,false,true,false,0,keep,'tax receivable agreement' phrase present in body
data/edgar-query/exhibits/0001709768/0001213900-18-014135_f8k1018ex10-3_sentinelenergy.htm,421204,"PURCHASE AND CONTRIBUTION AGREEMENT | INVACOR PIPELINE AND PROCESS SOLUTIONS, LLC, | CSL ENERGY HOLDING III CORP, LLC, | SENTINEL ENERGY SERVICES INC., | STRIKE, LLC | October 18, 2018",false,false,true,false,0,keep,'tax receivable agreement' phrase present in body
data/edgar-query/exhibits/0001710583/0000950123-17-007208_filename2.htm,1091029,"$1,100,000,000 | AMENDED AND RESTATED CREDIT AGREEMENT | dated as of June 27, 2017, | SWITCH, LTD. , | as Borrower, | the Lenders referred to herein, | as Lenders, | WELLS FARGO BANK, NATIONAL ASSOCIATION , | as Administrative Agent, | Swingline Lender and Issuing Lender, | BMO CAPITAL MARKETS CORP.",false,true,true,false,0,keep,'tax receivable agreement' phrase present in body
data/edgar-query/exhibits/0001710583/0001193125-17-280759_d393780dex101.htm,167466,"TAX RECEIVABLE AGREEMENT | SWITCH, INC. | SWITCH, LTD. and | THE MEMBERS OF SWITCH, LTD. | FROM TIME TO TIME PARTY HERETO | Dated as of [•], 2017",true,false,true,false,6,keep,centered title contains 'tax receivable agreement'
data/edgar-query/exhibits/0001710583/0001193125-17-280759_d393780dex103.htm,340848,"FIFTH AMENDED AND RESTATED | OPERATING AGREEMENT | SWITCH, LTD. | a Nevada limited-liability company | Dated as of [•], 2017",false,true,true,false,0,keep,'tax receivable agreement' phrase present in body
data/edgar-query/exhibits/0001710583/0001193125-17-280759_d393780dex104.htm,1091079,"$1,100,000,000 | AMENDED AND RESTATED CREDIT AGREEMENT | dated as of June 27, 2017, | SWITCH, LTD. , | as Borrower, | the Lenders referred to herein, | as Lenders, | WELLS FARGO BANK, NATIONAL ASSOCIATION , | as Administrative Agent, | Swingline Lender and Issuing Lender, | BMO CAPITAL MARKETS CORP.",false,true,true,false,0,keep,'tax receivable agreement' phrase present in body
data/edgar-query/exhibits/0001710583/0001193125-17-307910_d465087dex101.htm,168791,"TAX RECEIVABLE AGREEMENT | SWITCH, INC. | SWITCH, LTD. and | THE MEMBERS OF SWITCH, LTD. | FROM TIME TO TIME PARTY HERETO | Dated as of October 5, 2017",true,false,true,false,6,keep,centered title contains 'tax receivable agreement'
data/edgar-query/exhibits/0001710583/0001193125-17-307910_d465087dex103.htm,352291,"FIFTH AMENDED AND RESTATED | OPERATING AGREEMENT | SWITCH, LTD. | a Nevada limited-liability company | Dated as of October 5, 2017",false,true,true,false,0,keep,'tax receivable agreement' phrase present in body
data/edgar-query/exhibits/0001710583/0001193125-20-248685_d93026dex101.htm,1020564,SECOND AMENDMENT TO AMENDED AND RESTATED CREDIT AGREEMENT,false,true,true,false,0,keep,'tax receivable agreement' phrase present in body
data/edgar-query/exhibits/0001710583/0001193125-22-147632_d353797dex101.htm,29993,TAX RECEIVABLE AGREEMENT AMENDMENT NO. 1,true,false,true,false,1,keep,centered title contains 'tax receivable agreement'
data/edgar-query/exhibits/0001712923/0000930413-18-001566_c88906_ex10-3.htm,276798,"SECOND AMENDED AND RESTATED OPERATING AGREEMENT | GREENSKY HOLDINGS, LLC | Dated as of ●, 2018",false,true,true,false,1,keep,'tax receivable agreement' phrase present in body
data/edgar-query/exhibits/0001712923/0000930413-18-001730_c88906_ex10-1.htm,235427,"TAX RECEIVABLE AGREEMENT | GREENSKY, INC., | GREENSKY HOLDINGS, LLC, | GREENSKY, LLC, | [THE UNDERSIGNED BENEFICIARIES], | Dated as of • , 2018 | TAX RECEIVABLE AGREEMENT",true,false,true,false,8,keep,centered title contains 'tax receivable agreement'
data/edgar-query/exhibits/0001712923/0000930413-18-001730_c88906_ex10-3.htm,248992,"SECOND AMENDED AND RESTATED OPERATING AGREEMENT | GREENSKY HOLDINGS, LLC | Dated as of ●, 2018",false,true,true,false,1,keep,'tax receivable agreement' phrase present in body
data/edgar-query/exhibits/0001712923/0000930413-18-001935_c88906_ex10-1.htm,257426,"TAX RECEIVABLE AGREEMENT | GREENSKY, INC., | GREENSKY HOLDINGS, LLC, | GREENSKY, LLC, | THE UNDERSIGNED BENEFICIARIES, | Dated as of May 23, 2018",true,false,true,false,8,keep,centered title contains 'tax receivable agreement'
data/edgar-query/exhibits/0001712923/0000930413-18-001935_c88906_ex10-3.htm,277020,"SECOND AMENDED AND RESTATED OPERATING AGREEMENT | GREENSKY HOLDINGS, LLC | Dated as of May 23, 2018",false,true,true,false,1,keep,'tax receivable agreement' phrase present in body
data/edgar-query/exhibits/0001713854/0001193125-18-010066_d498363dex101.htm,237683,"THIRD AMENDED AND RESTATED | LIMITED LIABILITY COMPANY AGREEMENT | VISTA PROPPANTS AND LOGISTICS, LLC | Dated as of [●], 2018",false,true,true,false,0,keep,'tax receivable agreement' phrase present in body
data/edgar-query/exhibits/0001713952/0001193125-20-042057_d891371dex102.htm,1094836,"AMENDED AND RESTATED CREDIT AGREEMENT | Dated as of September 6, 2018, | Amended and Restated as of February 14, 2020 | APX GROUP, INC., | THE GUARANTORS PARTY HERETO FROM TIME TO TIME, | BANK OF AMERICA, N.A., | as Administrative Agent, | THE OTHER LENDERS PARTY HERETO FROM TIME TO TIME | BANK OF A",false,true,true,false,0,keep,'tax receivable agreement' phrase present in body
data/edgar-query/exhibits/0001713952/0001193125-20-042057_d891371dex103.htm,1198029,"FOURTH AMENDED AND RESTATED CREDIT AGREEMENT | Dated as of November 16, 2012, | Amended and Restated as of June 28, 2013 | Further Amended and Restated as of March 6, 2015 | Further Amended and Restated as of August 10, 2017 | Further Amended and Restated as of February 14, 2020 | APX GROUP, INC., |",false,true,true,false,0,keep,'tax receivable agreement' phrase present in body
data/edgar-query/exhibits/0001720592/0001213900-19-001007_f8k0119ex10-2_thunderbridge.htm,216911,"TAX RECEIVABLE AGREEMENT | REPAY HOLDINGS CORPORATION | THE PERSONS NAMED HEREIN | Dated as of ___, 2019",true,false,true,false,6,keep,centered title contains 'tax receivable agreement'
data/edgar-query/exhibits/0001720592/0001213900-19-001008_f8k0119ex10-2_thunderbridge.htm,216911,"TAX RECEIVABLE AGREEMENT | REPAY HOLDINGS CORPORATION | THE PERSONS NAMED HEREIN | Dated as of ___, 2019",true,false,true,false,6,keep,centered title contains 'tax receivable agreement'
data/edgar-query/exhibits/0001720592/0001213900-19-002183_fs42019ex10-22_thunder.htm,275967,"Second AMENDED AND RESTATED | LIMITED LIABILITY COMPANY AGREEMENT | HAWK PARENT HOLDINGS LLC | Dated as of [●], 2019",false,true,true,false,0,keep,'tax receivable agreement' phrase present in body
data/edgar-query/exhibits/0001720592/0001213900-19-002183_fs42019ex10-35_thunder.htm,91701,INSTRUCTIONS FOR LETTER OF TRANSMITTAL FOR SECURITY HOLDERS (“ HOLDERS ”) OF HAWK PARENT HOLDINGS LLC (THE “ COMPANY ”),false,false,true,false,0,keep,'tax receivable agreement' phrase present in body
data/edgar-query/exhibits/0001720592/0001213900-19-010700_fs42019a3ex10-11_thunder.htm,174181,"TAX RECEIVABLE AGREEMENT | REPAY HOLDINGS CORPORATION | THE PERSONS NAMED HEREIN | Dated as of , 2019",true,false,true,false,6,keep,centered title contains 'tax receivable agreement'
data/edgar-query/exhibits/0001720592/0001213900-19-010700_fs42019a3ex10-22_thunder.htm,303351,"Second AMENDED AND RESTATED | LIMITED LIABILITY COMPANY AGREEMENT | HAWK PARENT HOLDINGS LLC | Dated as of [●], 2019",false,true,true,false,0,keep,'tax receivable agreement' phrase present in body
data/edgar-query/exhibits/0001720592/0001213900-19-013004_f8k0719ex10-2_repayhold.htm,267560,"TAX RECEIVABLE AGREEMENT | REPAY HOLDINGS CORPORATION | THE PERSONS NAMED HEREIN | Dated as of July 11, 2019",true,false,true,false,6,keep,centered title contains 'tax receivable agreement'
data/edgar-query/exhibits/0001720592/0001213900-19-013004_f8k0719ex10-8_repayhold.htm,1149280,"REVOLVING CREDIT AND TERM LOAN AGREEMENT | dated as of July 11, 2019 | TB ACQUISITION MERGER SUB LLC | as the Borrower prior to the consummation of the Closing Date Merger | HAWK PARENT HOLDINGS LLC | as the Borrower following the consummation of the Closing Date Merger | THE OTHER LOAN PARTIES FROM",false,false,true,false,0,keep,'tax receivable agreement' phrase present in body
data/edgar-query/exhibits/0001720592/0001564590-21-004507_rpay-ex101_6.htm,1466096,"_______________________________________________________________________________ | AMENDED AND RESTATED REVOLVING CREDIT AGREEMENT | dated as of February 3, 2021 | REPAY HOLDINGS CORPORATION | as Parent and a Guarantor | Hawk Parent Holdings LLC | as the Borrower | THE OTHER LOAN PARTIES FROM TIME TO",false,true,true,false,0,keep,'tax receivable agreement' phrase present in body
data/edgar-query/exhibits/0001722684/0001047469-18-002970_a2235147zex-10_2.htm,357306,"TAX MATTERS AGREEMENT | Wyndham Destinations, Inc., and | Wyndham Hotels & Resorts, Inc. | Dated as of [ · ], 2018",false,false,true,false,1,keep,'tax receivable agreement' phrase present in body
data/edgar-query/exhibits/0001722684/0001104659-18-037816_a18-14429_1ex10d2.htm,335806,"TAX MATTERS AGREEMENT | Wyndham Destinations, Inc., and | Wyndham Hotels & Resorts, Inc. | Dated as of May 31, 2018",false,false,true,false,1,keep,'tax receivable agreement' phrase present in body
data/edgar-query/exhibits/0001723128/0001193125-18-116990_d414240dex104.htm,271779,"SECOND AMENDED AND RESTATED | STOCKHOLDERS AGREEMENT | DECEMBER 16, 2017 | AMNEAL GROUP (AS DEFINED HEREIN) | ATLAS HOLDINGS, INC.",false,true,true,false,0,keep,'tax receivable agreement' phrase present in body
data/edgar-query/exhibits/0001723128/0001193125-18-116990_d414240dex105.htm,181521,"TAX RECEIVABLE AGREEMENT | AMNEAL PHARMACEUTICALS, INC. | AMNEAL PHARMACEUTICALS LLC and | THE MEMBERS OF AMNEAL PHARMACEUTICALS LLC | FROM TIME TO TIME PARTY HERETO | Dated as of [●]",true,false,true,false,6,keep,centered title contains 'tax receivable agreement'
data/edgar-query/exhibits/0001723128/0001193125-18-153558_d582441dex105.htm,364078,"AMNEAL PHARMACEUTICALS LLC | THIRD AMENDED AND RESTATED | LIMITED LIABILITY COMPANY AGREEMENT | Dated as of May 4, 2018",false,true,true,false,0,keep,'tax receivable agreement' phrase present in body
data/edgar-query/exhibits/0001723128/0001193125-18-153558_d582441dex106.htm,179657,"TAX RECEIVABLE AGREEMENT | AMNEAL PHARMACEUTICALS, INC. | AMNEAL PHARMACEUTICALS LLC and | THE MEMBERS OF AMNEAL PHARMACEUTICALS LLC | FROM TIME TO TIME PARTY HERETO | Dated as of May 4, 2018 | i",true,false,true,false,6,keep,centered title contains 'tax receivable agreement'
data/edgar-query/exhibits/0001723128/0001193125-18-153798_d414240dex104.htm,271779,"SECOND AMENDED AND RESTATED | STOCKHOLDERS AGREEMENT | DECEMBER 16, 2017 | AMNEAL GROUP (AS DEFINED HEREIN) | ATLAS HOLDINGS, INC.",false,true,true,false,0,keep,'tax receivable agreement' phrase present in body
data/edgar-query/exhibits/0001723128/0001193125-18-153798_d414240dex105.htm,181521,"TAX RECEIVABLE AGREEMENT | AMNEAL PHARMACEUTICALS, INC. | AMNEAL PHARMACEUTICALS LLC and | THE MEMBERS OF AMNEAL PHARMACEUTICALS LLC | FROM TIME TO TIME PARTY HERETO | Dated as of [●]",true,false,true,false,6,keep,centered title contains 'tax receivable agreement'
data/edgar-query/exhibits/0001723128/0001193125-23-257254_d560382dex101.htm,37660,"Term Sheet | Amneal Pharmaceuticals, Inc.",false,false,true,false,0,keep,'tax receivable agreement' phrase present in body
data/edgar-query/exhibits/0001723128/0001193125-23-272933_d454203dex104.htm,22015,"AMENDMENT NO. 1 TO THE TAX RECEIVABLE AGREEMENT | November 7, 2023",true,false,true,false,1,keep,centered title contains 'tax receivable agreement'
data/edgar-query/exhibits/0001723128/0001193125-23-272933_d454203dex105.htm,255600,"THIRD AMENDED AND RESTATED | STOCKHOLDERS AGREEMENT | NOVEMBER 7, 2023 | AMNEAL GROUP (AS DEFINED HEREIN), | AMNEAL PHARMACEUTICALS LLC, | AMNEAL INTERMEDIATE INC. | AMNEAL PHARMACEUTICALS, INC.",false,true,true,false,0,keep,'tax receivable agreement' phrase present in body
data/edgar-query/exhibits/0001723128/0001193125-23-272933_d454203dex106.htm,300336,"AMNEAL PHARMACEUTICALS LLC | FOURTH AMENDED AND RESTATED | LIMITED LIABILITY COMPANY AGREEMENT | Dated as of November 7, 2023",false,true,true,false,0,keep,'tax receivable agreement' phrase present in body
data/edgar-query/exhibits/0001723128/0001723128-19-000028_amendmentno1tothirdamended.htm,50325,AMENDMENT NO. 1 TO THIRD AMENDED AND RESTATED | LIMITED LIABILITY COMPANY AGREEMENT OF AMNEAL PHARMACEUTICALS LLC,false,true,true,false,0,keep,'tax receivable agreement' phrase present in body
data/edgar-query/exhibits/0001723128/0001723128-22-000023_exhibit101-truistxamneal.htm,840135,"Execution Version AmericasActive:17030364.10 $350,000,000 REVOLVING CREDIT AGREEMENT, dated as of June 2, 2022, among AMNEAL PHARMACEUTICALS LLC, as the Borrower, THE LENDERS PARTY HERETO, TRUIST BANK as Administrative Agent and Collateral Agent, TRUIST SECURITIES, INC., JPMORGAN CHASE BANK, N.A., a",false,true,true,false,0,keep,'tax receivable agreement' phrase present in body
data/edgar-query/exhibits/0001723128/0001723128-23-000044_amneal-amendmentno1toter.htm,705025,"Execution Version US-DOCS\141444271.10 AMENDMENT NO. 1 TO TERM LOAN CREDIT AGREEMENT This AMENDMENT NO. 1 TO TERM LOAN CREDIT AGREEMENT, dated as of May 30, 2023 (this “Amendment No. 1”), is entered into by and among AMNEAL PHARMACEUTICALS LLC, a Delaware limited liability company (the “Borrower”), ",false,true,true,false,0,keep,'tax receivable agreement' phrase present in body
data/edgar-query/exhibits/0001725134/0001193125-20-195157_d900714dex103.htm,516807,"AMENDED AND RESTATED | LIMITED LIABILITY COMPANY AGREEMENT | DIGITAL MEDIA SOLUTIONS HOLDINGS, LLC | a Delaware limited liability company",false,true,true,false,0,keep,'tax receivable agreement' phrase present in body
data/edgar-query/exhibits/0001725134/0001193125-20-195157_d900714dex106.htm,164895,"TAX RECEIVABLE AGREEMENT | DIGITAL MEDIA SOLUTIONS, INC. | CERTAIN OTHER PERSONS NAMED HEREIN, | AGENT | DATED AS OF JULY 15, 2020",true,false,true,false,6,keep,centered title contains 'tax receivable agreement'
data/edgar-query/exhibits/0001725255/0001104659-19-063569_a19-22526_2ex10d1.htm,222255,EXCHANGE AGREEMENT,false,true,true,false,0,keep,'tax receivable agreement' phrase present in body
data/edgar-query/exhibits/0001725255/0001104659-19-063569_a19-22526_2ex10d2.htm,232612,"TAX RECEIVABLE AGREEMENT | Adapthealth Corp., | CERTAIN OTHER PERSONS NAMED HEREIN, | THE AGENT | DATED AS OF November 8, 2019",true,false,true,false,6,keep,centered title contains 'tax receivable agreement'
data/edgar-query/exhibits/0001725579/0001193125-18-153459_d498179dex102.htm,215871,"FORM OF TAX RECEIVABLE AGREEMENT | PLURALSIGHT, INC. | PLURALSIGHT HOLDINGS, LLC | the several MEMBERS (as defined herein) | REPRESENTATIVE (as defined herein) and | OTHER MEMBERS OF PLURALSIGHT HOLDINGS, LLC FROM TIME TO TIME PARTY HERETO | Dated as of [ ] [ ], 2018",true,false,true,false,5,keep,centered title contains 'tax receivable agreement'
data/edgar-query/exhibits/0001725579/0001193125-18-153459_d498179dex1027.htm,396451,"PLURALSIGHT HOLDINGS, LLC | FORM OF FOURTH AMENDED AND RESTATED | LIMITED LIABILITY COMPANY AGREEMENT | Dated as of [•], 2018",false,true,true,false,0,keep,'tax receivable agreement' phrase present in body
data/edgar-query/exhibits/0001725579/0001193125-20-316375_d51165dex102.htm,106404,TAX RECEIVABLE AGREEMENT AMENDMENT NO. 1,true,false,true,false,1,keep,centered title contains 'tax receivable agreement'
data/edgar-query/exhibits/0001725579/0001193125-21-073332_d101911dex101.htm,113366,TENDER AND SUPPORT AGREEMENT,false,true,true,false,0,keep,'tax receivable agreement' phrase present in body
data/edgar-query/exhibits/0001725579/0001193125-21-073332_d101911dex102.htm,85186,TENDER AND SUPPORT AGREEMENT,false,true,true,false,0,keep,'tax receivable agreement' phrase present in body
data/edgar-query/exhibits/0001725579/0001193125-21-073332_d101911dex103.htm,52248,AMENDMENT TO | FOURTH AMENDED AND RESTATED | LIMITED LIABILITY COMPANY AGREEMENT,false,true,true,false,0,keep,'tax receivable agreement' phrase present in body
data/edgar-query/exhibits/0001725579/0001725579-18-000008_psq218-ex101.htm,444768,"TAX RECEIVABLE AGREEMENT | PLURALSIGHT, INC. | PLURALSIGHT HOLDINGS, LLC | the several MEMBERS (as defined herein) | REPRESENTATIVE (as defined herein) and | OTHER MEMBERS OF PLURALSIGHT HOLDINGS, LLC FROM TIME TO TIME PARTY HERETO | Dated as of May 15, 2018",true,false,true,false,6,keep,centered title contains 'tax receivable agreement'
data/edgar-query/exhibits/0001725579/0001725579-18-000008_psq218-ex102.htm,758736,"PLURALSIGHT HOLDINGS, LLC | FORM OF FOURTH AMENDED AND RESTATED | LIMITED LIABILITY COMPANY AGREEMENT | Dated as of May 16, 2018",false,true,true,false,0,keep,'tax receivable agreement' phrase present in body
data/edgar-query/exhibits/0001726978/0001193125-18-104654_d514619dex101.htm,387305,"AMENDED AND RESTATED | LIMITED LIABILITY COMPANY AGREEMENT | GOOSEHEAD FINANCIAL, LLC | Dated as of [●], 2018",false,true,true,false,0,keep,'tax receivable agreement' phrase present in body
data/edgar-query/exhibits/0001726978/0001193125-18-104654_d514619dex103.htm,1719231,"REORGANIZATION AGREEMENT | Dated as of [●], 2018",false,false,true,false,0,keep,'tax receivable agreement' phrase present in body
data/edgar-query/exhibits/0001726978/0001193125-18-104654_d514619dex104.htm,189232,"TAX RECEIVABLE AGREEMENT | GOOSEHEAD INSURANCE, INC., | GOOSEHEAD FINANCIAL, LLC, | THE PERSONS NAMED HEREIN | Dated as of [ ], 2018",true,false,true,false,7,keep,centered title contains 'tax receivable agreement'
data/edgar-query/exhibits/0001726978/0001193125-18-148760_d580158dex101.htm,1613245,"REORGANIZATION AGREEMENT | Dated as of April 26, 2018",false,false,true,false,0,keep,'tax receivable agreement' phrase present in body
data/edgar-query/exhibits/0001726978/0001193125-18-148760_d580158dex102.htm,355153,"AMENDED AND RESTATED | LIMITED LIABILITY COMPANY AGREEMENT | GOOSEHEAD FINANCIAL, LLC | Dated as of May 1, 2018",false,true,true,false,0,keep,'tax receivable agreement' phrase present in body
data/edgar-query/exhibits/0001726978/0001193125-18-148760_d580158dex103.htm,172667,"TAX RECEIVABLE AGREEMENT | GOOSEHEAD INSURANCE, INC., | GOOSEHEAD FINANCIAL, LLC, | THE PERSONS NAMED HEREIN | Dated as of May 1, 2018",true,false,true,false,7,keep,centered title contains 'tax receivable agreement'
data/edgar-query/exhibits/0001728688/0001193125-20-040854_d846267dex101.htm,79536,SECOND AMENDMENT TO AMENDED AND RESTATED CREDIT AGREEMENT,false,true,true,false,0,keep,'tax receivable agreement' phrase present in body
data/edgar-query/exhibits/0001728688/0001628279-18-000066_filename7.htm,259862,"TAX RECEIVABLE AGREEMENT | i3 VERTICALS, INC. | i3 VERTICALS, LLC | the several MEMBERS (as defined herein) and | OTHER MEMBERS OF i3 VERTICALS, LLC | FROM TIME TO TIME PARTY HERETO | Dated as of [ ] [ ], 2018",true,false,true,false,6,keep,centered title contains 'tax receivable agreement'
data/edgar-query/exhibits/0001728688/0001628280-18-007205_exhibit102s-1.htm,259782,"TAX RECEIVABLE AGREEMENT | i3 VERTICALS, INC. | i3 VERTICALS, LLC | the several MEMBERS (as defined herein) and | OTHER MEMBERS OF i3 VERTICALS, LLC | FROM TIME TO TIME PARTY HERETO | Dated as of [ ] [ ], 2018",true,false,true,false,6,keep,centered title contains 'tax receivable agreement'
data/edgar-query/exhibits/0001728688/0001628280-18-007773_exhibit101s-1a1.htm,518058,"i3 VERTICALS, LLC | LIMITED LIABILITY COMPANY AGREEMENT | Dated as of [•], 2018",false,true,true,false,0,keep,'tax receivable agreement' phrase present in body
data/edgar-query/exhibits/0001728688/0001628280-18-008317_exhibit1038-k.htm,525907,"i3 VERTICALS, LLC | LIMITED LIABILITY COMPANY AGREEMENT | Dated as of June 25, 2018",false,true,true,false,0,keep,'tax receivable agreement' phrase present in body
data/edgar-query/exhibits/0001728688/0001628280-18-008317_exhibit1058-k.htm,171288,FIRST AMENDMENT TO CREDIT AGREEMENT AND JOINDER AGREEMENT,false,true,true,false,0,keep,'tax receivable agreement' phrase present in body
data/edgar-query/exhibits/0001728688/0001728688-19-000047_arcreditagreement-i3ve.htm,1732828,"AMENDED AND RESTATED CREDIT AGREEMENT | Dated as of May 9, 2019 | i3 VERTICALS, LLC, | as the Borrower, | i3 VERTICALS, INC. and THE SUBSIDIARIES OF THE BORROWER IDENTIFIED HEREIN, | as the Guarantors, | BANK OF AMERICA, N.A., | as Administrative Agent, Swingline Lender and L/C Issuer, | THE OTHER L",false,true,true,false,0,keep,'tax receivable agreement' phrase present in body
data/edgar-query/exhibits/0001728688/0001728688-22-000061_i310k2022exhibit1030.htm,48229,FIRST AMENDMENT TO TAX RECEIVABLE AGREEMENT,true,false,true,false,0,keep,centered title contains 'tax receivable agreement'
data/edgar-query/exhibits/0001728688/0001728688-23-000030_i3verticals2023creditagree.htm,1516885,"CREDIT AGREEMENT | Dated as of May 8, 2023 | i3 VERTICALS, LLC, | as the Borrower, | i3 VERTICALS, INC. and THE SUBSIDIARIES OF THE BORROWER IDENTIFIED HEREIN, | as the Guarantors, | JPMORGAN CHASE BANK, N.A., | as Administrative Agent, Swingline Lender and L/C Issuer, | THE OTHER LENDERS PARTY HERE",false,true,true,false,0,keep,'tax receivable agreement' phrase present in body
data/edgar-query/exhibits/0001728688/0001728688-24-000079_firstamendment-i3verticals.htm,99780,FIRST AMENDMENT TO CREDIT AGREEMENT,false,true,true,false,0,keep,'tax receivable agreement' phrase present in body
data/edgar-query/exhibits/0001737927/0000950170-23-040694_cgc-ex10_10.htm,484442,"*** Certain information in this document has been excluded pursuant to Regulation S-K, item 601(b)(10). Such excluded information is not material and is information that the company treats as private or confidential. Such omitted information is indicated by brackets “[***]”) in this exhibit. *** | S",false,true,true,false,0,keep,'tax receivable agreement' phrase present in body
data/edgar-query/exhibits/0001737927/0000950170-23-040740_cgc-ex10_10.htm,484442,"*** Certain information in this document has been excluded pursuant to Regulation S-K, item 601(b)(10). Such excluded information is not material and is information that the company treats as private or confidential. Such omitted information is indicated by brackets “[***]”) in this exhibit. *** | S",false,true,true,false,0,keep,'tax receivable agreement' phrase present in body
data/edgar-query/exhibits/0001737927/0001193125-20-252335_d60893dex101.htm,562232,"Certain identified confidential information contained in this document, marked by brackets, has been excluded from this exhibit because it is both (i) not material and (ii) would be competitively harmful if publicly disclosed. | SECOND AMENDMENT TO ARRANGEMENT AGREEMENT | THIS AMENDMENT is made as o",false,false,true,false,0,keep,'tax receivable agreement' phrase present in body
data/edgar-query/exhibits/0001737927/0001193125-22-269590_d362632dex103.htm,641009,"CANOPY USA, LLC | CANOPY GROWTH CORPORATION | ACREAGE HOLDINGS, INC. | ARRANGEMENT AGREEMENT | October 24, 2022",false,false,true,false,0,keep,'tax receivable agreement' phrase present in body
data/edgar-query/exhibits/0001737927/0001193125-22-270041_d362632dex103.htm,641123,"CANOPY USA, LLC | CANOPY GROWTH CORPORATION | ACREAGE HOLDINGS, INC. | ARRANGEMENT AGREEMENT | October 24, 2022",false,false,true,false,0,keep,'tax receivable agreement' phrase present in body
data/edgar-query/exhibits/0001739566/0001104659-20-102266_tm2029975d1_ex10-1.htm,493315,"THIRD AMENDED AND RESTATED | LIMITED LIABILITY COMPANY AGREEMENT | UTZ BRANDS HOLDINGS, LLC | DATED AS OF AUGUST 28, 2020",false,true,true,false,0,keep,'tax receivable agreement' phrase present in body
data/edgar-query/exhibits/0001739566/0001104659-20-102266_tm2029975d1_ex10-2.htm,237339,"TAX RECEIVABLE AGREEMENT | UTZ BRANDS, INC. | THE PERSONS NAMED HEREIN | Dated as of August 28, 2020",true,false,true,false,6,keep,centered title contains 'tax receivable agreement'
data/edgar-query/exhibits/0001742924/0000950103-18-012035_dp96887_ex1004.htm,161624,"TAX MATTERS AGREEMENT | between FMC CORPORATION and LIVENT CORPORATION Dated as of October 15, 2018",false,false,true,false,0,keep,'tax receivable agreement' phrase present in body
data/edgar-query/exhibits/0001742924/0001193125-18-288488_d603292dex104.htm,129067,"FORM OF TAX MATTERS AGREEMENT | FMC CORPORATION | LIVENT CORPORATION | Dated as of [—], 2018",false,false,true,false,0,keep,'tax receivable agreement' phrase present in body
data/edgar-query/exhibits/0001743745/0001213900-19-004519_fs12019ex10-1_greenlane.htm,87280,"REORGANIZATION AGREEMENT | Dated as of [ ], 2019",false,false,true,false,0,keep,'tax receivable agreement' phrase present in body
data/edgar-query/exhibits/0001743745/0001213900-19-004519_fs12019ex10-3_greenlane.htm,394620,"THIRD AMENDED AND RESTATED | OPERATING AGREEMENT | GREENLANE HOLDINGS, LLC | a Delaware limited liability company | Dated as of [●], 2019",false,true,true,false,0,keep,'tax receivable agreement' phrase present in body
data/edgar-query/exhibits/0001743745/0001213900-19-004519_fs12019ex10-4_greenlane.htm,194816,"TAX RECEIVABLE AGREEMENT | GREENLANE HOLDINGS, INC., | GREENLANE HOLDINGS, LLC | THE MEMBERS OF GREENLANE HOLDINGS, LLC | FROM TIME TO TIME PARTY HERETO | Dated as of [●], 2019",true,false,true,false,6,keep,centered title contains 'tax receivable agreement'
data/edgar-query/exhibits/0001743745/0001213900-19-007106_f8k042319ex10-2_greenlane.htm,435651,"THIRD AMENDED AND RESTATED | OPERATING AGREEMENT | GREENLANE HOLDINGS, LLC | a Delaware limited liability company | Dated as of April 17, 2019",false,true,true,false,0,keep,'tax receivable agreement' phrase present in body
data/edgar-query/exhibits/0001743745/0001213900-19-007106_f8k042319ex10-3_greenlane.htm,153868,"REORGANIZATION AGREEMENT | Dated as of April 17, 2019",false,false,true,false,0,keep,'tax receivable agreement' phrase present in body
data/edgar-query/exhibits/0001743745/0001213900-19-007106_f8k042319ex10-4_greenlane.htm,285828,"TAX RECEIVABLE AGREEMENT | GREENLANE HOLDINGS, INC., | GREENLANE HOLDINGS, LLC | THE MEMBERS OF GREENLANE HOLDINGS, LLC | FROM TIME TO TIME PARTY HERETO | Dated as of April 17, 2019",true,false,true,false,6,keep,centered title contains 'tax receivable agreement'
data/edgar-query/exhibits/0001743745/0001493152-25-018597_ex10-4.htm,77338,FORM OF STRATEGIC ADVISORY AGREEMENT,false,false,true,false,0,keep,'tax receivable agreement' phrase present in body
data/edgar-query/exhibits/0001743745/0001743745-22-000011_ex104-greenlane_holdingsxl.htm,632935,"FOURTH AMENDED AND RESTATED OPERATING AGREEMENT | GREENLANE HOLDINGS, LLC a Delaware limited liability company | Dated as of October 6, 2021",false,true,true,false,0,keep,'tax receivable agreement' phrase present in body
data/edgar-query/exhibits/0001743907/0001193125-21-051676_d71456dex1046.htm,131662,INCOME TAX RECEIVABLE AGREEMENT | [•],true,false,true,true,3,keep,centered title contains 'tax receivable agreement'
data/edgar-query/exhibits/0001743907/0001193125-21-051676_d71456dex1047.htm,1124437,"CREDIT AGREEMENT | dated as of February 10, 2021 | SCA ACQUISITION, LLC, | as Holdings, | SUN COUNTRY, INC., | as Borrower, | THE LENDERS AND ISSUING BANKS PARTY HERETO, | BARCLAYS BANK PLC, | as Administrative Agent and Collateral Agent, | BARCLAYS BANK PLC, | DEUTSCHE BANK SECURITIES INC., and | M",false,true,true,false,0,keep,'tax receivable agreement' phrase present in body
data/edgar-query/exhibits/0001743907/0001193125-21-072301_d71456dex1046.htm,133999,INCOME TAX RECEIVABLE AGREEMENT | [•],true,false,true,true,3,keep,centered title contains 'tax receivable agreement'
data/edgar-query/exhibits/0001743907/0001193125-21-089702_d151286dex103.htm,137169,"INCOME TAX RECEIVABLE AGREEMENT | March 19, 2021",true,false,true,true,3,keep,centered title contains 'tax receivable agreement'
data/edgar-query/exhibits/0001743907/0001743907-25-000021_suncountrycreditandguarant.htm,1115445,"CREDIT AND GUARANTY AGREEMENT | dated as of March 24, 2025 | SUN COUNTRY, INC. (d/b/a Sun Country Airlines), | as Borrower, | SUN COUNTRY AIRLINES HOLDINGS, INC., | as Guarantor, | THE LENDERS PARTY HERETO, | UMB BANK, N.A., | as Administrative Agent and as Security Trustee | MUFG BANK, LTD., | as S",false,false,true,false,0,keep,'tax receivable agreement' phrase present in body
data/edgar-query/exhibits/0001747079/0001747079-24-000082_ex102-sbgsupportagreement.htm,107645,SUPPORT AGREEMENT,false,true,true,false,0,keep,'tax receivable agreement' phrase present in body
data/edgar-query/exhibits/0001748024/0001193125-19-013079_d630637dex101.htm,282650,"EXETER FINANCE LLC | AMENDED AND RESTATED | LIMITED LIABILITY COMPANY AGREEMENT | Dated as of , 2019",false,true,true,false,0,keep,'tax receivable agreement' phrase present in body
data/edgar-query/exhibits/0001748024/0001193125-19-013079_d630637dex102.htm,148811,"TAX RECEIVABLE AGREEMENT | EXETER FINANCE CORPORATION | THE PERSONS NAMED HEREIN | Dated as of [●], [●]",true,false,true,false,6,keep,centered title contains 'tax receivable agreement'
data/edgar-query/exhibits/0001748824/0001748824-21-000023_landmarkequitypurchaseagre.htm,739330,"EQUITY PURCHASE AGREEMENT | BRIGHTSPHERE (LANDMARK) LLC, | LANDMARK INVESTMENT HOLDINGS LP, | LANDMARK PARTNERS, LLC, | ARES HOLDINGS L.P., | solely for purposes of Section 10.18 hereof, BRIGHTSPHERE INVESTMENT GROUP INC., | solely for purposes of Sections 7.1.4 through 7.1.7 , 7.9.6 and 7.13.2 here",false,true,true,false,0,keep,'tax receivable agreement' phrase present in body
data/edgar-query/exhibits/0001749704/0001104659-19-001493_a19-2323_1ex10d4.htm,172131,"TAX RECEIVABLE AGREEMENT | AGILITI, INC., | AGILITI HOLDCO, INC., | IPC/UHS, L.P., as Stockholders’ Representative | January 4, 2019",true,false,true,false,4,keep,centered title contains 'tax receivable agreement'
data/edgar-query/exhibits/0001749704/0001749704-23-000045_ex103amendmentno1totaxrece.htm,16066,AMENDMENT NO. 1 TO TAX RECEIVABLE AGREEMENT,true,false,true,false,2,keep,centered title contains 'tax receivable agreement'
data/edgar-query/exhibits/0001750690/0001193125-18-303218_d632104dex104.htm,1338784,"CREDIT AGREEMENT | Dated as of August 14, 2018 | CALIBURN HOLDINGS LLC, | as Holdings, | CALIBURN INTERNATIONAL, LLC, | as the Borrower | THE GUARANTORS PARTY HERETO, | BANK OF AMERICA, N.A., | as Administrative Agent, Swing Line Lender and | L/C Issuer, | SUNTRUST BANK, | REGIONS BANK, and | ROYAL ",false,true,true,false,0,keep,'tax receivable agreement' phrase present in body
data/edgar-query/exhibits/0001750690/0001193125-18-315432_d632104dex101.htm,149207,"FORM OF TAX RECEIVABLE AGREEMENT | CALIBURN INTERNATIONAL CORPORATION | THE PERSONS NAMED HEREIN | Dated as of [November ], 2018",true,false,true,false,6,keep,centered title contains 'tax receivable agreement'
data/edgar-query/exhibits/0001750690/0001193125-18-315432_d632104dex102.htm,64623,FORM OF EXCHANGE AGREEMENT,false,true,true,false,1,keep,'tax receivable agreement' phrase present in body
data/edgar-query/exhibits/0001750690/0001193125-18-315432_d632104dex103.htm,189439,"CALIBURN HOLDINGS LLC | FORM OF THIRD AMENDED AND RESTATED | LIMITED LIABILITY COMPANY AGREEMENT | DATED AS OF , 2018",false,true,true,false,1,keep,'tax receivable agreement' phrase present in body
data/edgar-query/exhibits/0001752836/0001193125-18-358169_d609285dex103.htm,204386,"TAX MATTERS AGREEMENT | BY AND AMONG HARBOR, | SPINCO | VOYAGER | DATED AS OF January [●], 2019",false,false,true,false,1,keep,'tax receivable agreement' phrase present in body
data/edgar-query/exhibits/0001752836/0001193125-19-004173_d609285dex103.htm,207848,"TAX MATTERS AGREEMENT | BY AND AMONG HARBOR, | SPINCO | VOYAGER | DATED AS OF January 7, 2019",false,false,true,false,1,keep,'tax receivable agreement' phrase present in body
data/edgar-query/exhibits/0001753676/0001193125-19-040841_d621537dex101.htm,253717,"SECOND AMENDED AND RESTATED | LIMITED LIABILITY COMPANY AGREEMENT | TEMPO HOLDING COMPANY, LLC | Dated as of [ ], 2019",false,true,true,false,0,keep,'tax receivable agreement' phrase present in body
data/edgar-query/exhibits/0001753676/0001193125-19-040841_d621537dex102.htm,185258,"TAX RECEIVABLE AGREEMENT | ALIGHT INC. | THE PERSONS NAMED HEREIN | Dated as of [ ], 2019",true,false,true,false,6,keep,centered title contains 'tax receivable agreement'
data/edgar-query/exhibits/0001753850/0000950103-18-011246_filename4.htm,380918,"AMENDED AND RESTATED | LIMITED LIABILITY COMPANY AGREEMENT | AROG PHARMACEUTICALS LLC | Dated as of [●], 2018",false,true,true,false,1,keep,'tax receivable agreement' phrase present in body
data/edgar-query/exhibits/0001753850/0000950103-18-011246_filename5.htm,198037,"TAX RECEIVABLE AGREEMENT | AROG PHARMACEUTICALS HOLDINGS, INC. | AROG PHARMACEUTICALS LLC | THE PERSONS NAMED HEREIN | Dated as of [•], 2018",true,false,true,false,7,keep,centered title contains 'tax receivable agreement'
data/edgar-query/exhibits/0001756497/0000950123-18-012316_filename10.htm,161828,"Change Healthcare Inc. has requested confidential treatment of this registration statement and associated correspondence | pursuant to Rule 83 of the Securities and Exchange Commission. | AMENDED AND RESTATED | TAX RECEIVABLE AGREEMENT (EXCHANGES) | EMDEON INC., | H&F ITR HOLDCO, L.P., | BEAGLE PARE",true,false,true,false,7,keep,centered title contains 'tax receivable agreement'
data/edgar-query/exhibits/0001756497/0000950123-18-012316_filename11.htm,152026,"Change Healthcare Inc. has requested confidential treatment of this registration statement and associated correspondence | pursuant to Rule 83 of the Securities and Exchange Commission. | TAX RECEIVABLE AGREEMENT (MANAGEMENT) | EMDEON INC. | THE PERSONS NAMED HEREIN | Dated as of August 17, 2009",true,false,true,false,7,keep,centered title contains 'tax receivable agreement'
data/edgar-query/exhibits/0001756497/0000950123-18-012316_filename12.htm,19221,Change Healthcare Inc. has requested confidential treatment of this registration statement and associated correspondence | pursuant to Rule 83 of the Securities and Exchange Commission. | FIRST AMENDMENT TO | TAX RECEIVABLE AGREEMENT (MANAGEMENT),true,false,true,false,1,keep,centered title contains 'tax receivable agreement'
data/edgar-query/exhibits/0001756497/0000950123-18-012316_filename19.htm,67634,Change Healthcare Inc. has requested confidential treatment of this registration statement and associated correspondence | pursuant to Rule 83 of the Securities and Exchange Commission. | AMENDED AND RESTATED | LETTER AGREEMENT | RELATING TO | AGREEMENT OF CONTRIBUTION AND SALE,false,false,true,false,0,keep,'tax receivable agreement' phrase present in body
data/edgar-query/exhibits/0001756497/0000950123-18-012316_filename7.htm,183742,"Change Healthcare Inc. has requested confidential treatment of this registration statement and associated correspondence | pursuant to Rule 83 of the Securities and Exchange Commission. | TAX RECEIVABLE AGREEMENT | Change Healthcare LLC (f/k/a PF2 Newco LLC), | PF2 IP LLC, | PF2 PST Services, Inc., ",true,false,true,false,6,keep,centered title contains 'tax receivable agreement'
data/edgar-query/exhibits/0001756497/0000950123-18-012316_filename8.htm,217774,"Change Healthcare Inc. has requested confidential treatment of this registration statement and associated correspondence | pursuant to Rule 83 of the Securities and Exchange Commission. | TAX RECEIVABLE AGREEMENT | Change Healthcare, Inc., | HCIT Holdings, Inc., | Change Healthcare LLC, | the other ",true,false,true,false,6,keep,centered title contains 'tax receivable agreement'
data/edgar-query/exhibits/0001756497/0000950123-18-012316_filename9.htm,159651,"Change Healthcare Inc. has requested confidential treatment of this registration statement and associated correspondence | pursuant to Rule 83 of the Securities and Exchange Commission. | AMENDED AND RESTATED | TAX RECEIVABLE AGREEMENT (REORGANZATIONS) | EMDEON INC., | H&F ITR HOLDCO, L.P., | BEAGLE",true,false,true,false,6,keep,centered title contains 'tax receivable agreement'
data/edgar-query/exhibits/0001756497/0000950123-19-009881_filename13.htm,183765,"The Registrant has requested confidential treatment of this draft registration statement and associated correspondence | pursuant to Rule 83 of the Securities and Exchange Commission. | TAX RECEIVABLE AGREEMENT | Change Healthcare LLC (f/k/a PF2 Newco LLC), | PF2 IP LLC, | PF2 PST Services, Inc., | ",true,false,true,false,6,keep,centered title contains 'tax receivable agreement'
data/edgar-query/exhibits/0001756497/0000950123-19-009881_filename14.htm,217797,"The Registrant has requested confidential treatment of this draft registration statement and associated correspondence | pursuant to Rule 83 of the Securities and Exchange Commission. | TAX RECEIVABLE AGREEMENT | Change Healthcare, Inc., | HCIT Holdings, Inc., | Change Healthcare LLC, | the other pa",true,false,true,false,6,keep,centered title contains 'tax receivable agreement'
data/edgar-query/exhibits/0001756497/0000950123-19-009881_filename15.htm,159662,"The Registrant has requested confidential treatment of this draft registration statement and associated correspondence | pursuant to Rule 83 of the Securities and Exchange Commission. | AMENDED AND RESTATED | TAX RECEIVABLE AGREEMENT (REORGANZATIONS) | EMDEON INC., | H&F ITR HOLDCO, L.P., | BEAGLE P",true,false,true,false,6,keep,centered title contains 'tax receivable agreement'
data/edgar-query/exhibits/0001756497/0000950123-19-009881_filename16.htm,161837,"The Registrant has requested confidential treatment of this draft registration statement and associated correspondence | pursuant to Rule 83 of the Securities and Exchange Commission. | AMENDED AND RESTATED | TAX RECEIVABLE AGREEMENT (EXCHANGES) | EMDEON INC., | H&F ITR HOLDCO, L.P., | BEAGLE PARENT",true,false,true,false,7,keep,centered title contains 'tax receivable agreement'
data/edgar-query/exhibits/0001756497/0000950123-19-009881_filename17.htm,152037,"The Registrant has requested confidential treatment of this draft registration statement and associated correspondence | pursuant to Rule 83 of the Securities and Exchange Commission. | TAX RECEIVABLE AGREEMENT (MANAGEMENT) | EMDEON INC. | THE PERSONS NAMED HEREIN | Dated as of August 17, 2009",true,false,true,false,7,keep,centered title contains 'tax receivable agreement'
data/edgar-query/exhibits/0001756497/0000950123-19-009881_filename18.htm,19227,The Registrant has requested confidential treatment of this draft registration statement and associated correspondence | pursuant to Rule 83 of the Securities and Exchange Commission. | FIRST AMENDMENT TO | TAX RECEIVABLE AGREEMENT (MANAGEMENT),true,false,true,false,1,keep,centered title contains 'tax receivable agreement'
data/edgar-query/exhibits/0001756497/0000950123-19-009881_filename27.htm,67639,The Registrant has requested confidential treatment of this draft registration statement and associated correspondence | pursuant to Rule 83 of the Securities and Exchange Commission. | AMENDED AND RESTATED | LETTER AGREEMENT | RELATING TO | AGREEMENT OF CONTRIBUTION AND SALE,false,false,true,false,0,keep,'tax receivable agreement' phrase present in body
data/edgar-query/exhibits/0001756497/0001193125-19-076886_d638353dex1012.htm,1351983,"CREDIT AGREEMENT | Dated as of March 1, 2017, | CHANGE HEALTHCARE INTERMEDIATE HOLDINGS, LLC, | as Holdings, | CHANGE HEALTHCARE HOLDINGS, LLC, | as the Parent Borrower, | THE OTHER BORROWERS PARTY HERETO, | THE OTHER GUARANTORS PARTY HERETO FROM TIME TO TIME, | BANK OF AMERICA, N.A., | as Administr",false,true,true,false,0,keep,'tax receivable agreement' phrase present in body
data/edgar-query/exhibits/0001756497/0001193125-19-076886_d638353dex1018.htm,60354,AMENDED AND RESTATED | LETTER AGREEMENT | RELATING TO | AGREEMENT OF CONTRIBUTION AND SALE,false,false,true,false,0,keep,'tax receivable agreement' phrase present in body
data/edgar-query/exhibits/0001756497/0001193125-19-076886_d638353dex102.htm,166345,"TAX RECEIVABLE AGREEMENT | Change Healthcare LLC (f/k/a PF2 Newco LLC), | PF2 IP LLC, | PF2 PST Services, Inc., | McKesson Corporation | HCIT Holdings, Inc., | Dated as of March 1, 2017",true,false,true,false,6,keep,centered title contains 'tax receivable agreement'
data/edgar-query/exhibits/0001756497/0001193125-19-076886_d638353dex103.htm,197005,"TAX RECEIVABLE AGREEMENT | Change Healthcare, Inc., | HCIT Holdings, Inc., | Change Healthcare LLC, | the other parties named herein | Dated as of February 28, 2017",true,false,true,false,6,keep,centered title contains 'tax receivable agreement'
data/edgar-query/exhibits/0001756497/0001193125-19-076886_d638353dex104.htm,144502,"AMENDED AND RESTATED | TAX RECEIVABLE AGREEMENT (REORGANZATIONS) | EMDEON INC., | H&F ITR HOLDCO, L.P., | BEAGLE PARENT LLC, | GA-H&F ITR HOLDCO, L.P. | Dated as of November 2, 2011",true,false,true,false,6,keep,centered title contains 'tax receivable agreement'
data/edgar-query/exhibits/0001756497/0001193125-19-076886_d638353dex105.htm,146678,"AMENDED AND RESTATED | TAX RECEIVABLE AGREEMENT (EXCHANGES) | EMDEON INC., | H&F ITR HOLDCO, L.P., | BEAGLE PARENT LLC, | GA-H&F ITR HOLDCO, L.P. | Dated as of November 2, 2011",true,false,true,false,7,keep,centered title contains 'tax receivable agreement'
data/edgar-query/exhibits/0001756497/0001193125-19-076886_d638353dex106.htm,136876,"TAX RECEIVABLE AGREEMENT (MANAGEMENT) | EMDEON INC. | THE PERSONS NAMED HEREIN | Dated as of August 17, 2009",true,false,true,false,7,keep,centered title contains 'tax receivable agreement'
data/edgar-query/exhibits/0001756497/0001193125-19-076886_d638353dex107.htm,16435,FIRST AMENDMENT TO | TAX RECEIVABLE AGREEMENT (MANAGEMENT),true,false,true,false,1,keep,centered title contains 'tax receivable agreement'
data/edgar-query/exhibits/0001756497/0001193125-20-023378_d826474dex1012.htm,1352018,"CREDIT AGREEMENT | Dated as of March 1, 2017, | CHANGE HEALTHCARE INTERMEDIATE HOLDINGS, LLC, | as Holdings, | CHANGE HEALTHCARE HOLDINGS, LLC, | as the Parent Borrower, | THE OTHER BORROWERS PARTY HERETO, | THE OTHER GUARANTORS PARTY HERETO FROM TIME TO TIME, | BANK OF AMERICA, N.A., | as Administr",false,true,true,false,0,keep,'tax receivable agreement' phrase present in body
data/edgar-query/exhibits/0001756497/0001193125-20-023378_d826474dex1016.htm,209530,"TAX MATTERS AGREEMENT | McKesson Corporation, | on behalf of itself | and the members | of the Parent Group, | PF2 SpinCo Inc., | on behalf of itself | and the members | of the SpinCo Group, | Change Healthcare Inc., | on behalf of itself | and the members | of the Acquiror Group. | Change Healthcar",false,false,true,false,0,keep,'tax receivable agreement' phrase present in body
data/edgar-query/exhibits/0001756497/0001193125-20-023378_d826474dex1017.htm,60359,AMENDED AND RESTATED | LETTER AGREEMENT | RELATING TO | AGREEMENT OF CONTRIBUTION AND SALE,false,false,true,false,0,keep,'tax receivable agreement' phrase present in body
data/edgar-query/exhibits/0001756497/0001193125-20-023378_d826474dex102.htm,166367,"TAX RECEIVABLE AGREEMENT | Change Healthcare LLC (f/k/a PF2 Newco LLC), | PF2 IP LLC, | PF2 PST Services, Inc., | McKesson Corporation | HCIT Holdings, Inc., | Dated as of March 1, 2017",true,false,true,false,6,keep,centered title contains 'tax receivable agreement'
data/edgar-query/exhibits/0001756497/0001193125-20-023378_d826474dex103.htm,197027,"TAX RECEIVABLE AGREEMENT | Change Healthcare, Inc., | HCIT Holdings, Inc., | Change Healthcare LLC, | the other parties named herein | Dated as of February 28, 2017",true,false,true,false,6,keep,centered title contains 'tax receivable agreement'
data/edgar-query/exhibits/0001756497/0001193125-20-023378_d826474dex104.htm,144512,"AMENDED AND RESTATED | TAX RECEIVABLE AGREEMENT (REORGANZATIONS) | EMDEON INC., | H&F ITR HOLDCO, L.P., | BEAGLE PARENT LLC, | GA-H&F ITR HOLDCO, L.P. | Dated as of November 2, 2011",true,false,true,false,6,keep,centered title contains 'tax receivable agreement'
data/edgar-query/exhibits/0001756497/0001193125-20-023378_d826474dex105.htm,146687,"AMENDED AND RESTATED | TAX RECEIVABLE AGREEMENT (EXCHANGES) | EMDEON INC., | H&F ITR HOLDCO, L.P., | BEAGLE PARENT LLC, | GA-H&F ITR HOLDCO, L.P. | Dated as of November 2, 2011",true,false,true,false,7,keep,centered title contains 'tax receivable agreement'
data/edgar-query/exhibits/0001756497/0001193125-20-023378_d826474dex106.htm,136887,"TAX RECEIVABLE AGREEMENT (MANAGEMENT) | EMDEON INC. | THE PERSONS NAMED HEREIN | Dated as of August 17, 2009",true,false,true,false,7,keep,centered title contains 'tax receivable agreement'
data/edgar-query/exhibits/0001756497/0001193125-20-023378_d826474dex107.htm,16441,FIRST AMENDMENT TO | TAX RECEIVABLE AGREEMENT (MANAGEMENT),true,false,true,false,1,keep,centered title contains 'tax receivable agreement'
data/edgar-query/exhibits/0001756497/0001193125-21-003258_d28897dex101.htm,25598,[ Signature Page to Certain Tax Receivable Agreements Acknowledgment and Termination Agreement ],true,false,true,false,1,keep,centered title contains 'tax receivable agreement'
data/edgar-query/exhibits/0001756497/0001193125-21-003260_d28897dex101.htm,25598,[ Signature Page to Certain Tax Receivable Agreements Acknowledgment and Termination Agreement ],true,false,true,false,1,keep,centered title contains 'tax receivable agreement'
data/edgar-query/exhibits/0001758730/0001104659-19-030556_a19-9947_1ex10d3.htm,782305,"TRADEWEB MARKETS LLC | FIFTH AMENDED AND RESTATED LIMITED LIABILITY COMPANY AGREEMENT | Dated as of April 4, 2019",false,true,true,false,0,keep,'tax receivable agreement' phrase present in body
data/edgar-query/exhibits/0001758730/0001104659-19-030556_a19-9947_1ex10d4.htm,392764,"TAX RECEIVABLE AGREEMENT | TRADEWEB MARKETS INC. | TRADEWEB MARKETS LLC | THE MEMBERS OF TRADEWEB MARKETS LLC | FROM TIME TO TIME PARTY HERETO | Dated as of April 8, 2019",true,false,true,false,6,keep,centered title contains 'tax receivable agreement'
data/edgar-query/exhibits/0001758730/0001144204-19-015220_tv516514_ex10-3.htm,494363,"TRADEWEB MARKETS LLC | FIFTH AMENDED AND RESTATED LIMITED LIABILITY COMPANY AGREEMENT | Dated as of [__], 2019",false,true,true,false,0,keep,'tax receivable agreement' phrase present in body
data/edgar-query/exhibits/0001758730/0001144204-19-015220_tv516514_ex10-4.htm,192986,"TAX RECEIVABLE AGREEMENT | TRADEWEB MARKETS INC. | TRADEWEB MARKETS LLC | THE MEMBERS OF TRADEWEB MARKETS LLC | FROM TIME TO TIME PARTY HERETO | Dated as of [ · ], 2019",true,false,true,false,7,keep,centered title contains 'tax receivable agreement'
data/edgar-query/exhibits/0001758730/0001144204-19-015706_tv515721_ex10-7.htm,898789,"CREDIT AGREEMENT dated as of [__] , 2019 among | Tradeweb Markets LLC , as Borrower, | The Lenders Party Hereto | CITIBANK, n.a. , as Administrative Agent, Collateral Agent, Issuing Bank and Swing Line Lender | Citigroup Global Markets Inc. , JPMorgan Chase Bank, N.A. , and Morgan Stanley Senior Fun",false,true,true,false,0,keep,'tax receivable agreement' phrase present in body
data/edgar-query/exhibits/0001758730/0001193125-23-089885_d472523dex101.htm,888554,AMENDMENT NO. 2,false,false,true,false,0,keep,'tax receivable agreement' phrase present in body
data/edgar-query/exhibits/0001760717/0001047469-19-002173_a2238399zex-10_4.htm,271078,"TAX RECEIVABLE AGREEMENT | SCIPLAY CORPORATION | SCIPLAY PARENT COMPANY, LLC | THE MEMBERS OF SCIPLAY PARENT COMPANY, LLC FROM TIME TO TIME PARTY HERETO | Dated as of [ · ], 2019",true,false,true,false,6,keep,centered title contains 'tax receivable agreement'
data/edgar-query/exhibits/0001760717/0001047469-19-002173_a2238399zex-10_5.htm,477022,"AMENDED AND RESTATED OPERATING AGREEMENT | SCIPLAY PARENT COMPANY, LLC a Nevada limited liability company | Dated as of [ · ], 2019",false,true,true,false,1,keep,'tax receivable agreement' phrase present in body
data/edgar-query/exhibits/0001760717/0001047469-19-002697_a2238613zex-10_7.htm,1190481,"CREDIT AGREEMENT | SCIPLAY HOLDING COMPANY, LLC as the Borrower, | SCIPLAY PARENT COMPANY, LLC, | as Holdings, | The Several Lenders from Time to Time Parties Hereto, | BANK OF AMERICA, N.A., as Administrative Agent, Collateral Agent and Issuing Lender, | MERRILL LYNCH, PIERCE, FENNER & SMITH INCORP",false,true,true,false,0,keep,'tax receivable agreement' phrase present in body
data/edgar-query/exhibits/0001760717/0001104659-19-027606_a18-41001_14ex10d1.htm,440896,"AMENDED AND RESTATED OPERATING AGREEMENT | SCIPLAY PARENT COMPANY, LLC a Nevada limited liability company | Dated as of May 2, 2019",false,true,true,false,1,keep,'tax receivable agreement' phrase present in body
data/edgar-query/exhibits/0001760717/0001104659-19-027606_a18-41001_14ex10d2.htm,277052,"TAX RECEIVABLE AGREEMENT | SCIPLAY CORPORATION | SCIPLAY PARENT COMPANY, LLC | THE MEMBERS OF SCIPLAY PARENT COMPANY, LLC FROM TIME TO TIME PARTY HERETO | Dated as of May 7, 2019",true,false,true,false,6,keep,centered title contains 'tax receivable agreement'
data/edgar-query/exhibits/0001760717/0001104659-21-073305_tm2117135d1_ex10-1.htm,1048260,AMENDMENT NO. 1,false,false,true,false,0,keep,'tax receivable agreement' phrase present in body
data/edgar-query/exhibits/0001760717/0001104659-23-110660_tm2328754d2_ex10-1.htm,9557,WAIVER,false,false,true,false,1,keep,'tax receivable agreement' phrase present in body
data/edgar-query/exhibits/0001760717/0001104659-23-110660_tm2328754d2_ex10-2.htm,9684,WAIVER,false,false,true,false,1,keep,'tax receivable agreement' phrase present in body
data/edgar-query/exhibits/0001760717/0001104659-23-110660_tm2328754d2_ex10-3.htm,9843,WAIVER,false,false,true,false,1,keep,'tax receivable agreement' phrase present in body
data/edgar-query/exhibits/0001760965/0000950123-19-002577_filename6.htm,177083,"Confidential Treatment Requested by Kontoor Brands, Inc. | Pursuant to 17 C.F.R. Section 200.83 | TAX MATTERS AGREEMENT | VF Corporation, | on behalf of itself | and the members | of the VF Group, | Kontoor Brands, Inc., | on behalf of itself | and the members | of the Kontoor Brands Group | Dated a",false,false,true,false,0,keep,'tax receivable agreement' phrase present in body
data/edgar-query/exhibits/0001760965/0001193125-19-093535_d618285dex102.htm,153234,"TAX MATTERS AGREEMENT | VF Corporation, | on behalf of itself | and the members | of the VF Group, | Kontoor Brands, Inc., | on behalf of itself | and the members | of the Kontoor Brands Group | Dated as of [—]",false,false,true,false,0,keep,'tax receivable agreement' phrase present in body
data/edgar-query/exhibits/0001760965/0001193125-19-127045_d618285dex102.htm,154334,"TAX MATTERS AGREEMENT | VF Corporation, | on behalf of itself | and the members | of the VF Group, | Kontoor Brands, Inc., | on behalf of itself | and the members | of the Kontoor Brands Group | Dated as of [—]",false,false,true,false,0,keep,'tax receivable agreement' phrase present in body
data/edgar-query/exhibits/0001760965/0001193125-19-155386_d749655dex101.htm,154876,"TAX MATTERS AGREEMENT | VF Corporation, | on behalf of itself | and the members | of the VF Group, | Kontoor Brands, Inc., | on behalf of itself | and the members | of the Kontoor Brands Group | Dated as of May 22, 2019",false,false,true,false,0,keep,'tax receivable agreement' phrase present in body
data/edgar-query/exhibits/0001762359/0001104659-20-109123_tm2031882d1_ex10-1.htm,599672,SECOND AMENDMENT TO ARRANGEMENT AGREEMENT,false,false,true,false,0,keep,'tax receivable agreement' phrase present in body
data/edgar-query/exhibits/0001762359/0001104659-21-013360_tm214484d1_ex10-7.htm,379576,"THIRD AMENDMENT TO | THIRD AMENDED AND RESTATED | LIMITED LIABILITY COMPANY AGREEMENT | OF HIGH STREET CAPITAL PARTNERS, LLC",false,true,true,false,0,keep,'tax receivable agreement' phrase present in body
data/edgar-query/exhibits/0001762359/0001104659-22-112573_tm2229001d1_ex10-4.htm,183736,THIRD AMENDMENT TO TAX RECEIVABLE AGREEMENT,true,false,true,false,0,keep,centered title contains 'tax receivable agreement'
data/edgar-query/exhibits/0001762359/0001104659-22-112573_tm2229001d1_ex10-5.htm,424301,"FOURTH AMENDMENT TO | THIRD AMENDED AND RESTATED | LIMITED LIABILITY COMPANY AGREEMENT | OF HIGH STREET CAPITAL PARTNERS, LLC",false,true,true,false,0,keep,'tax receivable agreement' phrase present in body
data/edgar-query/exhibits/0001762359/0001762359-20-000017_ex107-secondamendmenta.htm,523689,"SECOND AMENDMENT TO | THIRD AMENDED AND RESTATED | LIMITED LIABILITY COMPANY AGREEMENT | OF HIGH STREET CAPITAL PARTNERS, LLC",false,true,true,false,0,keep,'tax receivable agreement' phrase present in body
data/edgar-query/exhibits/0001764046/0001144204-19-010375_tv514564_ex10-8.htm,172122,"TAX RECEIVABLE AGREEMENT | CAMELOT HOLDINGS (JERSEY) LIMITED | TRA PARTY REPRESENTATIVE (as defined herein) and | THE TRA PARTIES (as defined herein) | FROM TIME TO TIME PARTY HERETO | Dated as of [__________], 2019",true,false,true,false,4,keep,centered title contains 'tax receivable agreement'
data/edgar-query/exhibits/0001764046/0001144204-19-017150_tv514876_ex10-9.htm,173867,"TAX RECEIVABLE AGREEMENT | CAMELOT HOLDINGS (JERSEY) LIMITED | TRA PARTY REPRESENTATIVE (as defined herein) and | THE TRA PARTIES (as defined herein) | FROM TIME TO TIME PARTY HERETO | Dated as of [__________], 2019",true,false,true,false,4,keep,centered title contains 'tax receivable agreement'
data/edgar-query/exhibits/0001764046/0001144204-19-043088_tv528146_ex10-8.htm,36731,BUYOUT agreement,false,false,true,false,0,keep,'tax receivable agreement' phrase present in body
data/edgar-query/exhibits/0001766363/0000950123-19-003693_filename2.htm,1566799,"FIRST LIEN CREDIT AGREEMENT | May 6, 2014 | WME IMG HOLDINGS, LLC, | as Holdings, | WME IMG, LLC, | as Intermediate Holdings, | WILLIAM MORRIS ENDEAVOR ENTERTAINMENT, LLC, | as a Borrower | IRIS MERGER SUB, INC., | (which on the Effective Date shall be merged with and into IMG Worldwide Holdings, In",false,true,true,false,0,keep,'tax receivable agreement' phrase present in body
data/edgar-query/exhibits/0001766363/0000950123-19-003693_filename8.htm,1019703,"FIRST LIEN CREDIT AGREEMENT | August 18, 2016, | ZUFFA GUARANTOR, LLC, | as Holdings, | VGD MERGER SUB, LLC, | (which on the Effective Date shall be merged with and into UFC Holdings, LLC, with UFC Holdings, LLC surviving such merger), as a Borrower, | The Lenders Party Hereto, | GOLDMAN SACHS BANK ",false,true,true,false,0,keep,'tax receivable agreement' phrase present in body
data/edgar-query/exhibits/0001766363/0000950123-21-002886_filename11.htm,1025069,"FIRST LIEN CREDIT AGREEMENT | August 18, 2016, | ZUFFA GUARANTOR, LLC, | as Holdings, | VGD MERGER SUB, LLC, | (which on the Effective Date shall be merged with and into UFC Holdings, LLC, with UFC Holdings, LLC surviving such merger), as a Borrower, | The Lenders Party Hereto, | GOLDMAN SACHS BANK ",false,true,true,false,0,keep,'tax receivable agreement' phrase present in body
data/edgar-query/exhibits/0001766363/0000950123-21-002886_filename5.htm,1577845,"FIRST LIEN CREDIT AGREEMENT | May 6, 2014 | WME IMG HOLDINGS, LLC, | as Holdings, | WME IMG, LLC, | as Intermediate Holdings, | WILLIAM MORRIS ENDEAVOR ENTERTAINMENT, LLC, | as a Borrower | IRIS MERGER SUB, INC., | (which on the Effective Date shall be merged with and into IMG Worldwide Holdings, In",false,true,true,false,0,keep,'tax receivable agreement' phrase present in body
data/edgar-query/exhibits/0001766363/0000950170-23-039879_edr-ex10_7.htm,35305,AMENDMENT NO. 1 TO LLC AGREEMENT,false,false,true,false,0,keep,'tax receivable agreement' phrase present in body
data/edgar-query/exhibits/0001766363/0001193125-19-163004_d681105dex101.htm,1566824,"FIRST LIEN CREDIT AGREEMENT | May 6, 2014 | WME IMG HOLDINGS, LLC, | as Holdings, | WME IMG, LLC, | as Intermediate Holdings, | WILLIAM MORRIS ENDEAVOR ENTERTAINMENT, LLC, | as a Borrower | IRIS MERGER SUB, INC., | (which on the Effective Date shall be merged with and into IMG Worldwide Holdings, In",false,true,true,false,0,keep,'tax receivable agreement' phrase present in body
data/edgar-query/exhibits/0001766363/0001193125-19-163004_d681105dex107.htm,1019728,"FIRST LIEN CREDIT AGREEMENT | August 18, 2016, | ZUFFA GUARANTOR, LLC, | as Holdings, | VGD MERGER SUB, LLC, | (which on the Effective Date shall be merged with and into UFC Holdings, LLC, with UFC Holdings, LLC surviving such merger), as a Borrower, | The Lenders Party Hereto, | GOLDMAN SACHS BANK ",false,true,true,false,0,keep,'tax receivable agreement' phrase present in body
data/edgar-query/exhibits/0001766363/0001193125-19-245311_d681105dex1016.htm,222858,"TAX RECEIVABLE AGREEMENT | ENDEAVOR GROUP HOLDINGS, INC., | ENDEAVOR MANAGER, LLC, | ENDEAVOR OPERATING COMPANY, LLC, | the several EXCHANGE TRA PARTIES (as defined herein), | the several REORGANIZATION TRA PARTIES (as defined herein), | REPRESENTATIVE (as defined herein), | SL REPRESENTATIVE (as de",true,false,true,false,6,keep,centered title contains 'tax receivable agreement'
data/edgar-query/exhibits/0001766363/0001193125-19-245311_d681105dex1017.htm,368598,"THIRD AMENDED AND RESTATED | LIMITED LIABILITY COMPANY AGREEMENT | ENDEAVOR OPERATING COMPANY, LLC | Dated as of , 2019",false,true,true,false,0,keep,'tax receivable agreement' phrase present in body
data/edgar-query/exhibits/0001766363/0001193125-19-245311_d681105dex1018.htm,242428,"LIMITED LIABILITY COMPANY AGREEMENT | ENDEAVOR MANAGER, LLC | Dated as of , 2019",false,true,true,false,0,keep,'tax receivable agreement' phrase present in body
data/edgar-query/exhibits/0001766363/0001193125-21-102184_d67085dex101.htm,1577869,"FIRST LIEN CREDIT AGREEMENT | May 6, 2014 | WME IMG HOLDINGS, LLC, | as Holdings, | WME IMG, LLC, | as Intermediate Holdings, | WILLIAM MORRIS ENDEAVOR ENTERTAINMENT, LLC, | as a Borrower | IRIS MERGER SUB, INC., | (which on the Effective Date shall be merged with and into IMG Worldwide Holdings, In",false,true,true,false,0,keep,'tax receivable agreement' phrase present in body
data/edgar-query/exhibits/0001766363/0001193125-21-102184_d67085dex1010.htm,1025094,"FIRST LIEN CREDIT AGREEMENT | August 18, 2016, | ZUFFA GUARANTOR, LLC, | as Holdings, | VGD MERGER SUB, LLC, | (which on the Effective Date shall be merged with and into UFC Holdings, LLC, with UFC Holdings, LLC surviving such merger), as a Borrower, | The Lenders Party Hereto, | GOLDMAN SACHS BANK ",false,true,true,false,0,keep,'tax receivable agreement' phrase present in body
data/edgar-query/exhibits/0001766363/0001193125-21-122043_d67085dex1023.htm,201442,"TAX RECEIVABLE AGREEMENT | ENDEAVOR GROUP HOLDINGS, INC., | ENDEAVOR MANAGER, LLC, | ENDEAVOR OPERATING COMPANY, LLC, | the several EXCHANGE TRA PARTIES (as defined herein), | the several REORGANIZATION TRA PARTIES (as defined herein), | REPRESENTATIVE (as defined herein), | SL REPRESENTATIVE (as de",true,false,true,false,6,keep,centered title contains 'tax receivable agreement'
data/edgar-query/exhibits/0001766363/0001193125-21-122043_d67085dex1024.htm,396335,"THIRD AMENDED AND RESTATED | LIMITED LIABILITY COMPANY AGREEMENT | ENDEAVOR OPERATING COMPANY, LLC | Dated as of , 2021",false,true,true,false,0,keep,'tax receivable agreement' phrase present in body
data/edgar-query/exhibits/0001766363/0001193125-21-122043_d67085dex1025.htm,258312,"LIMITED LIABILITY COMPANY AGREEMENT | ENDEAVOR MANAGER, LLC | Dated as of , 2021",false,true,true,false,0,keep,'tax receivable agreement' phrase present in body
data/edgar-query/exhibits/0001766363/0001193125-21-180032_d482927dex105.htm,287081,"TAX RECEIVABLE AGREEMENT | ENDEAVOR GROUP HOLDINGS, INC., | ENDEAVOR MANAGER, LLC, | ENDEAVOR OPERATING COMPANY, LLC, | the several EXCHANGE TRA PARTIES (as defined herein), | the several REORGANIZATION TRA PARTIES (as defined herein), | REPRESENTATIVE (as defined herein), | SL REPRESENTATIVE (as de",true,false,true,false,6,keep,centered title contains 'tax receivable agreement'
data/edgar-query/exhibits/0001766363/0001193125-21-180032_d482927dex106.htm,428627,"THIRD AMENDED AND RESTATED | LIMITED LIABILITY COMPANY AGREEMENT | ENDEAVOR OPERATING COMPANY, LLC | Dated as of April 28, 2021",false,true,true,false,0,keep,'tax receivable agreement' phrase present in body
data/edgar-query/exhibits/0001766363/0001193125-21-180032_d482927dex107.htm,260011,"LIMITED LIABILITY COMPANY AGREEMENT | ENDEAVOR MANAGER, LLC | Dated as of April 28, 2021",false,true,true,false,0,keep,'tax receivable agreement' phrase present in body
data/edgar-query/exhibits/0001766363/0001193125-24-085506_d799790dex101.htm,80532,ROLLOVER AGREEMENT,false,false,true,false,0,keep,'tax receivable agreement' phrase present in body
data/edgar-query/exhibits/0001766363/0001193125-24-085506_d799790dex102.htm,87504,ROLLOVER AGREEMENT,false,false,true,false,0,keep,'tax receivable agreement' phrase present in body
data/edgar-query/exhibits/0001766363/0001193125-25-060947_d897469dex102.htm,64202,AMENDMENT NO. 1 TO TAX RECEIVABLE AGREEMENT,true,false,true,false,1,keep,centered title contains 'tax receivable agreement'
data/edgar-query/exhibits/0001768012/0001104659-21-001022_tm2039558d1_ex10-1.htm,345950,"AMENDED AND RESTATED | LIMITED LIABILITY COMPANY AGREEMENT | LHGN HOLDCO, LLC | DATED AS OF DECEMBER 29, 2020",false,true,true,false,0,keep,'tax receivable agreement' phrase present in body
data/edgar-query/exhibits/0001768012/0001104659-21-001022_tm2039558d1_ex10-2.htm,163471,TAX RECEIVABLE AGREEMENT,true,false,true,false,6,keep,centered title contains 'tax receivable agreement'
data/edgar-query/exhibits/0001769318/0001213900-20-042670_ea131644ex10-3_thunder2.htm,173426,"TAX RECEIVABLE AGREEMENT | THUNDER BRIDGE II SURVIVING PUBCO, INC. AND ITS SUCCESSORS | THE PERSONS NAMED HEREIN | Dated as of [ ], 2020",true,false,true,false,5,keep,centered title contains 'tax receivable agreement'
data/edgar-query/exhibits/0001769318/0001213900-20-042671_ea131644ex10-3_thunder2.htm,173426,"TAX RECEIVABLE AGREEMENT | THUNDER BRIDGE II SURVIVING PUBCO, INC. AND ITS SUCCESSORS | THE PERSONS NAMED HEREIN | Dated as of [ ], 2020",true,false,true,false,5,keep,centered title contains 'tax receivable agreement'
data/edgar-query/exhibits/0001771815/0001193125-21-010222_d82662dex1015.htm,176144,"TAX RECEIVABLE AGREEMENT | PURPOSE BUILT BRANDS, INC., | THE HOLDERS IDENTIFIED HEREIN, | CARLYLE PANAMERA HOLDINGS, L.P. | TA XII-A, L.P. | Dated as of December 31, 2020",true,false,true,false,6,keep,centered title contains 'tax receivable agreement'
data/edgar-query/exhibits/0001772016/0001193125-19-250692_d727525dex101.htm,333643,"MASTER TRANSACTION AGREEMENT | POST HOLDINGS, INC., | BELLRING BRANDS, INC. | BELLRING BRANDS, LLC | Dated as of , 2019",false,false,true,false,0,keep,'tax receivable agreement' phrase present in body
data/edgar-query/exhibits/0001772016/0001193125-19-250692_d727525dex104.htm,276148,"AMENDED AND RESTATED LIMITED LIABILITY COMPANY AGREEMENT | BELLRING BRANDS, LLC | Dated as of , 2019",false,true,true,false,0,keep,'tax receivable agreement' phrase present in body
data/edgar-query/exhibits/0001772016/0001193125-19-250692_d727525dex106.htm,166518,"TAX RECEIVABLE AGREEMENT | BellRing Brands, Inc. | BellRing Brands, LLC | Post Holdings, Inc. | And Future Members of BellRing Brands, LLC | From Time to Time Party Hereto | Dated as of , 2019",true,false,true,false,6,keep,centered title contains 'tax receivable agreement'
data/edgar-query/exhibits/0001772016/0001193125-19-266329_d727525dex101.htm,330496,"MASTER TRANSACTION AGREEMENT | POST HOLDINGS, INC., | BELLRING BRANDS, INC. | BELLRING BRANDS, LLC | Dated as of October 7, 2019",false,false,true,false,0,keep,'tax receivable agreement' phrase present in body
data/edgar-query/exhibits/0001772016/0001193125-19-270862_d812149dex101.htm,268967,"AMENDED AND RESTATED LIMITED LIABILITY COMPANY AGREEMENT | BELLRING BRANDS, LLC | Dated as of October 21, 2019",false,true,true,false,0,keep,'tax receivable agreement' phrase present in body
data/edgar-query/exhibits/0001772016/0001193125-19-270862_d812149dex105.htm,166701,"TAX RECEIVABLE AGREEMENT | BellRing Brands, Inc. | BellRing Brands, LLC | Post Holdings, Inc. | And Future Members of BellRing Brands, LLC | From Time to Time Party Hereto | Dated as of October 21, 2019",true,false,true,false,6,keep,centered title contains 'tax receivable agreement'
data/edgar-query/exhibits/0001772016/0001193125-19-270862_d812149dex109.htm,1032296,"CREDIT AGREEMENT | DATED AS OF OCTOBER 21, 2019 | BELLRING BRANDS, LLC, | AS BORROWER | VARIOUS LENDERS, | CREDIT SUISSE LOAN FUNDING LLC, | BOFA SECURITIES, INC., | MORGAN STANLEY SENIOR FUNDING, INC., | BARCLAYS BANK PLC, | CITIBANK, N.A., | GOLDMAN SACHS BANK USA, | JPMORGAN CHASE BANK, N.A., | A",false,true,true,false,0,keep,'tax receivable agreement' phrase present in body
data/edgar-query/exhibits/0001772016/0001193125-22-072017_d212065dex103.htm,167240,"TAX MATTERS AGREEMENT | BELLRING INTERMEDIATE HOLDINGS, INC., | POST HOLDINGS, INC. | BELLRING BRANDS, INC. | DATED AS OF MARCH 10, 2022 | 1",false,false,true,false,0,keep,'tax receivable agreement' phrase present in body
data/edgar-query/exhibits/0001772016/0001193125-22-072132_d319129dex104.htm,167237,"TAX MATTERS AGREEMENT | BELLRING INTERMEDIATE HOLDINGS, INC., | POST HOLDINGS, INC. | BELLRING BRANDS, INC. | DATED AS OF MARCH 10, 2022 | 1",false,false,true,false,0,keep,'tax receivable agreement' phrase present in body
data/edgar-query/exhibits/0001772016/0001193125-22-072132_d319129dex105.htm,1065882,"CREDIT AGREEMENT | DATED AS OF MARCH 10, 2022 | BELLRING BRANDS, INC., | AS BORROWER | VARIOUS LENDERS, | JPMORGAN CHASE BANK, N.A., | AS ADMINISTRATIVE AGENT | JPMORGAN CHASE BANK, N.A., | BOFA SECURITIES, INC., | BARCLAYS BANK PLC, | CITIBANK, N.A., | CREDIT SUISSE LOAN FUNDING LLC, | GOLDMAN SACH",false,true,true,false,0,keep,'tax receivable agreement' phrase present in body
data/edgar-query/exhibits/0001772757/0001104659-21-102406_tm2124529d3_ex10-1.htm,132693,SUPPORT AND REGISTRATION RIGHTS AGREEMENT,false,true,true,false,0,keep,'tax receivable agreement' phrase present in body
data/edgar-query/exhibits/0001772921/0001140361-19-013231_nt10001138x7_ex10-3.htm,164374,"TAX RECEIVABLE AGREEMENT | ONEWATER MARINE INC., | CERTAIN OTHER PERSONS NAMED HEREIN, | AGENTS | DATED AS OF [●], 2019 | TAX RECEIVABLE AGREEMENT",true,false,true,false,6,keep,centered title contains 'tax receivable agreement'
data/edgar-query/exhibits/0001772921/0001140361-19-013231_nt10001138x7_ex10-4.htm,379694,"FOURTH AMENDED AND RESTATED | LIMITED LIABILITY COMPANY AGREEMENT | ONE WATER MARINE HOLDINGS, LLC | DATED AS OF [●], 2019",false,true,true,false,0,keep,'tax receivable agreement' phrase present in body
data/edgar-query/exhibits/0001772921/0001140361-20-003554_nt10006686x13_ex10-1.htm,174441,"TAX RECEIVABLE AGREEMENT | ONEWATER MARINE INC., | CERTAIN OTHER PERSONS NAMED HEREIN, | AGENTS | DATED AS OF FEBRUARY 11, 2020 | TAX RECEIVABLE AGREEMENT",true,false,true,false,6,keep,centered title contains 'tax receivable agreement'
data/edgar-query/exhibits/0001772921/0001140361-20-003554_nt10006686x13_ex10-2.htm,561065,"FOURTH AMENDED AND RESTATED | LIMITED LIABILITY COMPANY AGREEMENT | ONE WATER MARINE HOLDINGS, LLC | DATED AS OF FEBRUARY 11, 2020",false,true,true,false,0,keep,'tax receivable agreement' phrase present in body
data/edgar-query/exhibits/0001772921/0001140361-20-003554_nt10006686x13_ex10-3.htm,1064500,SPECIFIC TERMS IN THIS EXHIBIT HAVE BEEN REDACTED BECAUSE SUCH TERMS ARE BOTH NOT MATERIAL AND WOULD LIKELY CAUSE COMPETITIVE HARM TO THE COMPANY IF PUBLICLY DISCLOSED. THESE REDACTED TERMS HAVE BEEN MARKED IN THIS EXHIBIT WITH THREE ASTERISKS [***]. | AMENDED AND RESTATED CREDIT AND GUARANTY AGREEM,false,false,true,false,0,keep,'tax receivable agreement' phrase present in body
data/edgar-query/exhibits/0001772921/0001140361-20-003554_nt10006686x13_ex10-4.htm,342398,SPECIFIC TERMS IN THIS EXHIBIT HAVE BEEN REDACTED BECAUSE SUCH TERMS ARE BOTH NOT MATERIAL AND WOULD LIKELY CAUSE COMPETITIVE HARM TO THE COMPANY IF PUBLICLY DISCLOSED. THESE REDACTED TERMS HAVE BEEN MARKED IN THIS EXHIBIT WITH THREE ASTERISKS [***]. | SIXTH AMENDED AND RESTATED INVENTORY FINANCING ,false,false,true,false,0,keep,'tax receivable agreement' phrase present in body
data/edgar-query/exhibits/0001772921/0001140361-20-016620_brhc10013671_ex10-1.htm,1003498,"CREDIT AGREEMENT | dated as of July 22, 2020, | ONE WATER ASSETS & OPERATIONS, LLC, as the Borrower, | ONE WATER MARINE HOLDINGS, LLC, as Holdings and a Guarantor, | ONEWATER MARINE INC., as the Parent and a Guarantor, | THE SUBSIDIARIES OF PARENT IDENTIFIED HEREIN FROM TIME TO TIME, | as the other ",false,true,true,false,0,keep,'tax receivable agreement' phrase present in body
data/edgar-query/exhibits/0001772921/0001140361-20-016620_brhc10013671_ex10-2.htm,43628,FIRST AMENDMENT TO SIXTH AMENDED AND RESTATED | INVENTORY FINANCING AGREEMENT,false,false,true,false,0,keep,'tax receivable agreement' phrase present in body
data/edgar-query/exhibits/0001772921/0001140361-22-000471_brhc10032343_ex10-1.htm,510572,SEVENTH AMENDED AND RESTATED INVENTORY FINANCING AGREEMENT,false,false,true,false,0,keep,'tax receivable agreement' phrase present in body
data/edgar-query/exhibits/0001772921/0001140361-22-028843_brhc10040519_ex10-1.htm,1368008,"AMENDED AND RESTATED CREDIT AGREEMENT | dated as of July 22, 2020, and as amended and restated on August 9, 2022, | ONE WATER ASSETS & OPERATIONS, LLC, as the Borrower, | ONE WATER MARINE HOLDINGS, LLC, as Holdings and a Guarantor, | ONEWATER MARINE INC., as the Parent and a Guarantor, | THE SUBSIDI",false,true,true,false,0,keep,'tax receivable agreement' phrase present in body
data/edgar-query/exhibits/0001772921/0001772921-23-000077_cdf-onewaterx8tharifafinal.htm,639272,EIGHTH AMENDED AND RESTATED INVENTORY FINANCING AGREEMENT,false,false,true,false,0,keep,'tax receivable agreement' phrase present in body
data/edgar-query/exhibits/0001772921/0001772921-25-000077_cdf-onewaterxthirdamendmen.htm,794922,SPECIFIC TERMS IN THIS EXHIBIT HAVE BEEN REDACTED BECAUSE SUCH TERMS ARE BOTH NOT MATERIAL AND ARE THE TYPE THAT THE REGISTRANT TREATS AS PRIVATE OR CONFIDENTIAL. THESE REDACTED TERMS HAVE BEEN MARKED IN THIS EXHIBIT WITH AN ASTERISK [*] | THIRD AMENDMENT TO EIGHTH AMENDED AND RESTATED | INVENTORY F,false,false,true,false,0,keep,'tax receivable agreement' phrase present in body
data/edgar-query/exhibits/0001775625/0001047469-19-005062_a2239587zex-10_2.htm,636390,SDC FINANCIAL LLC | a Delaware Limited Liability Company | SEVENTH AMENDED AND RESTATED LIMITED LIABILITY COMPANY AGREEMENT,false,true,true,false,0,keep,'tax receivable agreement' phrase present in body
data/edgar-query/exhibits/0001775625/0001047469-19-005062_a2239587zex-10_3.htm,160185,TAX RECEIVABLE AGREEMENT,true,false,true,false,7,keep,centered title contains 'tax receivable agreement'
data/edgar-query/exhibits/0001775625/0001104659-19-050419_a19-8964_14ex10d1.htm,732711,SDC FINANCIAL LLC | a Delaware Limited Liability Company | SEVENTH AMENDED AND RESTATED LIMITED LIABILITY COMPANY AGREEMENT,false,true,true,false,0,keep,'tax receivable agreement' phrase present in body
data/edgar-query/exhibits/0001775625/0001104659-19-050419_a19-8964_14ex10d2.htm,297260,TAX RECEIVABLE AGREEMENT,true,false,true,false,7,keep,centered title contains 'tax receivable agreement'
data/edgar-query/exhibits/0001775625/0001775625-23-000099_ex101cluster-revolvingcr.htm,140632,"REVOLVING CREDIT AND SECURITY AGREEMENT This Revolving Credit and Security Agreement (this “Agreement”) is made as of August 4, 2023 by and among SMILEDIRECTCLUB, LLC, a Tennessee limited liability company (“Borrower”), each of the guarantors from time to time party hereto (together, the “Guarantors",false,true,true,false,0,keep,'tax receivable agreement' phrase present in body
data/edgar-query/exhibits/0001776932/0001477932-20-005764_mmen_ex102.htm,420378,"THIRD AMENDED AND RESTATED | LIMITED LIABILITY COMPANY AGREEMENT | MM ENTERPRISES USA, LLC | a Delaware limited-liability company | Dated as of May 28, 2018",false,true,true,false,0,keep,'tax receivable agreement' phrase present in body
data/edgar-query/exhibits/0001776932/0001477932-20-005764_mmen_ex105.htm,88234,SUPPORT AGREEMENT,false,true,true,false,0,keep,'tax receivable agreement' phrase present in body
data/edgar-query/exhibits/0001776932/0001477932-20-005764_mmen_ex106.htm,167225,"TAX RECEIVABLE AGREEMENT | MM CAN USA, INC. | MM ENTERPRISES USA, LLC | THE MEMBERS OF MM ENTERPRISES USA, LLC | FROM TIME TO TIME PARTY HERETO | Dated as of May 28, 2018",true,false,true,false,7,keep,centered title contains 'tax receivable agreement'
data/edgar-query/exhibits/0001776932/0001477932-20-005940_mmen_ex102.htm,420378,"THIRD AMENDED AND RESTATED | LIMITED LIABILITY COMPANY AGREEMENT | MM ENTERPRISES USA, LLC | a Delaware limited-liability company | Dated as of May 28, 2018",false,true,true,false,0,keep,'tax receivable agreement' phrase present in body
data/edgar-query/exhibits/0001776932/0001477932-20-005940_mmen_ex105.htm,88234,SUPPORT AGREEMENT,false,true,true,false,0,keep,'tax receivable agreement' phrase present in body
data/edgar-query/exhibits/0001776932/0001477932-20-005940_mmen_ex106.htm,167225,"TAX RECEIVABLE AGREEMENT | MM CAN USA, INC. | MM ENTERPRISES USA, LLC | THE MEMBERS OF MM ENTERPRISES USA, LLC | FROM TIME TO TIME PARTY HERETO | Dated as of May 28, 2018",true,false,true,false,7,keep,centered title contains 'tax receivable agreement'
data/edgar-query/exhibits/0001777835/0001193125-21-204696_d119701dex102.htm,155709,TAX RECEIVABLE AGREEMENT,true,false,true,false,7,keep,centered title contains 'tax receivable agreement'
data/edgar-query/exhibits/0001777835/0001777835-23-000116_pwp-cadenceamendmentno3t.htm,504138,"Execution Version 2090545.02-NYCSR07A - MSW AMENDMENT AGREEMENT This AMENDMENT AGREEMENT, dated as of June 30, 2023 (this “Amendment”), by and among PERELLA WEINBERG PARTNERS GROUP LP, a Delaware limited partnership (the “Borrower”), each Lender under the Credit Agreement and CADENCE BANK, as admini",false,true,true,false,0,keep,'tax receivable agreement' phrase present in body
data/edgar-query/exhibits/0001779474/0000950103-20-024045_dp142700_ex1002.htm,164832,TAX RECEIVABLE AGREEMENT | [ ] | THE PERSONS NAMED HEREIN | Dated as of [ ],true,false,true,false,6,keep,centered title contains 'tax receivable agreement'
data/edgar-query/exhibits/0001779474/0000950103-20-024046_dp142700_ex1002.htm,164832,TAX RECEIVABLE AGREEMENT | [ ] | THE PERSONS NAMED HEREIN | Dated as of [ ],true,false,true,false,6,keep,centered title contains 'tax receivable agreement'
data/edgar-query/exhibits/0001779474/0000950103-20-024284_dp142915_ex1001.htm,130603,FORM OF EXCHANGE AGREEMENT,false,true,true,false,1,keep,'tax receivable agreement' phrase present in body
data/edgar-query/exhibits/0001779474/0000950103-20-024285_dp142915_ex1001.htm,130603,FORM OF EXCHANGE AGREEMENT,false,true,true,false,1,keep,'tax receivable agreement' phrase present in body
data/edgar-query/exhibits/0001779474/0001140361-21-021785_brhc10025756_ex10-1.htm,101580,EXCHANGE AGREEMENT,false,true,true,false,1,keep,'tax receivable agreement' phrase present in body
data/edgar-query/exhibits/0001779474/0001140361-21-021785_brhc10025756_ex10-2.htm,260564,"TAX RECEIVABLE AGREEMENT | WM TECHNOLOGY, INC. | THE PERSONS NAMED HEREIN | Dated as of June 16, 2021",true,false,true,false,6,keep,centered title contains 'tax receivable agreement'
data/edgar-query/exhibits/0001779474/0001140361-21-021785_brhc10025756_ex10-3.htm,494055,"FOURTH AMENDED AND RESTATED | OPERATING AGREEMENT | WM HOLDING COMPANY, LLC | a Delaware limited liability company | Dated as of June 16, 2021",false,true,true,false,0,keep,'tax receivable agreement' phrase present in body
data/edgar-query/exhibits/0001780312/0000950170-22-010115_asts-ex10_2.htm,108499,CONSULTING AGREEMENT,false,false,true,false,0,keep,'tax receivable agreement' phrase present in body
data/edgar-query/exhibits/0001780312/0000950170-22-010115_asts-ex10_2.pdf,127410,"",false,false,false,false,0,keep,"PDF exhibit; not keyword-scannable, needs manual review"
data/edgar-query/exhibits/0001780312/0001493152-21-008574_ex10-1.htm,242521,STOCKHOLDERS’ AGREEMENT,false,false,true,false,0,keep,'tax receivable agreement' phrase present in body
data/edgar-query/exhibits/0001780312/0001493152-21-008574_ex10-4.htm,333504,"TAX RECEIVABLE AGREEMENT | AST SPACEMOBILE, INC. | AST & SCIENCE, LLC, | THOMAS SEVERSON, as TRA HOLDER REPRESENTATIVE, | the several TRA HOLDERS (as defined herein) | OTHER TRA HOLDERS FROM TIME TO TIME PARTY HERETO | Dated as of April 6, 2021",true,false,true,false,7,keep,centered title contains 'tax receivable agreement'
data/edgar-query/exhibits/0001780312/0001493152-21-008574_ex10-5.htm,475425,"AST & SCIENCE, LLC | A Delaware Limited Liability Company | FIFTH AMENDED AND RESTATED LIMITED LIABILITY COMPANY OPERATING AGREEMENT | Dated as of April 6, 2021",false,true,true,false,2,keep,'tax receivable agreement' phrase present in body
data/edgar-query/exhibits/0001780312/0001493152-24-023007_ex10-1.htm,209248,Amended and restated STOCKHOLDERS’ AGREEMENT,false,false,true,false,0,keep,'tax receivable agreement' phrase present in body
data/edgar-query/exhibits/0001781755/0001193125-19-252351_d220886dex101.htm,351391,"THIRD AMENDED AND RESTATED | LIMITED LIABILITY COMPANY AGREEMENT | BALDWIN RISK PARTNERS, LLC | Dated as of [●], 2019",false,true,true,false,1,keep,'tax receivable agreement' phrase present in body
data/edgar-query/exhibits/0001781755/0001193125-19-252351_d220886dex1015.htm,122815,FIRST AMENDMENT TO LOAN DOCUMENTS | AND CONSENT OF GUARANTORS,false,false,true,false,0,keep,'tax receivable agreement' phrase present in body
data/edgar-query/exhibits/0001781755/0001193125-19-252351_d220886dex103.htm,1236279,REORGANIZATION AGREEMENT,false,false,true,false,0,keep,'tax receivable agreement' phrase present in body
data/edgar-query/exhibits/0001781755/0001193125-19-252351_d220886dex104.htm,206084,"TAX RECEIVABLE AGREEMENT | BRP GROUP, INC., | BALDWIN RISK PARTNERS, LLC, | THE PERSONS NAMED HEREIN | Dated as of [ ● ], 2019",true,false,true,false,7,keep,centered title contains 'tax receivable agreement'
data/edgar-query/exhibits/0001781755/0001193125-19-266232_d220886dex101.htm,366512,"THIRD AMENDED AND RESTATED | LIMITED LIABILITY COMPANY AGREEMENT | BALDWIN RISK PARTNERS, LLC | Dated as of [●], 2019",false,true,true,false,1,keep,'tax receivable agreement' phrase present in body
data/edgar-query/exhibits/0001781755/0001193125-19-266232_d220886dex103.htm,1259409,REORGANIZATION AGREEMENT,false,false,true,false,0,keep,'tax receivable agreement' phrase present in body
data/edgar-query/exhibits/0001781755/0001193125-19-280565_d826170dex101.htm,191559,"TAX RECEIVABLE AGREEMENT | BRP GROUP, INC., | BALDWIN RISK PARTNERS, LLC, | THE PERSONS NAMED HEREIN | Dated as of October 28, 2019",true,false,true,false,7,keep,centered title contains 'tax receivable agreement'
data/edgar-query/exhibits/0001781755/0001781755-20-000022_exhibit-105brpfy2019q4.htm,529296,"THIRD AMENDED AND RESTATED | LIMITED LIABILITY COMPANY AGREEMENT | BALDWIN RISK PARTNERS, LLC | Dated as of October 7, 2019",false,true,true,false,2,keep,'tax receivable agreement' phrase present in body
data/edgar-query/exhibits/0001781755/0001781755-22-000008_exhibit-1011fy2021q4.htm,71892,"Baldwin Risk Partners, LLC | 4211 W. Boy Scout Blvd, Suite 800 | Tampa, FL 33607",false,false,true,false,0,keep,'tax receivable agreement' phrase present in body
data/edgar-query/exhibits/0001783317/0000950170-21-003793_mcfe-ex10_3.htm,72311,[Remainder of page intentionally left blank],false,false,true,false,0,keep,'tax receivable agreement' phrase present in body
data/edgar-query/exhibits/0001783317/0001193125-20-265672_d89887dex1025.htm,59704,-2-,false,false,true,false,0,keep,'tax receivable agreement' phrase present in body
data/edgar-query/exhibits/0001783317/0001193125-20-265672_d89887dex1038.htm,75216,Equity Adjustment Agreement for Senior Executives,false,false,true,false,0,keep,'tax receivable agreement' phrase present in body
data/edgar-query/exhibits/0001783317/0001193125-20-268184_d89887dex1010.htm,194331,"TAX RECEIVABLE AGREEMENT | MCAFEE CORP., | FOUNDATION TECHNOLOGY WORLDWIDE, LLC, | the several EXCHANGE TRA PARTIES (as defined herein), | the several REORGANIZATION TRA PARTIES (as defined herein), | MCAFEE, LLC | MCAFEE FINANCE 2, LLC | the TPG NOMINEE (as defined herein), | the INTEL NOMINEE (as ",true,false,true,false,6,keep,centered title contains 'tax receivable agreement'
data/edgar-query/exhibits/0001783317/0001193125-20-268184_d89887dex1012.htm,127576,"STOCKHOLDERS AGREEMENT | McAFEE CORP. | THE STOCKHOLDERS PARTY HERETO | DATED AS OF [•], 2020",false,true,true,false,0,keep,'tax receivable agreement' phrase present in body
data/edgar-query/exhibits/0001783317/0001193125-20-268184_d89887dex109.htm,386878,"SECOND AMENDED AND RESTATED | LIMITED LIABILITY COMPANY AGREEMENT | FOUNDATION TECHNOLOGY WORLDWIDE LLC | Dated as of [•], 2020",false,true,true,false,2,keep,'tax receivable agreement' phrase present in body
data/edgar-query/exhibits/0001783317/0001193125-20-277068_d74994dex101.htm,398820,"SECOND AMENDED AND RESTATED | LIMITED LIABILITY COMPANY AGREEMENT | FOUNDATION TECHNOLOGY WORLDWIDE LLC | Dated as of October 21, 2020",false,true,true,false,2,keep,'tax receivable agreement' phrase present in body
data/edgar-query/exhibits/0001783317/0001193125-20-277068_d74994dex102.htm,215549,"TAX RECEIVABLE AGREEMENT | MCAFEE CORP., | FOUNDATION TECHNOLOGY WORLDWIDE, LLC, | the several EXCHANGE TRA PARTIES (as defined herein), | the several REORGANIZATION TRA PARTIES (as defined herein), | MCAFEE, LLC | MCAFEE FINANCE 2, LLC | the TPG NOMINEE (as defined herein), | the INTEL NOMINEE (as ",true,false,true,false,6,keep,centered title contains 'tax receivable agreement'
data/edgar-query/exhibits/0001783317/0001193125-20-277068_d74994dex104.htm,140236,"STOCKHOLDERS AGREEMENT | McAFEE CORP. | THE STOCKHOLDERS PARTY HERETO | DATED AS OF October 21, 2020",false,true,true,false,0,keep,'tax receivable agreement' phrase present in body
data/edgar-query/exhibits/0001783398/0001193125-21-014912_d110523dex102.htm,163073,"TAX RECEIVABLE AGREEMENT | SFS Holding Corp. | UWM Holdings Corporation | Dated as of January 21, 2021",true,false,true,false,7,keep,centered title contains 'tax receivable agreement'
data/edgar-query/exhibits/0001783398/0001783398-22-000068_exhibit1021sfs-uwmrevolvin.htm,562069,"REVOLVING CREDIT AGREEMENT | Dated August 8, 2022 | UNITED WHOLESALE MORTGAGE, LLC | as Borrower, | SFS HOLDING CORP. | as Lender",false,true,true,false,0,keep,'tax receivable agreement' phrase present in body
data/edgar-query/exhibits/0001790930/0000950123-19-009882_filename14.htm,183765,"The Registrant has requested confidential treatment of this draft registration statement and associated correspondence | pursuant to Rule 83 of the Securities and Exchange Commission. | TAX RECEIVABLE AGREEMENT | Change Healthcare LLC (f/k/a PF2 Newco LLC), | PF2 IP LLC, | PF2 PST Services, Inc., | ",true,false,true,false,6,keep,centered title contains 'tax receivable agreement'
data/edgar-query/exhibits/0001790930/0000950123-19-009882_filename15.htm,217797,"The Registrant has requested confidential treatment of this draft registration statement and associated correspondence | pursuant to Rule 83 of the Securities and Exchange Commission. | TAX RECEIVABLE AGREEMENT | Change Healthcare, Inc., | HCIT Holdings, Inc., | Change Healthcare LLC, | the other pa",true,false,true,false,6,keep,centered title contains 'tax receivable agreement'
data/edgar-query/exhibits/0001790930/0000950123-19-009882_filename16.htm,159662,"The Registrant has requested confidential treatment of this draft registration statement and associated correspondence | pursuant to Rule 83 of the Securities and Exchange Commission. | AMENDED AND RESTATED | TAX RECEIVABLE AGREEMENT (REORGANZATIONS) | EMDEON INC., | H&F ITR HOLDCO, L.P., | BEAGLE P",true,false,true,false,6,keep,centered title contains 'tax receivable agreement'
data/edgar-query/exhibits/0001790930/0000950123-19-009882_filename17.htm,161837,"The Registrant has requested confidential treatment of this draft registration statement and associated correspondence | pursuant to Rule 83 of the Securities and Exchange Commission. | AMENDED AND RESTATED | TAX RECEIVABLE AGREEMENT (EXCHANGES) | EMDEON INC., | H&F ITR HOLDCO, L.P., | BEAGLE PARENT",true,false,true,false,7,keep,centered title contains 'tax receivable agreement'
data/edgar-query/exhibits/0001790930/0000950123-19-009882_filename18.htm,152037,"The Registrant has requested confidential treatment of this draft registration statement and associated correspondence | pursuant to Rule 83 of the Securities and Exchange Commission. | TAX RECEIVABLE AGREEMENT (MANAGEMENT) | EMDEON INC. | THE PERSONS NAMED HEREIN | Dated as of August 17, 2009",true,false,true,false,7,keep,centered title contains 'tax receivable agreement'
data/edgar-query/exhibits/0001790930/0000950123-19-009882_filename19.htm,19227,The Registrant has requested confidential treatment of this draft registration statement and associated correspondence | pursuant to Rule 83 of the Securities and Exchange Commission. | FIRST AMENDMENT TO | TAX RECEIVABLE AGREEMENT (MANAGEMENT),true,false,true,false,1,keep,centered title contains 'tax receivable agreement'
data/edgar-query/exhibits/0001790930/0000950123-19-009882_filename27.htm,67639,The Registrant has requested confidential treatment of this draft registration statement and associated correspondence | pursuant to Rule 83 of the Securities and Exchange Commission. | AMENDED AND RESTATED | LETTER AGREEMENT | RELATING TO | AGREEMENT OF CONTRIBUTION AND SALE,false,false,true,false,0,keep,'tax receivable agreement' phrase present in body
data/edgar-query/exhibits/0001790930/0001193125-20-023439_d804285dex1012.htm,1352018,"CREDIT AGREEMENT | Dated as of March 1, 2017, | CHANGE HEALTHCARE INTERMEDIATE HOLDINGS, LLC, | as Holdings, | CHANGE HEALTHCARE HOLDINGS, LLC, | as the Parent Borrower, | THE OTHER BORROWERS PARTY HERETO, | THE OTHER GUARANTORS PARTY HERETO FROM TIME TO TIME, | BANK OF AMERICA, N.A., | as Administr",false,true,true,false,0,keep,'tax receivable agreement' phrase present in body
data/edgar-query/exhibits/0001790930/0001193125-20-023439_d804285dex1016.htm,209530,"TAX MATTERS AGREEMENT | McKesson Corporation, | on behalf of itself | and the members | of the Parent Group, | PF2 SpinCo Inc., | on behalf of itself | and the members | of the SpinCo Group, | Change Healthcare Inc., | on behalf of itself | and the members | of the Acquiror Group. | Change Healthcar",false,false,true,false,0,keep,'tax receivable agreement' phrase present in body
data/edgar-query/exhibits/0001790930/0001193125-20-023439_d804285dex1017.htm,60359,AMENDED AND RESTATED | LETTER AGREEMENT | RELATING TO | AGREEMENT OF CONTRIBUTION AND SALE,false,false,true,false,0,keep,'tax receivable agreement' phrase present in body
data/edgar-query/exhibits/0001790930/0001193125-20-023439_d804285dex102.htm,166367,"TAX RECEIVABLE AGREEMENT | Change Healthcare LLC (f/k/a PF2 Newco LLC), | PF2 IP LLC, | PF2 PST Services, Inc., | McKesson Corporation | HCIT Holdings, Inc., | Dated as of March 1, 2017",true,false,true,false,6,keep,centered title contains 'tax receivable agreement'
data/edgar-query/exhibits/0001790930/0001193125-20-023439_d804285dex103.htm,197027,"TAX RECEIVABLE AGREEMENT | Change Healthcare, Inc., | HCIT Holdings, Inc., | Change Healthcare LLC, | the other parties named herein | Dated as of February 28, 2017",true,false,true,false,6,keep,centered title contains 'tax receivable agreement'
data/edgar-query/exhibits/0001790930/0001193125-20-023439_d804285dex104.htm,144512,"AMENDED AND RESTATED | TAX RECEIVABLE AGREEMENT (REORGANZATIONS) | EMDEON INC., | H&F ITR HOLDCO, L.P., | BEAGLE PARENT LLC, | GA-H&F ITR HOLDCO, L.P. | Dated as of November 2, 2011",true,false,true,false,6,keep,centered title contains 'tax receivable agreement'
data/edgar-query/exhibits/0001790930/0001193125-20-023439_d804285dex105.htm,146687,"AMENDED AND RESTATED | TAX RECEIVABLE AGREEMENT (EXCHANGES) | EMDEON INC., | H&F ITR HOLDCO, L.P., | BEAGLE PARENT LLC, | GA-H&F ITR HOLDCO, L.P. | Dated as of November 2, 2011",true,false,true,false,7,keep,centered title contains 'tax receivable agreement'
data/edgar-query/exhibits/0001790930/0001193125-20-023439_d804285dex106.htm,136887,"TAX RECEIVABLE AGREEMENT (MANAGEMENT) | EMDEON INC. | THE PERSONS NAMED HEREIN | Dated as of August 17, 2009",true,false,true,false,7,keep,centered title contains 'tax receivable agreement'
data/edgar-query/exhibits/0001790930/0001193125-20-023439_d804285dex107.htm,16441,FIRST AMENDMENT TO | TAX RECEIVABLE AGREEMENT (MANAGEMENT),true,false,true,false,1,keep,centered title contains 'tax receivable agreement'
data/edgar-query/exhibits/0001793659/0001193125-21-002054_d74872dex101.htm,409577,"AMENDED AND RESTATED | AGREEMENT OF LIMITED PARTNERSHIP | RUSH STREET INTERACTIVE, LP | a Delaware limited partnership | Dated as of December 29, 2020",false,true,true,false,0,keep,'tax receivable agreement' phrase present in body
data/edgar-query/exhibits/0001793659/0001193125-21-002054_d74872dex104.htm,182622,"FORM OF TAX RECEIVABLE AGREEMENT | DMY TECHNOLOGY GROUP, INC., | RSI ASLP, INC. | THE PERSONS NAMED HEREIN | Dated as of December 29, 2020",true,false,true,false,6,keep,centered title contains 'tax receivable agreement'
data/edgar-query/exhibits/0001793659/0001793659-25-000047_amendmentno1totheamendedan.htm,11916,"Amendment No. 1 to the Amended and Restated Agreement of Limited Partnership of Rush Street Interactive, LP",false,true,true,false,0,keep,'tax receivable agreement' phrase present in body
data/edgar-query/exhibits/0001794515/0001628280-20-008317_exhibit101s-1aamendedandre.htm,703313,"ZOOMINFO HOLDINGS LLC | FIFTH AMENDED AND RESTATED LIMITED LIABILITY COMPANY AGREEMENT | Dated as of [ ], 2020",false,true,true,false,0,keep,'tax receivable agreement' phrase present in body
data/edgar-query/exhibits/0001794515/0001628280-20-008317_exhibit1022s-1aemploymenta.htm,153768,ZOOMINFO TECHNOLOGIES INC. | EMPLOYMENT AGREEMENT,false,true,true,false,0,keep,'tax receivable agreement' phrase present in body
data/edgar-query/exhibits/0001794515/0001628280-20-008317_exhibit102amendedandrestat.htm,404420,"ZOOMINFO INTERMEDIATE HOLDINGS LLC | AMENDED AND RESTATED LIMITED LIABILITY COMPANY AGREEMENT | Dated as of [ ], 2020",false,true,true,false,0,keep,'tax receivable agreement' phrase present in body
data/edgar-query/exhibits/0001794515/0001628280-20-008317_exhibit103taxreceivableagr.htm,364796,"TAX RECEIVABLE AGREEMENT (Exchanges) | ZOOMINFO TECHNOLOGIES INC. | THE PERSONS NAMED HEREIN | Dated as of [_], 2020",true,false,true,false,6,keep,centered title contains 'tax receivable agreement'
data/edgar-query/exhibits/0001794515/0001628280-20-008317_exhibit104taxreceivableagr.htm,287071,"TAX RECEIVABLE AGREEMENT (Reorganization) | ZOOMINFO TECHNOLOGIES INC. | THE PERSONS NAMED HEREIN | Dated as of [_], 2020",true,false,true,false,5,keep,centered title contains 'tax receivable agreement'
data/edgar-query/exhibits/0001794515/0001628280-20-009137_exhibit101-closing8xkxopco.htm,677212,"ZOOMINFO HOLDINGS LLC | FIFTH AMENDED AND RESTATED LIMITED LIABILITY COMPANY AGREEMENT | Dated as of June 3, 2020",false,true,true,false,0,keep,'tax receivable agreement' phrase present in body
data/edgar-query/exhibits/0001794515/0001628280-20-009137_exhibit102-closing8xkxhold.htm,406311,"ZOOMINFO INTERMEDIATE HOLDINGS LLC | AMENDED AND RESTATED LIMITED LIABILITY COMPANY AGREEMENT | Dated as of June 3, 2020",false,true,true,false,0,keep,'tax receivable agreement' phrase present in body
data/edgar-query/exhibits/0001794515/0001628280-20-009137_exhibit103-closing8xkxexch.htm,560175,"TAX RECEIVABLE AGREEMENT (Exchanges) | ZOOMINFO TECHNOLOGIES INC. | THE PERSONS NAMED HEREIN | Dated as of June 3, 2020",true,false,true,false,6,keep,centered title contains 'tax receivable agreement'
data/edgar-query/exhibits/0001794515/0001628280-20-009137_exhibit104-closing8xkxreor.htm,289349,"TAX RECEIVABLE AGREEMENT (Reorganization) between ZOOMINFO TECHNOLOGIES INC. | THE PERSONS NAMED HEREIN | Dated as of June 3, 2020",true,false,true,false,5,keep,centered title contains 'tax receivable agreement'
data/edgar-query/exhibits/0001794515/0001628280-20-009137_exhibit109-closing8xkxform.htm,152503,ZOOMINFO TECHNOLOGIES INC. | EMPLOYMENT AGREEMENT,false,true,true,false,0,keep,'tax receivable agreement' phrase present in body
data/edgar-query/exhibits/0001794515/0001794515-21-000307_a101exchangetraamendment.htm,59561,"AMENDMENT NO. 2 TO THE TAX RECEIVABLE AGREEMENT (EXCHANGES) | October 29, 2021",true,false,true,false,1,keep,centered title contains 'tax receivable agreement'
data/edgar-query/exhibits/0001794515/0001794515-21-000307_a102reorganizationtraamend.htm,52209,"AMENDMENT NO. 2 TO THE TAX RECEIVABLE AGREEMENT (REORGANIZATION) | October 29, 2021",true,false,true,false,0,keep,centered title contains 'tax receivable agreement'
data/edgar-query/exhibits/0001794515/0001794515-21-000318_zi-ex102x20211101.htm,58308,"AMENDMENT NO. 1 TO THE TAX RECEIVABLE AGREEMENT (REORGANIZATION) | August 20, 2021",true,false,true,false,0,keep,centered title contains 'tax receivable agreement'
data/edgar-query/exhibits/0001794515/0001794515-21-000318_zi-ex103x20211101.htm,51733,"AMENDMENT NO. 1 TO THE TAX RECEIVABLE AGREEMENT (EXCHANGES) | August 20, 2021",true,false,true,false,1,keep,centered title contains 'tax receivable agreement'
data/edgar-query/exhibits/0001794515/0001794515-22-000015_zi-ex101x0220224.htm,410780,"ZOOMINFO HOLDINGS LLC | SIXTH AMENDED AND RESTATED LIMITED LIABILITY COMPANY AGREEMENT | Dated as of October 29, 2021",false,true,true,false,0,keep,'tax receivable agreement' phrase present in body
data/edgar-query/exhibits/0001794669/0001193125-20-156458_d829549dex101.htm,195268,"TAX RECEIVABLE AGREEMENT | SHIFT4 PAYMENTS, INC. | SHIFT4 PAYMENTS, LLC | the several TRA HOLDERS (as defined herein) | OTHER TRA HOLDERS | FROM TIME TO TIME PARTY HERETO | Dated as of [•], 2020",true,false,true,false,5,keep,centered title contains 'tax receivable agreement'
data/edgar-query/exhibits/0001794669/0001193125-20-156458_d829549dex102.htm,376207,"SHIFT4 PAYMENTS, LLC | SIXTH AMENDED AND RESTATED | LIMITED LIABILITY COMPANY AGREEMENT | Dated as of [ • ], 2020",false,true,true,false,0,keep,'tax receivable agreement' phrase present in body
data/edgar-query/exhibits/0001794669/0001193125-26-043740_d39143dex101.htm,55220,AGREEMENT,false,false,true,false,0,keep,'tax receivable agreement' phrase present in body
data/edgar-query/exhibits/0001794669/0001564590-20-039460_four-ex101_229.htm,330109,"TAX RECEIVABLE AGREEMENT | SHIFT4 PAYMENTS, INC. | SHIFT4 PAYMENTS, LLC | the several TRA HOLDERS (as defined herein) | OTHER TRA HOLDERS FROM TIME TO TIME PARTY HERETO | Dated as of June 4, 2020",true,false,true,false,6,keep,centered title contains 'tax receivable agreement'
data/edgar-query/exhibits/0001794669/0001564590-20-039460_four-ex102_473.htm,548649,"SHIFT4 PAYMENTS, LLC | SIXTH AMENDED AND RESTATED LIMITED LIABILITY COMPANY AGREEMENT | Dated as of June 4, 2020",false,true,true,false,0,keep,'tax receivable agreement' phrase present in body
data/edgar-query/exhibits/0001794669/0001794669-25-000027_fourq22025form10-qex102.htm,667287,"SHIFT4 PAYMENTS, LLC | SEVENTH AMENDED AND RESTATED LIMITED LIABILITY COMPANY AGREEMENT | Dated as of June 30, 2025",false,true,true,false,0,keep,'tax receivable agreement' phrase present in body
data/edgar-query/exhibits/0001796022/0001193125-20-228520_d828990dex102.htm,148628,"FORM OF TAX RECEIVABLE AGREEMENT (EXCHANGES) | [ ], 2020",true,false,true,false,7,keep,centered title contains 'tax receivable agreement'
data/edgar-query/exhibits/0001796022/0001193125-20-228520_d828990dex103.htm,155593,"FORM OF TAX RECEIVABLE AGREEMENT (REORGANIZATIONS) | [ ], 2020",true,false,true,false,6,keep,centered title contains 'tax receivable agreement'
data/edgar-query/exhibits/0001796022/0001193125-20-228520_d828990dex104.htm,118427,FORM OF EXCHANGE AGREEMENT,false,true,true,false,0,keep,'tax receivable agreement' phrase present in body
data/edgar-query/exhibits/0001796022/0001193125-20-237321_d828990dex101.htm,328552,"F ORM OF E IGHTH A MENDED A ND R ESTATED | L IMITED P ARTNERSHIP A GREEMENT | S TEP S TONE G ROUP LP | Dated as of [ ], 2020",false,false,true,false,2,keep,'tax receivable agreement' phrase present in body
data/edgar-query/exhibits/0001796022/0001193125-20-248881_d23934dex101.htm,308202,"E IGHTH A MENDED A ND R ESTATED | L IMITED P ARTNERSHIP A GREEMENT | S TEP S TONE G ROUP LP | Dated as of September 18, 2020",false,false,true,false,2,keep,'tax receivable agreement' phrase present in body
data/edgar-query/exhibits/0001796022/0001193125-20-248881_d23934dex102.htm,152730,"TAX RECEIVABLE AGREEMENT (EXCHANGES) | September 18, 2020",true,false,true,false,7,keep,centered title contains 'tax receivable agreement'
data/edgar-query/exhibits/0001796022/0001193125-20-248881_d23934dex103.htm,164044,"TAX RECEIVABLE AGREEMENT (REORGANIZATIONS) | September 18, 2020",true,false,true,false,6,keep,centered title contains 'tax receivable agreement'
data/edgar-query/exhibits/0001796022/0001193125-20-248881_d23934dex104.htm,117674,EXCHANGE AGREEMENT,false,true,true,false,0,keep,'tax receivable agreement' phrase present in body
data/edgar-query/exhibits/0001796022/0001193125-21-277301_d173286dex103.htm,309523,"N INTH A MENDED A ND R ESTATED | L IMITED P ARTNERSHIP A GREEMENT | STEPSTONE GROUP LP | Dated as of September 20, 2021",false,false,true,false,2,keep,'tax receivable agreement' phrase present in body
data/edgar-query/exhibits/0001796022/0001193125-21-277301_d173286dex105.htm,108351,CLASS C EXCHANGE AGREEMENT,false,true,true,false,0,keep,'tax receivable agreement' phrase present in body
data/edgar-query/exhibits/0001796022/0001193125-22-276867_d383780dex101.htm,114436,OPTION AGREEMENT,false,false,true,false,0,keep,'tax receivable agreement' phrase present in body
data/edgar-query/exhibits/0001796022/0001193125-24-151736_d810694dex101.htm,320030,"T ENTH A MENDED A ND R ESTATED | L IMITED P ARTNERSHIP A GREEMENT | STEPSTONE GROUP LP | Dated as of May 31, 2024",false,false,true,false,2,keep,'tax receivable agreement' phrase present in body
data/edgar-query/exhibits/0001796022/0001193125-24-151736_d810694dex103.htm,119374,CLASS D EXCHANGE AGREEMENT,false,true,true,false,1,keep,'tax receivable agreement' phrase present in body
data/edgar-query/exhibits/0001800347/0000950170-23-016294_etwo-ex10_15.htm,104693,"E2open Parent Holdings, inc. Performance-Based Restricted Stock Unit Notice (2021 omnibus INCENTIVE PLAN)",false,true,true,false,0,keep,'tax receivable agreement' phrase present in body
data/edgar-query/exhibits/0001800347/0000950170-23-016294_etwo-ex10_19.htm,45458,"Copyright © 2021. E2open, LLC All rights reserved. CONFIDENTIAL",false,false,true,false,0,keep,'tax receivable agreement' phrase present in body
data/edgar-query/exhibits/0001800347/0000950170-23-052617_etwo-ex10_1.htm,119363,Release and Non-Competition Agreement,false,false,true,false,0,keep,'tax receivable agreement' phrase present in body
data/edgar-query/exhibits/0001800347/0000950170-24-049948_etwo-ex10_16.htm,95857,"E2open Parent Holdings, inc. Performance-Based Restricted Stock Unit Notice (2021 omnibus INCENTIVE PLAN)",false,true,true,false,0,keep,'tax receivable agreement' phrase present in body
data/edgar-query/exhibits/0001800347/0000950170-24-049948_etwo-ex10_27.htm,32323,"Copyright © 2021. E2open, LLC All rights reserved. CONFIDENTIAL",false,false,true,false,0,keep,'tax receivable agreement' phrase present in body
data/edgar-query/exhibits/0001800347/0001104659-21-019902_tm215568d1_ex10-1.htm,508638,"THIRD AMENDED AND RESTATED | LIMITED LIABILITY COMPANY AGREEMENT | E2OPEN HOLDINGS, LLC | DATED AS OF FEBRUARY 4, 2021",false,true,true,false,0,keep,'tax receivable agreement' phrase present in body
data/edgar-query/exhibits/0001800347/0001104659-21-019902_tm215568d1_ex10-2.htm,277561,"TAX RECEIVABLE AGREEMENT | E2OPEN PARENT HOLDINGS, INC. | THE PERSONS NAMED HEREIN | Dated as of February 4, 2021",true,false,true,false,7,keep,centered title contains 'tax receivable agreement'
data/edgar-query/exhibits/0001800347/0001193125-25-126316_d924933dex101.htm,80956,TAX RECEIVABLE AGREEMENT AMENDMENT NO. 1,true,false,true,false,1,keep,centered title contains 'tax receivable agreement'
data/edgar-query/exhibits/0001800682/0001193125-21-105250_d107336dex109.htm,2557784,"CREDIT AGREEMENT | dated as of November 23, 2020, | CANO HEALTH, LLC, | as the Borrower, | PRIMARY CARE (ITC) INTERMEDIATE HOLDINGS, LLC, | as Holdings, | THE LENDERS PARTY HERETO | CREDIT SUISSE AG, CAYMAN ISLANDS BRANCH, | as Administrative Agent, | CREDIT SUISSE LOAN FUNDING LLC, | as Sole Lead A",false,true,true,false,0,keep,'tax receivable agreement' phrase present in body
data/edgar-query/exhibits/0001800682/0001193125-21-200638_d362319dex103.htm,249544,"TAX RECEIVABLE AGREEMENT | CANO HEALTH, INC. | THE PERSONS NAMED HEREIN | Dated as of June 3, 2021",true,false,true,false,6,keep,centered title contains 'tax receivable agreement'
data/edgar-query/exhibits/0001800682/0001193125-21-247992_d79672dex1015.htm,1013871,"BRIDGE LOAN AGREEMENT | dated as of July 2, 2021, | CANO HEALTH, LLC, | as the Borrower, | PRIMARY CARE (ITC) INTERMEDIATE HOLDINGS, LLC, | as Holdings, | THE LENDERS PARTY HERETO | CREDIT SUISSE AG, CAYMAN ISLANDS BRANCH, | as Administrative Agent, | CREDIT SUISSE LOAN FUNDING LLC, | as Sole Lead A",false,false,true,false,0,keep,'tax receivable agreement' phrase present in body
data/edgar-query/exhibits/0001800682/0001193125-23-050862_d456543dex101.htm,1057455,"CREDIT AGREEMENT | dated as of February 24, 2023, | CANO HEALTH, LLC, | as the Borrower, | PRIMARY CARE (ITC) INTERMEDIATE HOLDINGS, LLC, | as Holdings, | THE LENDERS PARTY HERETO | JPMORGAN CHASE BANK, N.A., | as Administrative Agent, | JPMORGAN CHASE BANK, N.A., | as Sole Lead Arranger and Sole Bo",false,true,true,false,0,keep,'tax receivable agreement' phrase present in body
data/edgar-query/exhibits/0001800682/0001193125-23-209473_d520305dex101.htm,1266935,FIRST AMENDMENT TO CREDIT AGREEMENT,false,true,true,false,0,keep,'tax receivable agreement' phrase present in body
data/edgar-query/exhibits/0001800682/0001193125-24-023512_d733561dex101.htm,274324,RESTRUCTURING SUPPORT AGREEMENT,false,true,true,false,0,keep,'tax receivable agreement' phrase present in body
data/edgar-query/exhibits/0001800682/0001193125-24-026829_d718831dex101.htm,841326,"SENIOR SECURED SUPERPRIORITY DEBTOR-IN-POSSESSION CREDIT AGREEMENT | dated as of February 7, 2024, | CANO HEALTH, LLC, a Debtor and a Debtor-in-Possession under Chapter 11 of the Bankruptcy Code, | as the Borrower, | PRIMARY CARE (ITC) INTERMEDIATE HOLDINGS, LLC, a Debtor and a Debtor-in-Possession ",false,true,true,false,0,keep,'tax receivable agreement' phrase present in body
data/edgar-query/exhibits/0001802156/0000950123-21-004653_filename2.htm,927740,SECOND AMENDMENT TO | FINANCING AGREEMENT,false,false,true,false,0,keep,'tax receivable agreement' phrase present in body
data/edgar-query/exhibits/0001802156/0000950123-21-007521_filename3.htm,1208413,"FINANCING AGREEMENT | Dated as of February 28, 2020 | XPONENTIAL INTERMEDIATE HOLDINGS, LLC, | as Parent, | XPONENTIAL FITNESS LLC | AND EACH OTHER SUBSIDIARY OF PARENT | LISTED AS A BORROWER ON THE SIGNATURE PAGES HERETO, | as Borrowers, | PARENT AND EACH OTHER SUBSIDIARY OF PARENT LISTED AS A | GU",false,false,true,false,0,keep,'tax receivable agreement' phrase present in body
data/edgar-query/exhibits/0001802156/0000950170-25-039541_xpof-ex10_31.htm,37111,JOINDER AGREEMENT,false,false,true,false,0,keep,'tax receivable agreement' phrase present in body
data/edgar-query/exhibits/0001802156/0000950170-25-101565_xpof-ex10.htm,51789,ASSIGNMENT AND ASSUMPTION AGREEMENT,false,false,true,false,2,keep,'tax receivable agreement' phrase present in body
data/edgar-query/exhibits/0001802156/0001193125-21-200626_d753938dex105.htm,1208439,"FINANCING AGREEMENT | Dated as of February 28, 2020 | XPONENTIAL INTERMEDIATE HOLDINGS, LLC, | as Parent, | XPONENTIAL FITNESS LLC | AND EACH OTHER SUBSIDIARY OF PARENT | LISTED AS A BORROWER ON THE SIGNATURE PAGES HERETO, | as Borrowers, | PARENT AND EACH OTHER SUBSIDIARY OF PARENT LISTED AS A | GU",false,false,true,false,0,keep,'tax receivable agreement' phrase present in body
data/edgar-query/exhibits/0001802156/0001193125-21-200626_d753938dex107.htm,967971,SECOND AMENDMENT TO FINANCING AGREEMENT,false,false,true,false,0,keep,'tax receivable agreement' phrase present in body
data/edgar-query/exhibits/0001802156/0001193125-21-200626_d753938dex108.htm,1240252,"FINANCING AGREEMENT | Dated as of April 19, 2021 | XPONENTIAL INTERMEDIATE HOLDINGS, LLC, | as Parent, | XPONENTIAL FITNESS LLC | AND EACH OTHER SUBSIDIARY OF PARENT | LISTED AS A BORROWER ON THE SIGNATURE PAGES HERETO, | as Borrowers, | PARENT AND EACH OTHER SUBSIDIARY OF PARENT LISTED AS A | GUARA",false,false,true,false,0,keep,'tax receivable agreement' phrase present in body
data/edgar-query/exhibits/0001802156/0001193125-21-203392_d753938dex1012.htm,376360,"SECOND AMENDED AND RESTATED | LIMITED LIABILITY COMPANY | OPERATING AGREEMENT | XPONENTIAL INTERMEDIATE HOLDINGS LLC | (a Delaware limited liability company) | [______], 2021",false,true,true,false,0,keep,'tax receivable agreement' phrase present in body
data/edgar-query/exhibits/0001802156/0001193125-21-203392_d753938dex1013.htm,147094,"TAX RECEIVABLE AGREEMENT | XPONENTIAL FITNESS, INC., | XPONENTIAL INTERMEDIATE HOLDINGS, LLC, | THE PERSONS NAMED HEREIN | Dated as of [ ], 2021",true,false,true,false,6,keep,centered title contains 'tax receivable agreement'
data/edgar-query/exhibits/0001802156/0001193125-21-216585_d753938dex1013.htm,152280,"TAX RECEIVABLE AGREEMENT | XPONENTIAL FITNESS, INC., | XPONENTIAL INTERM EDIATE HOLDINGS, LLC, | THE PERSONS NAMED HEREIN | Dated as of [•], 2021",true,false,true,false,6,keep,centered title contains 'tax receivable agreement'
data/edgar-query/exhibits/0001802156/0001193125-21-216585_d753938dex1014.htm,38875,REORGANIZATION AGREEMENT,false,false,true,false,0,keep,'tax receivable agreement' phrase present in body
data/edgar-query/exhibits/0001802156/0001802156-26-000016_xpof-ex10_28.htm,42478,JOINDER AGREEMENT,false,false,true,false,0,keep,'tax receivable agreement' phrase present in body
data/edgar-query/exhibits/0001802450/0001193125-22-162422_d535105dex102.htm,370759,"FIRST AMENDED AND RESTATED | LIMITED LIABILITY COMPANY AGREEMENT | LIONHEART II HOLDINGS, LLC | a Delaware limited liability company | Dated as of May 23, 2022",false,true,true,false,1,keep,'tax receivable agreement' phrase present in body
data/edgar-query/exhibits/0001802450/0001193125-22-162422_d535105dex104.htm,205505,"TAX RECEIVABLE AGREEMENT | Lionheart II Holdings, LLC, | Lionheart Acquisition Corporation II, | THE PERSONS NAMED HEREIN | Dated as of May 23, 2022",true,false,true,false,6,keep,centered title contains 'tax receivable agreement'
data/edgar-query/exhibits/0001804745/0001193125-20-324705_d894111dex1014.htm,152633,"TAX RECEIVABLE AGREEMENT | Driven Brands Holdings Inc., | the TRA Parties | TRA Party Representative | Dated as of [•], 2021",true,false,true,false,5,keep,centered title contains 'tax receivable agreement'
data/edgar-query/exhibits/0001804745/0001193125-21-003790_d894111dex1025.htm,65030,DRIVEN BRANDS HOLDINGS INC. | 2021 OMNIBUS INCENTIVE PLAN | NONQUALIFIED OPTION AWARD AGREEMENT,false,true,true,false,0,keep,'tax receivable agreement' phrase present in body
data/edgar-query/exhibits/0001804745/0001193125-21-003790_d894111dex1028.htm,57465,DRIVEN BRANDS HOLDINGS INC. | RESTRICTED STOCK AWARD AGREEMENT,false,false,true,false,0,keep,'tax receivable agreement' phrase present in body
data/edgar-query/exhibits/0001804745/0001193125-21-013664_d53072dex101.htm,222679,"TAX RECEIVABLE AGREEMENT | Driven Brands Holdings Inc., | the TRA Parties | TRA Party Representative | Dated as of January 16, 2021",true,false,true,false,5,keep,centered title contains 'tax receivable agreement'
data/edgar-query/exhibits/0001805284/0000912057-20-000185_filename31.htm,141545,EXCHANGE AGREEMENT,false,true,true,false,0,keep,'tax receivable agreement' phrase present in body
data/edgar-query/exhibits/0001805284/0000912057-20-000185_filename5.htm,240962,"TAX RECEIVABLE AGREEMENT | ROCKET COMPANIES, INC., | ROCK HOLDINGS INC. | Dated as of [ ], 2020",true,false,true,false,7,keep,centered title contains 'tax receivable agreement'
data/edgar-query/exhibits/0001805284/0000912057-20-000185_filename6.htm,400622,"SECOND AMENDED AND RESTATED | LIMITED LIABILITY COMPANY AGREEMENT | RKT HOLDINGS, LLC | Dated as of [ · ], 2020",false,true,true,false,1,keep,'tax receivable agreement' phrase present in body
data/edgar-query/exhibits/0001805284/0000950142-25-001738_eh250644991_ex1001.htm,12345,AMENDMENT NO. 1 TO TAX RECEIVABLE AGREEMENT,true,false,true,false,0,keep,centered title contains 'tax receivable agreement'
data/edgar-query/exhibits/0001805284/0000950142-25-001738_eh250644991_ex1002.htm,10464,Joinder,false,false,true,false,0,keep,'tax receivable agreement' phrase present in body
data/edgar-query/exhibits/0001805284/0000950142-25-001738_eh250644991_ex1003.htm,83070,INDEMNITY AGREEMENT,false,false,true,false,0,keep,'tax receivable agreement' phrase present in body
data/edgar-query/exhibits/0001805284/0000950142-25-001738_eh250644991_ex1004.htm,267927,"AMENDED AND RESTATED | LIMITED PARTNERSHIP AGREEMENT | ROCKET LIMITED PARTNERSHIP | Dated as of June 30, 2025",false,true,true,false,1,keep,'tax receivable agreement' phrase present in body
data/edgar-query/exhibits/0001805284/0001047469-20-004008_a2241988zex-10_2.htm,255152,"TAX RECEIVABLE AGREEMENT | ROCKET COMPANIES, INC., | DANIEL GILBERT | ROCK HOLDINGS INC. | Dated as of [ ], 2020",true,false,true,false,7,keep,centered title contains 'tax receivable agreement'
data/edgar-query/exhibits/0001805284/0001047469-20-004008_a2241988zex-10_36.htm,141584,EXCHANGE AGREEMENT,false,true,true,false,0,keep,'tax receivable agreement' phrase present in body
data/edgar-query/exhibits/0001805284/0001047469-20-004008_a2241988zex-10_5.htm,404252,"SECOND AMENDED AND RESTATED | OPERATING AGREEMENT | RKT HOLDINGS, LLC | Dated as of [ · ], 2020",false,true,true,false,1,keep,'tax receivable agreement' phrase present in body
data/edgar-query/exhibits/0001805284/0001047469-20-004131_a2242056zex-10_36.htm,149639,EXCHANGE AGREEMENT,false,true,true,false,0,keep,'tax receivable agreement' phrase present in body
data/edgar-query/exhibits/0001805284/0001047469-20-004269_a2242102zex-10_2.htm,255302,"TAX RECEIVABLE AGREEMENT | ROCKET COMPANIES, INC., | DANIEL GILBERT | ROCK HOLDINGS INC. | Dated as of [ ], 2020",true,false,true,false,7,keep,centered title contains 'tax receivable agreement'
data/edgar-query/exhibits/0001805284/0001047469-20-004269_a2242102zex-10_35.htm,149539,EXCHANGE AGREEMENT,false,true,true,false,0,keep,'tax receivable agreement' phrase present in body
data/edgar-query/exhibits/0001805284/0001047469-20-004269_a2242102zex-10_5.htm,404656,"SECOND AMENDED AND RESTATED | OPERATING AGREEMENT | RKT HOLDINGS, LLC | Dated as of [ · ], 2020",false,true,true,false,1,keep,'tax receivable agreement' phrase present in body
data/edgar-query/exhibits/0001805284/0001805284-20-000032_a102-destinyxtaxreceiv.htm,269118,"TAX RECEIVABLE AGREEMENT | ROCKET COMPANIES, INC., | DANIEL GILBERT | ROCK HOLDINGS INC. | ______________________ | Dated as of August 5, 2020 | ______________________",true,false,true,false,7,keep,centered title contains 'tax receivable agreement'
data/edgar-query/exhibits/0001805284/0001805284-20-000032_a103-destinyxrktholdin.htm,472245,"SECOND AMENDED AND RESTATED | OPERATING AGREEMENT | RKT HOLDINGS, LLC | Dated as of August 5, 2020",false,true,true,false,0,keep,'tax receivable agreement' phrase present in body
data/edgar-query/exhibits/0001805284/0001805284-20-000032_a105-exchangeagreement.htm,156158,EXCHANGE AGREEMENT,false,true,true,false,0,keep,'tax receivable agreement' phrase present in body
data/edgar-query/exhibits/0001805284/0001805284-24-000137_exhibit107rocketllcthirdar.htm,417800,"THIRD AMENDED AND RESTATED OPERATING AGREEMENT of ROCKET, LLC Dated as of June 15, 2024",false,true,true,false,1,keep,'tax receivable agreement' phrase present in body
data/edgar-query/exhibits/0001805651/0001628280-21-014543_super8-kxexhibit102.htm,343657,"TAX RECEIVABLE AGREEMENT | MARKETWISE, INC. | MARKETWISE, LLC | THE MEMBERS OF MARKETWISE, LLC | FROM TIME TO TIME PARTY HERETO | Dated as July 21, 2021",true,false,true,false,7,keep,centered title contains 'tax receivable agreement'
data/edgar-query/exhibits/0001805651/0001628280-21-014543_super8-kxexhibit103.htm,719655,"MARKETWISE, LLC | THIRD AMENDED AND RESTATED LIMITED LIABILITY COMPANY AGREEMENT | Dated as of July 21, 2021",false,true,true,false,0,keep,'tax receivable agreement' phrase present in body
data/edgar-query/exhibits/0001805651/0001805651-26-000038_exhibit101-arnoldsettlemen.htm,51980,SETTLEMENT AGREEMENT,false,false,true,false,1,keep,'tax receivable agreement' phrase present in body
data/edgar-query/exhibits/0001805833/0001193125-22-025942_d222372dex103.htm,184979,"TAX RECEIVABLE AGREEMENT | SYSTEM1, INC., | S1 HOLDCO, LLC, | MICHAEL BLEND, as TRA HOLDER REPRESENTATIVE, | the several TRA HOLDERS (as defined herein) | OTHER TRA HOLDERS | FROM TIME TO TIME PARTY HERETO | Dated as of January 27, 2022",true,false,true,false,7,keep,centered title contains 'tax receivable agreement'
data/edgar-query/exhibits/0001805833/0001805833-22-000020_exhibit10-1to8xk_sixtham.htm,179998,"",false,false,true,false,2,keep,'tax receivable agreement' phrase present in body
data/edgar-query/exhibits/0001806201/0001193125-20-119455_d921991dex108.htm,962151,"CREDIT AGREEMENT | dated as of March 11, 2020, | OPEN LENDING, LLC, | as the Borrower, | THE OTHER GUARANTORS PARTY HERETO FROM TIME TO TIME, | UBS AG, STAMFORD BRANCH, | as Administrative Agent and Collateral Agent, | UBS SECURITIES LLC, | as Syndication Agent and Lead Arranger, | THE LENDERS PARTY",false,true,true,false,0,keep,'tax receivable agreement' phrase present in body
data/edgar-query/exhibits/0001806201/0001193125-20-141686_d921991dex109.htm,962178,"CREDIT AGREEMENT | dated as of March 11, 2020, | OPEN LENDING, LLC, | as the Borrower, | THE OTHER GUARANTORS PARTY HERETO FROM TIME TO TIME, | UBS AG, STAMFORD BRANCH, | as Administrative Agent and Collateral Agent, | UBS SECURITIES LLC, | as Syndication Agent and Lead Arranger, | THE LENDERS PARTY",false,true,true,false,0,keep,'tax receivable agreement' phrase present in body
data/edgar-query/exhibits/0001806201/0001193125-20-169633_d941403dex107.htm,944169,"TAX RECEIVABLE AGREEMENT | NEBULA ACQUISITION CORP., | BRP HOLD 11, INC., | THE BLOCKER HOLDER NAMED HEREIN, | NEBULA PARENT CORP., | OPEN LENDING, LLC | THE UNDERSIGNED BENEFICIARIES, | Dated as of June 10, 2020",true,false,true,false,6,keep,centered title contains 'tax receivable agreement'
data/edgar-query/exhibits/0001806201/0001193125-21-092900_d140091dex101.htm,1039924,"CREDIT AGREEMENT | dated as of March 19, 2021 | OPEN LENDING CORPORATION, | as Borrower, | THE LENDERS AND ISSUING BANKS PARTY HERETO, | WELLS FARGO BANK, N.A., | as Administrative Agent, | WELLS FARGO SECURITIES, LLC, | as the Lead Arranger | WELLS FARGO SECURITIES, LLC | B OF A SECURITIES, INC., |",false,true,true,false,0,keep,'tax receivable agreement' phrase present in body
data/edgar-query/exhibits/0001806201/0001193125-21-113175_d133759dex101.htm,246884,AMENDMENT NO 1. TO TAX RECEIVABLE AGREEMENT,true,false,true,false,1,keep,centered title contains 'tax receivable agreement'
data/edgar-query/exhibits/0001806201/0001193125-22-245609_d356460dex101.htm,1243364,FIRST AMENDMENT TO CREDIT AGREEMENT,false,true,true,false,0,keep,'tax receivable agreement' phrase present in body
data/edgar-query/exhibits/0001808220/0001193125-20-187065_d797183dex101.htm,206787,"TAX RECEIVABLE AGREEMENT | GOHEALTH, INC. | GOHEALTH HOLDINGS, LLC | THE SEVERAL TRA HOLDERS (AS DEFINED HEREIN) | FROM TIME TO TIME PARTY HERETO | Dated as of July [ 🌑 ], 2020",true,false,true,false,6,keep,centered title contains 'tax receivable agreement'
data/edgar-query/exhibits/0001808220/0001193125-20-189225_d797183dex102.htm,385383,"GOHEALTH HOLDINGS, LLC | SECOND AMENDED AND RESTATED | LIMITED LIABILITY COMPANY AGREEMENT | Dated as of July [●], 2020",false,true,true,false,0,keep,'tax receivable agreement' phrase present in body
data/edgar-query/exhibits/0001808220/0001193125-20-194605_d924307dex101.htm,209891,"TAX RECEIVABLE AGREEMENT | GOHEALTH, INC. | GOHEALTH HOLDINGS, LLC | THE SEVERAL TRA HOLDERS (AS DEFINED HEREIN) | FROM TIME TO TIME PARTY HERETO | Dated as of July 15, 2020",true,false,true,false,6,keep,centered title contains 'tax receivable agreement'
data/edgar-query/exhibits/0001808220/0001193125-20-194605_d924307dex103.htm,414651,"GOHEALTH HOLDINGS, LLC | SECOND AMENDED AND RESTATED | LIMITED LIABILITY COMPANY AGREEMENT | Dated as of July 15, 2020",false,true,true,false,0,keep,'tax receivable agreement' phrase present in body
data/edgar-query/exhibits/0001809104/0001193125-21-212035_d370626dex101.htm,428117,"SECOND AMENDED AND RESTATED | LIMITED LIABILITY COMPANY AGREEMENT | ALIGHT HOLDING COMPANY, LLC | Dated as of July 2, 2021",false,true,true,false,0,keep,'tax receivable agreement' phrase present in body
data/edgar-query/exhibits/0001809104/0001193125-21-212035_d370626dex102.htm,205198,"TAX RECEIVABLE AGREEMENT | ALIGHT, INC. | THE PERSONS NAMED HEREIN | Dated as of July 2, 2021",true,false,true,false,6,keep,centered title contains 'tax receivable agreement'
data/edgar-query/exhibits/0001818383/0001193125-20-263993_d48669dex1015.htm,1003660,"CREDIT AGREEMENT | dated as of September 23, 2020, | QUOTELAB, LLC, | as the Borrower, | QL HOLDINGS LLC, | as Holdings, | THE LENDERS PARTY HERETO | JPMORGAN CHASE BANK, N.A., | as Administrative Agent | JPMORGAN CHASE BANK, N.A. and RBC CAPITAL MARKETS, | as Joint Lead Arrangers and Joint Bookrunn",false,true,true,false,0,keep,'tax receivable agreement' phrase present in body
data/edgar-query/exhibits/0001818383/0001193125-20-263993_d48669dex103.htm,196048,"TAX RECEIVABLES AGREEMENT | MEDIAALPHA, INC., | QL HOLDINGS, LLC, | WHITE MOUNTAINS INVESTMENTS (LUXEMBOURG) S.À R.L, | and THE STEP-UP PARTICIPANTS | FROM TIME TO TIME PARTY TO THIS AGREEMENT, | Dated as of [•], 2020",false,false,false,false,6,keep,6 TRA-specific defined terms present
data/edgar-query/exhibits/0001818383/0001193125-20-275059_d48669dex103.htm,194041,"TAX RECEIVABLES AGREEMENT | MEDIAALPHA, INC., | QL HOLDINGS LLC, | WHITE MOUNTAINS INSURANCE GROUP, LTD., | and THE STEP-UP PARTICIPANTS | FROM TIME TO TIME PARTY TO THIS AGREEMENT, | Dated as of [•], 2020",false,false,false,false,6,keep,6 TRA-specific defined terms present
data/edgar-query/exhibits/0001818383/0001193125-20-284007_d91630dex102.htm,194223,"TAX RECEIVABLES AGREEMENT | MEDIAALPHA, INC., | QL HOLDINGS LLC, | WHITE MOUNTAINS INSURANCE GROUP, LTD., | and THE STEP-UP PARTICIPANTS | FROM TIME TO TIME PARTY TO THIS AGREEMENT, | Dated as of October 27, 2020",false,false,false,false,6,keep,6 TRA-specific defined terms present
data/edgar-query/exhibits/0001818383/0001818383-23-000141_exhibit105-firstamendmentt.htm,41135,FIRST AMENDMENT TO TAX RECEIVABLES AGREEMENT,false,false,false,false,3,keep,3 TRA-specific defined terms present
data/edgar-query/exhibits/0001818502/0001193125-21-224403_d93222dex101.htm,214608,"TAX RECEIVABLE AGREEMENT | FG NEW AMERICA ACQUISITION CORP. | OPPORTUNITY FINANCIAL, LLC | THE PERSONS NAMED HEREIN | DATED AS OF JULY 20, 2021",true,false,true,false,6,keep,centered title contains 'tax receivable agreement'
data/edgar-query/exhibits/0001818502/0001193125-21-224403_d93222dex103.htm,400159,"THIRD AMENDED AND RESTATED | LIMITED LIABILITY COMPANY AGREEMENT | OPPORTUNITY FINANCIAL, LLC | (a Delaware limited liability company) | Dated as of July 20, 2021",false,true,true,false,0,keep,'tax receivable agreement' phrase present in body
data/edgar-query/exhibits/0001818502/0001818502-22-000007_amendmentno7torevolvingcre.htm,109990,"[***] CERTAIN INFORMATION IN THIS DOCUMENT HAS BEEN EXCLUDED PURSUANT TO REGULATION S-K, ITEM 601(B)(10). SUCH EXCLUDED INFORMATION IS BOTH NOT MATERIAL AND IS THE TYPE THAT THE REGISTRANT TREATS AS PRIVATE OR CONFIDENTIAL. | AMENDMENT NO. 7 TO REVOLVING CREDIT AGREEMENT",false,true,true,false,0,keep,'tax receivable agreement' phrase present in body
data/edgar-query/exhibits/0001818502/0001818502-26-000030_exhibit102-corporatesimpli.htm,184810,CORPORATE SIMPLIFICATION AGREEMENT,false,false,true,false,2,keep,'tax receivable agreement' phrase present in body
data/edgar-query/exhibits/0001819253/0001193125-22-166249_d342736dex101.htm,211425,"Certain identified information marked with [***] has been excluded from the exhibit because it is both not material and is | the type that the registrant treats as private or confidential. | TAX RECEIVABLE AGREEMENT | BIOTE CORP. | BIOTE HOLDINGS, LLC | THE PERSONS NAMED HEREIN | DATED AS OF May 26,",true,false,true,false,6,keep,centered title contains 'tax receivable agreement'
data/edgar-query/exhibits/0001819253/0001193125-22-166249_d342736dex103.htm,382354,"SECOND AMENDED AND RESTATED | OPERATING AGREEMENT | BIOTE HOLDINGS, LLC | (a Delaware limited liability company) | Dated as of May 26, 2022",false,true,true,false,0,keep,'tax receivable agreement' phrase present in body
data/edgar-query/exhibits/0001819404/0001193125-21-282190_d194845dex102.htm,299472,"SECOND AMENDED AND RESTATED | LIMITED LIABILITY COMPANY AGREEMENT | NERDY LLC | DATED AS OF SEPTEMBER 20, 2021",false,true,true,false,0,keep,'tax receivable agreement' phrase present in body
data/edgar-query/exhibits/0001819404/0001193125-21-282190_d194845dex103.htm,177275,"TAX RECEIVABLE AGREEMENT | NERDY INC. | THE PERSONS NAMED HEREIN | Dated as of September 20, 2021",true,false,true,false,6,keep,centered title contains 'tax receivable agreement'
data/edgar-query/exhibits/0001819404/0001193125-23-242039_d524047dex102.htm,29421,FORM OF EARNOUT EQUITY CANCELLATION AND RELEASE AGREEMENT,false,false,true,false,0,keep,'tax receivable agreement' phrase present in body
data/edgar-query/exhibits/0001819404/0001819404-22-000048_amendmentno1tothetaxreceiv.htm,19865,AMENDMENT NO. 1 | TAX RECEIVABLE AGREEMENT,true,false,true,false,0,keep,centered title contains 'tax receivable agreement'
data/edgar-query/exhibits/0001819404/0001819404-25-000075_loanandsecurityagreement.htm,679834,CERTAIN CONFIDENTIAL PORTIONS OF THIS EXHIBIT HAVE BEEN OMITTED AND REPLACED WITH “[***]”. SUCH IDENTIFIED INFORMATION HAS BEEN EXCLUDED FROM THIS EXHIBIT BECAUSE IT IS (I) NOT MATERIAL AND (II) WOULD LIKELY CAUSE COMPETITIVE HARM TO THE COMPANY IF DISCLOSED. | LOAN AND SECURITY AGREEMENT,false,false,true,false,0,keep,'tax receivable agreement' phrase present in body
data/edgar-query/exhibits/0001819796/0001213900-20-038527_ea130282ex10-1_gcmgrosvenor.htm,107169,STOCKHOLDERS’ AGREEMENT,false,false,true,false,0,keep,'tax receivable agreement' phrase present in body
data/edgar-query/exhibits/0001819796/0001213900-20-038527_ea130282ex10-3_gcmgrosvenor.htm,234981,"TAX RECEIVABLE AGREEMENT | GCM GROSVENOR INC. | CF FINANCE INTERMEDIATE ACQUISITION, LLC | GROSVENOR CAPITAL MANAGEMENT HOLDINGS, LLLP | the several MEMBERS (as defined herein) | TRA PARTY REPRESENTATIVE (as defined herein) and | ANY OTHER MEMBERS OF GROSVENOR CAPITAL MANAGEMENT HOLDINGS, LLLP FROM ",true,false,true,false,7,keep,centered title contains 'tax receivable agreement'
data/edgar-query/exhibits/0001819796/0001213900-20-038527_ea130282ex10-4_gcmgrosvenor.htm,349433,"Grosvenor Capital Management Holdings, LLLP | Fifth Amended and ResTated LIMITED liability limited PARTNERSHIP AGREEMENT | Dated as of November 17, 2020 | Grosvenor Capital Management Holdings, LLLP | Fifth Amended and ResTated LIMITED liability limited PARTNERSHIP AGREEMENT",false,true,true,false,0,keep,'tax receivable agreement' phrase present in body
data/edgar-query/exhibits/0001819881/0001213900-20-025429_fs42020a1ex10-15_fintechacq3.htm,133344,"TAX RECEIVABLE AGREEMENT | FinTech Acquisition Corp. III Parent Corp. , | GTCR-Ultra Holdings, LLC | CERTAIN OTHER PERSONS NAMED HEREIN, | DATED AS OF [●] | TAX RECEIVABLE AGREEMENT",true,false,true,false,6,keep,centered title contains 'tax receivable agreement'
data/edgar-query/exhibits/0001819881/0001213900-20-032814_ea128692ex10-4_payaholdings.htm,136629,"TAX RECEIVABLE AGREEMENT by and among | FINTECH ACQUISITION CORP. Ill PARENT CORP., GTCR-ULTRA HOLDINGS, LLC and | CERTAIN OTHER PERSONS NAMED HEREIN, DATED AS OF OCTOBER 16, 2020 | TAX RECEIVABLE AGREEMENT",true,false,true,false,6,keep,centered title contains 'tax receivable agreement'
data/edgar-query/exhibits/0001819881/0001213900-23-001509_ea171389ex10-1_payahold.htm,87876,TENDER AND SUPPORT AGREEMENT,false,true,true,false,1,keep,'tax receivable agreement' phrase present in body
data/edgar-query/exhibits/0001819881/0001213900-23-001509_ea171389ex10-2_payahold.htm,58912,TRA TERMINATION AGREEMENT,false,false,true,false,1,keep,'tax receivable agreement' phrase present in body
data/edgar-query/exhibits/0001820201/0001104659-21-131160_tm2130841d1_ex10-3.htm,408512,"REDWOOD INTERMEDIATE, LLC | FOURTH AMENDED AND RESTATED LIMITED LIABILITY COMPANY AGREEMENT | Dated as of October 22, 2021",false,true,true,false,0,keep,'tax receivable agreement' phrase present in body
data/edgar-query/exhibits/0001820201/0001104659-21-131160_tm2130841d1_ex10-4.htm,155982,"TAX RECEIVABLE AGREEMENT between Redwood Holdco, LP and Seaport Global Acquisition Corp. and Redwood Intermediate, LLC Dated as of October 22, 2021",true,false,true,false,6,keep,centered title contains 'tax receivable agreement'
data/edgar-query/exhibits/0001820201/0001104659-22-051480_tm2213719d1_ex10-1.htm,1209181,"INCREMENTAL ASSUMPTION AND AMENDMENT AGREEMENT NO. 6 | Dated as of April 15, 2022 | REDWOOD INTERMEDIATE, LLC, | as Holdings, | REDBOX AUTOMATED RETAIL, LLC, | as Borrower, | THE SUBSIDIARY LOAN PARTY, | THE LENDERS PARTY HERETO, | HPS INVESTMENT PARTNERS, LLC, | as Administrative Agent | INCREMENTA",false,false,true,false,0,keep,'tax receivable agreement' phrase present in body
data/edgar-query/exhibits/0001820201/0001104659-22-051480_tm2213719d1_ex10-2.htm,97434,VOTING AND SUPPORT AGREEMENT,false,true,true,false,0,keep,'tax receivable agreement' phrase present in body
data/edgar-query/exhibits/0001820201/0001104659-22-051480_tm2213719d1_ex10-3.htm,25685,WAIVER UNDER TAX RECEIVABLE AGREEMENT,true,false,true,false,1,keep,centered title contains 'tax receivable agreement'
data/edgar-query/exhibits/0001820201/0001104659-22-051480_tm2213719d1_ex10-4.htm,46556,"OMNIBUS WRITTEN CONSENT OF | THE MEMBERS AND GENERAL PARTNER OF REDWOOD HOLDCO LP, THE SOLE MEMBER OF REDWOOD HOLDCO GP, LLC, | THE MEMBERS OF REDWOOD INTERMEDIATE, LLC AND THE STOCKHOLDERS OF REDBOX ENTERTAINMENT, INC. | As of April 15, 2022",false,false,true,false,0,keep,'tax receivable agreement' phrase present in body
data/edgar-query/exhibits/0001820201/0001104659-22-058605_tm2215031d1_ex10-1.htm,73983,CONTRIBUTION AND EXCHANGE AGREEMENT,false,true,true,false,1,keep,'tax receivable agreement' phrase present in body
data/edgar-query/exhibits/0001820201/0001104659-22-058605_tm2215031d1_ex10-3.htm,37316,AMENDMENT TO TAX RECEIVABLE AGREEMENT,true,false,true,false,1,keep,centered title contains 'tax receivable agreement'
data/edgar-query/exhibits/0001820201/0001104659-22-058635_tm2215031d2_ex10-1.htm,73983,CONTRIBUTION AND EXCHANGE AGREEMENT,false,true,true,false,1,keep,'tax receivable agreement' phrase present in body
data/edgar-query/exhibits/0001820201/0001104659-22-058635_tm2215031d2_ex10-3.htm,37316,AMENDMENT TO TAX RECEIVABLE AGREEMENT,true,false,true,false,1,keep,centered title contains 'tax receivable agreement'
data/edgar-query/exhibits/0001820302/0001193125-21-005832_d913171dex102.htm,97336,SUPPORT AGREEMENT,false,true,true,false,1,keep,'tax receivable agreement' phrase present in body
data/edgar-query/exhibits/0001820302/0001193125-21-005833_d913171dex102.htm,97336,SUPPORT AGREEMENT,false,true,true,false,1,keep,'tax receivable agreement' phrase present in body
data/edgar-query/exhibits/0001820302/0001193125-21-303985_d219325dex104.htm,125173,EXCHANGE AGREEMENT,false,true,true,false,1,keep,'tax receivable agreement' phrase present in body
data/edgar-query/exhibits/0001820302/0001193125-21-303985_d219325dex105.htm,182372,"TAX RECEIVABLE AGREEMENT | BAKKT HOLDINGS, INC. | THE PERSONS NAMED HEREIN | Dated as of October 15, 2021",true,false,true,false,6,keep,centered title contains 'tax receivable agreement'
data/edgar-query/exhibits/0001820302/0001193125-21-303985_d219325dex108.htm,96498,SUPPORT AGREEMENT,false,true,true,false,1,keep,'tax receivable agreement' phrase present in body
data/edgar-query/exhibits/0001820302/0001193125-25-242750_d74254dex101.htm,14851,AMENDMENT NO. 1 TO TAX RECEIVABLE AGREEMENT,true,false,true,false,1,keep,centered title contains 'tax receivable agreement'
data/edgar-query/exhibits/0001820302/0001193125-25-242750_d74254dex102.htm,18637,CONTRIBUTION AGREEMENT,false,false,true,false,1,keep,'tax receivable agreement' phrase present in body
data/edgar-query/exhibits/0001820302/0001193125-25-262732_d83327dex101.htm,88791,AMENDMENT NO. 1 TO CONTRIBUTION AGREEMENT,false,false,true,false,1,keep,'tax receivable agreement' phrase present in body
data/edgar-query/exhibits/0001820302/0001820302-22-000015_a101amendedandrestatedexch.htm,179179,AMENDED AND RESTATED EXCHANGE AGREEMENT,false,true,true,false,1,keep,'tax receivable agreement' phrase present in body
data/edgar-query/exhibits/0001820302/0001820302-24-000119_exhibit102revolvingcredita.htm,692433,"REVOLVING CREDIT AGREEMENT dated as of August 12, 2024, | BAKKT HOLDINGS, INC., | as Holdings, | BAKKT OPCO HOLDINGS, LLC, | as the Borrower, | THE SUBSIDIARIES OF HOLDINGS FROM TIME TO TIME PARTY HERETO, as Guarantors | INTERCONTINENTAL EXCHANGE HOLDINGS, INC., as Lender",false,true,true,false,0,keep,'tax receivable agreement' phrase present in body
data/edgar-query/exhibits/0001820566/0001193125-22-042172_d276296dex103.htm,399970,"NINTH AMENDED AND RESTATED | LIMITED LIABILITY COMPANY AGREEMENT | INSPIRATO LLC | DATED AS OF FEBRUARY 11, 2022",false,true,true,false,0,keep,'tax receivable agreement' phrase present in body
data/edgar-query/exhibits/0001820566/0001193125-22-042172_d276296dex104.htm,178140,"TAX RECEIVABLE AGREEMENT | INSPIRATO, INC. | THE PERSONS NAMED HEREIN | Dated as of February 11, 2022",true,false,true,false,7,keep,centered title contains 'tax receivable agreement'
data/edgar-query/exhibits/0001820721/0001193125-20-251336_d82970dex101.htm,986903,"$100,000,000 | AMENDED AND RESTATED | ABL CREDIT AND GUARANTEE AGREEMENT | ARRAY TECHNOLOGIES, INC., | as the Borrower, | ATI INVESTMENT HOLDINGS, INC., | as Holdings, | ATI INVESTMENT SUB, INC., | as the Parent, | The Subsidiary Guarantors from Time to Time Parties Hereto, | The Several Lenders fro",false,false,true,false,0,keep,'tax receivable agreement' phrase present in body
data/edgar-query/exhibits/0001820721/0001193125-20-251336_d82970dex103.htm,98838,"TAX RECEIVABLE AGREEMENT | ARRAY TECHNOLOGIES, INC. | Ron P. Corio | Dated as of July 8, 2016",true,false,true,false,5,keep,centered title contains 'tax receivable agreement'
data/edgar-query/exhibits/0001820721/0001820721-23-000099_i2amendmentno3tocreditag.htm,987934,"",false,false,true,false,0,keep,'tax receivable agreement' phrase present in body
data/edgar-query/exhibits/0001820807/0001047469-20-005178_a2242518zex-10_1.htm,514157,"SECOND AMENDED AND RESTATED | LIMITED LIABILITY COMPANY AGREEMENT | ARIS MORTGAGE HOLDING COMPANY, LLC | dated as of [•], 2020",false,true,true,false,0,keep,'tax receivable agreement' phrase present in body
data/edgar-query/exhibits/0001820807/0001047469-20-005178_a2242518zex-10_2.htm,132034,EXCHANGE AGREEMENT,false,true,true,false,0,keep,'tax receivable agreement' phrase present in body
data/edgar-query/exhibits/0001820807/0001047469-20-005216_a2242525zex-10_1.htm,473965,"SECOND AMENDED AND RESTATED | LIMITED LIABILITY COMPANY AGREEMENT | ARIS MORTGAGE HOLDING COMPANY, LLC | dated as of [•], 2020",false,true,true,false,0,keep,'tax receivable agreement' phrase present in body
data/edgar-query/exhibits/0001820807/0001047469-20-005216_a2242525zex-10_3.htm,223971,"TAX RECEIVABLE AGREEMENT | AMERIHOME, INC., | THE PERSONS NAMED HEREIN | Dated as of [ · ]",true,false,true,false,7,keep,centered title contains 'tax receivable agreement'
data/edgar-query/exhibits/0001820807/0001047469-20-005256_a2242545zex-10_3.htm,224408,"TAX RECEIVABLE AGREEMENT | AMERIHOME, INC., | THE PERSONS NAMED HEREIN | Dated as of [ · ]",true,false,true,false,7,keep,centered title contains 'tax receivable agreement'
data/edgar-query/exhibits/0001821075/0001213900-22-027414_ea159964ex10-4_proptech2.htm,205204,"FORM OF INCOME TAX RECEIVABLE AGREEMENT | PROPTECH INVESTMENT CORPORATION II, | APPRECIATE INTERMEDIATE HOLDINGS, LLC, | RW NATIONAL HOLDINGS, LLC, | LAKE STREET LANDLORDS, LLC, | THE PERSONS NAMED HEREIN | Dated as of [ ], 2022",true,false,true,true,7,keep,centered title contains 'tax receivable agreement'
data/edgar-query/exhibits/0001821075/0001213900-22-027416_ea159964ex10-4_proptech2.htm,205204,"FORM OF INCOME TAX RECEIVABLE AGREEMENT | PROPTECH INVESTMENT CORPORATION II, | APPRECIATE INTERMEDIATE HOLDINGS, LLC, | RW NATIONAL HOLDINGS, LLC, | LAKE STREET LANDLORDS, LLC, | THE PERSONS NAMED HEREIN | Dated as of [ ], 2022",true,false,true,true,7,keep,centered title contains 'tax receivable agreement'
data/edgar-query/exhibits/0001821075/0001213900-22-070779_ea168089ex10-1_proptechcorp2.htm,222216,AMENDMENT NO. 5 | TO BUSINESS COMBINATION AGREEMENT,false,false,true,true,7,keep,'tax receivable agreement' phrase present in body
data/edgar-query/exhibits/0001821075/0001213900-22-077647_ea169605ex10-1_appreciate.htm,298219,"FORM OF INCOME TAX RECEIVABLE AGREEMENT | PROPTECH INVESTMENT CORPORATION II, | APPRECIATE INTERMEDIATE HOLDINGS, LLC, | RW NATIONAL HOLDINGS, LLC, | LAKE STREET LANDLORDS, LLC, | THE PERSONS NAMED HEREIN | Dated as of November 29, 2022",true,false,true,true,7,keep,centered title contains 'tax receivable agreement'
data/edgar-query/exhibits/0001821075/0001213900-22-077647_ea169605ex10-6_appreciate.htm,95510,OMNIBUS AMENDMENT TO SECURITIES PURCHASE AGREEMENT AND 12% SECURED PROMISSORY NOTE,false,true,true,false,0,keep,'tax receivable agreement' phrase present in body
data/edgar-query/exhibits/0001821159/0001104659-21-090210_tm2120697d1_ex10-6.htm,422424,"AMENDED AND RESTATED | LIMITED LIABILITY COMPANY AGREEMENT | EVGO OPCO, LLC | DATED AS OF July 1, 2021",false,true,true,false,0,keep,'tax receivable agreement' phrase present in body
data/edgar-query/exhibits/0001821159/0001104659-21-090210_tm2120697d1_ex10-8.htm,183844,"TAX RECEIVABLE AGREEMENT | Climate Change Crisis Real Impact I Acquisition Corporation , | CRIS THUNDER MERGER LLC, | CERTAIN OTHER PERSONS NAMED HEREIN, | Agent | DATED AS OF July 1, 2021 | TAX RECEIVABLE AGREEMENT",true,false,true,false,6,keep,centered title contains 'tax receivable agreement'
data/edgar-query/exhibits/0001821850/0001104659-21-092678_tm2122250d1_ex10-13.htm,189865,TAX RECEIVABLE AGREEMENT,true,false,true,false,5,keep,centered title contains 'tax receivable agreement'
data/edgar-query/exhibits/0001821850/0001104659-23-112707_tm2329469d1_ex10-1.htm,467127,INVESTMENT AGREEMENT,false,false,true,false,0,keep,'tax receivable agreement' phrase present in body
data/edgar-query/exhibits/0001821850/0001104659-23-112707_tm2329469d1_ex10-2.htm,269782,RESTRUCTURING SUPPORT AGREEMENT,false,true,true,false,1,keep,'tax receivable agreement' phrase present in body
data/edgar-query/exhibits/0001821850/0001104659-23-112707_tm2329469d1_ex10-3.htm,60513,AMENDMENT TO TAX RECEIVABLE AGREEMENT,true,false,true,false,1,keep,centered title contains 'tax receivable agreement'
data/edgar-query/exhibits/0001821850/0001104659-23-124299_tm2332394d1_ex10-1.htm,486247,AMENDED AND RESTATED LOAN AND SECURITY AGREEMENT,false,false,true,false,0,keep,'tax receivable agreement' phrase present in body
data/edgar-query/exhibits/0001821850/0001213900-21-017015_fs42021ex10-15_spartanacq2.htm,160052,TAX RECEIVABLE AGREEMENT,true,false,true,false,5,keep,centered title contains 'tax receivable agreement'
data/edgar-query/exhibits/0001821850/0001213900-21-017015_fs42021ex10-16_spartanacq2.htm,26505,INDEMNITY AGREEMENT,false,false,true,false,0,keep,'tax receivable agreement' phrase present in body
data/edgar-query/exhibits/0001822966/0001104659-22-056493_tm2213736d7_ex10-11.htm,206230,"TAX RECEIVABLE AGREEMENT | May 2, 2022",true,false,true,false,8,keep,centered title contains 'tax receivable agreement'
data/edgar-query/exhibits/0001822966/0001104659-22-056493_tm2213736d7_ex10-12.htm,403575,"SIXTH AMENDED AND RESTATED | LIMITED LIABILITY COMPANY AGREEMENT | NUSCALE POWER, LLC | An Oregon limited liability company | dated as of May 2, 2022",false,true,true,false,1,keep,'tax receivable agreement' phrase present in body
data/edgar-query/exhibits/0001822966/0001822966-25-000175_nuscale-traamendmentexec.htm,13108,"Execution Version TAX RECEIVABLE AGREEMENT AMENDMENT This Tax Receivable Agreement Amendment (this “Agreement”) is entered into as of November 6, 2025, by and among NuScale Power Corp., a Delaware corporation (NuScale Power Corp., together with each of its Subsidiaries that is classified as a corpor",true,false,true,false,1,keep,centered title contains 'tax receivable agreement'
data/edgar-query/exhibits/0001822966/0001822966-25-000175_projectneutron-exchangea.htm,53880,"Execution Version EXCHANGE AGREEMENT This Exchange Agreement (this “Agreement”) is made and entered into on November 6, 2025, by and among NuScale Power Corporation, a Delaware corporation (“NuScale Corp”), NuScale Power, LLC, an Oregon limited liability company (“NuScale LLC,” and collectively with",true,false,true,false,1,keep,centered title contains 'tax receivable agreement'
data/edgar-query/exhibits/0001823143/0001104659-21-094447_tm2122033d1_ex10-1.htm,178003,"EXHIBIT B | FORM OF TAX RECEIVABLE AGREEMENT | ( see attached ) | Exhibit B to Business Combination Agreement | TAX RECEIVABLE AGREEMENT | CF OMS LLC | NORMANDY HOLDCO LLC | MDH ACQUISITION CORP. | OP GROUP HOLDINGS, LLC | OLIVE VENTURES HOLDINGS, INC. | DATED AS OF [__], 2021 | TAX RECEIVABLE AGREE",true,false,true,false,6,keep,centered title contains 'tax receivable agreement'
data/edgar-query/exhibits/0001823143/0001104659-21-094450_tm2122033d1_ex10-1.htm,178003,"EXHIBIT B | FORM OF TAX RECEIVABLE AGREEMENT | ( see attached ) | Exhibit B to Business Combination Agreement | TAX RECEIVABLE AGREEMENT | CF OMS LLC | NORMANDY HOLDCO LLC | MDH ACQUISITION CORP. | OP GROUP HOLDINGS, LLC | OLIVE VENTURES HOLDINGS, INC. | DATED AS OF [__], 2021 | TAX RECEIVABLE AGREE",true,false,true,false,6,keep,centered title contains 'tax receivable agreement'
data/edgar-query/exhibits/0001823144/0001104659-21-154308_tm2135648d1_ex10-3.htm,222129,"TAX RECEIVABLE AGREEMENT | COMPOSECURE, INC., | COMPOSECURE HOLDINGS, L.L.C. | THE PERSONS NAMED HEREIN | Dated as of December 27, 2021",true,false,true,false,6,keep,centered title contains 'tax receivable agreement'
data/edgar-query/exhibits/0001823144/0001104659-21-154308_tm2135648d1_ex10-5.htm,132266,EXCHANGE AGREEMENT,false,true,true,false,0,keep,'tax receivable agreement' phrase present in body
data/edgar-query/exhibits/0001823144/0001104659-21-154308_tm2135648d1_ex10-7.htm,676094,"COMPOSECURE HOLDINGS, L.L.C., | COMPOSECURE, INC., | THE GUARANTORS PARTY HERETO, | U.S. BANK NATIONAL ASSOCIATION, | as Trustee | INDENTURE | Dated as of December 27, 2021 | 7.00% Exchangeable Senior Notes due 2026 | i | ii | iii",false,false,true,false,0,keep,'tax receivable agreement' phrase present in body
data/edgar-query/exhibits/0001823144/0001104659-24-087541_tm2419908d5_ex10-1.htm,212937,2,false,false,true,false,1,keep,'tax receivable agreement' phrase present in body
data/edgar-query/exhibits/0001823144/0001104659-24-087541_tm2419908d5_ex10-2.htm,46944,AMENDMENT NO. 1 | TAX RECEIVABLE AGREEMENT,true,false,true,false,1,keep,centered title contains 'tax receivable agreement'
data/edgar-query/exhibits/0001823239/0001193125-20-288872_d73061dex1010.htm,247476,"MARAVAI TOPCO HOLDINGS, LLC | SECOND AMENDED AND RESTATED | LIMITED LIABILITY COMPANY AGREEMENT | Dated as of [•], 2020",false,true,true,false,0,keep,'tax receivable agreement' phrase present in body
data/edgar-query/exhibits/0001823239/0001193125-20-288872_d73061dex108.htm,151813,"TAX RECEIVABLE AGREEMENT | MARAVAI LIFESCIENCES HOLDINGS, INC., | CERTAIN OTHER PERSONS NAMED HEREIN, | THE AGENT | DATED AS OF [•], 2020",true,false,true,false,6,keep,centered title contains 'tax receivable agreement'
data/edgar-query/exhibits/0001823239/0001193125-20-288872_d73061dex109.htm,100292,EXCHANGE AGREEMENT,false,true,true,false,0,keep,'tax receivable agreement' phrase present in body
data/edgar-query/exhibits/0001823239/0001193125-20-303088_d31788dex101.htm,151983,"TAX RECEIVABLE AGREEMENT | MARAVAI LIFESCIENCES HOLDINGS, INC., | CERTAIN OTHER PERSONS NAMED HEREIN, | THE AGENT | DATED AS OF NOVEMBER 19, 2020",true,false,true,false,6,keep,centered title contains 'tax receivable agreement'
data/edgar-query/exhibits/0001823239/0001193125-20-303088_d31788dex102.htm,100528,EXCHANGE AGREEMENT,false,true,true,false,0,keep,'tax receivable agreement' phrase present in body
data/edgar-query/exhibits/0001823239/0001193125-20-303088_d31788dex103.htm,258881,"MARAVAI TOPCO HOLDINGS, LLC | SECOND AMENDED AND RESTATED | LIMITED LIABILITY COMPANY AGREEMENT | Dated as of November 19, 2020",false,true,true,false,0,keep,'tax receivable agreement' phrase present in body
data/edgar-query/exhibits/0001823587/0001437749-22-001987_ex_329814.htm,254890,"TAX RECEIVABLE AGREEMENT | SKY HARBOUR GROUP CORPORATION | SKY HARBOUR LLC, | TAL KEINAN, as TRA HOLDER REPRESENTATIVE, | the several TRA HOLDERS (as defined herein) | FROM TIME TO TIME PARTY HERETO | Dated as of January 25, 2022",true,false,true,false,7,keep,centered title contains 'tax receivable agreement'
data/edgar-query/exhibits/0001823587/0001437749-22-001987_ex_329815.htm,436153,"SKY HARBOUR LLC A Delaware Limited Liability Company | THIRD AMENDED AND RESTATED OPERATING AGREEMENT | Dated as of January 25, 2022",false,true,true,false,2,keep,'tax receivable agreement' phrase present in body
data/edgar-query/exhibits/0001823652/0001193125-22-150258_d337083dex103.htm,124558,"TAX RECEIVABLE AGREEMENT | EVE HOLDING, INC. | EMBRAER AIRCRAFT HOLDING, INC. | Dated as of May 9, 2022",true,false,true,false,5,keep,centered title contains 'tax receivable agreement'
data/edgar-query/exhibits/0001823652/0001193125-22-150258_d337083dex104.htm,103012,TAX SHARING AGREEMENT,false,false,true,false,0,keep,'tax receivable agreement' phrase present in body
data/edgar-query/exhibits/0001823945/0001193125-21-169371_d422850dex101.htm,151225,TAX RECEIVABLE AGREEMENT,true,false,true,false,6,keep,centered title contains 'tax receivable agreement'
data/edgar-query/exhibits/0001823945/0001193125-21-169371_d422850dex104.htm,438848,"AMENDED AND RESTATED | AGREEMENT OF LIMITED PARTNERSHIP | BLUE OWL CAPITAL HOLDINGS LP | a Delaware limited partnership | Dated as of May 19, 2021",false,true,true,false,1,keep,'tax receivable agreement' phrase present in body
data/edgar-query/exhibits/0001823945/0001193125-21-169371_d422850dex105.htm,432837,"AMENDED AND RESTATED | AGREEMENT OF LIMITED PARTNERSHIP | BLUE OWL CAPITAL CARRY LP | a Delaware limited partnership | Dated as of May 19, 2021",false,true,true,false,1,keep,'tax receivable agreement' phrase present in body
data/edgar-query/exhibits/0001823945/0001193125-21-169371_d422850dex107.htm,109580,EXCHANGE AGREEMENT,false,true,true,false,0,keep,'tax receivable agreement' phrase present in body
data/edgar-query/exhibits/0001823945/0001193125-21-306136_d233373dex102.htm,463321,"SECOND AMENDED AND RESTATED | AGREEMENT OF LIMITED PARTNERSHIP | BLUE OWL CAPITAL CARRY LP | a Delaware limited partnership | Dated as of October 22, 2021",false,true,true,false,1,keep,'tax receivable agreement' phrase present in body
data/edgar-query/exhibits/0001823945/0001193125-21-306136_d233373dex103.htm,464698,"SECOND AMENDED AND RESTATED | AGREEMENT OF LIMITED PARTNERSHIP | BLUE OWL CAPITAL HOLDINGS LP | a Delaware limited partnership | Dated as of October 22, 2021",false,true,true,false,1,keep,'tax receivable agreement' phrase present in body
data/edgar-query/exhibits/0001823945/0001193125-21-306136_d233373dex104.htm,129014,BLUE OWL INCENTIVE UNIT GRANT CERTIFICATE | UNDER THE BLUE OWL CAPITAL INC. 2021 OMNIBUS EQUITY INCENTIVE PLAN | (EXECUTIVE) 1,false,true,true,false,0,keep,'tax receivable agreement' phrase present in body
data/edgar-query/exhibits/0001823945/0001193125-24-182973_d841605dex101.htm,720785,"AMENDMENT NO. 2 | Dated as of July 23, 2024 | AMENDED AND RESTATED CREDIT AGREEMENT | Dated as of June 15, 2022",false,true,true,false,0,keep,'tax receivable agreement' phrase present in body
data/edgar-query/exhibits/0001823945/0001193125-25-177104_d887624dex101.htm,758470,"AMENDMENT NO. 3 | Dated as of August 8, 2025 | AMENDED AND RESTATED CREDIT AGREEMENT | Dated as of June 15, 2022",false,true,true,false,0,keep,'tax receivable agreement' phrase present in body
data/edgar-query/exhibits/0001823945/0001823945-23-000013_exhibit1012.htm,179342,AMENDED & RESTATED EXCHANGE AGREEMENT,false,true,true,false,0,keep,'tax receivable agreement' phrase present in body
data/edgar-query/exhibits/0001823945/0001823945-23-000013_exhibit102.htm,276820,AMENDED & RESTATED TAX RECEIVABLE AGREEMENT,true,false,true,false,6,keep,centered title contains 'tax receivable agreement'
data/edgar-query/exhibits/0001823945/0001823945-24-000016_a123123exhibit1014.htm,283144,SECOND AMENDED & RESTATED EXCHANGE AGREEMENT,false,true,true,false,0,keep,'tax receivable agreement' phrase present in body
data/edgar-query/exhibits/0001823945/0001823945-24-000016_a123123exhibit1036.htm,31591,AMENDMENT NO. 1 TO AMENDED AND RESTATED TAX RECEIVABLE AGREEMENT,true,false,true,false,0,keep,centered title contains 'tax receivable agreement'
data/edgar-query/exhibits/0001823945/0001823945-25-000037_a33125exhibit101.htm,263529,SECOND AMENDED & RESTATED TAX RECEIVABLE AGREEMENT,true,false,true,false,6,keep,centered title contains 'tax receivable agreement'
data/edgar-query/exhibits/0001823945/0001823945-25-000037_a33125exhibit103.htm,719617,"THIRD AMENDED AND RESTATED AGREEMENT OF LIMITED PARTNERSHIP OF BLUE OWL CAPITAL HOLDINGS LP a Delaware limited partnership | Dated as of April 1, 2025 | ________________________",false,true,true,false,0,keep,'tax receivable agreement' phrase present in body
data/edgar-query/exhibits/0001823945/0001823945-25-000037_a33125exhibit105.htm,240155,THIRD AMENDED & RESTATED EXCHANGE AGREEMENT,false,true,true,false,0,keep,'tax receivable agreement' phrase present in body
data/edgar-query/exhibits/0001823945/0001823945-25-000048_a63025exhibit101.htm,259902,SECOND AMENDED & RESTATED TAX RECEIVABLE AGREEMENT,true,false,true,false,6,keep,centered title contains 'tax receivable agreement'
data/edgar-query/exhibits/0001823945/0001823945-25-000048_a63025exhibit106.htm,183388,BLUE OWL INCENTIVE UNIT GRANT CERTIFICATE UNDER THE SECOND AMENDED AND RESTATED BLUE OWL CAPITAL INC. 2021 OMNIBUS EQUITY INCENTIVE PLAN (EXECUTIVE),false,true,true,false,0,keep,'tax receivable agreement' phrase present in body
data/edgar-query/exhibits/0001824211/0001213900-21-041667_ea145453ex10-1_astreaacquis.htm,295481,"TAX RECEIVABLE AGREEMENT | [·] | [HOTELPLANNER.COM] | THE TRA HOLDER REPRESENTATIVE (as defined herein), | the several TRA HOLDERS (as defined herein) | OTHER TRA HOLDERS FROM TIME TO TIME PARTY HERETO | Dated as of [·]",true,false,true,false,7,keep,centered title contains 'tax receivable agreement'
data/edgar-query/exhibits/0001824211/0001213900-21-041668_ea145453ex10-1_astreaacquis.htm,295481,"TAX RECEIVABLE AGREEMENT | [·] | [HOTELPLANNER.COM] | THE TRA HOLDER REPRESENTATIVE (as defined herein), | the several TRA HOLDERS (as defined herein) | OTHER TRA HOLDERS FROM TIME TO TIME PARTY HERETO | Dated as of [·]",true,false,true,false,7,keep,centered title contains 'tax receivable agreement'
data/edgar-query/exhibits/0001828182/0000950123-20-012946_filename22.htm,286271,"AMENDED AND RESTATED STOCKHOLDERS’ AGREEMENT | NEW REMEDY CORP. | REMEDY ACQUISITION, L.P. | THE OTHER STOCKHOLDERS (AS DEFINED HEREIN) | Dated as of November 26, 2019",false,false,true,false,0,keep,'tax receivable agreement' phrase present in body
data/edgar-query/exhibits/0001828182/0001193125-21-011608_d12124dex1035.htm,286296,"AMENDED AND RESTATED STOCKHOLDERS’ AGREEMENT | NEW REMEDY CORP. | REMEDY ACQUISITION, L.P. | THE OTHER STOCKHOLDERS (AS DEFINED HEREIN) | Dated as of November 26, 2019",false,false,true,false,0,keep,'tax receivable agreement' phrase present in body
data/edgar-query/exhibits/0001828182/0001193125-21-024874_d12124dex101.htm,338177,"THIRD AMENDED AND RESTATED | LIMITED LIABILITY COMPANY AGREEMENT | CURE TOPCO, LLC | Dated as of [ ], 2021",false,true,true,false,1,keep,'tax receivable agreement' phrase present in body
data/edgar-query/exhibits/0001828182/0001193125-21-024874_d12124dex103.htm,86693,REORGANIZATION AGREEMENT,false,false,true,false,0,keep,'tax receivable agreement' phrase present in body
data/edgar-query/exhibits/0001828182/0001193125-21-024874_d12124dex104.htm,173462,"TAX RECEIVABLE AGREEMENT | SIGNIFY HEALTH, INC., | CURE TOPCO, LLC, | THE PERSONS NAMED HEREIN | Dated as of [ ], 2021",true,false,true,false,6,keep,centered title contains 'tax receivable agreement'
data/edgar-query/exhibits/0001828182/0001193125-21-047958_d127467dex103.htm,342604,"THIRD AMENDED AND RESTATED | LIMITED LIABILITY COMPANY AGREEMENT | CURE TOPCO, LLC | Dated as of February 12, 2021",false,true,true,false,1,keep,'tax receivable agreement' phrase present in body
data/edgar-query/exhibits/0001828182/0001828182-21-000006_exhibit104.htm,150895,REORGANIZATION AGREEMENT,false,false,true,false,0,keep,'tax receivable agreement' phrase present in body
data/edgar-query/exhibits/0001828182/0001828182-21-000006_exhibit105.htm,177226,"",false,false,true,false,6,keep,'tax receivable agreement' phrase present in body
data/edgar-query/exhibits/0001828791/0001193125-21-030853_d88953dex101.htm,350396,"SECOND AMENDED AND RESTATED | LIMITED LIABILITY COMPANY AGREEMENT | VIANT TECHNOLOGY LLC | a Delaware limited liability company | dated as of February , 2021",false,true,true,false,1,keep,'tax receivable agreement' phrase present in body
data/edgar-query/exhibits/0001828791/0001193125-21-030853_d88953dex102.htm,146880,"TAX RECEIVABLE AGREEMENT (EXCHANGES) | February , 2021",true,false,true,false,8,keep,centered title contains 'tax receivable agreement'
data/edgar-query/exhibits/0001828791/0001564590-21-014855_dsp-ex101_277.htm,638251,"SECOND AMENDED AND RESTATED | LIMITED LIABILITY COMPANY AGREEMENT | VIANT TECHNOLOGY LLC | a Delaware limited liability company | dated as of February 9, 2021",false,true,true,false,1,keep,'tax receivable agreement' phrase present in body
data/edgar-query/exhibits/0001828791/0001564590-21-014855_dsp-ex103_274.htm,271660,"TAX RECEIVABLE AGREEMENT (EXCHANGES) | February 9, 2021",true,false,true,false,8,keep,centered title contains 'tax receivable agreement'
data/edgar-query/exhibits/0001828791/0001828791-26-000036_dsp-20260331xexx102xamendm.htm,27922,AMENDMENT NO. 2 TO SECOND AMENDED AND RESTATED LIMITED LIABILITY COMPANY AGREEMENT OF VIANT TECHNOLOGY LLC,false,true,true,false,1,keep,'tax receivable agreement' phrase present in body
data/edgar-query/exhibits/0001828817/0001140361-21-030827_brhc10028831_ex10-2.htm,232638,"TAX RECEIVABLE AGREEMENT | PACKABLE COMMERCE, INC. | THE PERSONS NAMED HEREIN | Dated as of [ •]",true,false,true,false,7,keep,centered title contains 'tax receivable agreement'
data/edgar-query/exhibits/0001828817/0001140361-21-030827_brhc10028831_ex10-3.htm,108046,EXCHANGE AGREEMENT,false,true,true,false,1,keep,'tax receivable agreement' phrase present in body
data/edgar-query/exhibits/0001828817/0001140361-21-030827_brhc10028831_ex10-7.htm,444904,"AMENDED AND RESTATED | LIMITED LIABILITY COMPANY AGREEMENT | PACKABLE HOLDINGS, LLC | a Delaware limited liability company | Dated as of [•], 2021",false,true,true,false,0,keep,'tax receivable agreement' phrase present in body
data/edgar-query/exhibits/0001828817/0001140361-21-030828_brhc10028831_ex10-2.htm,232638,"TAX RECEIVABLE AGREEMENT | PACKABLE COMMERCE, INC. | THE PERSONS NAMED HEREIN | Dated as of [ •]",true,false,true,false,7,keep,centered title contains 'tax receivable agreement'
data/edgar-query/exhibits/0001828817/0001140361-21-030828_brhc10028831_ex10-3.htm,108046,EXCHANGE AGREEMENT,false,true,true,false,1,keep,'tax receivable agreement' phrase present in body
data/edgar-query/exhibits/0001828817/0001140361-21-030828_brhc10028831_ex10-7.htm,444904,"AMENDED AND RESTATED | LIMITED LIABILITY COMPANY AGREEMENT | PACKABLE HOLDINGS, LLC | a Delaware limited liability company | Dated as of [•], 2021",false,true,true,false,0,keep,'tax receivable agreement' phrase present in body
data/edgar-query/exhibits/0001828937/0001193125-21-108963_d113226dex1016.htm,1057287,"INDENTURE | Dated as of November 5, 2020 | FINANCE OF AMERICA FUNDING LLC, as the Issuer, | FINANCE OF AMERICA EQUITY CAPITAL LLC, as Parent Guarantor, | the other Guarantors from time to time party hereto | U.S. BANK NATIONAL ASSOCIATION, | as Trustee | $350,000,000 7.875% SENIOR NOTES DUE 2025",false,false,true,false,0,keep,'tax receivable agreement' phrase present in body
data/edgar-query/exhibits/0001828937/0001193125-21-108963_d113226dex104.htm,275087,"AMENDED AND RESTATED | LIMITED LIABILITY COMPANY AGREEMENT | FINANCE OF AMERICA EQUITY CAPITAL LLC | Dated as of April 1, 2021",false,true,true,false,0,keep,'tax receivable agreement' phrase present in body
data/edgar-query/exhibits/0001828937/0001193125-21-108963_d113226dex106.htm,182768,"TAX RECEIVABLE AGREEMENT | FINANCE OF AMERICA COMPANIES INC. | THE PERSONS NAMED HEREIN | Dated as of April 1, 2021",true,false,true,false,6,keep,centered title contains 'tax receivable agreement'
data/edgar-query/exhibits/0001828937/0001193125-21-108963_d113226dex107.htm,185219,"TAX RECEIVABLE AGREEMENT | FINANCE OF AMERICA COMPANIES INC. | THE PERSONS NAMED HEREIN | Dated as of April 1, 2021",true,false,true,false,6,keep,centered title contains 'tax receivable agreement'
data/edgar-query/exhibits/0001828937/0001193125-21-108963_d113226dex108.htm,89479,AMENDED AND RESTATED | UFG HOLDINGS LLC | MANAGEMENT LONG-TERM | INCENTIVE PLAN,false,true,true,false,0,keep,'tax receivable agreement' phrase present in body
data/edgar-query/exhibits/0001828937/0001193125-23-088923_d406882dex101.htm,28260,EQUITY MATTERS AGREEMENT,false,false,true,false,0,keep,'tax receivable agreement' phrase present in body
data/edgar-query/exhibits/0001828937/0001193125-25-172824_d122958dex101.htm,150479,"REPURCHASE AGREEMENT | FINANCE OF AMERICA COMPANIES INC., | FINANCE OF AMERICA EQUITY CAPITAL LLC, | THE SELLER ENTITIES LISTED ON SCHEDULE A HERETO | Dated as of August 4, 2025",false,false,true,false,0,keep,'tax receivable agreement' phrase present in body
data/edgar-query/exhibits/0001828937/0001628280-25-052025_exhibit101-amendedandresta.htm,266739,"AMENDED AND RESTATED | REPURCHASE AGREEMENT | FINANCE OF AMERICA COMPANIES INC., | FINANCE OF AMERICA EQUITY CAPITAL LLC, | THE SELLER ENTITIES LISTED ON SCHEDULE A HERETO | Dated as of November 13, 2025",false,false,true,false,0,keep,'tax receivable agreement' phrase present in body
data/edgar-query/exhibits/0001828937/0001628280-26-017692_exhibit104-secondandamen.htm,227669,"",false,false,true,false,0,keep,'tax receivable agreement' phrase present in body
data/edgar-query/exhibits/0001828937/0001828937-23-000021_exhibit1016-foaxaagxasse.htm,298619,"EXECUTION VERSION Exhibit 10.16 ASSET PURCHASE AGREEMENT BY AND AMONG FINANCE OF AMERICA REVERSE LLC, FINANCE OF AMERICA EQUITY CAPITAL LLC, FINANCE OF AMERICA COMPANIES INC., AMERICAN ADVISORS GROUP AND FOR THE LIMITED PURPOSES DESCRIBED HEREIN, REZA JAHANGIRI DATED DECEMBER 6, 2022 ii TABLE OF CON",false,true,true,false,0,keep,'tax receivable agreement' phrase present in body
data/edgar-query/exhibits/0001829432/0001193125-22-298938_d411466dex102.htm,109572,MEMBER SUPPORT AGREEMENT,false,true,true,false,0,keep,'tax receivable agreement' phrase present in body
data/edgar-query/exhibits/0001830029/0001193125-21-366319_d248179dex108.htm,664416,"THIRD AMENDED AND RESTATED | CREDIT AGREEMENT | GRIID INFRASTRUCTURE LLC | as Borrower, | the Lenders from time to time party hereto, | Blockchain Access UK Limited | as Agent | Dated as of November 19, 2021",false,true,true,false,0,keep,'tax receivable agreement' phrase present in body
data/edgar-query/exhibits/0001830029/0001193125-22-151692_d248179dex108.htm,683564,"THIRD AMENDED AND RESTATED | CREDIT AGREEMENT | GRIID INFRASTRUCTURE LLC | as Borrower, | the Lenders from time to time party hereto, | Blockchain Access UK Limited | as Agent | Dated as of November 19, 2021",false,true,true,false,0,keep,'tax receivable agreement' phrase present in body
data/edgar-query/exhibits/0001830029/0001193125-22-300143_d248179dex108.htm,760575,"FOURTH AMENDED AND RESTATED | CREDIT AGREEMENT | GRIID INFRASTRUCTURE LLC | as Borrower, | the Lenders from time to time party hereto, | Blockchain Access UK Limited | as Agent | Dated as of October 9, 2022",false,true,true,false,0,keep,'tax receivable agreement' phrase present in body
data/edgar-query/exhibits/0001830029/0001193125-23-029742_d248179dex108.htm,760917,"THE SYMBOL “[***]” DENOTES PLACES WHERE CERTAIN IDENTIFIED INFORMATION HAS BEEN EXCLUDED FROM THE EXHIBIT BECAUSE IT IS BOTH (i) NOT MATERIAL, AND (ii) WOULD BE COMPETITIVELY HARMFUL TO THE COMPANY IF DISCLOSED | FOURTH AMENDED AND RESTATED | CREDIT AGREEMENT | GRIID INFRASTRUCTURE LLC | as Borrower",false,true,true,false,0,keep,'tax receivable agreement' phrase present in body
data/edgar-query/exhibits/0001830043/0001193125-21-019619_d20761dex101.htm,307924,"BUZZ HOLDINGS L.P. | A Delaware Limited Partnership | SECOND AMENDED AND RESTATED | LIMITED PARTNERSHIP AGREEMENT | Dated as of [_______], 2021",false,true,true,false,0,keep,'tax receivable agreement' phrase present in body
data/edgar-query/exhibits/0001830043/0001193125-21-019619_d20761dex102.htm,181531,"TAX RECEIVABLE AGREEMENT | BUMBLE INC. | THE PERSONS NAMED HEREIN | Dated as of [ ], 2021",true,false,true,false,6,keep,centered title contains 'tax receivable agreement'
data/edgar-query/exhibits/0001830043/0001193125-21-045254_d106038dex101.htm,316729,"BUZZ HOLDINGS L.P. | A Delaware Limited Partnership | SECOND AMENDED AND RESTATED | LIMITED PARTNERSHIP AGREEMENT | Dated as of February 10, 2021",false,true,true,false,0,keep,'tax receivable agreement' phrase present in body
data/edgar-query/exhibits/0001830043/0001193125-21-045254_d106038dex102.htm,219401,"TAX RECEIVABLE AGREEMENT | BUMBLE INC. | THE PERSONS NAMED HEREIN | Dated as of February 10, 2021",true,false,true,false,6,keep,centered title contains 'tax receivable agreement'
data/edgar-query/exhibits/0001830043/0001830043-25-000039_bmblex101pr-q32025.htm,127800,AMENDMENT NO. 1 TO | THE TAX RECEIVABLE AGREEMENT,true,false,true,false,1,keep,centered title contains 'tax receivable agreement'
data/edgar-query/exhibits/0001831617/0001104659-21-036638_tm2035458d12_ex10-17.htm,150581,"FORM OF TAX RECEIVABLE AGREEMENT | DIVERSEY HOLDING, LTD., | Diversey Holdings I (UK) Limited , | THE SHAREHOLDERS | THE SHAREHOLDER REPRESENTATIVE | Dated as of [●], 2021 | TAX RECEIVABLE AGREEMENT",true,false,true,false,6,keep,centered title contains 'tax receivable agreement'
data/edgar-query/exhibits/0001831617/0001104659-23-030166_tm238735d6_ex10-3.htm,116701,TAX INDEMNITY AGREEMENT,false,false,true,false,0,keep,'tax receivable agreement' phrase present in body
data/edgar-query/exhibits/0001831617/0001104659-23-030166_tm238735d6_ex10-4.htm,36398,TAX RECEIVABLE TERMINATION AGREEMENT,false,false,true,false,3,keep,'tax receivable agreement' phrase present in body
data/edgar-query/exhibits/0001831631/0001193125-21-012994_d814714dex102.htm,97419,"FORM OF TAX RECEIVABLE AGREEMENT | loanDepot, Inc., | LD Holdings Group LLC, | the Recipients that are parties hereto | dated as of [____________]",true,false,true,false,7,keep,centered title contains 'tax receivable agreement'
data/edgar-query/exhibits/0001831631/0001193125-21-018544_d814714dex1015.htm,357156,"LD HOLDINGS GROUP LLC | FOURTH AMENDED AND RESTATED LIMITED LIABILITY COMPANY AGREEMENT | Dated as of __________ __, 2021",false,true,true,false,0,keep,'tax receivable agreement' phrase present in body
data/edgar-query/exhibits/0001831631/0001193125-21-018544_d814714dex102.htm,96780,"FORM OF TAX RECEIVABLE AGREEMENT | loanDepot, Inc., | LD Holdings Group LLC, | the Recipients that are parties hereto | dated as of [____________]",true,false,true,false,7,keep,centered title contains 'tax receivable agreement'
data/edgar-query/exhibits/0001831631/0001193125-21-045202_d134953dex102.htm,124829,"FORM OF TAX RECEIVABLE AGREEMENT | loanDepot, Inc., | LD Holdings Group LLC, | the Recipients that are parties hereto | dated as of February 11, 2021",true,false,true,false,7,keep,centered title contains 'tax receivable agreement'
data/edgar-query/exhibits/0001831631/0001193125-21-045202_d134953dex103.htm,365956,"LD HOLDINGS GROUP LLC | FOURTH AMENDED AND RESTATED LIMITED LIABILITY COMPANY AGREEMENT | Dated as of February 11, 2021",false,true,true,false,0,keep,'tax receivable agreement' phrase present in body
data/edgar-query/exhibits/0001831651/0001193125-20-329920_d801436dex102.htm,145659,"TAX RECEIVABLE AGREEMENT | SHOALS TECHNOLOGIES GROUP, INC., | CERTAIN OTHER PERSONS NAMED HEREIN, | THE AGENT | [DATE]",true,false,true,false,6,keep,centered title contains 'tax receivable agreement'
data/edgar-query/exhibits/0001831651/0001193125-20-329920_d801436dex106.htm,378501,"SHOALS PARENT LLC | THIRD AMENDED AND RESTATED | LIMITED LIABILITY COMPANY AGREEMENT | Dated as of January [●], 2021",false,true,true,false,0,keep,'tax receivable agreement' phrase present in body
data/edgar-query/exhibits/0001831651/0001193125-21-009154_d801436dex106.htm,377943,"SHOALS PARENT LLC | THIRD AMENDED AND RESTATED | LIMITED LIABILITY COMPANY AGREEMENT | Dated as of January [●], 2021",false,true,true,false,0,keep,'tax receivable agreement' phrase present in body
data/edgar-query/exhibits/0001831651/0001193125-21-022637_d78730dex101.htm,155486,"TAX RECEIVABLE AGREEMENT | SHOALS TECHNOLOGIES GROUP, INC., | CERTAIN OTHER PERSONS NAMED HEREIN, | THE AGENT | JANUARY 29, 2021",true,false,true,false,6,keep,centered title contains 'tax receivable agreement'
data/edgar-query/exhibits/0001831651/0001193125-21-022637_d78730dex103.htm,380451,"SHOALS PARENT LLC | THIRD AMENDED AND RESTATED | LIMITED LIABILITY COMPANY AGREEMENT | Dated as of January 29, 2021",false,true,true,false,0,keep,'tax receivable agreement' phrase present in body
data/edgar-query/exhibits/0001831651/0001193125-22-295404_d415701dex101.htm,49843,TAX RECEIVABLE AGREEMENT AMENDMENT,true,false,true,false,1,keep,centered title contains 'tax receivable agreement'
data/edgar-query/exhibits/0001832511/0001104659-21-148233_tm2134759d1_ex10-1.htm,887649,"FIRST AMENDMENT TO TERM LOAN AGREEMENT, TERMINATION OF MANAGEMENT RIGHTS LETTER AND CONSENT",false,false,true,false,0,keep,'tax receivable agreement' phrase present in body
data/edgar-query/exhibits/0001832511/0001104659-21-148233_tm2134759d1_ex10-17.htm,10290,FORM OF JOINDER AND WAIVER AGREEMENT,false,false,true,false,0,keep,'tax receivable agreement' phrase present in body
data/edgar-query/exhibits/0001832511/0001104659-21-148233_tm2134759d1_ex10-5.htm,414575,"P3 HEALTH GROUP, LLC | AMENDED AND RESTATED LIMITED LIABILITY COMPANY AGREEMENT | Dated as of December 3, 2021",false,true,true,false,0,keep,'tax receivable agreement' phrase present in body
data/edgar-query/exhibits/0001832511/0001104659-21-148233_tm2134759d1_ex10-6.htm,218323,"TAX RECEIVABLE AGREEMENT | P3 HEALTH PARTNERS INC. | P3 HEALTH GROUP, LLC | THE MEMBERS OF P3 HEALTH GROUP, LLC FROM TIME TO TIME PARTY HERETO | Dated as of December 3, 2021",true,false,true,false,7,keep,centered title contains 'tax receivable agreement'
data/edgar-query/exhibits/0001835681/0001193125-21-107673_d24413dex102.htm,174641,"TAX RECEIVABLE AGREEMENT | POWERSCHOOL HOLDINGS, INC., | CERTAIN OTHER PERSONS NAMED HEREIN, | THE AGENT | DATED AS OF [•], 2021",true,false,true,false,6,keep,centered title contains 'tax receivable agreement'
data/edgar-query/exhibits/0001835681/0001193125-21-107673_d24413dex103.htm,101942,EXCHANGE AGREEMENT,false,true,true,false,0,keep,'tax receivable agreement' phrase present in body
data/edgar-query/exhibits/0001835681/0001193125-21-107673_d24413dex104.htm,263230,"SEVERIN HOLDINGS, LLC | AMENDED AND RESTATED | LIMITED LIABILITY COMPANY AGREEMENT | Dated as of [•], 2021",false,true,true,false,0,keep,'tax receivable agreement' phrase present in body
data/edgar-query/exhibits/0001835681/0001193125-21-217989_d24413dex102.htm,183618,"TAX RECEIVABLE AGREEMENT | POWERSCHOOL HOLDINGS, INC., | CERTAIN OTHER PERSONS NAMED HEREIN, | THE AGENT | DATED AS OF [•], 2021",true,false,true,false,6,keep,centered title contains 'tax receivable agreement'
data/edgar-query/exhibits/0001835681/0001193125-21-231680_d212484dex102.htm,186403,"TAX RECEIVABLE AGREEMENT | POWERSCHOOL HOLDINGS, INC., | CERTAIN OTHER PERSONS NAMED HEREIN, | THE AGENT | DATED AS OF JULY 27, 2021",true,false,true,false,6,keep,centered title contains 'tax receivable agreement'
data/edgar-query/exhibits/0001835681/0001193125-21-231680_d212484dex103.htm,101763,EXCHANGE AGREEMENT,false,true,true,false,0,keep,'tax receivable agreement' phrase present in body
data/edgar-query/exhibits/0001835681/0001193125-21-231680_d212484dex104.htm,266889,"SEVERIN HOLDINGS, LLC | AMENDED AND RESTATED | LIMITED LIABILITY COMPANY AGREEMENT | Dated as of July 27, 2021",false,true,true,false,0,keep,'tax receivable agreement' phrase present in body
data/edgar-query/exhibits/0001835681/0001193125-24-157845_d846178dex103.htm,39037,AMENDMENT NO. 1 TO THE TAX RECEIVABLE AGREEMENT,true,false,true,false,1,keep,centered title contains 'tax receivable agreement'
data/edgar-query/exhibits/0001836176/0000950170-23-012198_fath-ex10_1.htm,435599,"AMENDED AND RESTATED TAX RECEIVABLE AGREEMENT | FATHOM DIGITAL MANUFACTURING CORPORATION | the MAJORITY TRA PARTIES (as defined herein) | Dated as of April 4, 2023",true,false,true,false,7,keep,centered title contains 'tax receivable agreement'
data/edgar-query/exhibits/0001836176/0000950170-23-012316_fath-ex10_1.htm,435378,"AMENDED AND RESTATED TAX RECEIVABLE AGREEMENT | FATHOM DIGITAL MANUFACTURING CORPORATION | the MAJORITY TRA PARTIES (as defined herein) | Dated as of April 4, 2023",true,false,true,false,7,keep,centered title contains 'tax receivable agreement'
data/edgar-query/exhibits/0001836176/0000950170-23-012319_fath-ex10_1.htm,435378,"AMENDED AND RESTATED TAX RECEIVABLE AGREEMENT | FATHOM DIGITAL MANUFACTURING CORPORATION | the MAJORITY TRA PARTIES (as defined herein) | Dated as of April 4, 2023",true,false,true,false,7,keep,centered title contains 'tax receivable agreement'
data/edgar-query/exhibits/0001836176/0000950170-24-016800_fath-ex10_2.htm,51784,Amendment No. 1 to the Amended and Restated Tax Receivable Agreement,true,false,true,false,1,keep,centered title contains 'tax receivable agreement'
data/edgar-query/exhibits/0001836176/0000950170-24-044851_fath-ex10_1.htm,334811,"AMENDED AND RESTATED TAX RECEIVABLE AGREEMENT | FATHOM DIGITAL MANUFACTURING CORPORATION | the MAJORITY TRA PARTIES (as defined herein) | Dated as of April 4, 2023",true,false,true,false,7,keep,centered title contains 'tax receivable agreement'
data/edgar-query/exhibits/0001836176/0001193125-21-296996_d18032dex108.htm,896778,"CREDIT AGREEMENT | dated as of [ ___ ], 2021, | FATHOM GUARANTOR, LLC, | [FATHOM MANUFACTURING, LLC,] 1 | the LENDERS party hereto | JPMORGAN CHASE BANK, N.A., | as Administrative Agent | JPMORGAN CHASE BANK, N.A., | as Sole Bookrunner and Sole Lead Arranger, | CIBC BANK USA, | as Documentation Agen",false,true,true,false,0,keep,'tax receivable agreement' phrase present in body
data/edgar-query/exhibits/0001836176/0001193125-21-370706_d277647dex101.htm,188026,"TAX RECEIVABLE AGREEMENT | FATHOM DIGITAL MANUFACTURING CORPORATION , | FATHOM HOLDCO , LLC , | the several EXCHANGE TRA PARTIES (as defined herein) , | the several BLOCKER TRA PARTIES (as defined herein) , | OTHER PERSONS FROM TIME TO TIME PARTY HERETO | Dated as of December 23, 2021",true,false,true,false,6,keep,centered title contains 'tax receivable agreement'
data/edgar-query/exhibits/0001836176/0001193125-21-370706_d277647dex104.htm,325965,"SECOND AMENDED AND RESTATED | LIMITED LIABILITY COMPANY AGREEMENT | FATHOM HOLDCO, LLC | Dated as of December 23, 2021",false,true,true,false,0,keep,'tax receivable agreement' phrase present in body
data/edgar-query/exhibits/0001836176/0001193125-21-370706_d277647dex105.htm,1677435,"CREDIT AGREEMENT | dated as of December 23, 2021, | FATHOM GUARANTOR, LLC, | FATHOM MANUFACTURING, LLC, | the LENDERS party hereto | JPMORGAN CHASE BANK, N.A., as | Administrative Agent | JPMORGAN CHASE BANK, N.A., | as Sole Bookrunner and Sole Lead Arranger, | CIBC BANK USA, | as Documentation Agen",false,true,true,false,0,keep,'tax receivable agreement' phrase present in body
data/edgar-query/exhibits/0001836707/0001104659-21-133158_tm2131550d2_ex10-6.htm,187347,"TAX RECEIVABLE AGREEMENT | BRC INC., | AUTHENTIC BRANDS LLC, | THE AGENT | [●]",true,false,true,false,6,keep,centered title contains 'tax receivable agreement'
data/edgar-query/exhibits/0001836707/0001104659-21-133164_tm2131550d4_ex10-6.htm,187347,"TAX RECEIVABLE AGREEMENT | BRC INC., | AUTHENTIC BRANDS LLC, | THE AGENT | [●]",true,false,true,false,6,keep,centered title contains 'tax receivable agreement'
data/edgar-query/exhibits/0001837240/0001193125-22-172211_d369444dex102.htm,164404,"TAX RECEIVABLE AGREEMENT | Symbotic Inc., | Symbotic Holdings LLC | TRA Parties | DATED AS OF June 7, 2022",true,false,true,false,6,keep,centered title contains 'tax receivable agreement'
data/edgar-query/exhibits/0001837240/0001193125-22-172211_d369444dex103.htm,375230,"SYMBOTIC HOLDINGS LLC | SECOND AMENDED AND RESTATED | LIMITED LIABILITY COMPANY AGREEMENT | Dated as of June 7, 2022",false,true,true,false,0,keep,'tax receivable agreement' phrase present in body
data/edgar-query/exhibits/0001838615/0001193125-23-004775_d431644dex1010.htm,253578,"TAX RECEIVABLE AGREEMENT | ALVARIUM TIEDEMANN HOLDINGS, INC. | ALVARIUM TIEDEMANN CAPITAL, LLC | THE PERSONS NAMED HEREIN | Dated as of January 3, 2023",true,false,true,false,6,keep,centered title contains 'tax receivable agreement'
data/edgar-query/exhibits/0001838615/0001193125-23-004775_d431644dex1011.htm,862898,"$250,000,000 Senior Secured Credit Facility | Credit Agreement | dated as of January 3, 2023, | A LVARIUM T IEDEMANN H OLDINGS , LLC, | the Guarantors from time to time parties hereto, | the Lenders from time to time parties hereto, | BMO H ARRIS B ANK N.A. , | as Administrative Agent | BMO C APITAL",false,true,true,false,0,keep,'tax receivable agreement' phrase present in body
data/edgar-query/exhibits/0001838615/0001193125-23-017724_d443189dex1014.htm,578900,"SECOND AMENDED AND RESTATED | LIMITED LIABILITY COMPANY AGREEMENT | ALVARIUM TIEDEMANN CAPITAL, LLC | a Delaware limited liability company | Dated as of January 3, 2023",false,true,true,false,0,keep,'tax receivable agreement' phrase present in body
data/edgar-query/exhibits/0001838615/0001628280-24-006447_a101-investmentagreemental.htm,540816,"INVESTMENT AGREEMENT | dated as of February 22, 2024 by and between | ALTI GLOBAL, INC. | ALLIANZ STRATEGIC INVESTMENTS S.À.R.L.",false,false,true,false,0,keep,'tax receivable agreement' phrase present in body
data/edgar-query/exhibits/0001838615/0001628280-24-006447_a105-investmentagreementco.htm,519743,"INVESTMENT AGREEMENT | dated as of February 22, 2024 by and between | ALTI GLOBAL, INC. | and CWC ALTI INVESTOR LLC",false,false,true,false,0,keep,'tax receivable agreement' phrase present in body
data/edgar-query/exhibits/0001838615/0001628280-24-006447_a107-creditagreement.htm,1242927,"EXHIBIT A | $250,000,000 Senior Secured Credit Facility | Credit Agreement | dated as of January 3, 2023, | ALTI Global Holdings, LLC, | the Guarantors from time to time parties hereto, | the Lenders from time to time parties hereto, | BMO Bank N.A. , as Administrative Agent | BMO Capital Markets , ",false,true,true,false,0,keep,'tax receivable agreement' phrase present in body
data/edgar-query/exhibits/0001838615/0001628280-24-006475_a101-investmentagreemental.htm,540816,"INVESTMENT AGREEMENT | dated as of February 22, 2024 by and between | ALTI GLOBAL, INC. | ALLIANZ STRATEGIC INVESTMENTS S.À.R.L.",false,false,true,false,0,keep,'tax receivable agreement' phrase present in body
data/edgar-query/exhibits/0001838615/0001628280-24-006475_a105-investmentagreementco.htm,519743,"INVESTMENT AGREEMENT | dated as of February 22, 2024 by and between | ALTI GLOBAL, INC. | and CWC ALTI INVESTOR LLC",false,false,true,false,0,keep,'tax receivable agreement' phrase present in body
data/edgar-query/exhibits/0001838615/0001628280-24-006475_a107-creditagreement1.htm,1242928,"EXHIBIT A | $250,000,000 Senior Secured Credit Facility | Credit Agreement | dated as of January 3, 2023, | ALTI Global Holdings, LLC, | the Guarantors from time to time parties hereto, | the Lenders from time to time parties hereto, | BMO Bank N.A. , as Administrative Agent | BMO Capital Markets , ",false,true,true,false,0,keep,'tax receivable agreement' phrase present in body
data/edgar-query/exhibits/0001838615/0001628280-24-033750_exhibit103-fourtharllcao.htm,452307,"EXECUTION VERSION FOURTH AMENDED AND RESTATED LIMITED LIABILITY COMPANY AGREEMENT OF ALTI GLOBAL CAPITAL, LLC a Delaware limited liability company Dated as of July 31, 2024 THE SECURITIES REPRESENTED BY THIS FOURTH AMENDED AND RESTATED LIMITED LIABILITY COMPANY AGREEMENT HAVE NOT BEEN REGISTERED UND",true,false,true,false,1,keep,centered title contains 'tax receivable agreement'
data/edgar-query/exhibits/0001838615/0001628280-24-046969_bmoalti-fifthamendmentto.htm,561940,"Execution Version 774151136.4 FIFTH AMENDMENT TO CREDIT AGREEMENT THIS FIFTH AMENDMENT TO CREDIT AGREEMENT (this “Amendment”), dated as of November 6, 2024, is entered into among ALTI GLOBAL HOLDINGS, LLC (f/k/a Alvarium Tiedemann Holdings, LLC), a Delaware limited liability company (the “Borrower”)",false,true,true,false,0,keep,'tax receivable agreement' phrase present in body
data/edgar-query/exhibits/0001839412/0001104659-21-082372_tm2119598d1_ex10-1.htm,252662,"TAX RECEIVABLE AGREEMENT | QualTek Services Inc. | QualTek HoldCo, LLC, | BCP QualTek, LLC, | as TRA HOLDER REPRESENTATIVE, | the several TRA HOLDERS (as defined herein) | OTHER TRA HOLDERS FROM TIME TO TIME PARTY HERETO | Dated as of [•], 2021 | 1",true,false,true,false,7,keep,centered title contains 'tax receivable agreement'
data/edgar-query/exhibits/0001839412/0001104659-21-082372_tm2119598d1_ex10-5.htm,481231,"FORM OF THIRD AMENDED AND RESTATED | LIMITED LIABILITY COMPANY AGREEMENT | QUALTEK HOLDCO, LLC | DATED AS OF [●], 2021",false,true,true,false,0,keep,'tax receivable agreement' phrase present in body
data/edgar-query/exhibits/0001839412/0001104659-21-082373_tm2119598d1_ex10-1.htm,252662,"TAX RECEIVABLE AGREEMENT | QualTek Services Inc. | QualTek HoldCo, LLC, | BCP QualTek, LLC, | as TRA HOLDER REPRESENTATIVE, | the several TRA HOLDERS (as defined herein) | OTHER TRA HOLDERS FROM TIME TO TIME PARTY HERETO | Dated as of [•], 2021 | 1",true,false,true,false,7,keep,centered title contains 'tax receivable agreement'
data/edgar-query/exhibits/0001839412/0001104659-21-082373_tm2119598d1_ex10-5.htm,481231,"FORM OF THIRD AMENDED AND RESTATED | LIMITED LIABILITY COMPANY AGREEMENT | QUALTEK HOLDCO, LLC | DATED AS OF [●], 2021",false,true,true,false,0,keep,'tax receivable agreement' phrase present in body
data/edgar-query/exhibits/0001839412/0001104659-22-010946_rocru-20220202xex10d19.htm,49169,"ACKNOWLEDGEMENT, WAIVER AND CONSENT AGREEMENT",false,false,true,false,0,keep,'tax receivable agreement' phrase present in body
data/edgar-query/exhibits/0001839412/0001104659-22-024331_tm226552d3_ex10-1.htm,282623,"TAX RECEIVABLE AGREEMENT | QualTek Services Inc., | QualTek Holdco, LLC, | BCP QualTek, LLC, | as TRA HOLDER REPRESENTATIVE, | the several TRA HOLDERS (as defined herein) | OTHER TRA HOLDERS FROM TIME TO TIME PARTY HERETO | Dated as of February 14, 2022",true,false,true,false,7,keep,centered title contains 'tax receivable agreement'
data/edgar-query/exhibits/0001839412/0001104659-22-024331_tm226552d3_ex10-3.htm,542236,"THIRD AMENDED AND RESTATED | LIMITED LIABILITY COMPANY AGREEMENT | QUALTEK HOLDCO, LLC | DATED AS OF FEBRUARY 14, 2022",false,true,true,false,0,keep,'tax receivable agreement' phrase present in body
data/edgar-query/exhibits/0001839412/0001104659-22-024331_tm226552d3_ex10-4.htm,1071780,"QualTek Services Inc. | THE GUARANTORS PARTY HERETO | WILMINGTON TRUST, NATIONAL ASSOCIATION, | as Trustee | INDENTURE | Dated as of February 14, 2022 | Senior Unsecured Convertible Notes due 2027 | QUALTEK SERVICES INC. | RECONCILIATION AND TIE BETWEEN TRUST INDENTURE ACT | OF 1939 AND INDENTURE, D",false,false,true,false,0,keep,'tax receivable agreement' phrase present in body
data/edgar-query/exhibits/0001840776/0001104659-21-107195_tm2125307d1_ex10-4.htm,178938,"TAX RECEIVABLE AGREEMENT | ALDEL FINANCIAL INC., | THE PERSONS NAMED HEREIN | Dated as of [ · ]",true,false,true,false,7,keep,centered title contains 'tax receivable agreement'
data/edgar-query/exhibits/0001840776/0001104659-21-107195_tm2125307d1_ex10-6.htm,376079,"FOURTH AMENDED AND RESTATED | LIMITED LIABILITY COMPANY AGREEMENT | THE HAGERTY GROUP, LLC | DATED AS OF [●], 2021",false,true,true,false,0,keep,'tax receivable agreement' phrase present in body
data/edgar-query/exhibits/0001840776/0001104659-21-107195_tm2125307d1_ex10-9.htm,113617,EXCHANGE AGREEMENT,false,true,true,false,1,keep,'tax receivable agreement' phrase present in body
data/edgar-query/exhibits/0001840776/0001104659-21-107196_tm2125307d1_ex10-4.htm,178938,"TAX RECEIVABLE AGREEMENT | ALDEL FINANCIAL INC., | THE PERSONS NAMED HEREIN | Dated as of [ · ]",true,false,true,false,7,keep,centered title contains 'tax receivable agreement'
data/edgar-query/exhibits/0001840776/0001104659-21-107196_tm2125307d1_ex10-6.htm,376079,"FOURTH AMENDED AND RESTATED | LIMITED LIABILITY COMPANY AGREEMENT | THE HAGERTY GROUP, LLC | DATED AS OF [●], 2021",false,true,true,false,0,keep,'tax receivable agreement' phrase present in body
data/edgar-query/exhibits/0001840776/0001104659-21-107196_tm2125307d1_ex10-9.htm,113617,EXCHANGE AGREEMENT,false,true,true,false,1,keep,'tax receivable agreement' phrase present in body
data/edgar-query/exhibits/0001840776/0001104659-21-147678_tm2133671d1_ex10-16.htm,1137509,THIRD AMENDMENT TO AMENDED AND RESTATED CREDIT AGREEMENT,false,true,true,false,0,keep,'tax receivable agreement' phrase present in body
data/edgar-query/exhibits/0001840776/0001104659-21-147678_tm2133671d1_ex10-4.htm,171659,"TAX RECEIVABLE AGREEMENT | ALDEL FINANCIAL INC., | THE PERSONS NAMED HEREIN | Dated as of December 2, 2021",true,false,true,false,7,keep,centered title contains 'tax receivable agreement'
data/edgar-query/exhibits/0001840776/0001104659-21-147678_tm2133671d1_ex10-6.htm,347603,"LIMITED LIABILITY COMPANY AGREEMENT | THE HAGERTY GROUP, LLC | DATED AS OF DECEMBER 2, 2021",false,true,true,false,0,keep,'tax receivable agreement' phrase present in body
data/edgar-query/exhibits/0001840776/0001104659-21-147678_tm2133671d1_ex10-8.htm,114377,EXCHANGE AGREEMENT,false,true,true,false,1,keep,'tax receivable agreement' phrase present in body
data/edgar-query/exhibits/0001840776/0001840776-22-000024_hgty-20220324xex108.htm,167377,AMENDED AND RESTATED EXCHANGE AGREEMENT,false,true,true,false,1,keep,'tax receivable agreement' phrase present in body
data/edgar-query/exhibits/0001840776/0001840776-23-000021_hgty-20230314xex108.htm,167377,AMENDED AND RESTATED EXCHANGE AGREEMENT,false,true,true,false,1,keep,'tax receivable agreement' phrase present in body
data/edgar-query/exhibits/0001840776/0001840776-23-000126_hagerty-amendmentno1totaxr.htm,22655,AMENDMENT NO. 1 TO | TAX RECEIVABLE AGREEMENT,true,false,true,false,1,keep,centered title contains 'tax receivable agreement'
data/edgar-query/exhibits/0001840776/0001840776-23-000126_hagerty-fiftharoperatingag.htm,533786,"FIFTH AMENDED AND RESTATED | LIMITED LIABILITY COMPANY AGREEMENT | THE HAGERTY GROUP, LLC | DATED AS OF JUNE 23, 2023",false,true,true,false,0,keep,'tax receivable agreement' phrase present in body
data/edgar-query/exhibits/0001840776/0001840776-23-000178_hgty_sixtharllcaxexhx102.htm,728796,"SIXTH AMENDED AND RESTATED | LIMITED LIABILITY COMPANY AGREEMENT | THE HAGERTY GROUP, LLC | DATED AS OF DECEMBER 18, 2023",false,true,true,false,0,keep,'tax receivable agreement' phrase present in body
data/edgar-query/exhibits/0001840776/0001840776-26-000003_a102markel-hagertyx7tharha.htm,680722,"SEVENTH AMENDED AND RESTATED | LIMITED LIABILITY COMPANY AGREEMENT | THE HAGERTY GROUP, LLC | DATED AS OF JANUARY 1, 2026",false,true,true,false,0,keep,'tax receivable agreement' phrase present in body
data/edgar-query/exhibits/0001840927/0001104659-21-099167_tm2123195d3_ex10-5.htm,472450,"FOURTH AMENDED AND RESTATED LIMITED LIABILITY COMPANY AGREEMENT of VACASA HOLDINGS LLC Dated as of [ · ], 2021",false,true,true,false,0,keep,'tax receivable agreement' phrase present in body
data/edgar-query/exhibits/0001840927/0001104659-21-099167_tm2123195d3_ex10-9.htm,215326,"TAX RECEIVABLE AGREEMENT | Vacasa, Inc., | VACASA HOLDINGS LLC, | the several EXCHANGE TRA PARTIES (as defined herein), | the several REORGANIZATION TRA PARTIES (as defined herein), | REPRESENTATIVE (as defined herein), | OTHER PERSONS FROM TIME TO TIME PARTY HERETO | Dated as of [●], 2021",true,false,true,false,6,keep,centered title contains 'tax receivable agreement'
data/edgar-query/exhibits/0001840927/0001104659-21-099169_tm2123195d4_ex10-5.htm,472450,"FOURTH AMENDED AND RESTATED LIMITED LIABILITY COMPANY AGREEMENT of VACASA HOLDINGS LLC Dated as of [ · ], 2021",false,true,true,false,0,keep,'tax receivable agreement' phrase present in body
data/edgar-query/exhibits/0001840927/0001104659-21-099169_tm2123195d4_ex10-9.htm,215326,"TAX RECEIVABLE AGREEMENT | Vacasa, Inc., | VACASA HOLDINGS LLC, | the several EXCHANGE TRA PARTIES (as defined herein), | the several REORGANIZATION TRA PARTIES (as defined herein), | REPRESENTATIVE (as defined herein), | OTHER PERSONS FROM TIME TO TIME PARTY HERETO | Dated as of [●], 2021",true,false,true,false,6,keep,centered title contains 'tax receivable agreement'
data/edgar-query/exhibits/0001841425/0001213900-23-013297_ea173809ex10-5_verde.htm,167874,"TAX RECEIVABLE AGREEMENT | Verde Clean Fuels, Inc. , | CERTAIN OTHER PERSONS NAMED HEREIN, | Agent | DATED AS OF FEBRUARY 15, 2023 | TAX RECEIVABLE AGREEMENT",true,false,true,false,6,keep,centered title contains 'tax receivable agreement'
data/edgar-query/exhibits/0001841425/0001213900-23-013297_ea173809ex10-7_verde.htm,498560,"AMENDED AND RESTATED | LIMITED LIABILITY COMPANY AGREEMENT | VERDE CLEAN FUELS OPCO, LLC | A Delaware limited liability company | dated as of February 15, 2023",false,true,true,false,1,keep,'tax receivable agreement' phrase present in body
data/edgar-query/exhibits/0001841925/0001213900-21-032758_ea142795ex10-6_indiesemic.htm,176953,"TAX RECEIVABLE AGREEMENT | THUNDER BRIDGE II SURVIVING PUBCO, INC. AND ITS SUCCESSORS | THE PERSONS NAMED HEREIN | Dated as of June 10, 2021",true,false,true,false,5,keep,centered title contains 'tax receivable agreement'
data/edgar-query/exhibits/0001842279/0001213900-22-042020_ea163248ex10-6_opal.htm,187884,"TAX RECEIVABLE AGREEMENT | OPAL FUELS INC. | THE PERSONS NAMED HEREIN | Dated as of July 21, 2022",true,false,true,false,6,keep,centered title contains 'tax receivable agreement'
data/edgar-query/exhibits/0001842279/0001213900-22-042020_ea163248ex10-8_opal.htm,735897,"SECOND AMENDED AND RESTATED LIMITED LIABILITY COMPANY AGREEMENT OF | OPAL FUELS LLC | a Delaware limited liability company | Dated as of July 21, 2022",false,true,true,false,1,keep,'tax receivable agreement' phrase present in body
data/edgar-query/exhibits/0001843973/0001193125-24-001570_d557329dex103.htm,161902,TAX RECEIVABLE AGREEMENT,true,false,true,false,6,keep,centered title contains 'tax receivable agreement'
data/edgar-query/exhibits/0001843973/0001193125-24-001570_d557329dex104.htm,327426,"AMENDED AND RESTATED OPERATING AGREEMENT | LGM ENTERPRISES, LLC | (A North Carolina Limited Liability Company) | Dated as of December 27, 2023",false,true,true,false,1,keep,'tax receivable agreement' phrase present in body
data/edgar-query/exhibits/0001844452/0001213900-22-056379_ea165812ex10-2_inflection.htm,57644,MEMBER VOTING AND SUPPORT AGREEMENT,false,true,true,false,0,keep,'tax receivable agreement' phrase present in body
data/edgar-query/exhibits/0001844452/0001213900-22-056381_ea165812ex10-2_inflection.htm,57644,MEMBER VOTING AND SUPPORT AGREEMENT,false,true,true,false,0,keep,'tax receivable agreement' phrase present in body
data/edgar-query/exhibits/0001844452/0001213900-23-011495_ea173246ex10-1_intuitive.htm,214982,"TAX RECEIVABLE AGREEMENT | INTUITIVE MACHINES, INC. | INTUITIVE MACHINES, LLC | THE TRA PARTIES | OTHER PERSONS FROM TIME TO TIME PARTY HERETO | Dated as of February 13, 2023",true,false,true,false,7,keep,centered title contains 'tax receivable agreement'
data/edgar-query/exhibits/0001844452/0001213900-23-011495_ea173246ex10-2_intuitive.htm,882144,"INTUITIVE MACHINES, LLC | SECOND AMENDED AND RESTATED LIMITED LIABILITY COMPANY AGREEMENT | Dated as of February 13, 2023",false,true,true,false,0,keep,'tax receivable agreement' phrase present in body
data/edgar-query/exhibits/0001844452/0001213900-23-011809_ea173674ex10-1_intuitive.htm,214983,"TAX RECEIVABLE AGREEMENT | INTUITIVE MACHINES, INC. | INTUITIVE MACHINES, LLC | THE TRA PARTIES | OTHER PERSONS FROM TIME TO TIME PARTY HERETO | Dated as of February 13, 2023",true,false,true,false,7,keep,centered title contains 'tax receivable agreement'
data/edgar-query/exhibits/0001844452/0001213900-23-011809_ea173674ex10-2_intuitive.htm,882144,"INTUITIVE MACHINES, LLC | SECOND AMENDED AND RESTATED LIMITED LIABILITY COMPANY AGREEMENT | Dated as of February 13, 2023",false,true,true,false,0,keep,'tax receivable agreement' phrase present in body
data/edgar-query/exhibits/0001844452/0001844452-25-000011_ex101stifelloanandsecurity.htm,390474,"INTUITIVE MACHINES, INC. | INTUITIVE MACHINES, LLC | and STIFEL BANK LOAN AND SECURITY AGREEMENT",false,false,true,false,0,keep,'tax receivable agreement' phrase present in body
data/edgar-query/exhibits/0001845123/0001193125-24-154754_d830635dex103.htm,137725,"TAX RECEIVABLE AGREEMENT | ALEANNA, INC., | CERTAIN OTHER PERSONS NAMED HEREIN | AGENT | DATED AS OF [•], 2024",true,false,true,false,5,keep,centered title contains 'tax receivable agreement'
data/edgar-query/exhibits/0001845123/0001193125-24-154754_d830635dex104.htm,382753,"AMENDED AND RESTATED | LIMITED LIABILITY COMPANY AGREEMENT | SWIFTMERGE HOLDCO LLC | A Delaware limited liability company | dated as of [ • ] , 2024",false,true,true,false,1,keep,'tax receivable agreement' phrase present in body
data/edgar-query/exhibits/0001845437/0001213900-22-079617_ea169995ex10-2_riceacq2.htm,82919,SUPPORT AGREEMENT,false,true,true,false,0,keep,'tax receivable agreement' phrase present in body
data/edgar-query/exhibits/0001845437/0001213900-22-079617_ea169995ex10-5_riceacq2.htm,231413,"FORM OF TAX RECEIVABLE AGREEMENT | [RICE ACQUISITION CORP. II], | [RICE ACQUISITION HOLDINGS II LLC], | [CERTAIN COMPANY UNITHOLDERS] 1 | THE AGENT | [●], 2023",true,false,true,false,7,keep,centered title contains 'tax receivable agreement'
data/edgar-query/exhibits/0001845437/0001213900-22-079617_ea169995ex10-6_riceacq2.htm,395065,"FORM OF SECOND AMENDED AND RESTATED LIMITED LIABILITY COMPANY AGREEMENT OF [RICE ACQUISITION HOLDINGS II LLC] 1 | DATED AS OF [●], 2023",false,true,true,false,1,keep,'tax receivable agreement' phrase present in body
data/edgar-query/exhibits/0001845437/0001213900-22-079619_ea169995ex10-2_riceacq2.htm,82919,SUPPORT AGREEMENT,false,true,true,false,0,keep,'tax receivable agreement' phrase present in body
data/edgar-query/exhibits/0001845437/0001213900-22-079619_ea169995ex10-5_riceacq2.htm,231413,"FORM OF TAX RECEIVABLE AGREEMENT | [RICE ACQUISITION CORP. II], | [RICE ACQUISITION HOLDINGS II LLC], | [CERTAIN COMPANY UNITHOLDERS] 1 | THE AGENT | [●], 2023",true,false,true,false,7,keep,centered title contains 'tax receivable agreement'
data/edgar-query/exhibits/0001845437/0001213900-22-079619_ea169995ex10-6_riceacq2.htm,395065,"FORM OF SECOND AMENDED AND RESTATED LIMITED LIABILITY COMPANY AGREEMENT OF [RICE ACQUISITION HOLDINGS II LLC] 1 | DATED AS OF [●], 2023",false,true,true,false,1,keep,'tax receivable agreement' phrase present in body
data/edgar-query/exhibits/0001845437/0001213900-23-032096_ea177359ex10-2_riceacq2.htm,249146,FIRST AMENDMENT TO THE SUPPORT AGREEMENT,false,true,true,false,0,keep,'tax receivable agreement' phrase present in body
data/edgar-query/exhibits/0001845437/0001213900-23-032098_ea177359ex10-2_riceacq2.htm,249146,FIRST AMENDMENT TO THE SUPPORT AGREEMENT,false,true,true,false,0,keep,'tax receivable agreement' phrase present in body
data/edgar-query/exhibits/0001845437/0001213900-23-048958_ea180242ex10-2_netpower.htm,485470,"SECOND AMENDED AND RESTATED LIMITED LIABILITY COMPANY AGREEMENT OF NET POWER OPERATIONS LLC | DATED AS OF JUNE 8, 2023",false,true,true,false,1,keep,'tax receivable agreement' phrase present in body
data/edgar-query/exhibits/0001845437/0001213900-23-048958_ea180242ex10-3_netpower.htm,279705,"TAX RECEIVABLE AGREEMENT | NET POWER INC., | NET POWER OPERATIONS LLC, | CERTAIN COMPANY UNITHOLDERS | THE AGENT | JUNE 8, 2023",true,false,true,false,7,keep,centered title contains 'tax receivable agreement'
data/edgar-query/exhibits/0001845437/0001845437-25-000008_a07np-202410xkxex105.htm,611191,"THIRD AMENDED AND RESTATED LIMITED LIABILITY COMPANY AGREEMENT OF NET POWER OPERATIONS LLC | DATED AS OF JANUARY 17, 2025",false,true,true,false,1,keep,'tax receivable agreement' phrase present in body
data/edgar-query/exhibits/0001849253/0000950170-21-004217_ryan-ex10_2.htm,674209,"RYAN SPECIALTY GROUP, LLC | SEVENTH AMENDED AND RESTATED LIMITED LIABILITY COMPANY AGREEMENT | Dated as of September 30, 2021",false,true,true,false,0,keep,'tax receivable agreement' phrase present in body
data/edgar-query/exhibits/0001849253/0000950170-21-004217_ryan-ex10_2.pdf,276590,"",false,false,false,false,0,keep,"PDF exhibit; not keyword-scannable, needs manual review"
data/edgar-query/exhibits/0001849253/0000950170-21-004217_ryan-ex10_9.htm,832828,"NEW RSG HOLDINGS, LLC | AMENDED AND RESTATED LIMITED LIABILITY COMPANY AGREEMENT | Dated as of September 30, 2021",false,true,true,false,0,keep,'tax receivable agreement' phrase present in body
data/edgar-query/exhibits/0001849253/0000950170-21-004217_ryan-ex10_9.pdf,346809,"",false,false,false,false,0,keep,"PDF exhibit; not keyword-scannable, needs manual review"
data/edgar-query/exhibits/0001849253/0000950170-22-017005_ryan-ex10_1.htm,387332,"Amended AND Restated | TAX RECEIVABLE AGREEMENT | RYAN SPECIALTY HOLDINGS, INC. | (f/k/a Ryan Specialty Group Holdings, Inc.) | THE PERSONS NAMED HEREIN | Dated as of August 9, 2022",true,false,true,false,6,keep,centered title contains 'tax receivable agreement'
data/edgar-query/exhibits/0001849253/0000950170-23-005335_ryan-ex10_20.htm,1042322,"NEW RYAN SPECIALTY, LLC | Second AMENDED AND RESTATED LIMITED LIABILITY COMPANY AGREEMENT | Dated as of November 8, 2022",false,true,true,false,1,keep,'tax receivable agreement' phrase present in body
data/edgar-query/exhibits/0001849253/0000950170-23-058503_ryan-ex10_2.htm,617433,"RYAN SPECIALTY, LLC | EIGHTH AMENDED AND RESTATED LIMITED LIABILITY COMPANY AGREEMENT | Dated as of July 5, 2023",false,true,true,false,1,keep,'tax receivable agreement' phrase present in body
data/edgar-query/exhibits/0001849253/0000950170-23-058503_ryan-ex10_20.htm,860081,"NEW RYAN SPECIALTY, LLC | THIRD AMENDED AND RESTATED LIMITED LIABILITY COMPANY AGREEMENT | Dated as of July 5, 2023",false,true,true,false,1,keep,'tax receivable agreement' phrase present in body
data/edgar-query/exhibits/0001849253/0001193125-21-195083_d146849dex1012.htm,35358,2,false,false,true,false,0,keep,'tax receivable agreement' phrase present in body
data/edgar-query/exhibits/0001849253/0001193125-21-195083_d146849dex102.htm,165268,"TAX RECEIVABLE AGREEMENT | RYAN SPECIALTY GROUP HOLDINGS, INC. | THE PERSONS NAMED HEREIN | Dated as of , 2021",true,false,true,false,6,keep,centered title contains 'tax receivable agreement'
data/edgar-query/exhibits/0001849253/0001193125-21-195083_d146849dex103.htm,390666,"RYAN SPECIALTY GROUP, LLC | SIXTH AMENDED AND RESTATED | LIMITED LIABILITY COMPANY AGREEMENT | Dated as of , 2021",false,true,true,false,0,keep,'tax receivable agreement' phrase present in body
data/edgar-query/exhibits/0001849253/0001193125-21-224693_d137769dex101.htm,171607,"TAX RECEIVABLE AGREEMENT | RYAN SPECIALTY GROUP HOLDINGS, INC. | THE PERSONS NAMED HEREIN | Dated as of July 26, 2021",true,false,true,false,6,keep,centered title contains 'tax receivable agreement'
data/edgar-query/exhibits/0001849253/0001193125-21-224693_d137769dex102.htm,409410,"RYAN SPECIALTY GROUP, LLC | SIXTH AMENDED AND RESTATED | LIMITED LIABILITY COMPANY AGREEMENT | Dated as of July 26, 2021",false,true,true,false,0,keep,'tax receivable agreement' phrase present in body
data/edgar-query/exhibits/0001850270/0000950170-24-034946_prok-ex10_5.htm,938424,AMENDMENT NO. 1 TO SECOND AMENDED AND RESTATED LIMITED PARTNERSHIP AGREEMENT FOR A LIMITED PARTNERSHIP CALLED PROKIDNEY LP,false,true,true,false,0,keep,'tax receivable agreement' phrase present in body
data/edgar-query/exhibits/0001850270/0001140361-25-024839_ef20051439_ex10-1.htm,155873,"AMENDED AND RESTATED | TAX RECEIVABLE AGREEMENT | PROKIDNEY CORP., | TRA PARTY REPRESENTATIVE | THE PERSONS NAMED HEREIN | Dated as of July 1, 2025 | AMENDED AND RESTATED | TAX RECEIVABLE AGREEMENT",true,false,true,false,7,keep,centered title contains 'tax receivable agreement'
data/edgar-query/exhibits/0001850270/0001140361-25-024839_ef20051439_ex10-3.htm,145841,AMENDED AND RESTATED | EXCHANGE AGREEMENT,false,true,true,false,1,keep,'tax receivable agreement' phrase present in body
data/edgar-query/exhibits/0001850270/0001140361-25-024839_ef20051439_ex10-7.htm,481570,"SECOND AMENDED AND RESTATED | LIMITED LIABILITY COMPANY AGREEMENT | PROKIDNEY HOLDINGS, LLC | a Delaware limited liability company | Dated as of July 1, 2025",false,true,true,false,0,keep,'tax receivable agreement' phrase present in body
data/edgar-query/exhibits/0001850270/0001193125-22-014862_d259568dex104.htm,72721,COMPANY UNITHOLDER SUPPORT AGREEMENT,false,true,true,false,0,keep,'tax receivable agreement' phrase present in body
data/edgar-query/exhibits/0001850270/0001193125-22-195148_d285643dex101.htm,150875,"TAX RECEIVABLE AGREEMENT | PROKIDNEY CORP., | TRA PARTY REPRESENTATIVE | THE PERSONS NAMED HEREIN | Dated as of July 11, 2022",true,false,true,false,7,keep,centered title contains 'tax receivable agreement'
data/edgar-query/exhibits/0001850270/0001193125-22-195148_d285643dex102.htm,126580,EXCHANGE AGREEMENT,false,true,true,false,1,keep,'tax receivable agreement' phrase present in body
data/edgar-query/exhibits/0001850270/0001193125-22-195148_d285643dex105.htm,437337,SECOND AMENDED AND RESTATED LIMITED PARTNERSHIP | AGREEMENT FOR A LIMITED PARTNERSHIP CALLED | PROKIDNEY LP,false,false,true,false,0,keep,'tax receivable agreement' phrase present in body
data/edgar-query/exhibits/0001851959/0001104659-24-093130_tm2422691d1_ex10-4.htm,114550,"TAX RECEIVABLE AGREEMENT | [●], | EVENTS.COM, INC, | [Mitch Thrower], | as Tax Matters Representative | [●] | TAX RECEIVABLE AGREEMENT",true,false,true,false,5,keep,centered title contains 'tax receivable agreement'
data/edgar-query/exhibits/0001851959/0001104659-24-093132_tm2422691d1_ex10-4.htm,114550,"TAX RECEIVABLE AGREEMENT | [●], | EVENTS.COM, INC, | [Mitch Thrower], | as Tax Matters Representative | [●] | TAX RECEIVABLE AGREEMENT",true,false,true,false,5,keep,centered title contains 'tax receivable agreement'
data/edgar-query/exhibits/0001852131/0000950103-24-000003_dp204261_ex1001.htm,209169,"TAX MATTERS AGREEMENT | FLEX LTD., | YUMA, INC. | NEXTRACKER INC. | Dated as of January 2, 2024",false,false,true,false,0,keep,'tax receivable agreement' phrase present in body
data/edgar-query/exhibits/0001852131/0001193125-23-008499_d139910dex102.htm,104159,EXCHANGE AGREEMENT,false,true,true,false,0,keep,'tax receivable agreement' phrase present in body
data/edgar-query/exhibits/0001852131/0001193125-23-008499_d139910dex1022.htm,218296,"JPMORGAN CHASE | BANK, N.A. | 383 Madison Avenue | New York, NY 10179 | BANK OF AMERICA, | N.A. | BOFA SECURITIES, INC. | One Bryant Park | New York, NY 10036 | CITIGROUP | GLOBAL MARKETS INC. | 388 Greenwich Street | New York, NY 10013 | BARCLAYS | 745 Seventh Avenue | New York, NY 10019 | BNP PARI",false,false,true,false,0,keep,'tax receivable agreement' phrase present in body
data/edgar-query/exhibits/0001852131/0001193125-23-014311_d139910dex101.htm,337672,"THIRD AMENDED AND RESTATED LIMITED LIABILITY COMPANY AGREEMENT | NEXTRACKER LLC | a Delaware Limited Liability Company | Dated as of [•], 2023",false,true,true,false,1,keep,'tax receivable agreement' phrase present in body
data/edgar-query/exhibits/0001852131/0001193125-23-014311_d139910dex1016.htm,365900,"AGREEMENT AND PLAN OF MERGER | FLEX LTD., | YUMA, INC., | NEXTRACKER INC. | YUMA ACQUISITION CORP. | Dated as of [●], 2023",false,false,true,false,0,keep,'tax receivable agreement' phrase present in body
data/edgar-query/exhibits/0001852131/0001193125-23-014311_d139910dex103.htm,156230,"TAX RECEIVABLE AGREEMENT | NEXTRACKER INC., | THE PERSONS NAMED HEREIN | Dated as of [•]",true,false,true,false,6,keep,centered title contains 'tax receivable agreement'
data/edgar-query/exhibits/0001852131/0001193125-23-014311_d139910dex104.htm,32831,LETTER AGREEMENT,false,false,true,false,2,keep,'tax receivable agreement' phrase present in body
data/edgar-query/exhibits/0001852131/0001193125-23-021533_d139910dex101.htm,337767,"THIRD AMENDED AND RESTATED LIMITED LIABILITY COMPANY AGREEMENT | NEXTRACKER LLC | a Delaware Limited Liability Company | Dated as of [•], 2023",false,true,true,false,1,keep,'tax receivable agreement' phrase present in body
data/edgar-query/exhibits/0001852131/0001193125-23-021533_d139910dex1022.htm,1049058,"CREDIT AGREEMENT | February [●], 2023 | NEXTRACKER INC., | as Parent, | The Other Holding Entities Party Hereto, | NEXTRACKER LLC, | as the Borrower, | The Lenders Party Hereto, | JPMORGAN CHASE BANK, N.A., | as Administrative Agent, | SUMITOMO MITSUI BANKING CORPORATION, UNICREDIT BANK AG, NEW YORK",false,true,true,false,0,keep,'tax receivable agreement' phrase present in body
data/edgar-query/exhibits/0001852131/0001193125-23-263031_d530891dex1016.htm,163213,"TAX MATTERS AGREEMENT | FLEX LTD., | YUMA, INC. | NEXTRACKER INC. | Dated as of [•]",false,false,true,false,0,keep,'tax receivable agreement' phrase present in body
data/edgar-query/exhibits/0001854139/0001193125-21-212508_d115565dex101.htm,368482,THIRTEENTH AMENDED AND RESTATED | LIMITED LIABILITY COMPANY AGREEMENT | ZEVIA LLC | a Delaware limited liability company | dated as of [●],false,true,true,false,1,keep,'tax receivable agreement' phrase present in body
data/edgar-query/exhibits/0001854139/0001193125-21-212508_d115565dex102.htm,154496,"TAX RECEIVABLE AGREEMENT | [●], 2021",true,false,true,false,7,keep,centered title contains 'tax receivable agreement'
data/edgar-query/exhibits/0001854139/0001193125-21-246159_d213839dex101.htm,367216,"THIRTEENTH AMENDED AND RESTATED | LIMITED LIABILITY COMPANY AGREEMENT | ZEVIA LLC | a Delaware limited liability company | dated as of July 21, 2021",false,true,true,false,1,keep,'tax receivable agreement' phrase present in body
data/edgar-query/exhibits/0001854139/0001193125-21-246159_d213839dex102.htm,166008,"TAX RECEIVABLE AGREEMENT | July 21, 2021",true,false,true,false,8,keep,centered title contains 'tax receivable agreement'
data/edgar-query/exhibits/0001854401/0000950170-22-009074_brdg-ex10_1.htm,476335,"AMENDED AND RESTATED TAX RECEIVABLE AGREEMENT | BRIDGE INVESTMENT GROUP HOLDINGS INC. | BRIDGE INVESTMENT GROUP HOLDINGS LLC | THE MEMBERS (AS DEFINED HEREIN) FROM TIME TO TIME PARTY HERETO | Effective as of January 1, 2022",true,false,true,false,7,keep,centered title contains 'tax receivable agreement'
data/edgar-query/exhibits/0001854401/0001193125-21-206777_d136239dex101.htm,182090,"TAX RECEIVABLE AGREEMENT | BRIDGE INVESTMENT GROUP HOLDINGS INC. | BRIDGE INVESTMENT GROUP HOLDINGS LLC | THE MEMBERS (AS DEFINED HEREIN) | FROM TIME TO TIME PARTY HERETO | Dated as of ___________, 2021",true,false,true,false,6,keep,centered title contains 'tax receivable agreement'
data/edgar-query/exhibits/0001854401/0001193125-21-209257_d136239dex102.htm,412641,"BRIDGE INVESTMENT GROUP HOLDINGS LLC | FIFTH AMENDED AND RESTATED | LIMITED LIABILITY COMPANY AGREEMENT | Dated as of [ 🌑 ], 2021",false,true,true,false,0,keep,'tax receivable agreement' phrase present in body
data/edgar-query/exhibits/0001854401/0001193125-21-219664_d181549dex101.htm,297167,"TAX RECEIVABLE AGREEMENT | BRIDGE INVESTMENT GROUP HOLDINGS INC. | BRIDGE INVESTMENT GROUP HOLDINGS LLC | THE MEMBERS (AS DEFINED HEREIN) | FROM TIME TO TIME PARTY HERETO | Dated as of July 16, 2021",true,false,true,false,6,keep,centered title contains 'tax receivable agreement'
data/edgar-query/exhibits/0001854401/0001193125-21-219664_d181549dex104.htm,556506,"BRIDGE INVESTMENT GROUP HOLDINGS LLC | FIFTH AMENDED AND RESTATED | LIMITED LIABILITY COMPANY AGREEMENT | Dated as of July 16, 2021",false,true,true,false,0,keep,'tax receivable agreement' phrase present in body
data/edgar-query/exhibits/0001854401/0001193125-25-032823_d892124dex101.htm,188880,"SECOND AMENDED AND RESTATED TAX RECEIVABLE AGREEMENT | APOLLO GLOBAL MANAGEMENT INC., | BRIDGE INVESTMENT GROUP HOLDINGS INC., | BRIDGE INVESTMENT GROUP HOLDINGS LLC | THE MEMBERS (AS DEFINED HEREIN) | FROM TIME TO TIME PARTY HERETO | Dated as of February 23, 2025",true,false,true,false,6,keep,centered title contains 'tax receivable agreement'
data/edgar-query/exhibits/0001856028/0001140361-22-039408_brhc10043553_ex10-1.htm,1045100,"CREDIT AGREEMENT | Dated as of October 27, 2022 | STRONGHOLD DIGITAL MINING HOLDINGS LLC, | as the Borrower, | STRONGHOLD DIGITAL MINING, INC., | as Holdings and a Guarantor, | EACH SUBSIDIARY OF THE BORROWER LISTED AS A GUARANTOR ON THE SIGNATURE PAGES HERETO, | as Guarantors, | WHITEHAWK FINANCE L",false,true,true,false,0,keep,'tax receivable agreement' phrase present in body
data/edgar-query/exhibits/0001856028/0001140361-23-004861_ny20006440x9_ex10-1.htm,136787,FIRST AMENDMENT TO CREDIT AGREEMENT,false,true,true,false,0,keep,'tax receivable agreement' phrase present in body
data/edgar-query/exhibits/0001856028/0001140361-24-038104_ef20034492_ex10-2.htm,51260,TRA WAIVER AND TERMINATION AGREEMENT,false,false,true,false,1,keep,'tax receivable agreement' phrase present in body
data/edgar-query/exhibits/0001856028/0001140361-24-038106_ef20034492_ex10-2.htm,51260,TRA WAIVER AND TERMINATION AGREEMENT,false,false,true,false,1,keep,'tax receivable agreement' phrase present in body
data/edgar-query/exhibits/0001856028/0001564590-21-038087_sdmi-ex1010_233.htm,185387,SERIES B PREFERRED STOCK PURCHASE AGREEMENT,false,true,true,false,0,keep,'tax receivable agreement' phrase present in body
data/edgar-query/exhibits/0001856028/0001564590-21-038087_sdmi-ex103_237.htm,231088,"TAX RECEIVABLE AGREEMENT | Stronghold Digital Mining, Inc. , | CERTAIN OTHER PERSONS NAMED HEREIN, | Agent | DATED AS OF APRIL 1, 2021 | TAX RECEIVABLE AGREEMENT",true,false,true,false,6,keep,centered title contains 'tax receivable agreement'
data/edgar-query/exhibits/0001856028/0001564590-21-038087_sdmi-ex104_431.htm,705785,"AMENDED AND RESTATED | LIMITED LIABILITY COMPANY AGREEMENT | STRONGHOLD DIGITAL MINING HOLDINGS LLC | DATED AS OF APRIL 1, 2021",false,true,true,false,0,keep,'tax receivable agreement' phrase present in body
data/edgar-query/exhibits/0001856028/0001564590-21-038087_sdmi-ex109_232.htm,189796,SERIES A PREFERRED STOCK PURCHASE AGREEMENT,false,true,true,false,0,keep,'tax receivable agreement' phrase present in body
data/edgar-query/exhibits/0001856028/0001564590-21-048559_sdmi-ex105_236.htm,691533,"SECOND AMENDED AND RESTATED | LIMITED LIABILITY COMPANY AGREEMENT | STRONGHOLD DIGITAL MINING HOLDINGS LLC | DATED AS OF SEPTEMBER 7, 2021",false,true,true,false,0,keep,'tax receivable agreement' phrase present in body
data/edgar-query/exhibits/0001856028/0001564590-21-050445_sdmi-ex106_21.htm,673434,"FORM OF THIRD AMENDED AND RESTATED | LIMITED LIABILITY COMPANY AGREEMENT | STRONGHOLD DIGITAL MINING HOLDINGS LLC | DATED AS OF [•], 202[•]",false,true,true,false,0,keep,'tax receivable agreement' phrase present in body
data/edgar-query/exhibits/0001856028/0001564590-21-051744_sdmi-ex101_14.htm,746922,"THIRD AMENDED AND RESTATED | LIMITED LIABILITY COMPANY AGREEMENT | STRONGHOLD DIGITAL MINING HOLDINGS LLC | DATED AS OF OCTOBER 22, 2021",false,true,true,false,0,keep,'tax receivable agreement' phrase present in body
data/edgar-query/exhibits/0001856028/0001628280-22-014513_sdig1q22exxfourtharsdmhllc.htm,510914,"FOURTH AMENDED AND RESTATED | LIMITED LIABILITY COMPANY AGREEMENT | STRONGHOLD DIGITAL MINING HOLDINGS LLC | DATED AS OF March 14, 2022",false,true,true,false,0,keep,'tax receivable agreement' phrase present in body
data/edgar-query/exhibits/0001856028/0001628280-23-010251_ex1035.htm,549178,"FIFTH AMENDED AND RESTATED | LIMITED LIABILITY COMPANY AGREEMENT | STRONGHOLD DIGITAL MINING HOLDINGS LLC | DATED AS OF MARCH 14, 2023",false,true,true,false,0,keep,'tax receivable agreement' phrase present in body
data/edgar-query/exhibits/0001856028/0001628280-23-010251_ex1060.htm,11671,JOINDER TO TAX RECEIVABLE AGREEMENT,true,false,true,false,0,keep,centered title contains 'tax receivable agreement'
data/edgar-query/exhibits/0001856028/0001628280-24-010049_ex1035.htm,549076,"FIFTH AMENDED AND RESTATED | LIMITED LIABILITY COMPANY AGREEMENT | STRONGHOLD DIGITAL MINING HOLDINGS LLC | DATED AS OF MARCH 14, 2023",false,true,true,false,0,keep,'tax receivable agreement' phrase present in body
data/edgar-query/exhibits/0001856031/0000950170-23-006371_seat-ex10_38.htm,778662,"HOYA INTERMEDIATE, LLC SECOND AMENDED AND RESTATED | LIMITED LIABILITY COMPANY AGREEMENT | Dated as of October 18, 2021",false,true,true,false,0,keep,'tax receivable agreement' phrase present in body
data/edgar-query/exhibits/0001856031/0001140361-25-038568_ef20057412_ex10-1.htm,190761,CORPORATE SIMPLIFICATION AGREEMENT,false,false,true,false,1,keep,'tax receivable agreement' phrase present in body
data/edgar-query/exhibits/0001856031/0001193125-21-305506_d216055dex103.htm,199835,"TAX RECEIVABLE AGREEMENT | VIVID SEATS INC. | HOYA INTERMEDIATE, LLC | GTCR MANAGEMENT XI, LLC, as TRA HOLDER REPRESENTATIVE, | HOYA TOPCO, LLC, | the several BLOCKER TRA HOLDERS (as defined herein) | OTHER TRA HOLDERS (as defined herein) | FROM TIME TO TIME PARTY HERETO | Dated as of October 18, 20",true,false,true,false,7,keep,centered title contains 'tax receivable agreement'
data/edgar-query/exhibits/0001856031/0001193125-21-305506_d216055dex104.htm,322474,"HOYA INTERMEDIATE, LLC | SECOND AMENDED AND RESTATED | LIMITED LIABILITY COMPANY AGREEMENT | Dated as of October 18, 2021",false,true,true,false,0,keep,'tax receivable agreement' phrase present in body
data/edgar-query/exhibits/0001856236/0000950170-21-001806_ewcz-20210626ex10_4.htm,232666,EXCHANGE AGREEMENT,false,true,true,false,0,keep,'tax receivable agreement' phrase present in body
data/edgar-query/exhibits/0001856236/0000950170-21-001806_ewcz-20210626ex10_6.htm,359377,"TAX RECEIVABLE AGREEMENT between EUROPEAN WAX CENTER, INC. and THE PERSONS NAMED HEREIN Dated as of [ ], 2021",true,false,true,false,6,keep,centered title contains 'tax receivable agreement'
data/edgar-query/exhibits/0001856236/0000950170-21-001806_ewcz-20210626ex10_7.htm,440773,"FIFTH AMENDED AND RESTATED LIMITED LIABILITY COMPANY AGREEMENT OF EWC VENTURES, LLC (a Delaware limited liability company)",false,true,true,false,0,keep,'tax receivable agreement' phrase present in body
data/edgar-query/exhibits/0001856236/0000950170-25-037202_ewcz-ex10_6.htm,76962,FIRST AMENDMENT TO TAX RECEIVABLE AGREEMENT,true,false,true,false,0,keep,centered title contains 'tax receivable agreement'
data/edgar-query/exhibits/0001856236/0001104659-21-091732_tm2114247d4_ex10-10.htm,267005,"FIFTH AMENDED AND RESTATED LIMITED LIABILITY COMPANY AGREEMENT OF EWC VENTURES, LLC (a Delaware limited liability company)",false,true,true,false,0,keep,'tax receivable agreement' phrase present in body
data/edgar-query/exhibits/0001856236/0001104659-21-091732_tm2114247d4_ex10-7.htm,120563,EXCHANGE AGREEMENT,false,true,true,false,0,keep,'tax receivable agreement' phrase present in body
data/edgar-query/exhibits/0001856236/0001104659-21-091732_tm2114247d4_ex10-9.htm,198700,"TAX RECEIVABLE AGREEMENT between EUROPEAN WAX CENTER, INC. and THE PERSONS NAMED HEREIN Dated as of [ ], 2021",true,false,true,false,6,keep,centered title contains 'tax receivable agreement'
data/edgar-query/exhibits/0001856236/0001193125-26-043656_d71794dex101.htm,110514,SUPPORT AGREEMENT,false,true,true,false,0,keep,'tax receivable agreement' phrase present in body
data/edgar-query/exhibits/0001856314/0001104659-21-070140_filename3.htm,215391,AMENDMENT NO. 1 TO CREDIT AGREEMENT,false,true,true,false,1,keep,'tax receivable agreement' phrase present in body
data/edgar-query/exhibits/0001856314/0001104659-21-077600_tm2112714d12_ex10-12.htm,215430,AMENDMENT NO. 1 TO CREDIT AGREEMENT,false,true,true,false,1,keep,'tax receivable agreement' phrase present in body
data/edgar-query/exhibits/0001856314/0001104659-21-077600_tm2112714d12_ex10-2.htm,119525,EXCHANGE AGREEMENT,false,true,true,false,0,keep,'tax receivable agreement' phrase present in body
data/edgar-query/exhibits/0001856314/0001104659-21-077600_tm2112714d12_ex10-4.htm,171667,"TAX RECEIVABLE AGREEMENT | CLEAR SECURE, INC., | THE PERSONS NAMED HEREIN | Dated as of [●], 2021",true,false,true,false,7,keep,centered title contains 'tax receivable agreement'
data/edgar-query/exhibits/0001856314/0001104659-21-077600_tm2112714d12_ex10-5.htm,300612,"SECOND AMENDED AND RESTATED OPERATING AGREEMENT of ALCLEAR HOLDINGS, LLC Dated as [●], 2021",false,true,true,false,0,keep,'tax receivable agreement' phrase present in body
data/edgar-query/exhibits/0001856314/0001104659-21-084327_tm2112714d15_ex10-2.htm,126691,EXCHANGE AGREEMENT,false,true,true,false,0,keep,'tax receivable agreement' phrase present in body
data/edgar-query/exhibits/0001856314/0001104659-21-084327_tm2112714d15_ex10-4.htm,183968,"TAX RECEIVABLE AGREEMENT | CLEAR SECURE, INC., | THE PERSONS NAMED HEREIN | Dated as of [●], 2021",true,false,true,false,7,keep,centered title contains 'tax receivable agreement'
data/edgar-query/exhibits/0001856314/0001104659-21-084327_tm2112714d15_ex10-5.htm,366972,"AMENDED AND RESTATED | OPERATING AGREEMENT | ALCLEAR HOLDINGS, LLC | Dated as [●], 2021",false,true,true,false,0,keep,'tax receivable agreement' phrase present in body
data/edgar-query/exhibits/0001856314/0001104659-21-088989_tm2112714d25_ex10-1.htm,230404,"REORGANIZATION AGREEMENT | Dated as of June 29, 2021",false,false,true,false,0,keep,'tax receivable agreement' phrase present in body
data/edgar-query/exhibits/0001856314/0001104659-21-088989_tm2112714d25_ex10-2.htm,393438,"AMENDED AND RESTATED OPERATING AGREEMENT of ALCLEAR HOLDINGS, LLC Dated as of June 29, 2021",false,true,true,false,0,keep,'tax receivable agreement' phrase present in body
data/edgar-query/exhibits/0001856314/0001104659-21-088989_tm2112714d25_ex10-3.htm,205525,EXCHANGE AGREEMENT,false,true,true,false,0,keep,'tax receivable agreement' phrase present in body
data/edgar-query/exhibits/0001856314/0001104659-21-088989_tm2112714d25_ex10-5.htm,243236,"TAX RECEIVABLE AGREEMENT among CLEAR SECURE, INC., | THE PERSONS NAMED HEREIN | Dated as of June 29, 2021",true,false,true,false,7,keep,centered title contains 'tax receivable agreement'
data/edgar-query/exhibits/0001856314/0001193125-23-162657_d853507dex101.htm,256668,"SECOND AMENDED AND RESTATED | OPERATING AGREEMENT | ALCLEAR HOLDINGS, LLC | Dated as of June 7, 2023",false,true,true,false,0,keep,'tax receivable agreement' phrase present in body
data/edgar-query/exhibits/0001856430/0001104659-21-088496_tm2110925d10_ex10-13.htm,176233,"TAX RECEIVABLE AGREEMENT | SNAP ONE HOLDINGS CORP. | THE PERSONS NAMED HEREIN | Dated as of [●], 2021",true,false,true,false,5,keep,centered title contains 'tax receivable agreement'
data/edgar-query/exhibits/0001856430/0001104659-21-088496_tm2110925d10_ex10-14.htm,81393,"Crackle Holdings, L.P. Treatment of Unvested Class B Units",false,false,true,false,0,keep,'tax receivable agreement' phrase present in body
data/edgar-query/exhibits/0001856430/0001104659-21-088496_tm2110925d10_ex10-15.htm,82397,ESCROW AGREEMENT,false,false,true,false,0,keep,'tax receivable agreement' phrase present in body
data/edgar-query/exhibits/0001856430/0001104659-21-093218_tm2110925d13_ex10-14.htm,182645,"TAX RECEIVABLE AGREEMENT | SNAP ONE HOLDINGS CORP. | THE PERSONS NAMED HEREIN | Dated as of , 2021",true,false,true,false,5,keep,centered title contains 'tax receivable agreement'
data/edgar-query/exhibits/0001856430/0001104659-21-093218_tm2110925d13_ex10-15.htm,80663,"Crackle Holdings, L.P. Treatment of Unvested Class B Units",false,false,true,false,0,keep,'tax receivable agreement' phrase present in body
data/edgar-query/exhibits/0001856430/0001104659-21-093218_tm2110925d13_ex10-16.htm,55332,"Crackle Holdings, L.P. Treatment of Unvested Class A Nonvoting Units | , 2021",false,false,true,false,0,keep,'tax receivable agreement' phrase present in body
data/edgar-query/exhibits/0001856430/0001104659-21-093218_tm2110925d13_ex10-17.htm,92154,ESCROW AGREEMENT,false,false,true,false,0,keep,'tax receivable agreement' phrase present in body
data/edgar-query/exhibits/0001856430/0001856430-21-000011_whirlwind-taxreceivablea.htm,94250,"PRIVILEGED AND CONFIDENTIAL TAX RECEIVABLE AGREEMENT among SNAP ONE HOLDINGS CORP. and THE PERSONS NAMED HEREIN Dated as of July 27, 2021 i TABLE OF CONTENTS Page ARTICLE I DEFINITIONS .......................................................................................................... 1 Sectio",true,false,true,false,5,keep,centered title contains 'tax receivable agreement'
data/edgar-query/exhibits/0001856437/0001140361-21-019266_filename7.htm,160804,"TAX MATTERS AGREEMENT | L BRANDS, INC. , | on behalf of itself | and the members | of the L Brands Group | VICTORIA’S SECRET & CO. , | on behalf of itself | and the members | of the VS Group | Dated as of [__], 2021",false,false,true,false,0,keep,'tax receivable agreement' phrase present in body
data/edgar-query/exhibits/0001856437/0001140361-21-021565_nt10022999x5_ex10-3.htm,160840,"TAX MATTERS AGREEMENT | L BRANDS, INC. , | on behalf of itself | and the members | of the L Brands Group | VICTORIA’S SECRET & CO. , | on behalf of itself | and the members | of the VS Group | Dated as of [__], 2021",false,false,true,false,0,keep,'tax receivable agreement' phrase present in body
data/edgar-query/exhibits/0001856437/0001140361-21-023188_nt10022999x8_ex10-3.htm,161028,"TAX MATTERS AGREEMENT | L BRANDS, INC. , | on behalf of itself | and the members | of the L Brands Group | VICTORIA’S SECRET & CO. , | on behalf of itself | and the members | of the VS Group | Dated as of [__], 2021",false,false,true,false,0,keep,'tax receivable agreement' phrase present in body
data/edgar-query/exhibits/0001856437/0001140361-21-026649_nt10026698x8_ex10-3.htm,179788,"TAX MATTERS AGREEMENT | L BRANDS, INC. , | on behalf of itself | and the members | of the L Brands Group | VICTORIA’S SECRET & CO. , | on behalf of itself | and the members | of the VS Group | Dated as of August 2, 2021",false,false,true,false,0,keep,'tax receivable agreement' phrase present in body
data/edgar-query/exhibits/0001856525/0001193125-21-212000_d70382dex104.htm,100167,FORM OF EXCHANGE AGREEMENT,false,true,true,false,0,keep,'tax receivable agreement' phrase present in body
data/edgar-query/exhibits/0001856525/0001193125-21-212000_d70382dex105.htm,179690,"TAX RECEIVABLE AGREEMENT | CORE & MAIN, INC., | CORE & MAIN HOLDINGS, LP | EACH STOCKHOLDER OF | CORE & MAIN, INC. LISTED ON ANNEX A",true,false,true,false,7,keep,centered title contains 'tax receivable agreement'
data/edgar-query/exhibits/0001856525/0001193125-21-212000_d70382dex106.htm,178296,"TAX RECEIVABLE AGREEMENT | CORE & MAIN, INC., | CORE & MAIN HOLDINGS, LP | EACH LIMITED PARTNER OF | CORE & MAIN HOLDINGS, LP LISTED ON ANNEX A",true,false,true,false,7,keep,centered title contains 'tax receivable agreement'
data/edgar-query/exhibits/0001856525/0001193125-21-212000_d70382dex107.htm,164508,"SECOND AMENDED AND RESTATED | AGREEMENT OF LIMITED PARTNERSHIP | CORE & MAIN HOLDINGS, LP | Dated as of [•], 2021",false,true,true,false,0,keep,'tax receivable agreement' phrase present in body
data/edgar-query/exhibits/0001856525/0001193125-21-226682_d185428dex101.htm,166642,"SECOND AMENDED AND RESTATED | AGREEMENT OF LIMITED PARTNERSHIP | CORE & MAIN HOLDINGS, LP | Dated as of July 22, 2021",false,true,true,false,0,keep,'tax receivable agreement' phrase present in body
data/edgar-query/exhibits/0001856525/0001193125-21-226682_d185428dex106.htm,170271,"TAX RECEIVABLE AGREEMENT | CORE & MAIN, INC., | CORE & MAIN HOLDINGS, LP | EACH STOCKHOLDER OF | CORE & MAIN, INC. LISTED ON ANNEX A | Dated as of July 22, 2021",true,false,true,false,7,keep,centered title contains 'tax receivable agreement'
data/edgar-query/exhibits/0001856525/0001193125-21-226682_d185428dex107.htm,178360,"TAX RECEIVABLE AGREEMENT | CORE & MAIN, INC., | CORE & MAIN HOLDINGS, LP | EACH LIMITED PARTNER OF | CORE & MAIN HOLDINGS, LP LISTED ON ANNEX A | Dated as of July 22, 2021",true,false,true,false,7,keep,centered title contains 'tax receivable agreement'
data/edgar-query/exhibits/0001856525/0001193125-21-226682_d185428dex108.htm,98809,EXCHANGE AGREEMENT,false,true,true,false,0,keep,'tax receivable agreement' phrase present in body
data/edgar-query/exhibits/0001856725/0000950170-22-005088_rani-ex10_1.htm,526137,"TAX RECEIVABLE AGREEMENT | RANI THERAPEUTICS HOLDINGS, INC. | THE PERSONS NAMED HEREIN | Dated as of August 3, 2021",true,false,true,false,7,keep,centered title contains 'tax receivable agreement'
data/edgar-query/exhibits/0001856725/0000950170-22-005088_rani-ex10_4.htm,1007299,"RANI THERAPEUTICS, LLC | FIFTH AMENDED AND RESTATED LIMITED LIABILITY COMPANY AGREEMENT Dated as of August 3, 2021",false,true,true,false,0,keep,'tax receivable agreement' phrase present in body
data/edgar-query/exhibits/0001856725/0000950170-22-016492_rani-ex10_1.htm,572891,"LOAN AND SECURITY AGREEMENT | Dated as of August 8, 2022 | RANI THERAPEUTICS, LLC, | a California limited liability company, | as “ Borrower ”, | RANI MANAGEMENT SERVICES, INC., | a Delaware corporation, and | as a guarantor | RANI THERAPEUTICS HOLDINGS, INC., | a Delaware corporation, | as a guaran",false,false,true,false,0,keep,'tax receivable agreement' phrase present in body
data/edgar-query/exhibits/0001856725/0001193125-21-217338_d151628dex101.htm,181953,"FORM OF TAX RECEIVABLE AGREEMENT | RANI THERAPEUTICS HOLDINGS, INC. | THE PERSONS NAMED HEREIN | Dated as of [ ]",true,false,true,false,7,keep,centered title contains 'tax receivable agreement'
data/edgar-query/exhibits/0001856725/0001193125-21-217338_d151628dex104.htm,351649,"RANI THERAPEUTICS, LLC | FORM OF FIFTH AMENDED AND RESTATED LIMITED LIABILITY COMPANY | AGREEMENT | Dated as of [ ], 2021",false,false,true,false,0,keep,'tax receivable agreement' phrase present in body
data/edgar-query/exhibits/0001856725/0001193125-25-241963_d38236dex101.htm,227132,SECURITIES PURCHASE AGREEMENT,false,true,true,false,0,keep,'tax receivable agreement' phrase present in body
data/edgar-query/exhibits/0001857951/0000950103-22-020910_dp185574_ex1003.htm,21113,amendment NO. 1 to the TAX RECEIVABLE AGREEMENT,true,false,true,false,1,keep,centered title contains 'tax receivable agreement'
data/edgar-query/exhibits/0001857951/0001193125-21-212480_d39834dex1021.htm,332644,"AMENDED AND RESTATED | LIMITED LIABILITY COMPANY AGREEMENT | WEBER HOLDCO LLC | Dated as of [•], 2021",false,true,true,false,0,keep,'tax receivable agreement' phrase present in body
data/edgar-query/exhibits/0001857951/0001193125-21-212480_d39834dex104.htm,171338,"TAX RECEIVABLE AGREEMENT | Weber Inc. | THE PERSONS NAMED HEREIN | Dated as of [ ], 2021",true,false,true,false,6,keep,centered title contains 'tax receivable agreement'
data/edgar-query/exhibits/0001857951/0001193125-21-243354_d205656dex101.htm,166167,"TAX RECEIVABLE AGREEMENT | Weber Inc. | THE PERSONS NAMED HEREIN | Dated as of August 9, 2021",true,false,true,false,6,keep,centered title contains 'tax receivable agreement'
data/edgar-query/exhibits/0001857951/0001193125-21-243354_d205656dex104.htm,332788,"AMENDED AND RESTATED | LIMITED LIABILITY COMPANY AGREEMENT | WEBER HOLDCO LLC | Dated as of August 9, 2021",false,true,true,false,0,keep,'tax receivable agreement' phrase present in body
data/edgar-query/exhibits/0001857951/0001628280-22-031889_webr-20220930x10kex1024.htm,62791,CONFIDENTIAL SEPARATION AND GENERAL RELEASE AGREEMENT,false,true,true,false,0,keep,'tax receivable agreement' phrase present in body
data/edgar-query/exhibits/0001857971/0001193125-21-207696_d149744dex102.htm,166997,"TAX RECEIVABLE AGREEMENT | CLARIOS INTERNATIONAL, INC. | THE PERSONS NAMED HEREIN | Dated as of [ ● ], 2021 | [●]",true,false,true,false,6,keep,centered title contains 'tax receivable agreement'
data/edgar-query/exhibits/0001857971/0001193125-22-185271_d363703dex102.htm,140591,"AMENDED AND RESTATED TAX RECEIVABLE AGREEMENT | CLARIOS INTERNATIONAL, INC. | THE PERSONS NAMED HEREIN | Dated as of June 21, 2022",true,false,true,false,5,keep,centered title contains 'tax receivable agreement'
data/edgar-query/exhibits/0001857971/0001193125-23-180567_d501461dex103.htm,146375,"THIRD AMENDED AND RESTATED TAX RECEIVABLE AGREEMENT | CLARIOS INTERNATIONAL, INC. | THE PERSONS NAMED HEREIN | Dated as of June 29, 2023",true,false,true,false,5,keep,centered title contains 'tax receivable agreement'
data/edgar-query/exhibits/0001858681/0001193125-21-315830_d168064dex1097.htm,270921,"STOCKHOLDERS AGREEMENT | dated as of [•] [•], 20[•] | APOLLO GLOBAL MANAGEMENT, INC., | LEON D. BLACK, | MARC J. ROWAN | JOSHUA J. HARRIS | THE OTHER PERSONS PARTY HERETO",false,true,true,false,0,keep,'tax receivable agreement' phrase present in body
data/edgar-query/exhibits/0001858681/0001858681-22-000029_exhibit1027q12022agm.htm,462652,"STOCKHOLDERS AGREEMENT | dated as of January 1, 2022 | APOLLO GLOBAL MANAGEMENT, INC., | LEON D. BLACK, | MARC J. ROWAN | JOSHUA J. HARRIS | THE OTHER PERSONS PARTY HERETO",false,true,true,false,0,keep,'tax receivable agreement' phrase present in body
data/edgar-query/exhibits/0001858681/0001858681-22-000029_exhibit1032q12022agm.htm,9485,"WAIVER TO AMENDED AND RESTATED TAX RECEIVABLE AGREEMENT | May 2, 2022",true,false,true,false,1,keep,centered title contains 'tax receivable agreement'
data/edgar-query/exhibits/0001859254/0001193125-21-265465_d141813dex101.htm,161497,"TAX RECEIVABLE AGREEMENT | ALLVUE SYSTEMS HOLDINGS, INC., | CERTAIN OTHER PERSONS NAMED HEREIN, | THE AGENT | DATED AS OF [●], 2021",true,false,true,false,6,keep,centered title contains 'tax receivable agreement'
data/edgar-query/exhibits/0001859254/0001193125-21-265465_d141813dex102.htm,107342,EXCHANGE AGREEMENT,false,true,true,false,0,keep,'tax receivable agreement' phrase present in body
data/edgar-query/exhibits/0001859254/0001193125-21-265465_d141813dex103.htm,313935,"BLUEFIN TOPCO, LLC | THIRD AMENDED AND RESTATED | LIMITED LIABILITY COMPANY AGREEMENT | Dated as of [•], 2021",false,true,true,false,0,keep,'tax receivable agreement' phrase present in body
data/edgar-query/exhibits/0001859285/0000950103-24-002368_dp206920_ex1001.htm,135216,SUPPORT AGREEMENT,false,true,true,false,0,keep,'tax receivable agreement' phrase present in body
data/edgar-query/exhibits/0001859285/0000950103-24-002371_dp206944_ex1001.htm,135216,SUPPORT AGREEMENT,false,true,true,false,0,keep,'tax receivable agreement' phrase present in body
data/edgar-query/exhibits/0001859285/0000950142-21-003500_eh210198436_ex1001.htm,158696,"TAX RECEIVABLE AGREEMENT | HireRight Holdings Corporation, | the TRA Parties | the TRA Party Representative | Dated as of October 28 th , 2021",true,false,true,false,5,keep,centered title contains 'tax receivable agreement'
data/edgar-query/exhibits/0001859285/0001628280-21-019751_exhibit1015-sx1.htm,192390,"TAX RECEIVABLE AGREEMENT | HireRight Holdings Corporation, | the TRA Parties | the TRA Party Representative | Dated as of [●], 2021",true,false,true,false,5,keep,centered title contains 'tax receivable agreement'
data/edgar-query/exhibits/0001859392/0001104659-22-008454_tm2127871d9_ex10-3.htm,190470,"AMENDED AND RESTATED | TAX RECEIVABLES AGREEMENT | GALAXY DIGITAL INC., | GALAXY DIGITAL HOLDINGS LP | THE PERSONS NAMED HEREIN | Dated as of [ · ], 2022 | AMENDED AND RESTATED TAX RECEIVABLES AGREEMENT",false,false,true,false,7,keep,'tax receivable agreement' phrase present in body
data/edgar-query/exhibits/0001859392/0001628280-25-015309_exhibit103-argalaxytaxrece.htm,197939,"AMENDED AND RESTATED | TAX RECEIVABLES AGREEMENT | GALAXY DIGITAL INC., | GALAXY DIGITAL HOLDINGS LP | THE PERSONS NAMED HEREIN | Dated as of [ l ], 2025 | AMENDED AND RESTATED TAX RECEIVABLES AGREEMENT",false,false,true,false,7,keep,'tax receivable agreement' phrase present in body
data/edgar-query/exhibits/0001859392/0001859392-25-000010_exhibit102argalaxytaxrecei.htm,197937,"AMENDED AND RESTATED | TAX RECEIVABLES AGREEMENT | GALAXY DIGITAL INC., | GALAXY DIGITAL HOLDINGS LP | THE PERSONS NAMED HEREIN | Dated as of May 13, 2025 | AMENDED AND RESTATED TAX RECEIVABLES AGREEMENT",false,false,true,false,7,keep,'tax receivable agreement' phrase present in body
data/edgar-query/exhibits/0001859836/0001104659-21-085941_filename4.htm,1289183,"CREDIT AGREEMENT | dated as of April 2, 2021 | BW GAS & CONVENIENCE PARENT, LLC, as Holdings | BW GAS & CONVENIENCE HOLDINGS, LLC, as Borrower | VARIOUS LENDERS | JPMORGAN CHASE BANK, N.A., as Administrative Agent | JPMORGAN CHASE BANK, N.A., BARCLAYS BANK PLC MORGAN STANLEY SENIOR FUNDING, INC. BMO",false,true,true,false,0,keep,'tax receivable agreement' phrase present in body
data/edgar-query/exhibits/0001859836/0001104659-21-117942_tm2114709d5_ex10-5.htm,1289219,"CREDIT AGREEMENT | dated as of April 2, 2021 | BW GAS & CONVENIENCE PARENT, LLC, as Holdings | BW GAS & CONVENIENCE HOLDINGS, LLC, as Borrower | VARIOUS LENDERS | JPMORGAN CHASE BANK, N.A., as Administrative Agent | JPMORGAN CHASE BANK, N.A., BARCLAYS BANK PLC MORGAN STANLEY SENIOR FUNDING, INC. BMO",false,true,true,false,0,keep,'tax receivable agreement' phrase present in body
data/edgar-query/exhibits/0001859836/0001104659-21-117942_tm2114709d8_ex10-2.htm,445458,"BW ULTIMATE PARENT LLC | THIRD AMENDED AND RESTATED LIMITED LIABILITY COMPANY AGREEMENT | Dated as of _________________, 2021",false,true,true,false,0,keep,'tax receivable agreement' phrase present in body
data/edgar-query/exhibits/0001859836/0001104659-26-012540_filename6.htm,1289176,"CREDIT AGREEMENT | dated as of April 2, 2021 | BW GAS & CONVENIENCE PARENT, LLC, as Holdings | BW GAS & CONVENIENCE HOLDINGS, LLC, as Borrower | VARIOUS LENDERS | JPMORGAN CHASE BANK, N.A., as Administrative Agent | JPMORGAN CHASE BANK, N.A., BARCLAYS BANK PLC MORGAN STANLEY SENIOR FUNDING, INC. BMO",false,true,true,false,0,keep,'tax receivable agreement' phrase present in body
data/edgar-query/exhibits/0001859836/0001104659-26-035973_tm2527636d8_ex10-1.htm,308928,"TAX RECEIVABLE AGREEMENT | YESWAY, INC. | BW ULTIMATE PARENT, LLC | THE TRA PARTIES (AS DEFINED HEREIN) | THE BROOKWOOD NOMINEE | OTHER PERSONS FROM TIME TO TIME PARTY HERETO | Dated as of [ · ], 2026",true,false,true,false,6,keep,centered title contains 'tax receivable agreement'
data/edgar-query/exhibits/0001859836/0001104659-26-035973_tm2527636d8_ex10-2.htm,514757,"BW ULTIMATE PARENT, LLC | FOURTH AMENDED AND RESTATED LIMITED LIABILITY COMPANY AGREEMENT | Dated as of [ · ], 2026",false,true,true,false,0,keep,'tax receivable agreement' phrase present in body
data/edgar-query/exhibits/0001859836/0001104659-26-035973_tm2527636d8_ex10-5.htm,1289212,"CREDIT AGREEMENT | dated as of April 2, 2021 | BW GAS & CONVENIENCE PARENT, LLC, as Holdings | BW GAS & CONVENIENCE HOLDINGS, LLC, as Borrower | VARIOUS LENDERS | JPMORGAN CHASE BANK, N.A., as Administrative Agent | JPMORGAN CHASE BANK, N.A., BARCLAYS BANK PLC MORGAN STANLEY SENIOR FUNDING, INC. BMO",false,true,true,false,0,keep,'tax receivable agreement' phrase present in body
data/edgar-query/exhibits/0001859836/0001104659-26-049520_tm2527636d21_ex10-1.htm,300703,"TAX RECEIVABLE AGREEMENT | YESWAY, INC. | BW ULTIMATE PARENT, LLC | THE TRA PARTIES (AS DEFINED HEREIN) | THE BROOKWOOD NOMINEE | OTHER PERSONS FROM TIME TO TIME PARTY HERETO | Dated as of April 21, 2026",true,false,true,false,6,keep,centered title contains 'tax receivable agreement'
data/edgar-query/exhibits/0001859836/0001104659-26-049520_tm2527636d21_ex10-2.htm,442038,"BW ULTIMATE PARENT, LLC | FOURTH AMENDED AND RESTATED LIMITED LIABILITY COMPANY AGREEMENT | Dated as of April 21, 2026",false,true,true,false,0,keep,'tax receivable agreement' phrase present in body
data/edgar-query/exhibits/0001861681/0001104659-21-095668_tm2115868d13_ex10-6.htm,172802,FORM OF TAX RECEIVABLES AGREEMENT,false,false,false,false,6,keep,6 TRA-specific defined terms present
data/edgar-query/exhibits/0001861795/0000950170-21-003484_dh-ex10_10.htm,535341,"TAX RECEIVABLE AGREEMENT | DEFINITIVE HEALTHCARE CORP. | AIDH TOPCO, LLC | the several TRA HOLDERS (as defined herein) | OTHER TRA HOLDERS | FROM TIME TO TIME PARTY HERETO | Dated as of September 14, 2021",true,false,true,false,7,keep,centered title contains 'tax receivable agreement'
data/edgar-query/exhibits/0001861795/0000950170-21-003484_dh-ex10_8.htm,372198,REORGANIZATION AGREEMENT,false,false,true,false,0,keep,'tax receivable agreement' phrase present in body
data/edgar-query/exhibits/0001861795/0001193125-21-252899_d127783dex1012.htm,55809,REORGANIZATION AGREEMENT,false,false,true,false,0,keep,'tax receivable agreement' phrase present in body
data/edgar-query/exhibits/0001861795/0001193125-21-252899_d127783dex1014.htm,190023,"TAX RECEIVABLE AGREEMENT | DEFINITIVE HEALTHCARE CORP. | AIDH TOPCO, LLC | the several TRA HOLDERS (as defined herein) | OTHER TRA HOLDERS | FROM TIME TO TIME PARTY HERETO | Dated as of [Month] [ ], 2021",true,false,true,false,6,keep,centered title contains 'tax receivable agreement'
data/edgar-query/exhibits/0001862068/0001829126-22-016045_rubicontech_ex10-10.htm,311024,"TAX RECEIVABLE AGREEMENT | August 15, 2022",true,false,true,false,8,keep,centered title contains 'tax receivable agreement'
data/edgar-query/exhibits/0001862068/0001829126-22-016045_rubicontech_ex10-9.htm,609464,"EIGHTH AMENDED AND RESTATED | LIMITED LIABILITY COMPANY AGREEMENT | RUBICON TECHNOLOGIES HOLDINGS, LLC | a Delaware limited liability company | dated as of August 15, 2022",false,true,true,false,1,keep,'tax receivable agreement' phrase present in body
data/edgar-query/exhibits/0001862068/0001829126-24-008099_rubicontech_ex10-1.htm,325064,SECURITIES PURCHASE AGREEMENT,false,true,true,false,0,keep,'tax receivable agreement' phrase present in body
data/edgar-query/exhibits/0001862068/0001829126-24-008099_rubicontech_ex10-4.htm,768859,"LOAN AND SECURITY AGREEMENT | Dated as of December 3, 2024 | RUBICON GLOBAL, LLC, | CLEANCO LLC, | CHARTER WASTE MANAGEMENT, INC., | RIVERROAD WASTE SOLUTIONS, INC., | as Borrowers | any other Borrower party hereto from time to time , | Rubicon Technologies, Inc. , | as Parent | any other Guarantor ",false,false,true,false,0,keep,'tax receivable agreement' phrase present in body
data/edgar-query/exhibits/0001862461/0001104659-26-049647_tm2612777d5_ex10-1.htm,115935,VOTING AND SUPPORT AGREEMENT,false,true,true,false,0,keep,'tax receivable agreement' phrase present in body
data/edgar-query/exhibits/0001862461/0001104659-26-049647_tm2612777d5_ex10-3.htm,99210,VOTING AND SUPPORT AGREEMENT,false,true,true,false,0,keep,'tax receivable agreement' phrase present in body
data/edgar-query/exhibits/0001865187/0001140361-21-026489_filename2.htm,1077612,"SECOND AMENDED AND RESTATED CREDIT AGREEMENT | dated as of April 1, 2021 | SOLARIS MIDSTREAM HOLDINGS, LLC, | The Lenders From Time to Time Party Hereto | WELLS FARGO BANK, NATIONAL ASSOCIATION, as Administrative Agent and Lead Arranger",false,true,true,false,0,keep,'tax receivable agreement' phrase present in body
data/edgar-query/exhibits/0001865187/0001140361-21-032208_nt10025419x7_ex10-2.htm,210761,"TAX RECEIVABLE AGREEMENT | ARIS WATER SOLUTIONS, INC. | THE TRA HOLDERS | listed on Schedule A hereof | DATED AS OF , 2021 | TAX RECEIVABLE AGREEMENT",true,false,true,false,6,keep,centered title contains 'tax receivable agreement'
data/edgar-query/exhibits/0001865187/0001140361-21-032208_nt10025419x7_ex10-4.htm,1077648,"SECOND AMENDED AND RESTATED CREDIT AGREEMENT | dated as of April 1, 2021 | SOLARIS MIDSTREAM HOLDINGS, LLC, | The Lenders From Time to Time Party Hereto | WELLS FARGO BANK, NATIONAL ASSOCIATION, as Administrative Agent and Lead Arranger",false,true,true,false,0,keep,'tax receivable agreement' phrase present in body
data/edgar-query/exhibits/0001865187/0001140361-21-034016_nt10025419x8_ex10-1.htm,467142,"FOURTH AMENDED AND RESTATED | LIMITED LIABILITY COMPANY AGREEMENT | SOLARIS MIDSTREAM HOLDINGS, LLC | DATED AS OF [●], 2021",false,true,true,false,0,keep,'tax receivable agreement' phrase present in body
data/edgar-query/exhibits/0001865187/0001140361-21-035664_nt10025419x24_ex10-1.htm,422263,"FOURTH AMENDED AND RESTATED | LIMITED LIABILITY COMPANY AGREEMENT | SOLARIS MIDSTREAM HOLDINGS, LLC | DATED AS OF OCTOBER 26, 2021",false,true,true,false,0,keep,'tax receivable agreement' phrase present in body
data/edgar-query/exhibits/0001865187/0001140361-21-035664_nt10025419x24_ex10-13.htm,276989,"TAX RECEIVABLE AGREEMENT | ARIS WATER SOLUTIONS , INC . | THE TRA HOLDERS | listed on Schedule A hereof | DATED AS OF OCTOBER 26, 2021 | TAX RECEIVABLE AGREEMENT",true,false,true,false,6,keep,centered title contains 'tax receivable agreement'
data/edgar-query/exhibits/0001865187/0001193125-25-175424_d202847dex102.htm,45827,TAX RECEIVABLE AGREEMENT AMENDMENT,true,false,true,false,1,keep,centered title contains 'tax receivable agreement'
data/edgar-query/exhibits/0001865187/0001423902-25-000065_wes2025q28-kxex102.htm,78022,TAX RECEIVABLE AGREEMENT AMENDMENT,true,false,true,false,1,keep,centered title contains 'tax receivable agreement'
data/edgar-query/exhibits/0001865506/0001213900-24-024166_ea020202901ex10-10_zeoenergy.htm,176994,"TAX RECEIVABLE AGREEMENT | ZEO ENERGY CORP., | CERTAIN OTHER PERSONS NAMED HEREIN, | AGENT | DATED AS OF MARCH 13, 2024 | TAX RECEIVABLE AGREEMENT",true,false,true,false,6,keep,centered title contains 'tax receivable agreement'
data/edgar-query/exhibits/0001865506/0001213900-24-024166_ea020202901ex10-8_zeoenergy.htm,762444,"AMENDED AND RESTATED | LIMITED LIABILITY COMPANY AGREEMENT | ESGEN OPCO, LLC | A Delaware limited liability company | dated as of March 13, 2024",false,true,true,false,1,keep,'tax receivable agreement' phrase present in body
data/edgar-query/exhibits/0001865597/0001193125-21-295667_d132904dex1010.htm,123836,"STOCKHOLDERS AGREEMENT | ENSEMBLE HEALTH PARTNERS, INC. | THE STOCKHOLDERS PARTY HERETO | DATED AS OF [ ], 2021",false,true,true,false,0,keep,'tax receivable agreement' phrase present in body
data/edgar-query/exhibits/0001865597/0001193125-21-295667_d132904dex107.htm,362332,"SECOND AMENDED AND RESTATED | LIMITED LIABILITY COMPANY AGREEMENT | ENSEMBLE HEALTH PARTNERS HOLDINGS, LLC | Dated as of [ ], 2021",false,true,true,false,2,keep,'tax receivable agreement' phrase present in body
data/edgar-query/exhibits/0001865597/0001193125-21-295667_d132904dex108.htm,164413,"TAX RECEIVABLE AGREEMENT | ENSEMBLE HEALTH PARTNERS, INC., | ENSEMBLE HEALTH PARTNERS HOLDINGS, LLC, | the several EXCHANGE TRA PARTIES (as defined herein), | the several REORGANIZATION TRA PARTIES (as defined herein), | and the BSMH NOMINEE (as defined herein) | the GOLDEN GATE NOMINEE (as defined ",true,false,true,false,6,keep,centered title contains 'tax receivable agreement'
data/edgar-query/exhibits/0001866368/0001104659-25-003010_tm251420d4_ex10-1.htm,54823,AMENDMENT NO. 1 TO | THE TAX RECEIVABLE AGREEMENT,true,false,true,false,1,keep,centered title contains 'tax receivable agreement'
data/edgar-query/exhibits/0001866368/0001193125-21-268648_d179113dex1020.htm,914460,"CERTAIN IDENTIFIED INFORMATION HAS BEEN EXCLUDED FROM THE EXHIBIT BECAUSE IT IS BOTH NOT MATERIAL AND WOULD LIKELY CAUSE COMPETITIVE HARM TO THE REGISTRANT IF PUBLICLY DISCLOSED. [***] INDICATES THAT INFORMATION HAS BEEN REDACTED | CREDIT AGREEMENT | consisting of | a $55,000,000 | Term Loan Facilit",false,true,true,false,0,keep,'tax receivable agreement' phrase present in body
data/edgar-query/exhibits/0001866368/0001193125-21-272296_d179113dex1017.htm,16310,TRA BONUS AGREEMENT,false,false,true,false,1,keep,'tax receivable agreement' phrase present in body
data/edgar-query/exhibits/0001866368/0001193125-21-272296_d179113dex102.htm,194050,"TAX RECEIVABLE AGREEMENT | CLEARWATER ANALYTICS HOLDINGS, INC. | THE PERSONS NAMED HEREIN | Dated as of [__________, 2021]",true,false,true,false,6,keep,centered title contains 'tax receivable agreement'
data/edgar-query/exhibits/0001866368/0001193125-21-285647_d220845dex103.htm,214148,"TAX RECEIVABLE AGREEMENT | CLEARWATER ANALYTICS HOLDINGS, INC. | THE PERSONS NAMED HEREIN | Dated as of September 28, 2021",true,false,true,false,6,keep,centered title contains 'tax receivable agreement'
data/edgar-query/exhibits/0001866368/0001193125-21-285647_d220845dex104.htm,384560,"CWAN HOLDINGS, LLC | THIRD AMENDED AND RESTATED LIMITED LIABILITY COMPANY AGREEMENT | Dated as of September 28, 2021",false,true,true,false,0,keep,'tax receivable agreement' phrase present in body
data/edgar-query/exhibits/0001866368/0001193125-21-285647_d220845dex105.htm,919723,"CREDIT AGREEMENT | consisting of | a $55,000,000 | Term Loan Facility, | a $125,000,000 | Revolving Credit Facility | effective as of | September 28, 2021 | CWAN ACQUISITION, LLC, | as Holdings | CLEARWATER ANALYTICS, LLC, | as the Borrower | The Lenders and Issuing Banks Party Hereto from Time to T",false,true,true,false,0,keep,'tax receivable agreement' phrase present in body
data/edgar-query/exhibits/0001866368/0001193125-21-285647_d220845dex106.htm,16439,TRA BONUS AGREEMENT,false,false,true,false,1,keep,'tax receivable agreement' phrase present in body
data/edgar-query/exhibits/0001866368/0001193125-25-087277_d926858dex101.htm,1175124,"CREDIT AGREEMENT | April 21, 2025 | CWAN ACQUISITION, LLC , | as Holdings | CLEARWATER ANALYTICS, LLC , | as the Borrower | THE LENDERS AND ISSUING BANKS PARTY HERETO FROM TIME TO TIME | JPMORGAN CHASE BANK, N.A. , | as Administrative Agent and Collateral Agent, | JPMORGAN CHASE BANK, N.A. , | as an",false,true,true,false,0,keep,'tax receivable agreement' phrase present in body
data/edgar-query/exhibits/0001866368/0001628280-23-027534_a2023sofrtransition-jpmc.htm,720185,"Execution Version AMENDMENT NO. 1 THIS AMENDMENT NO. 1 (this “Agreement”), dated as of June 22, 2023, is entered into among CWAN ACQUISITION, LLC, a Delaware limited liability company (“Holdings”), CLEARWATER ANALYTICS, LLC, a Delaware limited liability company (the “Borrower”), JPMORGAN CHASE BANK,",false,true,true,false,0,keep,'tax receivable agreement' phrase present in body
data/edgar-query/exhibits/0001866368/0001628280-24-007825_amendmentno1ofcreditagre.htm,720187,"Execution Version AMENDMENT NO. 1 THIS AMENDMENT NO. 1 (this “Agreement”), dated as of June 22, 2023, is entered into among CWAN ACQUISITION, LLC, a Delaware limited liability company (“Holdings”), CLEARWATER ANALYTICS, LLC, a Delaware limited liability company (the “Borrower”), JPMORGAN CHASE BANK,",false,true,true,false,0,keep,'tax receivable agreement' phrase present in body
data/edgar-query/exhibits/0001866368/0001628280-24-045726_clearwater-amendmenttotrae.htm,115541,AMENDMENT NO. 1 TO THE TAX RECEIVABLE AGREEMENT,true,false,true,false,0,keep,centered title contains 'tax receivable agreement'
data/edgar-query/exhibits/0001866368/0001628280-24-045729_clearwater-amendmenttotrae.htm,115541,AMENDMENT NO. 1 TO THE TAX RECEIVABLE AGREEMENT,true,false,true,false,0,keep,centered title contains 'tax receivable agreement'
data/edgar-query/exhibits/0001866581/0001628280-21-018116_exhibit101-sx1a1.htm,473225,"DUTCH MAFIA, LLC | THIRD AMENDED AND RESTATED LIMITED LIABILITY COMPANY AGREEMENT | Dated as of [ ]",false,true,true,false,0,keep,'tax receivable agreement' phrase present in body
data/edgar-query/exhibits/0001866581/0001628280-21-018116_exhibit105-sx1a1.htm,236375,TAX RECEIVABLE AGREEMENT (Reorganization) | DUTCH BROS INC. | THE PERSONS NAMED HEREIN | Dated as of [ ] | TAX RECEIVABLE AGREEMENT,true,false,true,false,6,keep,centered title contains 'tax receivable agreement'
data/edgar-query/exhibits/0001866581/0001628280-21-018116_exhibit106-sx1a1.htm,254158,TAX RECEIVABLE AGREEMENT (Exchanges) | DUTCH BROS INC. | THE PERSONS NAMED HEREIN | Dated as of [ ] | TAX RECEIVABLE AGREEMENT,true,false,true,false,7,keep,centered title contains 'tax receivable agreement'
data/edgar-query/exhibits/0001866581/0001628280-21-018861_exhibit101-8xk.htm,495494,"DUTCH MAFIA, LLC | THIRD AMENDED AND RESTATED LIMITED LIABILITY COMPANY AGREEMENT | Dated as of September 14, 2021",false,true,true,false,0,keep,'tax receivable agreement' phrase present in body
data/edgar-query/exhibits/0001866581/0001628280-21-018861_exhibit102-8xk.htm,239334,"TAX RECEIVABLE AGREEMENT (Reorganization) | DUTCH BROS INC. | THE PERSONS NAMED HEREIN | Dated as of September 14, 2021 | TAX RECEIVABLE AGREEMENT",true,false,true,false,6,keep,centered title contains 'tax receivable agreement'
data/edgar-query/exhibits/0001866581/0001628280-21-018861_exhibit103-8xk.htm,257794,"TAX RECEIVABLE AGREEMENT (Exchanges) | DUTCH BROS INC. | THE PERSONS NAMED HEREIN | Dated as of September 14, 2021 | TAX RECEIVABLE AGREEMENT",true,false,true,false,7,keep,centered title contains 'tax receivable agreement'
data/edgar-query/exhibits/0001866581/0001866581-24-000175_dutchmafiallcfourthamend.htm,224592,"299360196 v9 1 DUTCH MAFIA, LLC FOURTH AMENDED AND RESTATED LIMITED LIABILITY COMPANY AGREEMENT Dated as of May 16, 2024 THE UNITS REPRESENTED BY THIS FOURTH AMENDED AND RESTATED LIMITED LIABILITY COMPANY AGREEMENT HAVE NOT BEEN REGISTERED UNDER THE UNITED STATES SECURITIES ACT OF 1933, AS AMENDED, ",true,false,true,false,0,keep,centered title contains 'tax receivable agreement'
data/edgar-query/exhibits/0001866581/0001866581-25-000048_exh1012025-02x07dutchmaf.htm,232178,"310896661 v13 1 DUTCH MAFIA, LLC FIFTH AMENDED AND RESTATED LIMITED LIABILITY COMPANY AGREEMENT Dated as of February 7, 2025 THE UNITS REPRESENTED BY THIS FIFTH AMENDED AND RESTATED LIMITED LIABILITY COMPANY AGREEMENT HAVE NOT BEEN REGISTERED UNDER THE UNITED STATES SECURITIES ACT OF 1933, AS AMENDE",true,false,true,false,0,keep,centered title contains 'tax receivable agreement'
data/edgar-query/exhibits/0001866581/0001866581-25-000174_jpm_dutchbrosx2ndarcax2n.htm,609902,"EXECUTION VERSION 780515116.15 SECOND AMENDED AND RESTATED CREDIT AGREEMENT dated as of May 29, 2025 among DUTCH BROS., LLC, DB FRANCHISING USA, LLC and BOERSMA BROS. LLC, as Borrowers, The Other Loan Parties Party Hereto, The Lenders Party Hereto and JPMORGAN CHASE BANK, N.A., as Administrative Age",false,true,true,false,0,keep,'tax receivable agreement' phrase present in body
data/edgar-query/exhibits/0001866757/0001193125-21-272138_d64351dex104.htm,111958,THIRD AMENDMENT TO | LOAN AND SECURITY AGREEMENT,false,false,true,false,0,keep,'tax receivable agreement' phrase present in body
data/edgar-query/exhibits/0001866757/0001193125-21-272138_d64351dex105.htm,190718,"TAX RECEIVABLE AGREEMENT | BRILLIANT EARTH GROUP, INC. | BRILLIANT EARTH, LLC | THE MEMBERS OF BRILLIANT EARTH, LLC | FROM TIME TO TIME PARTY HERETO | Dated as [ ● ], 2021",true,false,true,false,6,keep,centered title contains 'tax receivable agreement'
data/edgar-query/exhibits/0001866757/0001193125-21-272138_d64351dex106.htm,392237,"BRILLIANT EARTH, LLC | AMENDED AND RESTATED | LIMITED LIABILITY COMPANY AGREEMENT | Dated as of [ • ], 2021",false,true,true,false,0,keep,'tax receivable agreement' phrase present in body
data/edgar-query/exhibits/0001866757/0001193125-21-284281_d61525dex101.htm,472157,"BRILLIANT EARTH, LLC | AMENDED AND RESTATED | LIMITED LIABILITY COMPANY AGREEMENT | Dated as of September 22, 2021",false,true,true,false,0,keep,'tax receivable agreement' phrase present in body
data/edgar-query/exhibits/0001866757/0001193125-21-284281_d61525dex102.htm,186016,"TAX RECEIVABLE AGREEMENT | BRILLIANT EARTH GROUP, INC. | BRILLIANT EARTH, LLC | THE MEMBERS OF BRILLIANT EARTH, LLC | FROM TIME TO TIME PARTY HERETO | Dated as September 22, 2021",true,false,true,false,6,keep,centered title contains 'tax receivable agreement'
data/edgar-query/exhibits/0001866757/0001866757-22-000155_v2creditagreement-brilli.htm,655163,"",false,false,true,false,0,keep,'tax receivable agreement' phrase present in body
data/edgar-query/exhibits/0001866757/0001866757-24-000040_exh1015combined1afirstam.htm,677368,"",false,false,true,false,0,keep,'tax receivable agreement' phrase present in body
data/edgar-query/exhibits/0001866757/0001866757-25-000038_exhibit1017amendmentno1t.htm,10174,"Amendment No. 1 to Tax Receivable Agreement Dated As of September 22, 2021 Amendment No.1 to the Tax Receivable Agreement (the “Agreement”) Dated As of September 22, 2021 By and Among Brilliant Earth Group, Inc., a Delaware corporation (the “Corporation”), Brilliant Earth, LLC, a Delaware limited li",true,false,true,false,0,keep,centered title contains 'tax receivable agreement'
data/edgar-query/exhibits/0001868726/0001193125-21-259313_d164089dex103.htm,126698,"FORM OF INCOME TAX RECEIVABLE AGREEMENT | Dated as of [ ], 2021",true,false,true,true,5,keep,centered title contains 'tax receivable agreement'
data/edgar-query/exhibits/0001868726/0001193125-26-126362_d119132dex101.htm,49674,LIMITED WAIVER AND AMENDMENT,false,false,true,true,1,keep,'tax receivable agreement' phrase present in body
data/edgar-query/exhibits/0001868726/0001868726-21-000010_ex102-incometaxreceivablea.htm,281842,"INCOME TAX RECEIVABLE AGREEMENT | Dated as of September 29, 2021",true,false,true,true,6,keep,centered title contains 'tax receivable agreement'
data/edgar-query/exhibits/0001868726/0001868726-22-000008_exhibit101debtagreement.htm,2267471,"CREDIT AGREEMENT | Dated as of February 23, 2022 | OLAPLEX, INC., | as the Borrower, | PENELOPE INTERMEDIATE CORP., as Holdings, THE FINANCIAL INSTITUTIONS PARTY HERETO | as Lenders and Issuing Banks, | GOLDMAN SACHS BANK USA, | as Administrative Agent, an Issuing Bank and the Swingline Lender | ___",false,true,true,false,0,keep,'tax receivable agreement' phrase present in body
data/edgar-query/exhibits/0001868912/0001104659-25-002843_tm251420d1_ex10-1.htm,54823,AMENDMENT NO. 1 TO | THE TAX RECEIVABLE AGREEMENT,true,false,true,false,1,keep,centered title contains 'tax receivable agreement'
data/edgar-query/exhibits/0001868912/0001558370-21-013111_tmb-20211004xex10d15.htm,1226983,"SENIOR SECURED CREDIT FACILITIES | AMENDED AND RESTATED CREDIT AGREEMENT | dated as of October [__], 2021, | ENFUSION, INC., | as Holdings, | ENFUSION LTD. LLC , | as Borrower, | THE SEVERAL LENDERS FROM TIME TO TIME PARTY HERETO , | SILICON VALLEY BANK , | as Administrative Agent, Issuing Lender an",false,true,true,false,0,keep,'tax receivable agreement' phrase present in body
data/edgar-query/exhibits/0001868912/0001558370-21-013111_tmb-20211004xex10d2.htm,494549,"ENFUSION LTD. LLC | SEVENTH AMENDED AND RESTATED OPERATING AGREEMENT | Dated as of [_____], 2021",false,true,true,false,0,keep,'tax receivable agreement' phrase present in body
data/edgar-query/exhibits/0001868912/0001558370-21-013111_tmb-20211004xex10d3.htm,290888,"TAX RECEIVABLE AGREEMENT | ​ | ​ | ENFUSION, INC. | THE PERSONS NAMED HEREIN | Dated as of [], 2021",true,false,true,false,6,keep,centered title contains 'tax receivable agreement'
data/edgar-query/exhibits/0001868912/0001558370-22-004676_enfn-20211231xex10d13.htm,1243006,"SENIOR SECURED CREDIT FACILITIES | AMENDED AND RESTATED CREDIT AGREEMENT | dated as of October 19, 2021, | ENFUSION, INC., | as Holdings, | ENFUSION LTD. LLC , | as Borrower, | THE SEVERAL LENDERS FROM TIME TO TIME PARTY HERETO , | SILICON VALLEY BANK , | as Administrative Agent, Issuing Lender and ",false,true,true,false,0,keep,'tax receivable agreement' phrase present in body
data/edgar-query/exhibits/0001868912/0001558370-22-004676_enfn-20211231xex10d2.htm,520479,"ENFUSION LTD. LLC | SEVENTH AMENDED AND RESTATED OPERATING AGREEMENT | Dated as of October 19, 2021",false,true,true,false,0,keep,'tax receivable agreement' phrase present in body
data/edgar-query/exhibits/0001868912/0001558370-22-004676_enfn-20211231xex10d3.htm,318358,"TAX RECEIVABLE AGREEMENT | ​ | ​ | ENFUSION, INC. | THE PERSONS NAMED HEREIN | Dated as of October 19, 2021",true,false,true,false,6,keep,centered title contains 'tax receivable agreement'
data/edgar-query/exhibits/0001868912/0001558370-23-015842_enfn-20230915xex10d1.htm,1377828,"CREDIT AGREEMENT | Dated as of September 15, 2023 | ENFUSION LTD. LLC, | as the Borrower, | ENFUSION, INC., | as Parent, | CERTAIN SUBSIDIARIES OF PARENT PARTY HERETO, | as the Guarantors, | BANK OF AMERICA, N.A., | as Administrative Agent, Swing Line Lender and | L/C Issuer, | THE LENDERS PARTY HER",false,true,true,false,1,keep,'tax receivable agreement' phrase present in body
data/edgar-query/exhibits/0001868912/0001558370-24-011093_enfn-20240630xex10d2.htm,56974,ENFUSION LTD. LLC | AMENDMENT NO. 1 TO | SEVENTH AMENDED AND RESTATED | OPERATING AGREEMENT,false,true,true,false,0,keep,'tax receivable agreement' phrase present in body
data/edgar-query/exhibits/0001868941/0001104659-21-127372_tm2120236d12_ex10-1.htm,191543,"TAX RECEIVABLE AGREEMENT | FLUENCE ENERGY, INC., | FLUENCE ENERGY, LLC, | the several TRA PARTIES (as defined herein), | OTHER PERSONS FROM TIME TO TIME PARTY HERETO | Dated as of [______]",true,false,true,false,6,keep,centered title contains 'tax receivable agreement'
data/edgar-query/exhibits/0001868941/0001104659-21-127372_tm2120236d12_ex10-14.htm,1076113,"REVOLVING CREDIT AGREEMENT | [_], 2021 among | FLUENCE ENERGY, LLC, | as the Borrower, | FLUENCE ENERGY, INC., | as the Parent | THE GUARANTORS PARTY HERETO | The Lenders Party Hereto | JPMORGAN CHASE BANK, N.A., | as Administrative Agent | JPMORGAN CHASE BANK, N.A., | MORGAN STANLEY SENIOR FUNDING,",false,true,true,false,0,keep,'tax receivable agreement' phrase present in body
data/edgar-query/exhibits/0001868941/0001104659-21-127372_tm2120236d12_ex10-2.htm,399919,"THIRD AMENDED AND RESTATED LIMITED LIABILITY COMPANY AGREEMENT of FLUENCE ENERGY, LLC Dated as of [ · ], 2021",false,true,true,false,0,keep,'tax receivable agreement' phrase present in body
data/edgar-query/exhibits/0001868941/0001104659-21-133771_tm2120236d16_ex10-1.htm,406618,"THIRD AMENDED AND RESTATED | LIMITED LIABILITY COMPANY AGREEMENT | FLUENCE ENERGY, LLC | Dated as of October 27, 2021",false,true,true,false,0,keep,'tax receivable agreement' phrase present in body
data/edgar-query/exhibits/0001868941/0001104659-21-133771_tm2120236d16_ex10-2.htm,199309,"TAX RECEIVABLE AGREEMENT | FLUENCE ENERGY, INC., | FLUENCE ENERGY, LLC, | the several TRA PARTIES (as defined herein), | OTHER PERSONS FROM TIME TO TIME PARTY HERETO | Dated as of October 27, 2021",true,false,true,false,6,keep,centered title contains 'tax receivable agreement'
data/edgar-query/exhibits/0001868941/0001104659-26-039628_tm2610909d1_ex10-1.htm,1447625,AMENDMENT NUMBER FOUR TO SYNDICATED FACILITY AGREEMENT,false,false,true,false,0,keep,'tax receivable agreement' phrase present in body
data/edgar-query/exhibits/0001868941/0001868941-21-000012_ex1014_revolvingcreditag.htm,763433,"WEIL:\98045789\25\64101.0067 EXECUTION VERSION REVOLVING CREDIT AGREEMENT dated as of November 1, 2021 among FLUENCE ENERGY, LLC, as the Borrower, FLUENCE ENERGY, INC., as the Parent THE GUARANTORS PARTY HERETO THE LENDERS PARTY HERETO and JPMORGAN CHASE BANK, N.A., as Administrative Agent JPMORGAN ",true,false,true,false,0,keep,centered title contains 'tax receivable agreement'
data/edgar-query/exhibits/0001868941/0001868941-23-000061_exhibit101-conformedamendm.htm,1449819,AMENDMENT NO. 2 TO REVOLVING CREDIT AGREEMENT,false,true,true,false,0,keep,'tax receivable agreement' phrase present in body
data/edgar-query/exhibits/0001868941/0001868941-23-000077_exhibit101-creditagreement.htm,1498678,"SYNDICATED FACILITY AGREEMENT | November 22, 2023 | FLUENCE ENERGY, LLC, | as the Parent Borrower | THE OTHER BORROWERS PARTY HERETO | FLUENCE ENERGY, INC., | as the Parent | THE OTHER GUARANTORS PARTY HERETO | THE LENDERS PARTY HERETO | BARCLAYS BANK PLC, as Administrative Agent | BARCLAYS BANK PLC",false,false,true,false,0,keep,'tax receivable agreement' phrase present in body
data/edgar-query/exhibits/0001868941/0001868941-24-000045_exhibit103-amendmentno2tot.htm,1626355,AMENDMENT NUMBER TWO TO SYNDICATED FACILITY AGREEMENT,false,false,true,false,0,keep,'tax receivable agreement' phrase present in body
data/edgar-query/exhibits/0001869113/0000950131-21-005238_filename5.htm,168312,"TAX RECEIVABLE AGREEMENT | [•], 2021",true,false,true,false,7,keep,centered title contains 'tax receivable agreement'
data/edgar-query/exhibits/0001870600/0001193125-21-302715_d153461dex101.htm,178449,"TAX RECEIVABLE AGREEMENT | SOLO BRANDS, INC., | SOLO STOVE HOLDINGS, LLC, | THE TRA REPRESENTATIVES, | THE TRA PARTIES OF SOLO STOVE HOLDINGS, LLC FROM TIME TO TIME | PARTY HERETO | Dated as of [______]",true,false,true,false,7,keep,centered title contains 'tax receivable agreement'
data/edgar-query/exhibits/0001870600/0001193125-21-302715_d153461dex104.htm,397507,"SOLO STOVE HOLDINGS, LLC | AMENDED AND RESTATED | LIMITED LIABILITY COMPANY AGREEMENT | Dated as of [ 🌑 ], 2021",false,true,true,false,0,keep,'tax receivable agreement' phrase present in body
data/edgar-query/exhibits/0001870600/0001870600-21-000010_exhibit101-taxreceivableag.htm,288083,"TAX RECEIVABLE AGREEMENT | SOLO BRANDS, INC., | SOLO STOVE HOLDINGS, LLC, | THE TRA REPRESENTATIVES, | THE TRA PARTIES OF SOLO STOVE HOLDINGS, LLC FROM TIME TO TIME | PARTY HERETO | Dated as of October 27, 2021",true,false,true,false,7,keep,centered title contains 'tax receivable agreement'
data/edgar-query/exhibits/0001870600/0001870600-21-000010_exhibit102-llcagreement.htm,751046,"SOLO STOVE HOLDINGS, LLC | AMENDED AND RESTATED LIMITED LIABILITY COMPANY AGREEMENT | Dated as of October 27, 2021",false,true,true,false,0,keep,'tax receivable agreement' phrase present in body
data/edgar-query/exhibits/0001870997/0001104659-21-119310_tm2122068d11_ex10-2.htm,205852,"TAX MATTERS AGREEMENT | Alliance Data Systems Corporation, on behalf of itself and the members of the ADS Group, and Loyalty Ventures Inc., on behalf of itself and the members of the Loyalty Ventures Group | Dated as of [ · ], 2021",false,false,true,false,0,keep,'tax receivable agreement' phrase present in body
data/edgar-query/exhibits/0001870997/0001870997-21-000009_exhibit_10-2.htm,224031,"TAX MATTERS AGREEMENT | Alliance Data Systems Corporation, | on behalf of itself and the members of the ADS Group, | Loyalty Ventures Inc., | on behalf of itself and the members of the Loyalty Ventures Group | Dated as of November 5, 2021",false,false,true,false,0,keep,'tax receivable agreement' phrase present in body
data/edgar-query/exhibits/0001871149/0001193125-21-297036_d187927dex101.htm,135254,"TAX RECEIVABLE AGREEMENT | THE REAL GOOD FOOD COMPANY, INC., | THE TRA HOLDERS, | THE TRA HOLDER REPRESENTATIVE",true,false,true,false,4,keep,centered title contains 'tax receivable agreement'
data/edgar-query/exhibits/0001871149/0001193125-21-297036_d187927dex103.htm,290705,"REAL GOOD FOODS, LLC | LIMITED LIABILITY COMPANY AGREEMENT | Dated as of , 2021",false,true,true,false,0,keep,'tax receivable agreement' phrase present in body
data/edgar-query/exhibits/0001871149/0001193125-21-297036_d187927dex107.htm,126654,EXCHANGE AGREEMENT,false,true,true,false,0,keep,'tax receivable agreement' phrase present in body
data/edgar-query/exhibits/0001871149/0001193125-21-310289_d187927dex103.htm,342102,"REAL GOOD FOODS, LLC | LIMITED LIABILITY COMPANY AGREEMENT | Dated as of , 2021",false,true,true,false,0,keep,'tax receivable agreement' phrase present in body
data/edgar-query/exhibits/0001871149/0001193125-21-330143_d626776dex101.htm,134836,"TAX RECEIVABLE AGREEMENT | THE REAL GOOD FOOD COMPANY, INC., | THE TRA HOLDERS, | THE TRA HOLDER REPRESENTATIVE",true,false,true,false,4,keep,centered title contains 'tax receivable agreement'
data/edgar-query/exhibits/0001871149/0001193125-21-330143_d626776dex103.htm,152775,EXCHANGE AGREEMENT,false,true,true,false,0,keep,'tax receivable agreement' phrase present in body
data/edgar-query/exhibits/0001871149/0001193125-21-330143_d626776dex104.htm,333909,"REAL GOOD FOODS, LLC | LIMITED LIABILITY COMPANY AGREEMENT | Dated as of November 4, 2021",false,true,true,false,0,keep,'tax receivable agreement' phrase present in body
data/edgar-query/exhibits/0001871149/0001193125-24-226945_d855258dex101.htm,291677,"REAL GOOD FOODS, LLC | AMENDED AND RESTATED | LIMITED LIABILITY COMPANY AGREEMENT | Dated as of September 20, 2024",false,true,true,false,0,keep,'tax receivable agreement' phrase present in body
data/edgar-query/exhibits/0001871149/0001193125-24-226945_d855258dex107.htm,166959,"FIRST RESTATED AND AMENDED | TAX RECEIVABLE AGREEMENT | THE REAL GOOD FOOD COMPANY, INC., | THE TRA HOLDERS, | THE TRA HOLDER REPRESENTATIVE",true,false,true,false,4,keep,centered title contains 'tax receivable agreement'
data/edgar-query/exhibits/0001871509/0001193125-21-285789_d184092dex1013.htm,321238,"SECOND AMENDED AND RESTATED | LIMITED LIABILITY COMPANY AGREEMENT | PHD GROUP HOLDINGS LLC | Dated as of , 2021",false,true,true,false,1,keep,'tax receivable agreement' phrase present in body
data/edgar-query/exhibits/0001871509/0001193125-21-293320_d184092dex1012.htm,190344,"TAX RECEIVABLE AGREEMENT | PORTILLO’S INC . | THE PERSONS NAMED HEREIN | Dated as of [●], 2021",true,false,true,false,7,keep,centered title contains 'tax receivable agreement'
data/edgar-query/exhibits/0001871509/0001871509-21-000009_exhibit1012taxreceivableag.htm,367498,"TAX RECEIVABLE AGREEMENT | PORTILLO’S INC . | THE PERSONS NAMED HEREIN | Dated as of October 20, 2021",true,false,true,false,7,keep,centered title contains 'tax receivable agreement'
data/edgar-query/exhibits/0001871509/0001871509-21-000009_exhibit1013secondamendedan.htm,575523,"SECOND AMENDED AND RESTATED | LIMITED LIABILITY COMPANY AGREEMENT | PHD GROUP HOLDINGS LLC | Dated as of October 20, 2021",false,true,true,false,2,keep,'tax receivable agreement' phrase present in body
data/edgar-query/exhibits/0001871509/0001871509-25-000016_exhibit1024taxreceivableli.htm,29875,AMENDMENT TO TAX RECEIVABLE AGREEMENT,true,false,true,false,0,keep,centered title contains 'tax receivable agreement'
data/edgar-query/exhibits/0001874848/0001104659-21-134655_tm2123162d9_ex10-1.htm,244247,"TAX RECEIVABLE AGREEMENT | MILAN LASER INC. | MILAN PARENT, LLC, | THE SEVERAL TRA HOLDERS (AS DEFINED HEREIN) FROM TIME TO TIME PARTY HERETO | Dated as of [ ● ], 2021",true,false,true,false,7,keep,centered title contains 'tax receivable agreement'
data/edgar-query/exhibits/0001874848/0001104659-21-142120_tm2123162d12_ex10-2.htm,473094,"THIRD AMENDED AND RESTATED | LIMITED LIABILITY COMPANY AGREEMENT | MILAN PARENT, LLC | Dated as of [ l ], 2021",false,true,true,false,1,keep,'tax receivable agreement' phrase present in body
data/edgar-query/exhibits/0001874944/0001104659-21-148190_tm2123628d52_ex10-3.htm,808197,"TAX RECEIVABLE AGREEMENT | VACASA, INC., | VACASA HOLDINGS LLC, | the several EXCHANGE TRA PARTIES (as defined herein), | the several REORGANIZATION TRA PARTIES (as defined herein), | REPRESENTATIVE (as defined herein), | OTHER PERSONS FROM TIME TO TIME PARTY HERETO | Dated as of December 6, 2021",true,false,true,false,6,keep,centered title contains 'tax receivable agreement'
data/edgar-query/exhibits/0001874944/0001104659-21-148190_tm2123628d52_ex10-4.htm,538504,"FOURTH AMENDED AND RESTATED | LIMITED LIABILITY COMPANY AGREEMENT | VACASA HOLDINGS LLC | Dated as of December 6, 2021",false,true,true,false,0,keep,'tax receivable agreement' phrase present in body
data/edgar-query/exhibits/0001874944/0001140361-24-050634_ny20040790x1_ex10-4.htm,124343,"AMENDMENT NO . 1 TO | TAX RECEIVABLE AGREEMENT | December 30, 2024",true,false,true,false,1,keep,centered title contains 'tax receivable agreement'
data/edgar-query/exhibits/0001874944/0001140361-24-050635_ny20040790x3_ex10-4.htm,124343,"AMENDMENT NO . 1 TO | TAX RECEIVABLE AGREEMENT | December 30, 2024",true,false,true,false,1,keep,centered title contains 'tax receivable agreement'
data/edgar-query/exhibits/0001874985/0001213900-21-060113_fs12021a1ex10-1_rhodium.htm,378816,"FIFTH AMENDED AND RESTATED LIMITED LIABILITY COMPANY | AGREEMENT | RHODIUM TECHNOLOGIES LLC | a Delaware limited liability company | Dated as of [●], 2021",false,false,true,false,0,keep,'tax receivable agreement' phrase present in body
data/edgar-query/exhibits/0001874985/0001213900-21-060113_fs12021a1ex10-5_rhodium.htm,175963,"TAX RECEIVABLE AGREEMENT | RHODIUM ENTERPRISES, INC. | THE PERSONS NAMED HEREIN | Dated as of [●], 2021",true,false,true,false,6,keep,centered title contains 'tax receivable agreement'
data/edgar-query/exhibits/0001879560/0001104659-22-008386_tm2126636d13_ex10-2.htm,48599,AGREEMENT AND PLAN OF MERGER,false,false,true,false,0,keep,'tax receivable agreement' phrase present in body
data/edgar-query/exhibits/0001879560/0001104659-22-008386_tm2126636d13_ex10-4.htm,123672,"Exchange Agreement | Dated as of [_______], 2021 | i | EXCHANGE AGREEMENT",false,true,true,false,1,keep,'tax receivable agreement' phrase present in body
data/edgar-query/exhibits/0001879560/0001104659-22-008386_tm2126636d13_ex10-6.htm,176859,"TAX RECEIVABLE AGREEMENT | Dynasty Financial Partners Inc., | Dynasty Financial Partners, LLC | The TRA Parties | DATED AS OF [●], 202[●]",true,false,true,false,6,keep,centered title contains 'tax receivable agreement'
data/edgar-query/exhibits/0001879560/0001104659-22-009878_tm2126636d15_ex10-4.htm,123673,"Exchange Agreement | Dated as of [_______], 2022 | i | EXCHANGE AGREEMENT",false,true,true,false,1,keep,'tax receivable agreement' phrase present in body
data/edgar-query/exhibits/0001879560/0001104659-22-045223_tm2126636d17_ex10-4.htm,126679,"Exchange Agreement | Dated as of [_______], 2022",false,true,true,false,1,keep,'tax receivable agreement' phrase present in body
data/edgar-query/exhibits/0001880613/0001104659-22-004925_tm2125950d11_ex10-17.htm,1047475,"TERM LOAN AND SECURITY AGREEMENT | Lafayette Square Loan Servicing, LLC (AS AGENT) | THE LENDERS PARTY HERETO (AS LENDERS) | DIRECT DIGITAL HOLDINGS, LLC (AS A BORROWER), | ANY PERSON JOINED HERETO AS A BORROWER FROM TIME TO TIME | CERTAIN SUBSIDIARIES OF BORROWERS PARTY HERETO (AS GUARANTORS) | Dec",false,false,true,false,0,keep,'tax receivable agreement' phrase present in body
data/edgar-query/exhibits/0001880613/0001104659-22-004925_tm2125950d11_ex10-2.htm,211729,"Tax Receivable Agreement | DIRECT DIGITAL HOLDINGS, Inc. | THE PERSONS NAMED HEREIN | Dated as of [•]",true,false,true,false,7,keep,centered title contains 'tax receivable agreement'
data/edgar-query/exhibits/0001880613/0001104659-22-004925_tm2125950d11_ex10-7.htm,559602,FIRST AMENDMENT TO CREDIT AGREEMENT,false,true,true,false,0,keep,'tax receivable agreement' phrase present in body
data/edgar-query/exhibits/0001880613/0001104659-22-006959_tm2125950d14_ex10-1.htm,463163,"SECOND AMENDED AND RESTATED LIMITED LIABILITY COMPANY AGREEMENT | Direct Digital Holdings, LLC | (a Texas limited liability company) | January [--], 2022",false,true,true,false,0,keep,'tax receivable agreement' phrase present in body
data/edgar-query/exhibits/0001880613/0001104659-22-024336_tm2125950d32_ex10-1.htm,476284,"SECOND AMENDED AND RESTATED LIMITED LIABILITY COMPANY AGREEMENT | Direct Digital Holdings, LLC | (a Texas limited liability company) | February 15, 2022",false,true,true,false,0,keep,'tax receivable agreement' phrase present in body
data/edgar-query/exhibits/0001880613/0001104659-22-024336_tm2125950d32_ex10-2.htm,200886,"Tax Receivable Agreement | DIRECT DIGITAL HOLDINGS, Inc. | THE PERSONS NAMED HEREIN | Dated as of February 15, 2022",true,false,true,false,6,keep,centered title contains 'tax receivable agreement'
data/edgar-query/exhibits/0001880613/0001104659-23-003054_tm233061d1_ex10-1.htm,389377,LOAN AND SECURITY AGREEMENT,false,false,true,false,0,keep,'tax receivable agreement' phrase present in body
data/edgar-query/exhibits/0001880613/0001104659-23-080327_tm2321088d1_ex10-1.htm,401071,"CREDIT AGREEMENT | DIRECT DIGITAL HOLDINGS, INC. | DIRECT DIGITAL HOLDINGS, LLC | COLOSSUS MEDIA, LLC | HUDDLED MASSES LLC | ORANGE142, LLC | EAST WEST BANK | Dated as of July 7, 2023",false,true,true,false,0,keep,'tax receivable agreement' phrase present in body
data/edgar-query/exhibits/0001880613/0001104659-23-108339_tm2328090d1_ex10-1.htm,999419,FOURTH AMENDMENT TO TERM LOAN AND SECURITY AGREEMENT,false,false,true,false,0,keep,'tax receivable agreement' phrase present in body
data/edgar-query/exhibits/0001880613/0001628280-24-047668_thirdamendmenttocreditagre.htm,776427,THIRD AMENDMENT TO CREDIT AGREEMENT,false,true,true,false,0,keep,'tax receivable agreement' phrase present in body
data/edgar-query/exhibits/0001880613/0001628280-25-000266_a101_ddh-ewbfourthamendmen.htm,616898,WAIVER AND FOURTH AMENDMENT TO CREDIT AGREEMENT,false,true,true,false,0,keep,'tax receivable agreement' phrase present in body
data/edgar-query/exhibits/0001880661/0001193125-21-358756_d197780dex101.htm,283280,"SIXTH AMENDED AND RESTATED | LIMITED PARTNERSHIP AGREEMENT | TPG OPERATING GROUP I, L.P. | Dated as of , 2022",false,true,true,false,0,keep,'tax receivable agreement' phrase present in body
data/edgar-query/exhibits/0001880661/0001193125-21-358756_d197780dex1010.htm,188725,"INVESTOR RIGHTS AGREEMENT | dated [ ● ] | TPG INC., | TPG OPERATING GROUP I, L.P., | TPG OPERATING GROUP II, L.P., | TPG OPERATING GROUP III, L.P., | TPG GROUP HOLDINGS (SBS), L.P., | TPG NEW HOLDINGS, LLC, | TPG PARTNER HOLDINGS, L.P., | THE OTHER TPG FEEDER PARTNERSHIPS | THE LIMITED PARTNERS | TH",false,false,true,false,0,keep,'tax receivable agreement' phrase present in body
data/edgar-query/exhibits/0001880661/0001193125-21-358756_d197780dex102.htm,281679,"SIXTH AMENDED AND RESTATED | LIMITED PARTNERSHIP AGREEMENT | TPG OPERATING GROUP II, L.P. | Dated as of , 2022",false,true,true,false,0,keep,'tax receivable agreement' phrase present in body
data/edgar-query/exhibits/0001880661/0001193125-21-358756_d197780dex1027.htm,193140,"AMENDED AND RESTATED | LIMITED LIABILITY COMPANY AGREEMENT | TPG GP A, LLC",false,true,true,false,0,keep,'tax receivable agreement' phrase present in body
data/edgar-query/exhibits/0001880661/0001193125-21-358756_d197780dex103.htm,282506,"SIXTH AMENDED AND RESTATED | LIMITED PARTNERSHIP AGREEMENT | TPG OPERATING GROUP III, L.P. | Dated as of , 2022",false,true,true,false,1,keep,'tax receivable agreement' phrase present in body
data/edgar-query/exhibits/0001880661/0001193125-21-358756_d197780dex107.htm,89707,"REORGANIZATION AGREEMENT | dated December 31, 2021 | TPG HOLDINGS I, L.P., | TPG HOLDINGS II, L.P., | TPG HOLDINGS III, L.P., | TPG GROUP ADVISORS (CAYMAN), INC., | TPG GROUP ADVISORS (CAYMAN), LLC, | TPG GROUP HOLDINGS (SBS) ADVISORS, INC., | TPG GROUP HOLDINGS (SBS) ADVISORS, LLC, | DAVID BONDERMA",false,false,true,false,0,keep,'tax receivable agreement' phrase present in body
data/edgar-query/exhibits/0001880661/0001193125-21-358756_d197780dex108.htm,164975,"TAX RECEIVABLE AGREEMENT | TPG, INC., | TPG OPCO HOLDINGS, L.P., | TPG OPERATING GROUP I, L.P., | TPG OPERATING GROUP II, L.P., | TPG OPERATING GROUP III, L.P. | THE PERSONS NAMED HEREIN | Dated as of , 2022",true,false,true,false,6,keep,centered title contains 'tax receivable agreement'
data/edgar-query/exhibits/0001880661/0001193125-21-358756_d197780dex109.htm,129084,EXCHANGE AGREEMENT,false,true,true,false,0,keep,'tax receivable agreement' phrase present in body
data/edgar-query/exhibits/0001880661/0001880661-22-000008_exhibit101.htm,409804,"SIXTH AMENDED AND RESTATED | LIMITED PARTNERSHIP AGREEMENT | TPG OPERATING GROUP I, L.P. | Dated as of January 12, 2022",false,true,true,false,0,keep,'tax receivable agreement' phrase present in body
data/edgar-query/exhibits/0001880661/0001880661-22-000008_exhibit1010.htm,988854,"INVESTOR RIGHTS AGREEMENT | dated January 12, 2022 | TPG INC., | TPG OPERATING GROUP I, L.P., | TPG OPERATING GROUP II, L.P., | TPG OPERATING GROUP III, L.P., | TPG GROUP HOLDINGS (SBS), L.P., | TPG NEW HOLDINGS, LLC, | TPG PARTNER HOLDINGS, L.P., | THE OTHER TPG FEEDER PARTNERSHIPS | THE LIMITED PA",false,false,true,false,0,keep,'tax receivable agreement' phrase present in body
data/edgar-query/exhibits/0001880661/0001880661-22-000008_exhibit102.htm,414671,"SIXTH AMENDED AND RESTATED | LIMITED PARTNERSHIP AGREEMENT | TPG OPERATING GROUP II, L.P. | Dated as of January 12, 2022",false,true,true,false,1,keep,'tax receivable agreement' phrase present in body
data/edgar-query/exhibits/0001880661/0001880661-22-000008_exhibit1027.htm,324351,"AMENDED AND RESTATED | LIMITED LIABILITY COMPANY AGREEMENT | TPG GP A, LLC",false,true,true,false,0,keep,'tax receivable agreement' phrase present in body
data/edgar-query/exhibits/0001880661/0001880661-22-000008_exhibit103.htm,410768,"SIXTH AMENDED AND RESTATED | LIMITED PARTNERSHIP AGREEMENT | TPG OPERATING GROUP III, L.P. | Dated as of January 12, 2022",false,true,true,false,1,keep,'tax receivable agreement' phrase present in body
data/edgar-query/exhibits/0001880661/0001880661-22-000008_exhibit107.htm,163994,"REORGANIZATION AGREEMENT | dated December 31, 2021 | TPG HOLDINGS I, L.P., | TPG HOLDINGS II, L.P., | TPG HOLDINGS III, L.P., | TPG GROUP ADVISORS (CAYMAN), INC., | TPG GROUP ADVISORS (CAYMAN), LLC, | TPG GROUP HOLDINGS (SBS) ADVISORS, INC., | TPG GROUP HOLDINGS (SBS) ADVISORS, LLC, | DAVID BONDERMA",false,false,true,false,0,keep,'tax receivable agreement' phrase present in body
data/edgar-query/exhibits/0001880661/0001880661-22-000008_exhibit108.htm,293203,"TAX RECEIVABLE AGREEMENT | TPG INC., | TPG OPCO HOLDINGS, L.P., | TPG OPERATING GROUP I, L.P., | TPG OPERATING GROUP II, L.P., | TPG OPERATING GROUP III, L.P. | THE PERSONS NAMED HEREIN | Dated as of January 12, 2022",true,false,true,false,7,keep,centered title contains 'tax receivable agreement'
data/edgar-query/exhibits/0001880661/0001880661-22-000008_exhibit109.htm,911631,EXCHANGE AGREEMENT,false,true,true,false,0,keep,'tax receivable agreement' phrase present in body
data/edgar-query/exhibits/0001880661/0001880661-23-000090_ex-101.htm,289779,"AMENDED AND RESTATED INVESTOR RIGHTS AGREEMENT dated November 1, 2023 AMONG TPG INC., TPG OPERATING GROUP II, L.P., TPG GROUP HOLDINGS (SBS), L.P., TPG NEW HOLDINGS, LLC, TPG PARTNER HOLDINGS, L.P., THE API FEEDER PARTNERSHIPS, THE OTHER TPG FEEDER PARTNERSHIP, THE LIMITED PARTNERS and THE INVESTORS",false,false,true,false,0,keep,'tax receivable agreement' phrase present in body
data/edgar-query/exhibits/0001880661/0001880661-23-000090_ex-102.htm,184491,AMENDED AND RESTATED EXCHANGE AGREEMENT,false,true,true,false,0,keep,'tax receivable agreement' phrase present in body
data/edgar-query/exhibits/0001880661/0001880661-23-000090_ex-103.htm,247859,"AMENDED AND RESTATED | TAX RECEIVABLE AGREEMENT | TPG INC., | TPG OPCO HOLDINGS, L.P., | TPG OPERATING GROUP II, L.P., | THE PERSONS NAMED HEREIN | Dated as of November 1, 2023",true,false,true,false,7,keep,centered title contains 'tax receivable agreement'
data/edgar-query/exhibits/0001880661/0001880661-23-000090_ex-104.htm,310887,"SECOND AMENDED AND RESTATED | LIMITED LIABILITY COMPANY AGREEMENT | TPG GP A, LLC",false,true,true,false,0,keep,'tax receivable agreement' phrase present in body
data/edgar-query/exhibits/0001880661/0001880661-24-000013_a20231231ex101.htm,475380,"SEVENTH AMENDED AND RESTATED | LIMITED PARTNERSHIP AGREEMENT | TPG OPERATING GROUP II, L.P. | Dated as of November 1, 2023",false,true,true,false,1,keep,'tax receivable agreement' phrase present in body
data/edgar-query/exhibits/0001881462/0001213900-22-067381_ea167537ex10-1_spreeacq1.htm,166609,TAX RECEIVABLE AGREEMENT | SPREE ACQUISITION CORP. 1 LIMITED | THE PERSONS NAMED HEREIN,true,false,true,false,6,keep,centered title contains 'tax receivable agreement'
data/edgar-query/exhibits/0001881462/0001213900-22-067384_ea167537ex10-1_spreeacq1.htm,166609,TAX RECEIVABLE AGREEMENT | SPREE ACQUISITION CORP. 1 LIMITED | THE PERSONS NAMED HEREIN,true,false,true,false,6,keep,centered title contains 'tax receivable agreement'
data/edgar-query/exhibits/0001881487/0001104659-25-064227_tm2519407d1_ex10-1.htm,1240013,AMENDMENT NO. 3 TO | CREDIT AGREEMENT AND | AMENDMENT NO.1 TO GUARANTEE AGREEMENT,false,true,true,false,0,keep,'tax receivable agreement' phrase present in body
data/edgar-query/exhibits/0001881487/0001104659-25-123202_tm2533932d1_ex10-1.htm,1139484,AMENDMENT NO. 4 TO | CREDIT AGREEMENT,false,true,true,false,0,keep,'tax receivable agreement' phrase present in body
data/edgar-query/exhibits/0001881487/0001193125-21-342661_d897680dex102.htm,146552,"TAX RECEIVABLE AGREEMENT | PROFRAC HOLDING CORP., | CERTAIN OTHER PERSONS NAMED HEREIN, | AGENTS | DATED AS OF [ ● ]",true,false,true,false,6,keep,centered title contains 'tax receivable agreement'
data/edgar-query/exhibits/0001881487/0001193125-21-342661_d897680dex103.htm,319164,"THIRD AMENDED AND RESTATED | LIMITED LIABILITY COMPANY AGREEMENT | PROFRAC HOLDINGS, LLC | DATED AS OF [ ● ], 2021",false,true,true,false,0,keep,'tax receivable agreement' phrase present in body
data/edgar-query/exhibits/0001881487/0001193125-22-090695_d897680dex108.htm,1113265,"TERM LOAN CREDIT AGREEMENT | Dated as of March 4, 2022 | PROFRAC HOLDINGS, LLC, | as Holdings, | PROFRAC HOLDINGS II, LLC, | as the Borrower, | THE SEVERAL LENDERS | FROM TIME TO TIME PARTY HERETO, | PIPER SANDLER FINANCE LLC, | as the Agent and the Collateral Agent | PIPER SANDLER & CO. | as the Le",false,true,true,false,0,keep,'tax receivable agreement' phrase present in body
data/edgar-query/exhibits/0001881487/0001193125-22-140443_d897680dex108.htm,1140355,"TERM LOAN CREDIT AGREEMENT | Dated as of March 4, 2022 | PROFRAC HOLDINGS, LLC, | as Holdings, | PROFRAC HOLDINGS II, LLC, | as the Borrower, | THE SEVERAL LENDERS | FROM TIME TO TIME PARTY HERETO, | PIPER SANDLER FINANCE LLC, | as the Agent and the Collateral Agent | PIPER SANDLER & CO. | as the Le",false,true,true,false,0,keep,'tax receivable agreement' phrase present in body
data/edgar-query/exhibits/0001881487/0001193125-22-153228_d343349dex101.htm,145167,"TAX RECEIVABLE AGREEMENT | PROFRAC HOLDING CORP., | CERTAIN OTHER PERSONS NAMED HEREIN, | AGENTS | DATED AS OF MAY 17, 2022",true,false,true,false,6,keep,centered title contains 'tax receivable agreement'
data/edgar-query/exhibits/0001881487/0001193125-23-304276_d669636dex101.htm,931293,"TERM LOAN CREDIT AGREEMENT | Dated as of December 27, 2023 | ALPINE HOLDING II, LLC, | as Holdings, | PF PROPPANT HOLDING, LLC, | as the Borrower, | THE SEVERAL GUARANTORS | FROM TIME TO TIME PARTY HERETO, | THE SEVERAL LENDERS | FROM TIME TO TIME PARTY HERETO, | CLMG CORP., | as the Agent and the C",false,true,true,false,3,keep,'tax receivable agreement' phrase present in body
data/edgar-query/exhibits/0001882607/0001062993-23-012702_exhibit10-1.htm,247531,"SECOND AMENDED AND RESTATED LIMITED LIABILITY COMPANY AGREEMENT | HB2 Origination, LLC, a Delaware limited-liability company | Dated as of September 7, 2021",false,true,true,false,0,keep,'tax receivable agreement' phrase present in body
data/edgar-query/exhibits/0001888447/0000950170-25-029147_ee-ex10_17.htm,132999,"EXCELERATE ENERGY, INC. | CHANGE IN CONTROL SEVERANCE PLAN",false,false,true,false,0,keep,'tax receivable agreement' phrase present in body
data/edgar-query/exhibits/0001888447/0000950170-25-029147_ee-ex10_4.htm,79149,AMENDMENT NO. 1 TO TAX RECEIVABLE AGREEMENT,true,false,true,false,0,keep,centered title contains 'tax receivable agreement'
data/edgar-query/exhibits/0001888447/0000950170-25-067156_ee-ex10_2.htm,384038,FOURTH AMENDMENT TO AMENDED AND RESTATED SENIOR SECURED | CREDIT AGREEMENT,false,true,true,false,0,keep,'tax receivable agreement' phrase present in body
data/edgar-query/exhibits/0001888447/0001140361-22-000986_ny20000051x5_ex10-4.htm,113354,"EXCELERATE ENERGY, INC. | LONG-TERM INCENTIVE PLAN",false,true,true,false,0,keep,'tax receivable agreement' phrase present in body
data/edgar-query/exhibits/0001888447/0001140361-22-002414_ny20000051x7_ex10-1.htm,556316,"AMENDED AND RESTATED | LIMITED PARTNERSHIP AGREEMENT | Excelerate energy limited partnership | a Delaware limited partnership | dated as of [●], 2022",false,true,true,false,1,keep,'tax receivable agreement' phrase present in body
data/edgar-query/exhibits/0001888447/0001140361-22-002414_ny20000051x7_ex10-2.htm,271157,"TAX RECEIVABLE AGREEMENT | February [•], 2022",true,false,true,false,7,keep,centered title contains 'tax receivable agreement'
data/edgar-query/exhibits/0001888447/0001140361-22-002414_ny20000051x7_ex10-8.htm,905507,"SENIOR SECURED REVOLVING CREDIT AGREEMENT | [●], 2022 | EXCELERATE ENERGY LIMITED PARTNERSHIP, | as Borrower, | EXCELERATE ENERGY, INC., | as Parent, | THE LENDERS FROM TIME TO TIME PARTY HERETO, | THE ISSUING BANKS FROM TIME TO TIME PARTY HERETO | JPMORGAN CHASE BANK, N.A., | as Administrative Agen",false,true,true,false,1,keep,'tax receivable agreement' phrase present in body
data/edgar-query/exhibits/0001888447/0001140361-22-014862_ny20000051x20_ex10-1.htm,602822,"AMENDED AND RESTATED | LIMITED PARTNERSHIP AGREEMENT | Excelerate energy limited partnership | a Delaware limited partnership | dated as of April 14, 2022",false,true,true,false,1,keep,'tax receivable agreement' phrase present in body
data/edgar-query/exhibits/0001888447/0001140361-22-014862_ny20000051x20_ex10-2.htm,252423,"TAX RECEIVABLE AGREEMENT | April 12, 2022",true,false,true,false,7,keep,centered title contains 'tax receivable agreement'
data/edgar-query/exhibits/0001888447/0001140361-22-014862_ny20000051x20_ex10-3.htm,1033102,"SENIOR SECURED REVOLVING CREDIT AGREEMENT Dated as of | April 18, 2022 among EXCELERATE ENERGY LIMITED PARTNERSHIP, as Borrower, EXCELERATE ENERGY, INC., as Parent, THE LENDERS FROM TIME TO TIME PARTY HERETO, | THE ISSUING BANKS FROM TIME TO TIME PARTY HERETO | and JPMORGAN CHASE BANK, N.A., as Admi",false,true,true,false,1,keep,'tax receivable agreement' phrase present in body
data/edgar-query/exhibits/0001888447/0001140361-22-014862_ny20000051x20_ex10-5.htm,149665,"EXCELERATE ENERGY, INC | LONG-TERM INCENTIVE PLAN",false,true,true,false,0,keep,'tax receivable agreement' phrase present in body
data/edgar-query/exhibits/0001888447/0001140361-22-014862_ny20000051x20_ex10-7.htm,114129,"EXCELERATE ENERGY, INC. | CHANGE IN CONTROL SEVERANCE PLAN",false,false,true,false,0,keep,'tax receivable agreement' phrase present in body
data/edgar-query/exhibits/0001888447/0001193125-23-074904_d486751dex101.htm,992487,"AMENDED AND RESTATED SENIOR SECURED CREDIT AGREEMENT | March 17, 2023 | EXCELERATE ENERGY LIMITED PARTNERSHIP, | as Borrower, | EXCELERATE ENERGY, INC., | as Parent, | THE LENDERS FROM TIME TO TIME PARTY HERETO, | THE ISSUING BANKS FROM TIME TO TIME PARTY HERETO | WELLS FARGO BANK, N.A., | as Admini",false,true,true,false,1,keep,'tax receivable agreement' phrase present in body
data/edgar-query/exhibits/0001888447/0001193125-26-078407_ee-ex10_41.htm,130753,"EXCELERATE ENERGY | DEFERRED COMPENSATION PLAN | (As Amended and Restated Effective January 1, 2025)",false,false,true,false,0,keep,'tax receivable agreement' phrase present in body
data/edgar-query/exhibits/0001888447/0001193125-26-212193_ee-ex10_1.htm,113851,"EXCELERATE ENERGY, INC. | CHANGE IN CONTROL SEVERANCE PLAN | (as amended through January 21, 2026)",false,false,true,false,0,keep,'tax receivable agreement' phrase present in body
data/edgar-query/exhibits/0001889956/0000950170-24-083395_ck0001889956-ex10_15.htm,93416,UNIT AND STOCK PURCHASE AGREEMENT,false,true,true,false,0,keep,'tax receivable agreement' phrase present in body
data/edgar-query/exhibits/0001889956/0000950170-24-083395_ck0001889956-ex10_2.htm,390791,"TAX RECEIVABLE AGREEMENT | ONESTREAM, INC. | ONESTREAM SOFTWARE LLC | THE MEMBERS OF ONESTREAM SOFTWARE LLC | FROM TIME TO TIME PARTY HERETO | Dated as [•], 2024",true,false,true,false,7,keep,centered title contains 'tax receivable agreement'
data/edgar-query/exhibits/0001889956/0000950170-24-083395_ck0001889956-ex10_3.htm,812880,"ONESTREAM SOFTWARE LLC | SIXTH AMENDED AND RESTATED OPERATING AGREEMENT | Dated as of [  ], 2024",false,true,true,false,0,keep,'tax receivable agreement' phrase present in body
data/edgar-query/exhibits/0001889956/0000950170-24-086976_ck0001889956-ex10_1.htm,1071789,"ONESTREAM SOFTWARE LLC | SIXTH AMENDED AND RESTATED | OPERATING AGREEMENT | Dated as of July 23, 2024",false,true,true,false,0,keep,'tax receivable agreement' phrase present in body
data/edgar-query/exhibits/0001889956/0000950170-24-086976_ck0001889956-ex10_2.htm,738345,"TAX RECEIVABLE AGREEMENT | ONESTREAM, INC. | ONESTREAM SOFTWARE LLC | THE MEMBERS OF ONESTREAM SOFTWARE LLC | FROM TIME TO TIME PARTY HERETO | Dated as July 23, 2024",true,false,true,false,7,keep,centered title contains 'tax receivable agreement'
data/edgar-query/exhibits/0001889956/0000950170-24-125373_ck0001889956-ex10_15.htm,104892,UNIT AND STOCK PURCHASE AGREEMENT,false,true,true,false,0,keep,'tax receivable agreement' phrase present in body
data/edgar-query/exhibits/0001889956/0001193125-26-004772_d13008dex102.htm,40326,AMENDMENT NO. 1 TO THE TAX RECEIVABLE AGREEMENT,true,false,true,false,1,keep,centered title contains 'tax receivable agreement'
data/edgar-query/exhibits/0001891101/0001104659-22-019525_tm223251d1_ex10-1.htm,529350,"AUTHENTIC BRANDS LLC | THIRD AMENDED AND RESTATED LIMITED LIABILITY COMPANY AGREEMENT | Dated as of February 9, 2022",false,true,true,false,0,keep,'tax receivable agreement' phrase present in body
data/edgar-query/exhibits/0001891101/0001104659-22-019525_tm223251d1_ex10-2.htm,189768,"TAX RECEIVABLE AGREEMENT | BRC INC., | AUTHENTIC BRANDS LLC , | THE AGENT | FEBRUARY 9, 2022 | i | ii | TAX RECEIVABLE AGREEMENT",true,false,true,false,6,keep,centered title contains 'tax receivable agreement'
data/edgar-query/exhibits/0001891101/0001140361-24-050627_ef20040787_ex10-2.htm,872899,"FINANCING AGREEMENT | Dated as of December 27, 2024 | GOOD BEANS LLC | BLACK RIFLE COFFEE COMPANY LLC | as Borrowers, | AUTHENTIC BRANDS LLC, | as Parent, | THE GUARANTORS FROM TIME TO TIME PARTY HERETO, | THE LENDERS FROM TIME TO TIME PARTY HERETO, | as Lenders, | BLUE TORCH FINANCE LLC, | as Admin",false,false,true,false,0,keep,'tax receivable agreement' phrase present in body
data/edgar-query/exhibits/0001891856/0001193125-23-155567_d234580dex101.htm,328466,"AMENDED AND RESTATED | LIMITED LIABILITY COMPANY AGREEMENT | GEN RESTAURANT COMPANIES, LLC | a Delaware limited liability company | dated as of , 2023",false,true,true,false,1,keep,'tax receivable agreement' phrase present in body
data/edgar-query/exhibits/0001891856/0001193125-23-155567_d234580dex102.htm,137488,TAX RECEIVABLE AGREEMENT | [•],true,false,true,false,7,keep,centered title contains 'tax receivable agreement'
data/edgar-query/exhibits/0001891856/0001193125-23-182775_d516435dex102.htm,166061,"TAX RECEIVABLE AGREEMENT | June 30, 2023",true,false,true,false,8,keep,centered title contains 'tax receivable agreement'
data/edgar-query/exhibits/0001893724/0001193125-21-366274_d277699dex103.htm,167292,"TAX MATTERS AGREEMENT | BELLRING INTERMEDIATE HOLDINGS, INC. | (FORMERLY KNOWN AS BELLRING BRANDS, INC.), | POST HOLDINGS, INC. | BELLRING BRANDS, INC. | DATED AS OF [ ● ], 2022 | 1",false,false,true,false,0,keep,'tax receivable agreement' phrase present in body
data/edgar-query/exhibits/0001898718/0001104659-26-054346_tm2518736d14_ex10-2.htm,152491,"TAX RECEIVABLE AGREEMENT | GMR Solutions, Inc. | THE PERSONS NAMED HEREIN | Dated as of [●], 2026",true,false,true,false,4,keep,centered title contains 'tax receivable agreement'
data/edgar-query/exhibits/0001898718/0001104659-26-062932_tm2614803d1_ex10-1.htm,192699,"TAX RECEIVABLE AGREEMENT | GMR Solutions Inc. | THE PERSONS NAMED HEREIN | Dated as of May 14, 2026",true,false,true,false,4,keep,centered title contains 'tax receivable agreement'
data/edgar-query/exhibits/0001901336/0001104659-25-082575_tm2524102d1_ex10-5.htm,165693,"TAX RECEIVABLE AGREEMENT | CARTIGA HOLDINGS, INC. | THE PERSONS NAMED HEREIN | Dated as of [●], 2025 | TAX RECEIVABLE AGREEMENT",true,false,true,false,7,keep,centered title contains 'tax receivable agreement'
data/edgar-query/exhibits/0001901336/0001104659-25-082575_tm2524102d1_ex10-6.htm,108000,EXCHANGE AGREEMENT,false,true,true,false,1,keep,'tax receivable agreement' phrase present in body
data/edgar-query/exhibits/0001901336/0001104659-25-082577_tm2524102d1_ex10-5.htm,165693,"TAX RECEIVABLE AGREEMENT | CARTIGA HOLDINGS, INC. | THE PERSONS NAMED HEREIN | Dated as of [●], 2025 | TAX RECEIVABLE AGREEMENT",true,false,true,false,7,keep,centered title contains 'tax receivable agreement'
data/edgar-query/exhibits/0001901336/0001104659-25-082577_tm2524102d1_ex10-6.htm,108000,EXCHANGE AGREEMENT,false,true,true,false,1,keep,'tax receivable agreement' phrase present in body
data/edgar-query/exhibits/0001901799/0001193125-22-229475_d396102dex103.htm,177668,"TAX RECEIVABLE AGREEMENT | [BITCOIN DEPOT INC.] | [BITCOIN DEPOT OPERATING LLC] | BT ASSETS, INC. | Dated as of [•]",true,false,true,false,7,keep,centered title contains 'tax receivable agreement'
data/edgar-query/exhibits/0001901799/0001193125-22-229475_d396102dex104.htm,321950,"[BITCOIN DEPOT OPERATING LLC] | AMENDED AND RESTATED | LIMITED LIABILITY COMPANY AGREEMENT | Dated as of [•], 2022",false,true,true,false,0,keep,'tax receivable agreement' phrase present in body
data/edgar-query/exhibits/0001901799/0001193125-23-165518_d479758dex102.htm,337978,"BT HOLDCO LLC | AMENDED AND RESTATED | LIMITED LIABILITY COMPANY AGREEMENT | Dated as of [•], 2023",false,true,true,false,0,keep,'tax receivable agreement' phrase present in body
data/edgar-query/exhibits/0001901799/0001193125-23-165518_d479758dex104.htm,179153,"TAX RECEIVABLE AGREEMENT | BITCOIN DEPOT INC. | BT HOLDCO LLC | BT ASSETS, INC. | Dated as of [•]",true,false,true,false,7,keep,centered title contains 'tax receivable agreement'
data/edgar-query/exhibits/0001901799/0001193125-23-176466_d506805dex101.htm,686041,"AMENDED AND RESTATED CREDIT AGREEMENT | Dated as of June 23, 2023 | BT ASSETS, INC., | as Holdings, | LUX VENDING, LLC, | as Borrower, | the Subsidiary Guarantors from time to time party hereto, | THE LENDERS PARTY HERETO FROM TIME TO TIME, | as Lenders, | SILVERVIEW CREDIT PARTNERS LP, | as Adminis",false,true,true,false,1,keep,'tax receivable agreement' phrase present in body
data/edgar-query/exhibits/0001901799/0001193125-23-183847_d527686dex101.htm,341961,"BT HOLDCO LLC | AMENDED AND RESTATED | LIMITED LIABILITY COMPANY AGREEMENT | Dated as of June 30, 2023",false,true,true,false,0,keep,'tax receivable agreement' phrase present in body
data/edgar-query/exhibits/0001901799/0001193125-23-183847_d527686dex102.htm,180899,"TAX RECEIVABLE AGREEMENT | BITCOIN DEPOT INC. | BT HOLDCO LLC | BT ASSETS, INC. | Dated as of June 30, 2023",true,false,true,false,6,keep,centered title contains 'tax receivable agreement'
data/edgar-query/exhibits/0001901799/0001193125-26-113938_btm-ex10_19.htm,101825,"",false,false,true,false,0,keep,'tax receivable agreement' phrase present in body
data/edgar-query/exhibits/0001901799/0001193125-26-134687_d119639dex1013.htm,718968,"AMENDMENT NO. 1 TO SECOND AMENDED AND RESTATED CREDIT | AGREEMENT | Dated as of March 14, 2025 | BT HOLDCO LLC, | as Holdings, | KIOSK HOLDCO LLC, | as Borrower, | the Subsidiary Guarantors from time to time party hereto, | THE LENDERS PARTY HERETO FROM TIME TO TIME, | as Lenders, | SILVERVIEW CREDI",false,false,true,false,0,keep,'tax receivable agreement' phrase present in body
data/edgar-query/exhibits/0001909849/0001140361-22-022305_ny20003153x9_ex10-2.htm,390272,"FORM OF TAX MATTERS AGREEMENT by and among 3M COMPANY, | GARDEN SPINCO CORPORATION | NEOGEN CORPORATION | [ ]",false,false,true,false,0,keep,'tax receivable agreement' phrase present in body
data/edgar-query/exhibits/0001925283/0001628280-26-033128_exhibit101-sx1a.htm,372142,"TAX RECEIVABLE AGREEMENT | LINCOLN INTERNATIONAL, INC. | LINCOLN INTERNATIONAL, LP | THE TRA REPRESENTATIVE | TRA PARTIES | OTHER PERSONS FROM TIME TO TIME PARTY HERETO | Dated as of [ ò ], 2026",true,false,true,false,6,keep,centered title contains 'tax receivable agreement'
data/edgar-query/exhibits/0001925283/0001628280-26-033128_exhibit102-sx1a.htm,774883,"LINCOLN INTERNATIONAL, LP | FOURTH AMENDED AND RESTATED | LIMITED PARTNERSHIP AGREEMENT | Dated as of [ ò ], 2026",false,true,true,false,0,keep,'tax receivable agreement' phrase present in body
data/edgar-query/exhibits/0001934114/0001104659-26-049001_tm2530822d9_ex10-6.htm,237177,"TAX RECEIVABLE AGREEMENT | SUJA LIFE, INC., | SUJA LIFE HOLDINGS, L.P. | the OTHER persons named herein | Dated as of , 2026 | FORM OF TAX RECEIVABLE AGREEMENT",true,false,true,false,6,keep,centered title contains 'tax receivable agreement'
data/edgar-query/exhibits/0001934114/0001104659-26-049001_tm2530822d9_ex10-8.htm,318115,"SUJA LIFE HOLDINGS, L.P. | SIXTH AMENDED AND RESTATED LIMITED PARTNERSHIP AGREEMENT | Dated as of [●], 2026",false,true,true,false,0,keep,'tax receivable agreement' phrase present in body
data/edgar-query/exhibits/0001934114/0001104659-26-057915_tm2530822d27_ex10-2.htm,299479,"SUJA LIFE HOLDINGS, L.P. | SIXTH AMENDED AND RESTATED LIMITED PARTNERSHIP AGREEMENT | Dated as of May 7, 2026",false,true,true,false,0,keep,'tax receivable agreement' phrase present in body
data/edgar-query/exhibits/0001934114/0001104659-26-057915_tm2530822d27_ex10-3.htm,227312,"TAX RECEIVABLE AGREEMENT | SUJA LIFE, INC., | SUJA LIFE HOLDINGS, L.P. | the OTHER persons named herein | Dated as of May 7, 2026 | TAX RECEIVABLE AGREEMENT",true,false,true,false,6,keep,centered title contains 'tax receivable agreement'
data/edgar-query/exhibits/0001937926/0001193125-22-281144_d349441dex108.htm,184197,"BROOKFIELD ASSET MANAGEMENT INC. | - and - | BROOKFIELD ASSET MANAGEMENT LTD. | - and - | BROOKFIELD ASSET MANAGEMENT ULC | TAX MATTERS AGREEMENT | ∎ , 2022",false,false,true,false,0,keep,'tax receivable agreement' phrase present in body
data/edgar-query/exhibits/0001937987/0001013762-23-003583_ea186596ex10-1_falcons.htm,251458,"TAX RECEIVABLE AGREEMENT | FALCON’S BEYOND GLOBAL, INC. | FALCON’S BEYOND GLOBAL, LLC | THE TRA HOLDER REPRESENTATIVE (as defined herein), | the several TRA HOLDERS (as defined herein) | OTHER TRA HOLDERS FROM TIME TO TIME PARTY HERETO | Dated as of October 6, 2023",true,false,true,false,7,keep,centered title contains 'tax receivable agreement'
data/edgar-query/exhibits/0001937987/0001013762-23-003583_ea186596ex10-2_falcons.htm,497069,"AMENDED AND RESTATED | OPERATING AGREEMENT | FALCON’S BEYOND GLOBAL, LLC | Dated as of October 6, 2023",false,true,true,false,1,keep,'tax receivable agreement' phrase present in body
data/edgar-query/exhibits/0001937987/0001213900-24-084389_ea021645401ex99-1_falcon.htm,17792,Falcon’s Beyond Announces Stock Dividend and Appoints New Audit Committee Member | Forfeiture and Cancellation of Performance Based Earnout Shares to | Reduce Company Liabilities and Simplify its Balance Sheet,false,false,true,false,0,keep,'tax receivable agreement' phrase present in body
data/edgar-query/exhibits/0001937987/0001213900-24-098550_ea022097401ex10-5_falcon.htm,23607,AMENDMENT TO | TAX RECEIVABLE AGREEMENT,true,false,true,false,1,keep,centered title contains 'tax receivable agreement'
data/edgar-query/exhibits/0001941365/0000950123-22-009986_filename5.htm,211260,"TAX ALLOCATION AGREEMENT | FORTUNE BRANDS HOME & SECURITY, INC. | MASTERBRAND, INC. | Dated as of [•] , 2022",false,false,true,false,0,keep,'tax receivable agreement' phrase present in body
data/edgar-query/exhibits/0001941365/0001193125-22-272559_d307794dex103.htm,211285,"TAX ALLOCATION AGREEMENT | FORTUNE BRANDS HOME & SECURITY, INC. | MASTERBRAND, INC. | Dated as of [•] , 2022",false,false,true,false,0,keep,'tax receivable agreement' phrase present in body
data/edgar-query/exhibits/0001941365/0001193125-22-306031_d423148dex102.htm,224181,"TAX ALLOCATION AGREEMENT | FORTUNE BRANDS HOME & SECURITY, INC. | MASTERBRAND, INC. | Dated as of December 14, 2022",false,false,true,false,0,keep,'tax receivable agreement' phrase present in body
data/edgar-query/exhibits/0001973266/0000950123-23-008438_filename6.htm,1013937,"FIRST LIEN CREDIT AGREEMENT | August 18, 2016, | ZUFFA GUARANTOR, LLC, | as Holdings, | VGD MERGER SUB, LLC, | (which on the Effective Date shall be merged with and into UFC Holdings, LLC, with UFC Holdings, LLC surviving such merger), as a Borrower, | The Lenders Party Hereto, | GOLDMAN SACHS BANK ",false,true,true,false,0,keep,'tax receivable agreement' phrase present in body
data/edgar-query/exhibits/0001977102/0001193125-23-248061_d507917dex107.htm,112451,"TAX RECEIVABLE AGREEMENT | BIRKENSTOCK HOLDING PLC | BK LC LUX MIDCO S.À R.L. | Dated as of [—], 2023",true,false,true,false,5,keep,centered title contains 'tax receivable agreement'
data/edgar-query/exhibits/0001982518/0001140361-23-048255_ny20009679x5_ex10-2.htm,276172,"TAX RECEIVABLE AGREEMENT | SMITH DOUGLAS HOMES CORP. | SMITH DOUGLAS HOLDINGS LLC | TRA PARTIES | OTHER PERSONS FROM TIME TO TIME PARTY HERETO | Dated as of [ ● ], 2023",true,false,true,false,7,keep,centered title contains 'tax receivable agreement'
data/edgar-query/exhibits/0001982518/0001140361-23-048255_ny20009679x5_ex10-3.htm,536645,"SMITH DOUGLAS HOLDINGS LLC | AMENDED AND RESTATED LIMITED LIABILITY COMPANY AGREEMENT | Dated as of [ ● ], 2023",false,true,true,false,0,keep,'tax receivable agreement' phrase present in body
data/edgar-query/exhibits/0001982518/0001140361-23-052886_ny20009679x9_ex10-2.htm,274046,"TAX RECEIVABLE AGREEMENT | SMITH DOUGLAS HOMES CORP. | SMITH DOUGLAS HOLDINGS LLC | TRA PARTIES | OTHER PERSONS FROM TIME TO TIME PARTY HERETO | Dated as of [ ● ], 2023",true,false,true,false,7,keep,centered title contains 'tax receivable agreement'
data/edgar-query/exhibits/0001982518/0001140361-23-052886_ny20009679x9_ex10-3.htm,536840,"SMITH DOUGLAS HOLDINGS LLC | AMENDED AND RESTATED LIMITED LIABILITY COMPANY AGREEMENT | Dated as of [ ● ], 2023",false,true,true,false,0,keep,'tax receivable agreement' phrase present in body
data/edgar-query/exhibits/0001982518/0001140361-24-000320_ny20009679x11_ex10-1.htm,1253630,"AMENDED AND RESTATED CREDIT AGREEMENT | dated as of [___], 2024 | SMITH DOUGLAS HOLDINGS LLC, | a Delaware limited liability company, | SMITH DOUGLAS BUILDING SERVICES LLC, | SDH ATLANTA LLC, | SDH ALABAMA LLC, | SDH NASHVILLE LLC, | SDH RALEIGH LLC, | SDH CHARLOTTE LLC, | SDH HOUSTON LLC, | each a ",false,true,true,false,0,keep,'tax receivable agreement' phrase present in body
data/edgar-query/exhibits/0001982518/0001140361-24-000320_ny20009679x11_ex10-2.htm,274029,"TAX RECEIVABLE AGREEMENT | SMITH DOUGLAS HOMES CORP. | SMITH DOUGLAS HOLDINGS LLC | TRA PARTIES | OTHER PERSONS FROM TIME TO TIME PARTY HERETO | Dated as of [ ● ], 2024",true,false,true,false,7,keep,centered title contains 'tax receivable agreement'
data/edgar-query/exhibits/0001982518/0001140361-24-000320_ny20009679x11_ex10-3.htm,536843,"SMITH DOUGLAS HOLDINGS LLC | AMENDED AND RESTATED LIMITED LIABILITY COMPANY AGREEMENT | Dated as of [ ● ], 2024",false,true,true,false,0,keep,'tax receivable agreement' phrase present in body
data/edgar-query/exhibits/0001982518/0001140361-24-002395_ny20009679x17_ex10-1.htm,540869,"SMITH DOUGLAS HOLDINGS LLC | AMENDED AND RESTATED LIMITED LIABILITY COMPANY AGREEMENT | Dated as of January 10, 2024",false,true,true,false,0,keep,'tax receivable agreement' phrase present in body
data/edgar-query/exhibits/0001982518/0001140361-24-002395_ny20009679x17_ex10-2.htm,275287,"TAX RECEIVABLE AGREEMENT | SMITH DOUGLAS HOMES CORP. | SMITH DOUGLAS HOLDINGS LLC | TRA PARTIES | OTHER PERSONS FROM TIME TO TIME PARTY HERETO | Dated as of January 10, 2024",true,false,true,false,7,keep,centered title contains 'tax receivable agreement'
data/edgar-query/exhibits/0001982518/0001140361-24-002395_ny20009679x17_ex10-4.htm,1255563,"AMENDED AND RESTATED CREDIT AGREEMENT | dated as of January 16, 2024 | SMITH DOUGLAS HOLDINGS LLC, | a Delaware limited liability company, | SMITH DOUGLAS BUILDING SERVICES LLC, | SDH ATLANTA LLC, | SDH ALABAMA LLC, | SDH NASHVILLE LLC, | SDH RALEIGH LLC, | SDH CHARLOTTE LLC, | SDH HOUSTON LLC, | ea",false,true,true,false,0,keep,'tax receivable agreement' phrase present in body
data/edgar-query/exhibits/0002007596/0001628280-24-029560_exhibit101-sx1.htm,475572,"THIRD AMENDED AND RESTATED | LIMITED LIABILITY COMPANY AGREEMENT | TWFG HOLDING COMPANY, LLC | Dated as of [●]",false,true,true,false,2,keep,'tax receivable agreement' phrase present in body
data/edgar-query/exhibits/0002007596/0001628280-24-029560_exhibit103-sx1.htm,246041,"TAX RECEIVABLE AGREEMENT | TWFG, INC., | TWFG HOLDING COMPANY, LLC, | THE PERSONS NAMED HEREIN | Dated as of [●], 2024",true,false,true,false,7,keep,centered title contains 'tax receivable agreement'
data/edgar-query/exhibits/0002007596/0001628280-24-032599_exhibit102-8xk.htm,248744,"TAX RECEIVABLE AGREEMENT | TWFG, INC., | TWFG HOLDING COMPANY, LLC, | THE PERSONS NAMED HEREIN | Dated as of July 19, 2024",true,false,true,false,7,keep,centered title contains 'tax receivable agreement'
data/edgar-query/exhibits/0002007596/0001628280-24-032599_exhibit103-8xk.htm,484619,"THIRD AMENDED AND RESTATED | LIMITED LIABILITY COMPANY AGREEMENT | TWFG HOLDING COMPANY, LLC | Dated as of July 17, 2024",false,true,true,false,2,keep,'tax receivable agreement' phrase present in body
data/edgar-query/exhibits/0002021880/0001193125-24-206343_d835350dex101.htm,181939,"FORM OF TAX RECEIVABLE AGREEMENT | HMH HOLDING INC., | HMH HOLDING B.V., | BAKER HUGHES HOLDINGS LLC, | AKASTOR AS, | MERCURY HOLDCO AS and | MERCURY HOLDCO INC., | Dated as of [ ], 2024",true,false,true,false,6,keep,centered title contains 'tax receivable agreement'
data/edgar-query/exhibits/0002021880/0001193125-24-206343_d835350dex102.htm,117821,"FORM OF EXCHANGE AGREEMENT | HMH HOLDING INC., | HMH HOLDING B.V., | BAKER HUGHES HOLDINGS LLC, | AKASTOR AS, | MERCURY HOLDCO AS, | MERCURY HOLDCO INC. | Dated as of [ ], 2024",false,true,true,false,0,keep,'tax receivable agreement' phrase present in body
data/edgar-query/exhibits/0002021880/0001193125-25-123194_d915070dex101.htm,191480,"FORM OF TAX RECEIVABLE AGREEMENT | HMH HOLDING INC., | HMH HOLDING B.V., | BAKER HUGHES HOLDINGS LLC, | AKASTOR AS, | MERCURY HOLDCO AS and | MERCURY HOLDCO INC., | Dated as of [ ], 2025",true,false,true,false,7,keep,centered title contains 'tax receivable agreement'
data/edgar-query/exhibits/0002021880/0001193125-25-123194_d915070dex102.htm,120212,"FORM OF EXCHANGE AGREEMENT | HMH HOLDING INC., | HMH HOLDING B.V., | BAKER HUGHES HOLDINGS LLC, | AKASTOR AS, | MERCURY HOLDCO AS, | MERCURY HOLDCO INC. | Dated as of [ ], 2025",false,true,true,false,0,keep,'tax receivable agreement' phrase present in body
data/edgar-query/exhibits/0002021880/0001193125-25-123194_d915070dex103.htm,334562,"FORM OF PARTNERSHIP AGREEMENT | HMH HOLDING B.V. | (with corporate seat in Amsterdam) | DATED AS OF [ ], 2025",false,false,true,false,0,keep,'tax receivable agreement' phrase present in body
data/edgar-query/exhibits/0002021880/0001193125-26-114198_d95061dex102.htm,120875,"FORM OF EXCHANGE AGREEMENT | HMH HOLDING INC., | HMH HOLDING B.V., | BAKER HUGHES HOLDINGS LLC, | AKASTOR AS, | MERCURY HOLDCO AS, | MERCURY HOLDCO INC. | Dated as of [ ], 2026",false,true,true,false,0,keep,'tax receivable agreement' phrase present in body
data/edgar-query/exhibits/0002021880/0001193125-26-140110_d100419dex101.htm,191268,"TAX RECEIVABLE AGREEMENT | HMH HOLDING INC., | HMH HOLDING B.V., | BAKER HUGHES HOLDINGS LLC, | AKASTOR AS, | MERCURY HOLDCO AS and | MERCURY HOLDCO INC., | Dated as of April 2, 2026",true,false,true,false,7,keep,centered title contains 'tax receivable agreement'
data/edgar-query/exhibits/0002021880/0001193125-26-140110_d100419dex102.htm,128370,"EXCHANGE AGREEMENT | HMH HOLDING INC., | HMH HOLDING B.V., | BAKER HUGHES HOLDINGS LLC, | AKASTOR AS, | MERCURY HOLDCO AS, | MERCURY HOLDCO INC. | Dated as of April 2, 2026",false,true,true,false,0,keep,'tax receivable agreement' phrase present in body
data/edgar-query/exhibits/0002021880/0001193125-26-140110_d100419dex103.htm,340325,"PARTNERSHIP AGREEMENT | HMH HOLDING B.V. | (with corporate seat in Amsterdam) | DATED AS OF April 2, 2026",false,false,true,false,0,keep,'tax receivable agreement' phrase present in body
data/edgar-query/exhibits/0002023554/0001193125-25-033433_d849281dex107.htm,1055362,"LOAN AGREEMENT | SANDISK CORPORATION, | a Delaware corporation, as Lead Borrower, | VARIOUS LENDERS | FROM TIME TO TIME PARTY HERETO, | JPMORGAN CHASE BANK, N.A., | as Administrative Agent and Collateral Agent, | JPMORGAN CHASE BANK, N.A., | CITIBANK, N.A., | DBS BANK LTD., | MIZUHO BANK, LTD., | MU",false,false,true,false,0,keep,'tax receivable agreement' phrase present in body
data/edgar-query/exhibits/0002026053/0001140361-26-014335_ny20040230x18_ex10-13.htm,342696,AMENDED AND RESTATED PERSHING SQUARE TERM SHEET | FOR LONG-TERM INCENTIVE COMPENSATION PLAN,false,false,true,false,0,keep,'tax receivable agreement' phrase present in body
data/edgar-query/exhibits/0002026053/0001140361-26-018597_ny20040230x31_ex10-6.htm,373550,AMENDED AND RESTATED PERSHING SQUARE TERM SHEET | FOR LONG-TERM INCENTIVE COMPENSATION PLAN,false,false,true,false,0,keep,'tax receivable agreement' phrase present in body
data/edgar-query/exhibits/0002029118/0000950123-24-009385_filename3.htm,1129932,"CREDIT AGREEMENT | Dated as of September 25, 2024 | INFINITY NATURAL RESOURCES, LLC | as the Borrower, | The Several Lenders | from Time to Time Parties Hereto, | CITIBANK, N.A., | as Administrative Agent, Collateral Agent and an Issuing Bank | CITIBANK, N.A., BANK OF AMERICA, N.A., BOKF, NA, CAPITA",false,true,true,false,0,keep,'tax receivable agreement' phrase present in body
data/edgar-query/exhibits/0002029118/0001193125-24-232829_d826795dex101.htm,1129958,"CREDIT AGREEMENT | Dated as of September 25, 2024 | INFINITY NATURAL RESOURCES, LLC | as the Borrower, | The Several Lenders | from Time to Time Parties Hereto, | CITIBANK, N.A., | as Administrative Agent, Collateral Agent and an Issuing Bank | CITIBANK, N.A., BANK OF AMERICA, N.A., BOKF, NA, CAPITA",false,true,true,false,0,keep,'tax receivable agreement' phrase present in body
data/edgar-query/exhibits/0002029118/0001193125-24-232829_d826795dex104.htm,178306,"TAX RECEIVABLE AGREEMENT | INFINITY NATURAL RESOURCES, INC. | THE PERSONS NAMED HEREIN | Dated as of [•]",true,false,true,false,6,keep,centered title contains 'tax receivable agreement'
data/edgar-query/exhibits/0002029118/0001193125-25-019326_d894988dex101.htm,404179,"INFINITY NATURAL RESOURCES, LLC | SECOND AMENDED AND RESTATED | LIMITED LIABILITY COMPANY AGREEMENT | Dated as of January 30, 2025",false,true,true,false,0,keep,'tax receivable agreement' phrase present in body
data/edgar-query/exhibits/0002029118/0001193125-25-019326_d894988dex102.htm,192142,"TAX RECEIVABLE AGREEMENT | INFINITY NATURAL RESOURCES, INC. | THE PERSONS NAMED HEREIN | Dated as of January 30, 2025",true,false,true,false,6,keep,centered title contains 'tax receivable agreement'
data/edgar-query/exhibits/0002035149/0000950123-24-010752_filename5.htm,1277077,"SECOND AMENDED AND RESTATED CREDIT AGREEMENT | August 20, 2024 | FLOWCO MASTERCO LLC, | FLOWCO PRODUCTIONS LLC, | ESTIS INTERMEDIATE HOLDINGS, LLC, and | FLOGISTIX INTERMEDIATE HOLDINGS, LLC | collectively, as Borrowers, | The Loan Parties Party Hereto, | The Lenders Party Hereto | JPMORGAN CHASE BA",false,true,true,false,0,keep,'tax receivable agreement' phrase present in body
data/edgar-query/exhibits/0002035149/0001193125-24-272521_d808403dex106.htm,1277102,"SECOND AMENDED AND RESTATED CREDIT AGREEMENT | August 20, 2024 | FLOWCO MASTERCO LLC, | FLOWCO PRODUCTIONS LLC, | ESTIS INTERMEDIATE HOLDINGS, LLC, and | FLOGISTIX INTERMEDIATE HOLDINGS, LLC | collectively, as Borrowers, | The Loan Parties Party Hereto, | The Lenders Party Hereto | JPMORGAN CHASE BA",false,true,true,false,0,keep,'tax receivable agreement' phrase present in body
data/edgar-query/exhibits/0002035149/0001193125-24-282865_d808403dex101.htm,192409,"TAX RECEIVABLE AGREEMENT | FLOWCO HOLDINGS INC. | THE PERSONS NAMED HEREIN | Dated as of [•], 2025",true,false,true,false,6,keep,centered title contains 'tax receivable agreement'
data/edgar-query/exhibits/0002035149/0001193125-24-282865_d808403dex102.htm,404753,"FLOWCO MERGECO LLC | SECOND AMENDED AND RESTATED | LIMITED LIABILITY COMPANY AGREEMENT | Dated as of [•], 2025",false,true,true,false,0,keep,'tax receivable agreement' phrase present in body
data/edgar-query/exhibits/0002035149/0001193125-25-001331_d808403dex1017.htm,303459,"MASTER REORGANIZATION AGREEMENT | Flowco Holdings Inc. | Flowco MergeCo LLC | the other parties hereto | Dated as of January [•], 2025",false,false,true,false,0,keep,'tax receivable agreement' phrase present in body
data/edgar-query/exhibits/0002035149/0001193125-25-002509_d808403dex101.htm,192715,"TAX RECEIVABLE AGREEMENT | FLOWCO HOLDINGS INC. | THE PERSONS NAMED HEREIN | Dated as of [•], 2025",true,false,true,false,6,keep,centered title contains 'tax receivable agreement'
data/edgar-query/exhibits/0002035149/0001193125-25-009578_d857846dex101.htm,299351,"MASTER REORGANIZATION AGREEMENT | Flowco Holdings Inc. | Flowco MergeCo LLC | the other parties hereto | Dated as of January 15, 2025",false,false,true,false,0,keep,'tax receivable agreement' phrase present in body
data/edgar-query/exhibits/0002035149/0001193125-25-009578_d857846dex102.htm,203902,"TAX RECEIVABLE AGREEMENT | FLOWCO HOLDINGS INC. | THE PERSONS NAMED HEREIN | Dated as of January 17, 2025",true,false,true,false,6,keep,centered title contains 'tax receivable agreement'
data/edgar-query/exhibits/0002035149/0001193125-25-009578_d857846dex104.htm,417139,"FLOWCO MERGECO LLC | SECOND AMENDED AND RESTATED | LIMITED LIABILITY COMPANY AGREEMENT | Dated as of January 17, 2025",false,true,true,false,0,keep,'tax receivable agreement' phrase present in body
data/edgar-query/exhibits/0002044009/0001193125-25-243103_d97098dex109.htm,159475,TAX RECEIVABLE AGREEMENT | Evernorth Holdings Inc. | THE PERSONS NAMED HEREIN | Dated as of [●],true,false,true,false,6,keep,centered title contains 'tax receivable agreement'
data/edgar-query/exhibits/0002046386/0001193125-25-264798_d55108dex101.htm,358347,"MEDLINE HOLDINGS, LP | A Delaware Limited Partnership | SECOND AMENDED AND RESTATED | LIMITED PARTNERSHIP AGREEMENT | Dated as of [ ], [ ]",false,true,true,false,0,keep,'tax receivable agreement' phrase present in body
data/edgar-query/exhibits/0002046386/0001193125-25-264798_d55108dex102.htm,248376,"TAX RECEIVABLE AGREEMENT | MEDLINE INC. | THE PERSONS NAMED HEREIN | Dated as of [ ], [ ]",true,false,true,false,5,keep,centered title contains 'tax receivable agreement'
data/edgar-query/exhibits/0002046386/0001193125-25-328884_d933672dex101.htm,359049,"MEDLINE HOLDINGS, LP | A Delaware Limited Partnership | SECOND AMENDED AND RESTATED | LIMITED PARTNERSHIP AGREEMENT | Dated as of December 16, 2025",false,true,true,false,0,keep,'tax receivable agreement' phrase present in body
data/edgar-query/exhibits/0002046386/0001193125-25-328884_d933672dex102.htm,258573,"TAX RECEIVABLE AGREEMENT | MEDLINE INC. | THE PERSONS NAMED HEREIN | Dated as of December 16, 2025",true,false,true,false,5,keep,centered title contains 'tax receivable agreement'
data/edgar-query/exhibits/0002052547/0001104659-26-006046_tm263770d1_ex10-1.htm,86483,SPONSOR LOCK-UP AND SUPPORT AGREEMENT,false,true,true,false,0,keep,'tax receivable agreement' phrase present in body
data/edgar-query/exhibits/0002052568/0000950123-25-003868_filename10.htm,212374,"Confidential Treatment Requested by Legence Corp. | Pursuant to 17 C.F.R. Section 200.83 | TAX RECEIVABLE AGREEMENT | LEGENCE CORP. | THE PERSONS NAMED HEREIN | Dated as of , 2025",true,false,true,false,6,keep,centered title contains 'tax receivable agreement'
data/edgar-query/exhibits/0002052568/0001193125-25-181698_d833270dex1013.htm,207683,"TAX RECEIVABLE AGREEMENT | LEGENCE CORP. | THE PERSONS NAMED HEREIN | Dated as of , 2025",true,false,true,false,6,keep,centered title contains 'tax receivable agreement'
data/edgar-query/exhibits/0002052568/0001193125-25-203770_d942093dex101.htm,313357,"AMENDED AND RESTATED | LIMITED LIABILITY COMPANY AGREEMENT | LEGENCE HOLDINGS LLC | a Delaware limited liability company | Dated as of September 11, 2025",false,true,true,false,0,keep,'tax receivable agreement' phrase present in body
data/edgar-query/exhibits/0002052568/0001193125-25-203770_d942093dex102.htm,198735,"TAX RECEIVABLE AGREEMENT | LEGENCE CORP. | THE PERSONS NAMED HEREIN | Dated as of September 11, 2025",true,false,true,false,6,keep,centered title contains 'tax receivable agreement'
data/edgar-query/exhibits/0002057463/0001104659-25-044749_tm2510075d4_ex10-2.htm,110682,TAX RECEIVABLES AGREEMENT,false,false,false,false,3,keep,3 TRA-specific defined terms present
data/edgar-query/exhibits/0002057463/0001104659-25-067808_tm2519293d4_ex10-2.htm,110585,TAX RECEIVABLES AGREEMENT,false,false,false,false,3,keep,3 TRA-specific defined terms present
data/edgar-query/exhibits/0002064947/0000950170-25-112682_wbi-ex10_2.htm,735822,"FORM OF AMENDED AND RESTATED | LIMITED LIABILITY COMPANY AGREEMENT | WBI OPERATING LLC | DATED AS OF [  ] , 2025",false,true,true,false,0,keep,'tax receivable agreement' phrase present in body
data/edgar-query/exhibits/0002064947/0000950170-25-112682_wbi-ex10_4.htm,1080563,"CONTRIBUTION AND CORPORATE REORGANIZATION AGREEMENT | WATERBRIDGE INFRASTRUCTURE LLC, | WBR HOLDINGS LLC, | NDB MIDSTREAM LLC, | WATERBRIDGE EQUITY FINANCE LLC, | DESERT ENVIRONMENTAL LLC, | THE CONTRIBUTING PARTIES | EACH ADDITIONAL PARTY HERETO | DATED [  ], 2025",false,false,true,false,0,keep,'tax receivable agreement' phrase present in body
data/edgar-query/exhibits/0002064947/0000950170-25-112682_wbi-ex10_6.htm,393044,"FORM OF TAX RECEIVABLE AGREEMENT | WATERBRIDGE INFRASTRUCTURE LLC, | wbi operating LLC, | THE TRA REPRESENTATIVES, | THE TRA PARTIES | OTHER PERSONS FROM TIME TO TIME PARTY HERETO | Dated as of [  ], 2025",true,false,true,false,7,keep,centered title contains 'tax receivable agreement'
data/edgar-query/exhibits/0002064947/0001193125-25-213708_wbi-ex10_1.htm,399124,"TAX RECEIVABLE AGREEMENT | WATERBRIDGE INFRASTRUCTURE LLC, | wbi operating LLC, | THE TRA REPRESENTATIVES, | THE TRA PARTIES | OTHER PERSONS FROM TIME TO TIME PARTY HERETO | Dated as of September 18, 2025",true,false,true,false,7,keep,centered title contains 'tax receivable agreement'
data/edgar-query/exhibits/0002064947/0001193125-25-221810_wbi-ex10_1.htm,1894499,"REVOLVING CREDIT AGREEMENT | dated as of September 26, 2025 | WBI OPERATINg LLC, | as Borrower, | THE LENDERS FROM TIME TO TIME PARTY HERETO, | TRUIST BANK | as Administrative Agent, Collateral Agent and Issuing Bank, | TRUIST SECURITIES, INC., Wells fargo bank, n.a., barclays bank plc, citibank, n.",false,true,true,false,0,keep,'tax receivable agreement' phrase present in body
data/edgar-query/exhibits/0002065636/0001193125-26-021044_d12408dex104.htm,446505,"SOLV ENERGY HOLDINGS LLC | AMENDED AND RESTATED | LIMITED LIABILITY COMPANY AGREEMENT | Dated as of [●], 2026",false,true,true,false,0,keep,'tax receivable agreement' phrase present in body
data/edgar-query/exhibits/0002065636/0001193125-26-021044_d12408dex106.htm,218203,"TAX RECEIVABLE AGREEMENT | SOLV ENERGY, INC. | THE PERSONS NAMED HEREIN | Dated as of _____, 2026",true,false,true,false,6,keep,centered title contains 'tax receivable agreement'
data/edgar-query/exhibits/0002065636/0001193125-26-048814_d189834dex101.htm,218569,"SOLV Energy, Inc. | 20,500,000 Shares of Class A Common Stock | Underwriting Agreement",false,false,true,false,0,keep,'tax receivable agreement' phrase present in body
data/edgar-query/exhibits/0002065636/0001193125-26-048814_d189834dex102.htm,229695,"TAX RECEIVABLE AGREEMENT | SOLV ENERGY, INC. | THE PERSONS NAMED HEREIN | Dated as of February 10, 2026",true,false,true,false,6,keep,centered title contains 'tax receivable agreement'
data/edgar-query/exhibits/0002065636/0001193125-26-048814_d189834dex104.htm,457535,"SOLV ENERGY HOLDINGS LLC | AMENDED AND RESTATED | LIMITED LIABILITY COMPANY AGREEMENT | Dated as of February 10, 2026",false,true,true,false,0,keep,'tax receivable agreement' phrase present in body
data/edgar-query/exhibits/0002065708/0001193125-25-288325_d921520dex102.htm,380488,"LIMITED LIABILITY COMPANY AGREEMENT | AT UMBRELLA LLC | [__________], 2025",false,true,true,false,1,keep,'tax receivable agreement' phrase present in body
data/edgar-query/exhibits/0002065708/0001193125-25-288325_d921520dex104.htm,170034,"TAX RECEIVABLE AGREEMENT | ANDERSEN GROUP INC., | AT UMBRELLA LLC, | ANDERSEN AGGREGATOR LLC | Dated as of [ ], 2025",true,false,true,false,7,keep,centered title contains 'tax receivable agreement'
data/edgar-query/exhibits/0002065708/0001193125-25-328757_d58437dex101.htm,398691,"LIMITED LIABILITY COMPANY AGREEMENT | AT UMBRELLA LLC | December 16, 2025",false,true,true,false,1,keep,'tax receivable agreement' phrase present in body
data/edgar-query/exhibits/0002065708/0001193125-25-328757_d58437dex103.htm,181888,"TAX RECEIVABLE AGREEMENT | ANDERSEN GROUP INC., | AT UMBRELLA LLC, | ANDERSEN AGGREGATOR LLC | Dated as of December 16, 2025",true,false,true,false,7,keep,centered title contains 'tax receivable agreement'
data/edgar-query/exhibits/0002067876/0000950103-26-000080_dp239186_ex1002.htm,223073,"TAX MATTERS AGREEMENT | Comcast Corporation, on behalf of itself and the members of the Comcast Group and Versant Media Group, Inc, on behalf of itself and the members of the Versant Group | Dated as of January 2, 2026",false,false,true,false,0,keep,'tax receivable agreement' phrase present in body
data/edgar-query/exhibits/0002067876/0001193125-25-207527_d894612dex102.htm,166986,"TAX MATTERS AGREEMENT | Comcast Corporation, | on behalf of itself and the members of the Comcast Group | Versant Media Group, Inc, | on behalf of itself and the members of the Versant Group | Dated as of [ ]",false,false,true,false,0,keep,'tax receivable agreement' phrase present in body
data/edgar-query/exhibits/0002068577/0001628280-25-041431_exhibit107-sx1a.htm,389758,"TAX RECEIVABLE AGREEMENT | BLACK ROCK COFFEE BAR, INC. | BLACK ROCK COFFEE HOLDINGS, LLC | TRA PARTIES | OTHER PERSONS FROM TIME TO TIME PARTY HERETO | Dated as of [●] , 2025",true,false,true,false,7,keep,centered title contains 'tax receivable agreement'
data/edgar-query/exhibits/0002068577/0001628280-25-041431_exhibit108-sx1a.htm,863726,"BLACK ROCK COFFEE HOLDINGS, LLC | SEVENTH AMENDED AND RESTATED | LIMITED LIABILITY COMPANY AGREEMENT | Dated as of [ l ], 2025",false,true,true,false,0,keep,'tax receivable agreement' phrase present in body
data/edgar-query/exhibits/0002068577/0002068577-25-000038_exhibit101-closing8xk.htm,852430,"BLACK ROCK COFFEE HOLDINGS, LLC | SEVENTH AMENDED AND RESTATED | LIMITED LIABILITY COMPANY AGREEMENT | Dated as of September 11, 2025",false,true,true,false,0,keep,'tax receivable agreement' phrase present in body
data/edgar-query/exhibits/0002068577/0002068577-25-000038_exhibit102-closing8xk.htm,378774,"TAX RECEIVABLE AGREEMENT | BLACK ROCK COFFEE BAR, INC. | BLACK ROCK COFFEE HOLDINGS, LLC | TRA PARTIES | OTHER PERSONS FROM TIME TO TIME PARTY HERETO | Dated as of September 11, 2025",true,false,true,false,7,keep,centered title contains 'tax receivable agreement'
data/edgar-query/exhibits/0002073548/0001193125-25-251230_filename3.htm,370375,"Certain confidential information contained in this document, marked by [***], has been omitted because the registrant has determined that the information (i) is not material and (ii) is the type that the registrant treats as private or confidential. | TAX RECEIVABLE AGREEMENT between GRAYSCALE INVES",true,false,true,false,6,keep,centered title contains 'tax receivable agreement'
data/edgar-query/exhibits/0002073548/0001193125-25-279127_ck0002073548-ex10_3.htm,370342,"Certain confidential information contained in this document, marked by [***], has been omitted because the registrant has determined that the information (i) is not material and (ii) is the type that the registrant treats as private or confidential. | TAX RECEIVABLE AGREEMENT between GRAYSCALE INVES",true,false,true,false,6,keep,centered title contains 'tax receivable agreement'
data/edgar-query/exhibits/0002079999/0001213900-25-098415_ea025216207ex10-1_card.htm,190399,"TAX RECEIVABLE AGREEMENT | CARDINAL INFRASTRUTURE GROUP INC. | THE PERSONS NAMED HEREIN | Dated as of [●], 2025",true,false,true,false,6,keep,centered title contains 'tax receivable agreement'
data/edgar-query/exhibits/0002079999/0001213900-25-098415_ea025216207ex10-3_card.htm,453113,"CARDINAL CIVIL CONTRACTING HOLDINGS LLC | SECOND AMENDED AND RESTATED LIMITED LIABILITY COMPANY AGREEMENT | Dated as of [●], 2025",false,true,true,false,0,keep,'tax receivable agreement' phrase present in body
data/edgar-query/exhibits/0002079999/0001213900-25-113018_ea025216208ex10-3_card.htm,433767,"CARDINAL CIVIL CONTRACTING HOLDINGS LLC | SECOND AMENDED AND RESTATED LIMITED LIABILITY COMPANY AGREEMENT | Dated as of [●], 2025",false,true,true,false,0,keep,'tax receivable agreement' phrase present in body
data/edgar-query/exhibits/0002079999/0001213900-25-121209_ea026878501ex10-1_cardinal.htm,470018,"CARDINAL CIVIL CONTRACTING HOLDINGS LLC | SECOND AMENDED AND RESTATED LIMITED LIABILITY COMPANY AGREEMENT | Dated as of December 9, 2025",false,true,true,false,0,keep,'tax receivable agreement' phrase present in body
data/edgar-query/exhibits/0002079999/0001213900-25-121209_ea026878501ex10-2_cardinal.htm,236376,"TAX RECEIVABLE AGREEMENT | CARDINAL INFRASTRUTURE GROUP INC. | CARDINAL CIVIL CONTRACTING HOLDINGS LLC | THE PERSONS NAMED HEREIN | Dated as of December 9, 2025",true,false,true,false,6,keep,centered title contains 'tax receivable agreement'
data/edgar-query/exhibits/0002079999/0001213900-26-018087_ea027724801ex10-4_cardinal.htm,117849,TAX BENEFIT AGREEMENT,false,false,true,false,5,keep,'tax receivable agreement' phrase present in body
data/edgar-query/exhibits/0002080126/0001193125-26-008865_d890989dex102.htm,181310,"TAX RECEIVABLE AGREEMENT | FORGENT POWER SOLUTIONS, INC., | CERTAIN OTHER PERSONS NAMED HEREIN, | THE AGENT | [•]",true,false,true,false,6,keep,centered title contains 'tax receivable agreement'
data/edgar-query/exhibits/0002080126/0001193125-26-014411_d28867dex106.htm,357311,FORGENT POWER SOLUTIONS LLC | SECOND AMENDED AND RESTATED | LIMITED LIABILITY COMPANY AGREEMENT | Dated as of [•],false,true,true,false,0,keep,'tax receivable agreement' phrase present in body
data/edgar-query/exhibits/0002080126/0001193125-26-021675_d890989dex106.htm,354270,FORGENT POWER SOLUTIONS LLC | SECOND AMENDED AND RESTATED | LIMITED LIABILITY COMPANY AGREEMENT | Dated as of [•],false,true,true,false,0,keep,'tax receivable agreement' phrase present in body
data/edgar-query/exhibits/0002080126/0001193125-26-043650_d23417dex102.htm,184295,"TAX RECEIVABLE AGREEMENT | FORGENT POWER SOLUTIONS, INC., | CERTAIN OTHER PERSONS NAMED HEREIN, | THE AGENT | February 4, 2026",true,false,true,false,6,keep,centered title contains 'tax receivable agreement'
data/edgar-query/exhibits/0002080126/0001193125-26-043650_d23417dex104.htm,355513,"FORGENT POWER SOLUTIONS LLC | SECOND AMENDED AND RESTATED | LIMITED LIABILITY COMPANY AGREEMENT | Dated as of February 4, 2026",false,true,true,false,0,keep,'tax receivable agreement' phrase present in body
data/edgar-query/exhibits/0002086587/0001193125-25-284187_d941199dex101.htm,1170863,"CREDIT AGREEMENT | effective as of | November 14, 2025, | YELLOWSTONE INTERCO HOLDINGS, LLC, | as Holdings, | YELLOWSTONE BORROWER, LLC, | as the Borrower, | the Lenders and Issuing Banks party hereto from time to time, | WELLS FARGO BANK, NATIONAL ASSOCIATION, | as Administrative Agent and Collater",false,true,true,false,0,keep,'tax receivable agreement' phrase present in body
data/edgar-query/exhibits/0002086587/0001193125-26-015413_d941199dex106.htm,139312,"TAX RECEIVABLE AGREEMENT | YORK SPACE SYSTEMS INC., | YELLOWSTONE GP, LLC, | THE PERSONS NAMED HEREIN | Dated as of [—], 2026",true,false,true,false,5,keep,centered title contains 'tax receivable agreement'
data/edgar-query/exhibits/0002086587/0001193125-26-031773_d22484dex101.htm,136750,"TAX RECEIVABLE AGREEMENT | YORK SPACE SYSTEMS INC., | YELLOWSTONE GP, LLC, | THE PERSONS NAMED HEREIN | Dated as of January 28, 2026",true,false,true,false,5,keep,centered title contains 'tax receivable agreement'
data/edgar-query/exhibits/0002088896/0001104659-26-039550_tm2527015d12_ex10-10.htm,460632,"X-ENERGY REACTOR COMPANY , LLC | EIGHTH AMENDED AND RESTATED LIMITED LIABILITY COMPANY AGREEMENT | Dated as of , 2026",false,true,true,false,0,keep,'tax receivable agreement' phrase present in body
data/edgar-query/exhibits/0002088896/0001104659-26-039550_tm2527015d12_ex10-12.htm,228863,"MASTER REORGANIZATION AGREEMENT | X - ENERGY REACTOR COMPANY , LLC , | X - ENERGY , INC ., | AND THE OTHER PARTIES HERETO | [ · ] , 2026",false,false,true,false,0,keep,'tax receivable agreement' phrase present in body
data/edgar-query/exhibits/0002088896/0001104659-26-039550_tm2527015d12_ex10-13.htm,255263,"TAX RECEIVABLE AGREEMENT | X-ENERGY, INC. | X-ENERGY REACTOR COMPANY, LLC | THE TRA PARTIES | OTHER PERSONS FROM TIME TO TIME PARTY HERETO | Dated as of [ · ], 2026",true,false,true,false,6,keep,centered title contains 'tax receivable agreement'
data/edgar-query/exhibits/0002088896/0001104659-26-043799_tm2527015d18_ex10-12.htm,186345,"MASTER REORGANIZATION AGREEMENT | X - ENERGY REACTOR COMPANY , LLC , | X - ENERGY , INC ., | AND THE OTHER PARTIES HERETO | , 2026",false,false,true,false,0,keep,'tax receivable agreement' phrase present in body
data/edgar-query/exhibits/0002088896/0001104659-26-043799_tm2527015d18_ex10-13.htm,261108,"TAX RECEIVABLE AGREEMENT | X-ENERGY, INC. | X-ENERGY REACTOR COMPANY, LLC | THE TRA PARTIES | OTHER PERSONS FROM TIME TO TIME PARTY HERETO | Dated as of , 2026",true,false,true,false,7,keep,centered title contains 'tax receivable agreement'
data/edgar-query/exhibits/0002090312/0001104659-26-034599_filename4.htm,219604,Certain schedules and exhibits to this agreement have been omitted pursuant to Item 601(a)(5) of Regulation S-K. A copy of any omitted schedule and/or exhibit will be furnished supplementally to the SEC upon request. | [***] Certain information in this document has been excluded pursuant to Regulati,false,false,true,false,0,keep,'tax receivable agreement' phrase present in body
data/edgar-query/exhibits/0002090312/0001104659-26-057155_tm2528763d8_ex10-2.htm,222936,Certain schedules and exhibits to this agreement have been omitted pursuant to Item 601(a)(5) of Regulation S-K. A copy of any omitted schedule and/or exhibit will be furnished supplementally to the SEC upon request. | [***] Certain information in this document has been excluded pursuant to Regulati,false,false,true,false,0,keep,'tax receivable agreement' phrase present in body
data/edgar-query/exhibits/0002093536/0001193125-26-146309_d81728dex107.htm,104828,"TAX RECEIVABLE AGREEMENT | Arxis Inc. | Arcline Arxis Advisory I, LP | Dated as of , 2026",true,false,true,false,5,keep,centered title contains 'tax receivable agreement'
data/edgar-query/exhibits/0002093536/0001193125-26-161805_d15141dex105.htm,105480,"TAX RECEIVABLE AGREEMENT | Arxis Inc. | Arcline Arxis Advisory I, L.P. | Dated as of April 16, 2026",true,false,true,false,5,keep,centered title contains 'tax receivable agreement'
data/edgar-query/exhibits/0002096300/0001193125-26-148877_d22113dex1016.htm,188514,"FORM OF TAX RECEIVABLE AGREEMENT | AEVEX CORP., | ATHENA TECHNOLOGY SOLUTIONS HOLDINGS, LLC | THE OTHER PERSONS NAMED HEREIN | Dated as of , 2026",true,false,true,false,6,keep,centered title contains 'tax receivable agreement'
data/edgar-query/exhibits/0002096300/0001193125-26-148877_d22113dex1017.htm,95161,FORM OF EXCHANGE AGREEMENT,false,true,true,false,0,keep,'tax receivable agreement' phrase present in body
data/edgar-query/exhibits/0002096300/0001193125-26-148877_d22113dex1018.htm,253398,"FORM OF ATHENA TECHNOLOGY SOLUTIONS HOLDINGS, LLC | THIRD AMENDED AND RESTATED | LIMITED LIABILITY COMPANY AGREEMENT | Dated as of [ _____ ], 2026",false,true,true,false,0,keep,'tax receivable agreement' phrase present in body
data/edgar-query/exhibits/0002096300/0001193125-26-164202_d123077dex102.htm,259354,"ATHENA TECHNOLOGY SOLUTIONS HOLDINGS, LLC | THIRD AMENDED AND RESTATED | LIMITED LIABILITY COMPANY AGREEMENT | Dated as of April 17, 2026",false,true,true,false,0,keep,'tax receivable agreement' phrase present in body
data/edgar-query/exhibits/0002096300/0001193125-26-164202_d123077dex103.htm,176740,"TAX RECEIVABLE AGREEMENT | AEVEX CORP., | ATHENA TECHNOLOGY SOLUTIONS HOLDINGS, LLC | THE OTHER PERSONS NAMED HEREIN | Dated as of April 16, 2026",true,false,true,false,6,keep,centered title contains 'tax receivable agreement'
data/edgar-query/exhibits/0002096300/0001193125-26-164202_d123077dex104.htm,82493,EXCHANGE AGREEMENT,false,true,true,false,0,keep,'tax receivable agreement' phrase present in body
