cik,company_name,slug,role,tra_id,counterparties,date_executed,date_terminated,status_flag,tax_asset_type,payment_pct,notes
863903,"Aberdeen Global Select Opportunities Fund, Inc.",aberdeen-global-select-opportunities-fund-inc,no_tra,,,,,,,,"This CIK is a closed-end registered investment company. It was originally registered as ""The European Warrant Fund, Inc."" (2003 filing), later renamed to ""Artio Global Select Opportunities Fund Inc."" (2013, under Artio Global Investors's sponsorship), and renamed again to ""Aberdeen Global Select Opportunities Fund, Inc."" following the Aberdeen acquisition of Artio's asset-management business in 2013."
887210,Aberdeen Investment Funds,aberdeen-investment-funds,no_tra,,,,,,,,"CIK 0000887210 is a registered investment company (a 40 Act fund trust), filing under the name ""Artio Global Investment Funds"" in 2013 and renamed ""Aberdeen Investment Funds"" by 2021. The trust is an investment vehicle, not an operating company; it has no equity capital structure that could give rise to a TRA."
1817358,"Academy Sports + Outdoors, Inc.",academy-sports-outdoors-inc,no_tra,,,,,,,,"Classified role: not a TRA party (no TRA exists). Academy Sports + Outdoors, Inc. went public on October 2, 2020 via a conventional C-corporation IPO, not via an Up-C structure."
1748824,Acadian Asset Management Inc.,acadian-asset-management-inc,no_tra,,,,,,,,"Role: No TRA. Acadian Asset Management Inc. is not a party to any Tax Receivable Agreement as obligor, beneficiary, acquirer, or financing arm in any of the 21 filings in this firm directory."
1557939,Acelity L.P. Inc.,acelity-l-p-inc,never_executed,,,,,,,,"Role: Never executed (no TRA on file; the firm is a post-LBO private debt-registrant, not an Up-C / IPO obligor). Acelity L.P."
1762359,"Acreage Holdings, Inc.",acreage-holdings-inc,pubco,TRA-2018-11-14,,2018-11-14,,in_force,section_754_step_up,,"# Contract identification log — Acreage Holdings, Inc. (CIK 1762359) ## TRA-2018-11-14 — Tax Receivable Agreement (original) Status: in force as of September 30, 2024 (no payments ever made; assigned to Canopy USA conditional on the Canopy Growth acquisition closing). Parties."
1725255,AdaptHealth Corp.,adapthealth-corp,pubco,TRA-2019-11-08,- PubCo: AdaptHealth Corp.,2019-11-08,,in_force,section_754_step_up,85%,"AdaptHealth Corp. is the PubCo (TRA obligor) under a single Up-C-style Tax Receivable Agreement. The TRA was executed concurrent with the November 8, 2019 business combination that converted DFB Healthcare from a shell SPAC into the publicly traded parent of an Up-C structure with AdaptHealth Holdings LLC as the operating partnership."
1602367,Adeptus Health Inc.,adeptus-health-inc,pubco,TRA-2014-06-25,,2014-06-25,2017-10-02,terminated_bankruptcy,section_754_step_up,85%,"Adeptus Health Inc. is a PubCo / TRA obligor. Adeptus completed an Up-C IPO on June 25, 2014, with parent corporation Adeptus Health Inc. sitting above operating partnership Adeptus Health LLC."
1822523,contract_log.md,advanced-flower-capital-inc,no_tra,,,,,,,,"AFC Gamma, Inc. is a Maryland-incorporated commercial real estate REIT that originates senior secured loans to cannabis operators. It is a C-corporation REIT, not an Up-C structure."
1669792,"AdvancePierre Foods Holdings, Inc.",advancepierre-foods-holdings-inc,pubco,TRA-2016-07-20,,2016-07-20,2017-06-07,terminated_change_of_control,"section_754_step_up, pre_ipo_nol, amt_credit",85%,"PubCo (TRA obligor). AdvancePierre Foods Holdings, Inc. (CIK 0001669792) went public via a conventional (non-Up-C) IPO on July 20, 2016 and committed to pay 85% of realized tax savings on pre-IPO tax attributes (NOLs, alternative minimum tax credit carryforwards, and tax basis) to its pre-IPO Oaktree-affiliated stockholders, represented by OCM FIE, LLC as the Existing Stockholders Representative."
1420293,Advantage Title Insurance LLC,advantage-title-insurance-llc,no_tra,,,,,,,,Advantage Title Insurance LLC is not a party to any Tax Receivable Agreement disclosed in these filings. It appears in this CIK as a co-registrant guarantor subsidiary on Realogy Corporation's December 2007 debt-exchange S-4 (file no. 333-148153) and the January 2008 S-4/A.
1157377,The Advisory Board Company,advisory-board-co,beneficiary,,,,,,,,"Role: Beneficiary. The Advisory Board Company (""ABCO"") is a beneficiary under the Income Tax Receivables Agreement dated June 4, 2015 among Evolent Health, Inc. (the obligor / ""PubCo""), Evolent Health LLC, ABCO, and the other Class B holders."
785787,Contract log,aep-industries-inc,no_tra,,,,,,,,"# Contract log ## Role determination Firm: AEP Industries Inc. (CIK 0000785787), a New Jersey plastic packaging manufacturer. Role: mention-only (merger target)."
2096300,AEVEX Corp.,aevex-corp,pubco,TRA-2026-04-16,"Rights Holders listed on Schedule A; the principal Class B holder is ATS Investment Holdings, LLC (recipient of 63,297,524 Class B shares on April 16, 2026 per the 8-K).",2026-04-16,,in_force,"section_754_step_up, blocker_attributes",85%,"PubCo (TRA obligor). AEVEX Corp. is a Delaware corporation that completed an Up-C IPO on April 16-20, 2026."
886171,Contract log,agiliti-health-inc,no_tra,,,,,,,,The firm's filings span 2001 through January 2019 and fall into two distinct eras: 1. Pre-2018 (2001 through mid-2018): standalone leveraged-finance reporting entity.
1749704,"Agiliti, Inc.",agiliti-inc-de,pubco,TRA-2019-01-04,"Agiliti Holdco, Inc.",2019-01-04,,in_force,,,"PubCo / TRA obligor. Agiliti, Inc. is the public company that committed to pay 85% of certain realized tax benefits to the pre-business-combination shareholders of Agiliti Holdco, Inc. (f/k/a UHS Holdco, Inc.)."
1439222,contract_log.md,agios-pharmaceuticals-inc,no_tra,,,,,,,,"# contract_log.md ## Firm: Agios Pharmaceuticals, Inc. (CIK 0001439222) ## Role determination: Not a TRA party Agios Pharmaceuticals is a clinical/commercial-stage biopharmaceutical company that went public via a standard underwritten IPO in July 2013 (Form S-1, Registration No. 333-189216; closing prospectus 424(b)(4) filed July 24, 2013)."
1592016,"AgroFresh Solutions, Inc.",agrofresh-solutions-inc,pubco,TRA-2015-07-31,,2015-07-31,2019-12-20,terminated,"section_754_step_up, 338h10_basis_step_up",,"AgroFresh Solutions is the PubCo (TRA obligor). The company is the successor to Boulevard Acquisition Corp., a special-purpose acquisition company that consummated a business combination with The Dow Chemical Company (""TDCC"") on July 31, 2015, acquiring the AgroFresh business from TDCC's wholly-owned subsidiary Rohm and Haas Company (""R&H"")."
1517022,"Akebia Therapeutics, Inc.",akebia-therapeutics-inc,no_tra,,,,,,,,"Role: Not a TRA party. Akebia is a conventional Delaware C-corporation (incorporated 2007, EIN 20-8756903) that IPO'd in March 2014 via an ordinary C-corp registration."
766421,"Alaska Air Group, Inc.",alaska-air-group-inc,no_tra,,,,,,,,"Role: Mention-only. Alaska Air Group is a long-standing commercial-airline holding company organized as a Delaware C-corporation, not an Up-C structure."
1901336,Alchemy Investments Acquisition Corp 1,alchemy-investments-acquisition-corp-1,never_executed,TRA-2025-08-22-form-of,,2025-08-22,,never_executed,section_754_step_up,,"Alchemy Investments Acquisition Corp 1 (ticker ALCY, originally incorporated as VAM Acquisition Corp.) is a Cayman Islands special purpose acquisition company (SPAC) that consummated its initial public offering on May 9, 2023. ALCY is in the role of PubCo (prospective TRA obligor): on August 22, 2025 it entered into a Business Combination Agreement with Cartiga, LLC pursuant to which a Delaware Up-C structure will be created, with Cartiga Holdings, Inc."
1845123,"Swiftmerge Acquisition Corp. / AleAnna, Inc.",aleanna-inc,never_executed,TRA-2024-draft-never-executed,,2024-06-04,,never_executed,"section_754_step_up, pre_ipo_nol",85%,"# Contract identification log: Swiftmerge Acquisition Corp. / AleAnna, Inc. (CIK 1845123) ## Summary The firm is the SPAC Swiftmerge Acquisition Corp., which consummated its business combination with AleAnna Energy, LLC on December 13, 2024 and was renamed AleAnna, Inc. (NASDAQ: ANNA). The deal was originally structured as an Up-C with a Tax Receivable Agreement, but the TRA was dropped from the deal before closing and was never executed."
1844744,"Alight, Inc.",alight-inc-de,pubco,TRA-2021-07-02,,2021-07-02,,in_force,"section_754_step_up, blocker_attributes",85%,"Alight, Inc. is the PubCo (TRA obligor). Alight was formed via a SPAC business combination in which Foley Trasimene Acquisition Corp. (FTAC) was reorganized as Alight, Inc. (originally named ""Acrobat Holdings, Inc."" in pre-close documents), and the Blackstone-led owners of the pre-IPO Tempo Holding Company, LLC operating partnership received units, Class A common stock, and TRA rights."
1809104,"Alight, Inc.",alight-inc-delaware,pubco,TRA-2021-07-02,,2021-07-02,,in_force,section_754_step_up,,"PubCo (TRA obligor). Alight, Inc. is the public company that committed to pay TRA beneficiaries (the ""TRA Parties"") 85% of certain realized tax benefits arising from the July 2, 2021 business combination between Foley Trasimene Acquisition Corp. (FTAC), a SPAC, and Tempo Holding Company, LLC."
1362468,Allegiant Travel Company,allegiant-travel-co,acquirer,,,,,,,,"Role: Acquirer. Allegiant Travel Company is a public airline (NASDAQ: ALGT) that went public via a conventional IPO on December 8, 2006 (424B4 accession 0001047469-06-014859)."
1317685,Alliance Laundry Holdings Inc.,alliance-laundry-holdings-inc,no_tra,,,,,,,,"Classified role: not a TRA party (no TRA ever existed at this firm). Alliance Laundry Holdings Inc. completed a conventional Delaware C-corporation IPO on October 8, 2025 (priced 10/8/2025, closed shortly after; underwriting agreement filed 10/10/2025 as Exhibit 1.1 to the Item 1.01 8-K)."
1420679,Alpha Referral Network LLC,alpha-referral-network-llc,beneficiary,,,,,,,,"Alpha Referral Network LLC is a subsidiary-level guarantor of Realogy Corporation's senior notes; the CIK exists solely to co-register Realogy debt and resale offerings, and it carries no direct TRA contractual role. The only TRA referenced in any filing under this CIK is the Wright Express Tax Receivable Agreement dated February 22, 2005, among Wright Express Corporation (WEX), Cendant Corporation, and Cendant Mobility Services Corporation (Cartus)."
1882607,"Alpine Summit Energy Partners, Inc.",alpine-summit-energy-partners-inc,pubco,,,,,,,,"Role: PubCo (TRA obligor). Alpine Summit Energy Partners, Inc. (""Pubco"") is a British Columbia–incorporated holding company that completed an Up-C–style business combination on September 7, 2021 with HB2 Origination, LLC, a Delaware oil-and-gas LLC."
1518403,"Contract log for Alta Mesa Holdings, LP",alta-mesa-holdings-lp,financing_arm,,,,,,,,"Alta Mesa Holdings, LP is not a party to any Tax Receivable Agreement. Its role is financing arm within the post-merger Up-C structure created by the February 9, 2018 business combination with Silver Run Acquisition Corp."
1690769,"Alta Mesa Resources, Inc.",alta-mesa-resources-inc-de,pubco,TRA-2018-02-09,"Alta Mesa Resources, Inc.",2018-02-09,,terminated_bankruptcy,section_754_step_up,85%,"PubCo (TRA obligor). Alta Mesa Resources, Inc. (formerly Silver Run Acquisition Corporation II, a SPAC) executed a Tax Receivable Agreement at the closing of its Up-C business combination on February 9, 2018, agreeing to pay 85% of realized cash tax savings to the Initial Limited Partners of the operating partnership SRII Opco, LP (the Riverstone Contributor and High Mesa Holdings LP / Alta Mesa Contributor). VALIDATION 2026-05-17: Chapter 11 petition filed Sep 11, 2019; TRA cancelled in bankruptcy. Status upgraded from terminated_unverified."
1838615,"AlTi Global, Inc.",alti-global-inc,pubco,TRA-2023-01-03,,2023-01-03,,in_force,section_754_step_up,,"PubCo (TRA obligor). AlTi Global is the public successor to Cartesian Growth Corporation (SPAC) following the January 3, 2023 Business Combination with Tiedemann Wealth Management, the TIG entities, and Alvarium Investments."
1411579,"AMC Entertainment Holdings, Inc.",amc-entertainment-holdings-inc,beneficiary,,,,,,,,"AMC Entertainment Holdings, Inc. is a beneficiary of the National CineMedia, Inc. (""NCM"") tax receivable agreement, not the obligor of any TRA. AMC went public on the NYSE in December 2013 (Wanda-era IPO) as a conventional C-corp, not via an Up-C structure, and committed to no TRA of its own."
722077,AMC Entertainment Inc.,amc-entertainment-inc,beneficiary,,,,,,,,"Role: beneficiary. AMC Entertainment Inc. is a Founding Member of National CineMedia, LLC (NCM LLC) and a beneficiary under the National CineMedia, Inc. (""NCM, Inc."") Tax Receivable Agreement entered into in connection with NCM, Inc.'s February 2007 IPO."
1488139,"Ameresco, Inc.",ameresco-inc,no_tra,,,,,,,,"Ameresco, Inc. is not a TRA party in any role (PubCo / beneficiary / acquirer / financing arm / never-executed). Its 2010 IPO was a standard dual-class C-corp offering, not an Up-C structure: the 424B4 prospectus (accession 0000950123-10-067046, filed 2010-07-22) describes Class A and Class B common stock differing only in voting rights and conversion mechanics, with no LLC-unit exchange mechanism, no ""Continuing LLC Members"", and no Tax Receivable Agreement filed as an exhibit at IPO or in any subsequent registration."
1498068,"American Renal Associates Holdings, Inc.",american-renal-associates-holdings-inc,pubco,TRA-2016-04-26,Pre-IPO stockholders on a pro rata basis.,2016-04-26,,transferred_offledger,"section_754_step_up, option_deductions",85%,"# Contract log: American Renal Associates Holdings, Inc. (CIK 0001498068) ## Role classification - Role: PubCo (TRA obligor). - Structure: Non-Up-C IPO. ARA's TRA covers Option Deductions (federal, state, and local cash tax savings from compensatory stock options issued to pre-IPO option holders) rather than basis step-ups from LLC unit exchanges."
1420678,American Title Co of Houston,american-title-co-of-houston,beneficiary,,,,,,,,"American Title Co of Houston is a wholly-owned title-and-settlement-services subsidiary of Realogy Corporation. CIK 0001420678 is the subsidiary's own CIK, assigned because the subsidiary is named as a guarantor / co-registrant on Realogy's senior notes and convertible notes registrations."
1178879,"Amicus Therapeutics, Inc.",amicus-therapeutics-inc,beneficiary,TRA-2021-09-29-form-of-unexecuted,,2021-09-29,,never_executed,section_754_step_up,85%,"Amicus Therapeutics was identified in screening as a TRA-mentioning firm but is not a TRA obligor or a current TRA beneficiary. The TRA mentions in this firm's filings derive entirely from a single 2021 transaction: a planned SPAC business combination in which Amicus would have spun off its gene therapy business (Caritas Therapeutics, LLC, held through Amicus GT Holdings, LLC) into a newly Up-C-structured public company by combination with ARYA Sciences Acquisition Corp IV (sponsored by Perceptive Advisors)."
1723128,"Amneal Pharmaceuticals, Inc.",amneal-pharmaceuticals-inc,pubco,TRA-2018-05-04,,2018-05-04,,in_force,section_754_step_up,75%,"PubCo (TRA obligor). Amneal Pharmaceuticals, Inc. is the public company that committed to pay TRA beneficiaries (the ""Amneal Group"" — the pre-combination members of Amneal Pharmaceuticals LLC) following its May 4, 2018 Up-C business combination with Impax Laboratories."
1640313,"Amplify Snack Brands, Inc.",amplify-snack-brands-inc,pubco,TRA-2015-08-04,,2015-08-04,"",in_force,"section_754_step_up, pre_ipo_nol",,"Amplify Snack Brands, Inc. is the PubCo (TRA obligor). The firm went public via a Corporate Reorganization (Topco Liquidation) and Up-C-style IPO in August 2015 and committed to make tax-benefit payments to the former holders of units of its prior parent, TA Topco 1, LLC (""Topco""). VALIDATION 2026-05-17: Hershey tender closed Jan 31, 2018 (8-K 0001193125-18-026567); merger agreement does NOT terminate TRA. Obligation persists under acquirer Hershey (CIK 47111); follow-up requires reading Hershey's 10-K filings post-2018."
6281,"Analog Devices, Inc.",analog-devices-inc,beneficiary,,,,,,,,"# Contract log: Analog Devices, Inc. (CIK 0000006281) ## Summary Role: No real TRA here (incidental mentions only). After reading every TRA-mentioning document and screening 147 filings (2000-12-13 through 2026-03-12) for TRA markers (Up-C, Section 754, Pre-IPO Holders, Continuing LLC Members, Realized Tax Benefit, Tax Receivable Agreement), no Tax Receivable Agreement has ever been executed by Analog Devices or any of its consolidated subsidiaries."
2065708,Andersen Group Inc.,andersen-group-inc,pubco,TRA-2025-12-16,Andersen Group Inc.,2025-12-16,,in_force,section_754_step_up,85%,PubCo (TRA obligor). Andersen Group Inc. is the public-company obligor under a TRA executed concurrent with its December 2025 Up-C IPO.
1355001,Anywhere Real Estate Group LLC,anywhere-real-estate-group-llc,beneficiary,TRA-2005-02-22,,2005-02-22,,terminated,section_754_step_up,,"The firm is a partial beneficiary (assignee) of one TRA: the Tax Receivable Agreement dated February 22, 2005 among Wright Express Corporation (WEX, the obligor / PubCo), Cendant Corporation, and Cendant Mobility Services Corporation. The original TRA itself is not filed under Realogy's CIK; it was filed under WEX's CIK in connection with WEX's February 2005 IPO."
1398987,Anywhere Real Estate Inc.,anywhere-real-estate-inc,beneficiary,,,,,,,,"Role: Beneficiary (already-prepaid). Anywhere Real Estate Inc. (formerly Realogy Holdings Corp., and earlier Domus Holdings Corp.) is a downstream beneficiary of the Tax Receivable Agreement dated February 22, 2005 among Wright Express Corporation (""WEX""), Cendant Corporation, and Cendant Mobility Services Corporation (""Cartus"")."
1420685,"APEX Real Estate Information Services, LLC",apex-real-estate-information-services-llc,beneficiary,,,,,,,,"APEX Real Estate Information Services, LLC is a wholly-owned subsidiary of Realogy Corporation, appearing in the guarantor schedule of Realogy's December 2007 senior-notes registration. CIK 0001420685 is the subsidiary's own CIK, assigned because the subsidiary co-registered Realogy's senior-notes / senior-toggle-notes / senior-subordinated-notes exchange offer as a guarantor."
1411494,Apollo Asset Management,apollo-asset-management-inc,pubco,TRA-2007-07-13,,2007-07-13,,in_force,section_754_step_up,85%,"# Contract identification log — Apollo Asset Management (CIK 1411494) Origin entity: Apollo Global Management, LLC (later renamed Apollo Global Management, Inc. on Sept 5, 2019, then renamed Apollo Asset Management, Inc. on Jan 1, 2022 after the Athene merger spun a new ultimate parent under CIK 1858681). One underlying TRA was identified — the 2007 Apollo TRA, established at the 2007 reorganization that prepared Apollo for its eventual 2011 IPO."
1858681,"Apollo Global Management, Inc.",apollo-global-management-inc,pubco,TRA-2013-05-06,,2013-05-06,,in_force,section_754_step_up,85%,"Apollo Global Management, Inc. (CIK 0001858681) is the post-2022 public parent that emerged from the merger of Athene Holding Ltd. with Apollo Asset Management, Inc. (the pre-2022 PubCo, CIK 0001411494; renamed ""Apollo Asset Management"" as a subsidiary at the merger close on January 1, 2022). Apollo plays the role of PubCo (TRA obligor) for two distinct TRAs that the firm carries as of the FY2025 10-K: 1."
1858681,"Apollo Global Management, Inc.",apollo-global-management-inc,pubco,TRA-2021-06-16-Bridge,,2021-06-16,,in_force,section_754_step_up,85%,"Apollo Global Management, Inc. (CIK 0001858681) is the post-2022 public parent that emerged from the merger of Athene Holding Ltd. with Apollo Asset Management, Inc. (the pre-2022 PubCo, CIK 0001411494; renamed ""Apollo Asset Management"" as a subsidiary at the merger close on January 1, 2022). Apollo plays the role of PubCo (TRA obligor) for two distinct TRAs that the firm carries as of the FY2025 10-K: 1."
1751008,AppLovin Corp,applovin-corp,no_tra,,,,,,,,"Role: none (no TRA). AppLovin Corp executed a traditional dual-class IPO on April 15, 2021, with Class A common stock sold to the public and Class B / Class F common stock retained by insiders for voting control."
1821075,"Appreciate Holdings, Inc.",appreciate-holdings-inc,pubco,TRA-2022-11-29,,2022-11-29,,in_force,section_754_step_up,85%,"Appreciate Holdings, Inc. is the PubCo (TRA obligor) in an Up-C structure created via a SPAC business combination. The firm filed its earliest documents as PropTech Investment Corporation II (PTIC II), a Delaware SPAC; on November 29, 2022 PTIC II closed its business combination with RW National Holdings, LLC (""Renters Warehouse"") and renamed itself Appreciate Holdings, Inc. (former-names record in SEC submissions metadata confirms the rename effective 2022-11-29)."
1144326,"Appvion, Inc.",appvion-inc,never_executed,TRA-2012-05-16-never-executed,,2012-05-16,,never_executed,section_754_step_up,,"Appvion Inc. (formerly Appleton Papers Inc., renamed in 2013) is NOT a contractual party to the contemplated Tax Receivable Agreement found in its filings. In the planned 2012 SPAC business combination, Appvion was the operating target company."
1584423,"APX Group Holdings, Inc.",apx-group-holdings-inc,no_tra,,,,,,,,Role: none (no TRA). APX Group Holdings is a debt-registrant subsidiary structure under Blackstone's Vivint (and post-2020 Vivint Smart Home) acquisition.
1823766,Archaea Energy Inc.,archaea-energy-inc,pubco,,,,,,,,Role: PubCo that contemplated but never executed a Tax Receivable Agreement. Status flag: never_executed.
894871,"Arena Group Holdings, Inc.",arena-group-holdings-inc,no_tra,,,,,,,,"# Contract log — Arena Group Holdings, Inc. (CIK 0000894871) ## Role determination Arena Group Holdings, Inc. (formerly TheMaven, Inc.; formerly Integrated Surgical Systems / Integrated Media Holdings) is not a Tax Receivable Agreement party in any capacity (PubCo obligor, beneficiary, acquirer of a TRA-bearing target, or financing arm)."
1829432,Ares Acquisition Corp,ares-acquisition-corp,never_executed,TRA-2022-12-05-never-executed,,2023-10-13,,never_executed,section_754_step_up,,"Ares Acquisition Corp (ticker AAC) is a special-purpose acquisition company (SPAC) sponsored by Ares Management Corporation that completed its IPO on February 4, 2021 (424B4 accession 0001193125-21-027346). As a SPAC, AAC itself does not have an underlying operating business and is not party to a Tax Receivable Agreement of its own."
1176948,Ares Management Corp,ares-management-corp,pubco,TRA-2014-05-01,,2014-05-01,,in_force,section_754_step_up,85%,"Ares is a PubCo / TRA obligor. The Ares public entity (initially Ares Management, L.P., later Ares Management Corporation following the 2018 C-corp conversion) is the parent of an Up-C structure in which pre-IPO holders (collectively referred to as AOH, Alleghany, and the Limited Partners) hold partnership interests in the Ares Operating Group (""AOG"") partnerships and are entitled to surrender those units to PubCo in taxable exchanges."
1865187,"Aris Water Solutions, Inc.",aris-water-solutions-inc,pubco,TRA-2021-10-26,,2021-10-26,,terminated,section_754_step_up,,"PubCo (TRA obligor). Aris Water Solutions, Inc. went public via Up-C IPO on October 26, 2021."
2044009,Armada Acquisition Corp. II,armada-acquisition-corp-ii,pubco,TRA-2025-10-19,,2025-10-19,,never_executed,section_754_step_up,,"Armada Acquisition Corp. II is a Cayman Islands blank check company (SPAC) that, on October 19, 2025, signed a Business Combination Agreement (BCA) with Evernorth Holdings, Inc. (Pubco), Evernorth Corporate Merger Sub Inc. (SPAC Merger Sub), Pathfinder Digital Assets LLC (the Company / OpCo), Evernorth Company Merger Sub LLC (Company Merger Sub), and Ripple Labs Inc."
1820721,"Array Technologies, Inc.",array-technologies-inc,pubco,TRA-2016-07-08,,2016-07-08,,in_force,section_754_step_up,,"Array Technologies, Inc. is the PubCo (TRA obligor). The TRA was originated on July 8, 2016 in connection with the 2016 private acquisition of Array Technologies Patent Holdings Co., LLC by ATI Investment Sub, Inc. (the Former Parent), which gave rise to a Section 1012 basis step-up in the acquired developed-technology assets."
1419178,Artio Global Investors Inc.,artio-global-investors-inc,pubco,TRA-2009-09-29,,2009-09-29,,,section_754_step_up,85%,"PubCo (TRA obligor). Artio Global Investors Inc. went public via an Up-C structure on September 29, 2009 and committed to pay 85% of certain realized tax savings to the two Principals (Richard C."
1517302,Artisan Partners Asset Management Inc.,artisan-partners-asset-management-inc,pubco,TRA-2013-03-06-Merger,Artisan Partners Asset Management Inc.,2013-03-06,,in_force,section_754_step_up,85%,"Artisan Partners Asset Management Inc. (""APAM"") is the PubCo (TRA obligor) in a classic Up-C structure. APAM IPO'd in March 2013, and is the parent holding company over Artisan Partners Holdings LP."
1517302,Artisan Partners Asset Management Inc.,artisan-partners-asset-management-inc,pubco,TRA-2013-03-12-Exchanges,Artisan Partners Asset Management Inc.,2013-03-12,,in_force,section_754_step_up,85%,"Artisan Partners Asset Management Inc. (""APAM"") is the PubCo (TRA obligor) in a classic Up-C structure. APAM IPO'd in March 2013, and is the parent holding company over Artisan Partners Holdings LP."
2093536,"Arxis, Inc.",arxis-inc,pubco,TRA-2026-04-16,"Arxis Inc. (PubCo) and Arcline Arxis Advisory I, L.P. (TRA Party). -",2026-04-16,,in_force,,,"PubCo (TRA obligor). Arxis, Inc. is a newly-public Delaware corporation that completed its IPO on April 17, 2026."
1838821,ARYA Sciences Acquisition Corp IV,arya-sciences-acquisition-corp-iv,never_executed,TRA-2021-09-29,,2021-09-29,,never_executed,section_754_step_up,85%,"ARYA Sciences Acquisition Corp IV was a Cayman Islands SPAC (IPO closed March 2, 2021). The firm role for TRA purposes is PubCo-in-waiting under a contemplated Up-C business combination that never closed."
1420762,contract_log.md — Associated Client Referral LLC,associated-client-referral-llc,no_tra,,,,,,,,Role: non-party guarantor subsidiary (no TRA exists under this firm's CIK). Reasoning.
802967,"Associated Materials, LLC",associated-materials-llc,pubco,,,,,,,,"Role: indeterminate; likely PubCo (TRA obligor) with no on-EDGAR contract. Associated Materials, LLC is a Delaware LLC formerly known as Associated Materials Incorporated."
1420270,Associates Investments,associates-investments,beneficiary,,,,,,,,"Associates Investments is a California-incorporated subsidiary of Realogy Corporation, listed as a co-registrant guarantor on Realogy's S-4 high-yield exchange-offer registration (filed December 18, 2007; Amendment No. 1 filed January 9, 2008) covering 10.50% Senior Notes due 2014, 11.00%/11.75% Senior Toggle Notes due 2014, and 12.375% Senior Subordinated Notes due 2015 issued in connection with the Apollo LBO of Realogy. Associates Investments is one of roughly one hundred Realogy subsidiary guarantors on Schedule A and signs the registration statement only in that capacity."
1420272,"Associates Realty, Inc.",associates-realty-inc,pubco,,,,,,,,"Associates Realty, Inc. (CIK 0001420272) is a Realogy Corporation subsidiary that appears as a co-registrant / note-guarantor on Realogy's December 2007 / January 2008 S-4 bond exchange-offer registration statement. The two filings in this directory are: - 2007-12-18 | S-4 | 0001193125-07-267402 | Realogy bond exchange-offer registration statement - 2008-01-09 | S-4/A | 0001193125-08-003431 | Amendment to the above S-4 Both filings carry the same Realogy bond exchange-offer prospectus together with the standard Realogy financing exhibits: three bond indentures (10."
1420271,Associates Realty Network,associates-realty-network,no_tra,,,,,,,,"Associates Realty Network is a co-registrant guarantor subsidiary in the Realogy Corporation S-4 / S-4/A bond-exchange-offer filings (accessions 0001193125-07-267402 and 0001193125-08-003431, filed by the Realogy registration group of co-registrants). The firm is not a contractual party to any Tax Receivable Agreement."
1780312,"AST SpaceMobile, Inc.",ast-spacemobile-inc,pubco,TRA-2021-04-06,,2021-04-06,,in_force,section_754_step_up,85%,"PubCo (TRA obligor). AST SpaceMobile, Inc. (Delaware) is the holding company in an Up-C structure formed via a SPAC business combination on April 6, 2021, in which New Providence Acquisition Corp. (""NPA"", the SPAC) acquired AST & Science LLC and was renamed AST SpaceMobile, Inc."
1824211,Astrea Acquisition Corp.,astrea-acquisition-corp,pubco,TRA-2021-08-11,,2021-08-11,,never_executed,section_754_step_up,,"Astrea Acquisition Corp. is a Delaware SPAC that completed its IPO on February 8, 2021 (ticker ASAX/ASAXU/ASAXW; Nasdaq). It was the contemplated PubCo (TRA obligor) in a proposed Up-C-style business combination with Lexyl Travel Technologies, LLC (d/b/a HotelPlanner.com), announced via 8-K on August 11, 2021."
732717,AT&T Inc.,at-t-inc,beneficiary,TRA-2021-05-17-WBD-Annex,AT&T Inc.,2021-05-17,,in_force,section_754_step_up,85%,"AT&T's role with respect to the only TRA-style instrument in its filings is beneficiary, not PubCo (obligor). The instrument is the ""Tax Receivable Annex"" embedded as Annex A of the Tax Matters Agreement dated May 17, 2021 between AT&T Inc. (""Remainco""), Magallanes, Inc. (""Spinco""), and Discovery, Inc. (collectively, with their subsidiaries, the ""RMT Group"")."
1420776,ATCOH Holding Company,atcoh-holding-co,never_executed,,,,,,,,"ATCOH Holding Company is a Texas title-services subsidiary of Realogy Corporation, named on Schedule A guarantor lists of Realogy's debt and equity registration statements. Its registrant siblings in this CIK family include American Title Company of Houston, Texas American Title Company, TAW Holding Inc., South Land Title Co., and South-Land Title of Montgomery County."
1527469,Athene Holding Ltd.,athene-holding-ltd,no_tra,,,,,,,,"Athene Holding Ltd. is a Bermuda-domiciled life insurance and retirement-services company. Across its 124 SEC filings retrieved here (May 2016 through May 2026, covering the December 2016 IPO, the December 31, 2021 Apollo Global Management merger, and the subsequent period as an Apollo subsidiary that continued to file separately because of registered public debt), Athene is not a party to any Tax Receivable Agreement."
1574648,Athlon Energy Inc.,athlon-energy-inc,pubco,TRA-2013-08-07,Athlon Energy Inc.,2013-08-07,,terminated_merger,"section_754_step_up, pre_ipo_nol",,"Athlon Energy Inc. is the PubCo (TRA obligor) under a single Up-C IPO Tax Receivable Agreement. Athlon completed its Up-C IPO on August 7, 2013."
1574652,Athlon Finance Corp.,athlon-finance-corp,pubco,,,,,,,,"# Contract log: Athlon Finance Corp. (CIK 0001574652) ## Firm role: financing arm Athlon Finance Corp. is a Delaware finance subsidiary of Athlon Holdings LP, organized solely to act as co-issuer with Athlon Holdings LP on the partnership's senior notes. (Operating limited partnerships customarily co-issue debt through a wholly owned corporate subsidiary so that note buyers whose charters bar them from holding LP-issued debt can still participate.) Athlon Holdings LP is in turn the operating partnership beneath the Up-C PubCo Athlon Energy Inc. (CIK 0001574648)."
1574672,Athlon Holdings LP,athlon-holdings-lp,pubco,,,,,,,,"Role: financing-arm / operating-LP filer; not a contractual TRA party. Athlon Holdings LP is the operating limited partnership beneath Athlon Energy Inc. (CIK 0001574648), the PubCo formed in the August 2013 Up-C IPO."
1367832,"Aurora Diagnostics Holdings, LLC",aurora-diagnostics-holdings-llc,pubco,TRA-2010-12-20-formof,,2010-12-20,,never_executed,section_754_step_up,,"Aurora Diagnostics Holdings, LLC is a Delaware limited liability company that was a public debt filer (registered exchange offer for 10.750% Senior Notes Due 2018, S-4 filed September 2011) but never executed a public equity offering. Throughout the 2011-2017 period, the firm and its lenders repeatedly contemplated a future IPO in which Aurora Diagnostics, Inc. (a planned post-conversion PubCo) would enter into a Tax Receivable Agreement with the pre-IPO equity holders, but the IPO was deferred in 2011 and never occurred."
1666054,Authentic Brands Group Inc.,authentic-brands-group-inc,pubco,,,,,,,,"Authentic Brands Group Inc. (""ABG Inc."") is the proposed PubCo (TRA obligor) of an Up-C IPO that was never completed. Across the five filings reviewed (DRS, DRS/A, S-1, two S-1/A amendments), Exhibit 10.1 ""Form of Tax Receivable Agreement"" is consistently listed in the Item 16 exhibit index with the asterisk denoting ""To be filed by amendment,"" but the form-of TRA text was never actually attached in any of these filings."
1722482,"Avantor, Inc.",avantor-inc,unknown,,,,,,,,"# Contract log: Avantor, Inc. (CIK 0001722482) ## Role determination Avantor, Inc. is not a current TRA obligor. The user's prompt hypothesis (""standard Up-C TRA at IPO backed by New Mountain Capital"") is not supported by the filings."
1483321,Aveon Group L.P.,aveon-group-l-p,pubco,TRA-2010-08-10,,2010-08-10,,never_executed,pre_ipo_nol,85%,"PubCo (TRA obligor in form), Up-C structure. The Aveon Group L.P. was a Delaware limited partnership formed as the public registrant atop three operating partnerships: Aveon Holdings I L.P. (Delaware), Aveon Holdings II L.P., and Aveon Holdings III L.P."
723612,"CIK 0000723612 (Cendant Corporation → Avis Budget Group, Inc.)",avis-budget-group-inc,beneficiary,,,,,,,,"# Contract log: CIK 0000723612 (Cendant Corporation → Avis Budget Group, Inc.) ## Firm identity and TRA role CIK 0000723612 covers two successive corporate identities at the same registrant entity: - Cendant Corporation (filings dated 2000-07-28 through 2006-07-31, the Separation date). - Avis Budget Group, Inc. (filings dated 2006-08-01 onward, after the Cendant Separation spun off Realogy and Wyndham and sold Travelport; the rump car-rental business retained the original CIK and was renamed Avis Budget Group)."
8947,AZZ Inc.,azz-inc,no_tra,,,,,,,,"Role: none of the standard TRA roles (not PubCo, not beneficiary, not acquirer, not financing arm, not never-executed). AZZ Inc. is an industrial galvanizing and coatings company that went public on NYSE in 1956; it has not undergone an Up-C IPO, has no obligations under any TRA, and does not appear as a TRA beneficiary at any other Up-C firm."
1701605,Baker Hughes Co,baker-hughes-co,no_tra,,,,,,,,"Role: No Tax Receivable Agreement exists at this firm. Despite the 2017 GE / Baker Hughes Inc. business combination being structured as an Up-C (with Baker Hughes a GE Company / now Baker Hughes Company as PubCo and GE holding Class B units of Baker Hughes Holdings LLC at CIK 0000808362), the transaction did NOT include a Tax Receivable Agreement."
808362,Baker Hughes Holdings LLC,baker-hughes-holdings-llc,never_executed,,,,,,,,"Role: contemplated but never executed. The CIK 0000808362 spans two corporate forms: Baker Hughes Incorporated (the public oilfield-services company, 1987-2017) and Baker Hughes, a GE company, LLC / Baker Hughes Holdings LLC (the operating-subsidiary LLC that succeeded it after the 2017 GE Oil & Gas combination)."
1820302,"Bakkt Holdings, Inc.",bakkt-inc,pubco,TRA-2021-10-15,,2021-10-15,,terminated,section_754_step_up,18%,"Bakkt Holdings, Inc. is the PubCo (TRA obligor). The firm went public via SPAC business combination with VPC Impact Acquisition Holdings, which consummated on October 15, 2021 (""Closing Date"")."
1781755,"Baldwin Insurance Group, Inc.",baldwin-insurance-group-inc,pubco,TRA-2019-10-28,,2019-10-28,,in_force,section_754_step_up,85%,"PubCo (TRA obligor). The firm went public on October 28, 2019 as BRP Group, Inc. via an Up-C IPO with operating subsidiary Baldwin Risk Partners, LLC."
1747079,Bally's Corporation,bally-s-corp,pubco,,,,,,,,"Bally's Corporation is the PubCo (TRA obligor) of one Tax Receivable Agreement dated November 18, 2020 with Sinclair Broadcast Group, Inc. (""Sinclair"" / ""SBG""). The TRA arose from the Sinclair Framework Agreement (signed November 18, 2020) under which Bally's (then Twin River Worldwide Holdings, renamed Bally's Corp on November 9, 2020) obtained naming rights to Sinclair's regional sports networks in exchange for cash, Penny Warrants, Options, Performance Warrants, and the TRA."
701985,"- Bath & Body Works, Inc.",bath-body-works-inc,never_executed,,,,,,,,"This CIK is the legacy entity formerly known as The Limited, Inc. (1994-2002), Limited Brands, Inc. (2002-2013), and L Brands, Inc. (2013-2021), renamed Bath & Body Works, Inc. on July 30, 2021 in connection with the spinoff of Victoria's Secret & Co. as a separate publicly traded company (CIK 0001856437) on August 3, 2021. Per the SEC submissions metadata (formerNames), the CIK continuity is preserved across all renames; the same legal entity that filed as L Brands now files as Bath & Body Works."
1420686,Batjac Real Estate Corp,batjac-real-estate-corp,beneficiary,,,,,,,,"Batjac Real Estate Corp is a Realogy-family guarantor subsidiary. It appears in the firm directory only as a co-registrant guarantor on Realogy Corporation's December 2007 S-4 exchange offer (Registration No. 333-148153) and its January 2008 S-4/A amendment, both filed under accession prefix 0001193125 by Realogy."
77159,Contract log for Penn Virginia Corp / Ranger Oil Corp,baytex-energy-usa-inc,never_executed,,,,,,,,"# Contract log for Penn Virginia Corp / Ranger Oil Corp (CIK 0000077159) ## Firm identification CIK 0000077159 corresponds to Penn Virginia Corporation, which was renamed Ranger Oil Corporation in January 2022 and acquired by Baytex Energy Corp on June 20, 2023 (the resulting US subsidiary being ""Baytex Energy USA Inc"", which inherited this CIK). The firm operated throughout its public life as a conventional C-corporation E&P."
1772016,"BellRing Brands, Inc.",bellring-brands-inc,pubco,TRA-2019-10-21,"- PubCo / obligor: BellRing Brands, Inc.",2019-10-21,,in_force,section_754_step_up,,"BellRing Brands, Inc. is the PubCo (TRA obligor). It went public on October 21, 2019, via an Up-C IPO carved out from Post Holdings, Inc. (the parent)."
1561387,"Benefytt Technologies, Inc. (f/k/a Health Insurance Innovations, Inc.)",benefytt-technologies-inc,pubco,TRA-2013-02-13,"- PubCo (obligor): Health Insurance Innovations, Inc.",2013-02-13,,terminated_merger,section_754_step_up,,"# Contract log: Benefytt Technologies, Inc. (f/k/a Health Insurance Innovations, Inc.) - CIK: 0001561387 - Ticker history: HIIQ (2013–early 2020), BFYT (early 2020–delisting August 2020) - TRA role: PubCo (obligor). Up-C IPO in February 2013; TRA obligor to the Series B Members beneficially owned by founder Michael W."
1081316,Berkshire Hathaway Energy Company,berkshire-hathaway-energy-co,no_tra,,,,,,,,Role: None (no TRA party-of-record relationship). Reasoning.
1378992,"Berry Global Group, Inc.",berry-global-group-inc,pubco,TRA-2012-11-29,"Berry Plastics Group, Inc.",2012-11-29,,terminated_by_expiration,"section_754_step_up, pre_ipo_nol, amt_credit",,"PubCo / TRA obligor. Berry Plastics Group, Inc. (renamed Berry Global Group in 2017) IPO'd on October 5, 2012 as a traditional C-corporation (not Up-C)."
1420737,Better Homes and Gardens Real Estate Licensee LLC,better-homes-gardens-real-estate-licensee-llc,beneficiary,,,,,,,,"This firm is a downstream Delaware LLC subsidiary of Realogy Corporation that appears in this directory because it was a co-registrant subsidiary guarantor on Realogy's 2007 and 2011-2012 debt registration statements (S-4, S-1, 424B3 prospectuses and supplements). Better Homes and Gardens Real Estate Licensee LLC is itself not a party to any Tax Receivable Agreement."
1420731,Better Homes and Gardens Real Estate LLC,better-homes-gardens-real-estate-llc,no_tra,,,,,,,,"Better Homes and Gardens Real Estate LLC is a wholly-owned subsidiary of Realogy that appears in this set of filings only as a co-registrant guarantor of Realogy debt offerings (S-4 exchange offers, S-1 registration of guaranteed notes, and the resulting 424B3 prospectuses). The TRA referenced throughout these filings is the Tax Receivable Agreement dated February 22, 2005 between Cendant Corporation, Cendant Mobility Services Corporation (later renamed Cartus), and Wright Express Corporation (WEX)."
1094831,"BGC Group, Inc.",bgc-group-inc,pubco,TRA-2008-03-31,"Cantor Fitzgerald, L.",2008-03-31,,economically_extinguished_in_force,section_754_step_up,20%,"PubCo (TRA obligor). BGC Group is the post-Corporate-Conversion (effective July 1, 2023) public-company successor to BGC Partners, Inc."
1819253,Biote Corp.,biote-corp,pubco,TRA-2022-05-26,biote Corp.,2022-05-26,,in_force,section_754_step_up,,PubCo (TRA obligor). Biote Corp. (NASDAQ: BTMD; formerly Haymaker Acquisition Corp.
1665988,Bioventus Inc.,bioventus-inc,pubco,TRA-2016-07-19-never-executed,,2016-07-19,,never_executed,section_754_step_up,85%,Bioventus Inc. is the PubCo (TRA obligor). The firm went public as an Up-C in February 2021 (after an earlier 2016 IPO attempt that was withdrawn).
1665988,Bioventus Inc.,bioventus-inc,pubco,TRA-2021-02-16,,2021-02-16,,in_force,section_754_step_up,85%,Bioventus Inc. is the PubCo (TRA obligor). The firm went public as an Up-C in February 2021 (after an earlier 2016 IPO attempt that was withdrawn).
1720893,"BioXcel Therapeutics, Inc.",bioxcel-therapeutics-inc,no_tra,,,,,,,,"BioXcel Therapeutics, Inc. is not a TRA party of any role. The firm IPO'd in March 2018 as a Delaware C-corporation spinout from BioXcel Corporation; it was not structured as an Up-C, has no Continuing LLC Members, no Pre-IPO Holders TRA, and no Section 754 step-up beneficiaries."
1977102,Birkenstock Holding plc,birkenstock-holding-plc,pubco,TRA-2023-10-10,Birkenstock Holding plc (Company / PubCo / obligor) and BK LC Lux MidCo S.,2023-10-10,,in_force,,,"PubCo (TRA obligor). Birkenstock Holding plc IPO'd on the NYSE on October 11, 2023, as a Jersey public limited company controlled by L Catterton-affiliated BK LC Lux MidCo S.à r.l. (""MidCo"")."
1901799,Bitcoin Depot Inc.,bitcoin-depot-inc,pubco,TRA-2023-06-30,Bitcoin Depot Inc.,2023-06-30,2025-05-30,terminated_merger,section_754_step_up,85%,Role: PubCo (TRA obligor). Bitcoin Depot Inc. is the public-company obligor under a single Up-C-IPO-style TRA.
1627014,Black Knight Inc.,black-knight-inc,never_executed,,,,,,,,"Firm role: never_executed. Black Knight Financial Services, Inc. (later renamed Black Knight, Inc.) registered an Up-C-structured IPO on Form S-1 (filed 2014-12-23, accession 0001193125-14-452705)."
2068577,"Black Rock Coffee Bar, Inc.",black-rock-coffee-bar-inc,pubco,TRA-2025-09-11,"- PubCo / Corporation: Black Rock Coffee Bar, Inc.",2025-09-11,,in_force,section_754_step_up,,"PubCo (TRA obligor). Black Rock Coffee Bar, Inc., a Texas corporation, completed its initial public offering on September 15, 2025 via an Up-C structure, with Black Rock Coffee Holdings, LLC (""OpCo"", Delaware LLC) as the operating partnership."
1393818,Blackstone Inc.,blackstone-inc,pubco,TRA-2007-06-18,Blackstone Holdings I/II GP L.,2007-06-18,,in_force,section_754_step_up,,"# Blackstone Inc. (CIK 0001393818) — Contract log ## Role of firm Blackstone Inc. is the PubCo (TRA obligor) under a single Tax Receivable Agreement originated at its June 2007 Up-C IPO. The TRA obliges Blackstone Holdings I/II GP L.L.C. (formerly Blackstone Holdings I/II GP Inc., a wholly owned corporate subsidiary of Blackstone Inc.; the ""Corporate Taxpayer"") to pay 85% of cash savings in U.S."
1823945,Blue Owl Capital Inc.,blue-owl-capital-inc,pubco,TRA-2021-05-19,,2021-05-19,,in_force,section_754_step_up,85%,"Blue Owl Capital Inc. is the PubCo (TRA obligor) in a single TRA originating from the May 19, 2021 Up-C SPAC business combination that combined Altimar Acquisition Corporation (the SPAC), Owl Rock Capital Group, and Dyal Capital Partners (Neuberger Berman's GP-stakes business)."
1420340,"Bob Tendler Real Estate, Inc.",bob-tendler-real-estate-inc,no_tra,,,,,,,,"Bob Tendler Real Estate, Inc. is a co-registrant guarantor subsidiary of Realogy Corporation that appears on Realogy's December 2007 S-4 (file 0001193125-07-267402) and its January 2008 S-4/A (file 0001193125-08-003431). The S-4 family registered a Securities Act note exchange covering Realogy's 10.50% Senior Notes due 2014, 11.00%/11.75% Senior Toggle Notes due 2014, and 12.375% Senior Subordinated Notes due 2015, all issued on April 10, 2007 in connection with the Domus / Apollo take-private of Realogy."
2002473,Bowhead Specialty Holdings Inc.,bowhead-specialty-holdings-inc,never_executed,,,,,,,,"Role: Never a TRA party. Bowhead Specialty Holdings is a conventional C-corporation that completed a clean IPO in May 2024, not an Up-C IPO."
1464790,Contract log,brc-group-holdings-inc,no_tra,,,,,,,,"I scanned all 224 accession directories for the strings ""tax receivable"" and ""Tax Receivable Agreement,"" along with adjacent variants (""Income Tax Receivable Agreement"", ""Up-C"", ""Up-C structure"", ""TRA""). Results: - The phrase ""tax receivable agreement"" appears exactly once across the firm's filings: in Exhibit 10.39 to the Form 10-K for fiscal year 2024 (accession 0001464790-25-000011), which is the Second Amended and Restated Limited Liability Company Agreement of Great American Holdings, LLC dated November 15, 2024."
1891101,BRC Inc.,brc-inc,pubco,TRA-2022-02-09,BRC Inc.,2022-02-09,,in_force,section_754_step_up,,"# Contract identification log: BRC Inc. (CIK 0001891101) ## TRA-2022-02-09: Tax Receivable Agreement dated February 9, 2022 ### Entry 1: Original executed TRA - Source filing: 0001104659-22-019525 (8-K filed 2022-02-10, date of report 2022-02-09). - Document: tm223251d1_ex10-2.htm, saved as TRA-2022-02-09/tm223251d1_ex10-2.htm. - Classification: Original, executed. - New contract or new version? New contract."
1101215,"Bread Financial Holdings, Inc.",bread-financial-holdings-inc,no_tra,,,,,,,,"# Contract log — Bread Financial Holdings, Inc. (CIK 0001101215) ## Firm-role determination Role: not a TRA party. Bread Financial Holdings, Inc. (formerly Alliance Data Systems Corporation, ""ADS""; renamed to Bread Financial in March 2022) is a long-public consumer-credit company."
1854401,Bridge Investment Group Holdings Inc.,bridge-investment-group-holdings-inc,pubco,TRA-2021-07-16,,2021-07-16,,transferred_offledger,section_754_step_up,85%,"PubCo (TRA obligor). Bridge Investment Group Holdings Inc. is the Up-C public corporation that committed to make TRA payments to the Continuing Equity Owners of Bridge Investment Group Holdings LLC (""Bridge Holdings"", the Operating Company) at its July 2021 IPO."
1827328,TRA contract log — Bright Lights Acquisition Corp.,bright-lights-acquisition-corp,pubco,,,,,,,,"Bright Lights Acquisition Corp. was a Delaware blank-check SPAC that completed its IPO on January 11, 2021 ($230M trust). On November 22, 2021 it entered into a Business Combination Agreement (BCA) with Manscaped Holdings, LLC structured as an Up-C transaction with a Form of Tax Receivable Agreement listed as Exhibit F to the BCA and enumerated in the BCA's ""Ancillary Agreements"" definition."
1685040,"Brighthouse Financial, Inc.",brighthouse-financial-inc,pubco,TRA-2017-07-27,,2017-07-27,,terminated_change_of_control,,,"Brighthouse Financial is PubCo (TRA obligor). The TRA was created July 27, 2017 in connection with the August 4, 2017 spin-off from MetLife, Inc."
1167609,Brighthouse Life Insurance Company of NY,brighthouse-life-insurance-co-of-ny,no_tra,,,,,,,,"Brighthouse Life Insurance Company of NY (BHNY) is an indirect wholly-owned regulated insurance subsidiary of Brighthouse Financial, Inc. (parent CIK 0001685040). The Tax Receivables Agreement of interest was entered into between Brighthouse Financial, Inc. (PubCo / obligor) and MetLife, Inc. (the former parent, beneficiary) in connection with the August 2017 Separation of Brighthouse Financial from MetLife."
733076,contract_log.md,brighthouse-life-insurance-co,pubco,,,,,,,,"Brighthouse Life Insurance Co is a regulated insurance subsidiary of Brighthouse Financial, Inc. (CIK 0001685040), the public holding company that spun off from MetLife, Inc. on August 4, 2017. The Tax Receivables Agreement at issue was entered into between Brighthouse Financial, Inc. (the obligor / PubCo) and MetLife, Inc. (the beneficiary) at the separation as partial consideration for MetLife's contribution of assets to Brighthouse."
1865782,"BrightSpring Health Services, Inc.",brightspring-health-services-inc,never_executed,,,,,,,,"Role: not a TRA party (no executed contract, no economic obligation). BrightSpring Health Services completed a conventional C-corporation IPO on January 26, 2024 (lead underwriter Goldman Sachs; 424B4 accession 0001193125-24-016846 for common stock and 0001193125-24-016841 for tangible equity units; IPO proceeds 8-K accession 0001193125-24-019479 dated January 30, 2024)."
1866757,"Brilliant Earth Group, Inc.",brilliant-earth-group-inc,pubco,TRA-2021-09-22,,2021-09-22,,economically_extinguished_in_force,section_754_step_up,85%,"PubCo (TRA obligor). Brilliant Earth Group, Inc. completed an Up-C IPO on September 22, 2021, with Class A common stock listed on Nasdaq (ticker: BRLT)."
1937926,Brookfield Asset Management Ltd.,brookfield-asset-management-ltd,unknown,,,,,,,,"Brookfield Asset Management Ltd. (""BAM""; CIK 0001937926) is the Canadian-domiciled, publicly listed alternative asset manager spun out of Brookfield Corporation (then known as Brookfield Asset Management Inc.; CIK 0001001085) on December 9, 2022 (the ""2022 Arrangement""). At the spin-off, BAM held a 25% interest in the underlying Asset Management Company (Brookfield Asset Management ULC)."
1654795,Brookfield Business Corp / Brookfield Business Partners,brookfield-business-corp,unknown,,,,,,,,"Brookfield Business Corp (BBUC) and its sibling Brookfield Business Partners L.P. (BBU) file jointly under CIK 0001654795. Across all 47 filings in this directory the only TRA reference is a single related-parties footnote line: ""Includes $X million related to a tax receivable agreement payable to related parties [later: 'an affiliate of Brookfield Corporation'] by the partnership's advanced energy storage operation."" The ""advanced energy storage operation"" is Clarios (Clarios Global LP), the lead-acid automotive battery business acquired April 30, 2019 from Johnson Controls."
1001085,Brookfield Corporation,brookfield-corp-on,acquirer,,,,,,,,# Contract log: Brookfield Corporation (CIK 0001001085) ## Role classification Role: Acquirer / Parent of a TRA-obligor subsidiary. Brookfield Corporation (formerly Brookfield Asset Management Inc. until the December 2022 reorganization) is an Ontario-domiciled Canadian foreign private issuer (FPI).
1403528,"contract_log.md — Oaktree Capital Group, LLC",brookfield-oaktree-holdings-llc,pubco,TRA-2007-05-25,,2007-05-25,"",in_force,section_754_step_up,,"# contract_log.md — Oaktree Capital Group, LLC (CIK 1403528) Firm now legally named Brookfield Oaktree Holdings, LLC (renamed effective March 15, 2024, per Seventh Amended and Restated Operating Agreement filed as exhibit to the 2023 10-K). Prior names: Oaktree Capital Group, LLC. VALIDATION 2026-05-17: 2019-10-01 was the Third A&R date, NOT a termination. Contract remains in force; April 2023 amendment confirmed; referenced in 2025 10-K. Renamed to Brookfield Oaktree Holdings, LLC effective 2024-03-15."
1830043,Bumble Inc.,bumble-inc,pubco,TRA-2021-02-10,,2021-02-10,,terminated,section_754_step_up,85%,"PubCo (TRA obligor). Bumble Inc. went public via Up-C IPO on February 10, 2021 (Class A common stock priced at $43.00; ticker BMBL; 50,000,000 shares offered)."
1420760,Burgdorff LLC,burgdorff-llc,no_tra,,,,,,,,"# Burgdorff LLC (CIK 0001420760) — TRA contract log ## Firm role: guarantor co-registrant, not a TRA party Burgdorff LLC is a Delaware single-member LLC subsidiary of the Realogy group (Realogy Holdings Corp / Realogy Group LLC, formerly Domus Holdings Corp / Domus Intermediate Holdings Corp). It appears on EDGAR only as a co-registrant guarantor on Realogy's debt and equity registration statements (S-4, S-4/A, S-1, S-1/A, 424B3 prospectus supplements, POS EX, EFFECT)."
1420688,"Burgdorff ERA, Inc.",burgdorff-referral-associates-inc,no_tra,,,,,,,,"# Contract log: Burgdorff ERA, Inc. (CIK 0001420688) ## Role determination Burgdorff ERA, Inc. is a Realogy-family guarantor subsidiary. It appears on this CIK as a co-registrant / note guarantor on Realogy Corporation's debt registration filings (S-4 and S-4/A) filed in connection with the April 10, 2007 Apollo-led going-private merger (Domus Holdings / Domus Acquisition into Realogy) and the subsequent exchange-offer registration of the senior notes, senior toggle notes, and senior subordinated notes issued to finance that transaction."
1420759,Burgdorff Referral Associates LLC,burgdorff-referral-associates-llc,financing_arm,,,,,,,,"Burgdorff Referral Associates LLC is a downstream guarantor subsidiary of Realogy Corporation. The firm has 11 filings total in its SEC submissions history (8 documents on disk plus 3 SEC-issued EFFECT notices), all of which are co-registrations on Realogy's debt-exchange S-1/S-4/424B3 paperwork from 2007, 2008, and 2011."
1420772,"Burnet Realty, Inc.",burnet-realty-inc,no_tra,,,,,,,,"Burnet Realty, Inc. is a Realogy-family co-registrant guarantor subsidiary. Its only SEC filings are two filings tied to a single Realogy Corporation debt-exchange registration: - 2007-12-18 | S-4 | 0001193125-07-267402 (Realogy Corporation as primary registrant; Burnet Realty, Inc. as guarantor co-registrant on Schedule A) - 2008-01-09 | S-4/A | 0001193125-08-003431 (amendment to the S-4) - 2008-01-09 | EFFECT | 9999999995-08-000091 (notice of effectiveness; no document body) Burnet Realty has no public equity, no Up-C structure, no IPO, no LLC operating partnership, and no TRA of its own."
1420936,Burnet Realty LLC,burnet-realty-llc,no_tra,,,,,,,,"Burnet Realty LLC is a guarantor subsidiary co-registrant on Realogy Corporation's debt registrations (Forms S-4, S-1, S-1/A, S-4/A, 424B3) filed 2007 through 2012. Burnet itself is not a party to any Tax Receivable Agreement."
1420937,"Burnet Title Holding, LLC",burnet-title-holding-llc,beneficiary,,,,,,,,"Burnet Title Holding, LLC is a guarantor subsidiary of Realogy Corporation. It is neither the obligor, the beneficiary, nor a direct party to any Tax Receivable Agreement."
1420938,contract_log.md — Burnet Title LLC,burnet-title-llc,financing_arm,,,,,,,,"Burnet Title LLC is a wholly-owned title-services subsidiary of Realogy Corporation (parent CIK 0001355001). Across the filings in this directory, Burnet Title appears as a co-registrant guarantor on Realogy's debt-securities registration statements (S-1, S-4, S-4/A) and the subsequent prospectus and prospectus-supplement series (424B3)."
1420641,"Burnet Title of Ohio, LLC",burnet-title-of-ohio-llc,no_tra,,,,,,,,"Burnet Title of Ohio, LLC is a Realogy-family subsidiary that appears in SEC filings only as a co-registrant note guarantor on Realogy Corporation's debt-exchange S-4 and S-4/A in 2007 and 2008. The CIK has three filings on EDGAR: the S-4 (accession 0001193125-07-267402, filed 2007-12-18), the S-4/A (accession 0001193125-08-003431, filed 2008-01-09), and a procedural EFFECT notice (accession 9999999995-08-000091, filed 2008-01-09)."
1420273,Burrow Escrow Services Inc.,burrow-escrow-services-inc,financing_arm,,,,,,,,"Burrow Escrow Services Inc. is a Realogy-family subsidiary that appears only on the ""Guarantors Listed on Schedule A"" page of debt registration statements filed by Realogy Corporation (primary registrant CIK 0001355001) and Domus Holdings Corp. (Realogy's parent). The 25 filings indexed under Burrow's CIK are not Burrow's own filings; they are Realogy/Domus filings on which Burrow is one of dozens of co-registrant guarantors."
1420701,C21 TM LLC,c21-tm-llc,beneficiary,,,,,,,,"C21 TM LLC is a Realogy-family co-registrant guarantor subsidiary (the Century 21 trademark holding LLC). It is not a PubCo, not a TRA beneficiary, not an acquirer in a TRA-bearing transaction, and not a financing arm to an Up-C parent."
1632127,"Cable One, Inc.",cable-one-inc,no_tra,,,,,,,,"I reviewed every filing in the firm directory (37 accessions spanning June 2015 through May 2026, comprising 8-Ks, 10-Ks, 10-Qs, registration-statement exhibits, indentures, and underwriting agreements) and searched the stripped plain text for ""tax receivable"", ""TRA"" (as a standalone token), ""Up-C"", ""Section 754"", and ""Tax Matters Agreement"" mentions. The only ""tax receivable"" reference appears in the spin-off Tax Matters Agreement (TMA) dated June 16, 2015, filed as Exhibit 10.2 to the Form 8-K with accession 0000950157-15-000588."
16058,CACI International Inc / DE,caci-international-inc-de,no_tra,,,,,,,,"CACI International Inc / DE is a Delaware C-corporation defense services contractor, public since the 1980s. The firm never executed an Up-C IPO, SPAC business combination, partnership-to-corporation restructuring, or any comparable transaction that would create a Tax Receivable Agreement."
1699136,"Cactus, Inc.",cactus-inc,pubco,TRA-2018-01-29,,2018-01-29,,in_force,section_754_step_up,,"Cactus, Inc. is the PubCo (TRA obligor). It went public via Up-C IPO that closed February 12, 2018, with Cactus, Inc. as the corporate taxpayer and managing member of Cactus Wellhead, LLC (later reorganized into Cactus Companies, LLC on February 27, 2023)."
837465,Callaway Golf Co / Topgolf Callaway Brands Corp,callaway-golf-co,never_executed,,,,,,,,"Callaway Golf Company (ticker ely, renamed to Topgolf Callaway Brands Corp. with ticker modg after the September 2021 ticker change) is not a party to any executed Tax Receivable Agreement. Across all 118 filings on disk (spanning 2001-09 through 2026-04), no executed TRA, no TRA amendment, no TRA termination instrument, and no TRA-related accounting disclosure appears."
16732,Campbell's Co,campbell-s-co,no_tra,,,,,,,,No TRA role. Campbell Soup Company is a consumer foods incumbent that has been publicly traded as a single-class C-corporation since the 1950s.
1669779,"Camping World Holdings, Inc.",camping-world-holdings-inc,pubco,TRA-2016-10-06,,2016-10-06,,economically_extinguished_in_force,section_754_step_up,85%,"Camping World Holdings, Inc. is the PubCo (TRA obligor). It went public on October 6, 2016 (IPO priced October 5, settled October 11, 2016) via an Up-C structure with CWGS Enterprises, LLC as the operating LLC."
1776738,"Cannabist Company Holdings Inc. (formerly Columbia Care Inc.), CIK 0001776738",cannabist-co-holdings-inc,no_tra,,,,,,,,"Cannabist Company Holdings Inc. (formerly Columbia Care Inc.) is not a party to any Tax Receivable Agreement. The firm is a cannabis multi-state operator incorporated under the Business Corporations Act (British Columbia); it did not go public via an Up-C structure, has no LLC-shareholder beneficiary group, and discloses no TRA liability on its balance sheet."
1704720,"Cannae Holdings, Inc.",cannae-holdings-inc,pubco,,,,,,,,"Cannae Holdings, Inc. is not a contractual party to any Tax Receivable Agreement in any of its 105 filings reviewed. The firm has no TRA obligations on its own balance sheet and no TRA beneficiary rights of its own."
1800682,"Cano Health, Inc.",cano-health-inc,pubco,TRA-2021-06-03,"Cano Health, Inc.",2021-06-03,,terminated_bankruptcy,section_754_step_up,0%,"# Cano Health, Inc. (CIK 0001800682) — TRA contract log ## TRA-2021-06-03 — Tax Receivable Agreement, dated June 3, 2021 Status: terminated_bankruptcy (Chapter 11 rejection, subordinated, discharged on emergence) Parties: Cano Health, Inc. (Corporate Taxpayer); Primary Care (ITC) Intermediate Holdings, LLC (OpCo); Jaws Sponsor LLC (Sponsor / Sponsor Party Representative); Primary Care (ITC) Holdings, LLC (Initial Seller); Panacea TRA Trust; Cano America, LLC; ITC Rumba LLC (InTandem); and other TRA Parties / Sponsor Parties from time to time."
1737927,Canopy Growth Corporation,canopy-growth-corp,acquirer,,,,,,,,"Canopy Growth Corporation (""Canopy Growth"") is a Canadian cannabis company that, in October 2022, became a contractual party to an amendment of the Acreage Holdings / High Street Capital Partners (""HSCP"") TRA. Canopy Growth's role is best characterized as a hybrid acquirer / parent obligor: - The underlying contract is the HSCP / Acreage tax receivable agreement, originated by High Street Capital Partners, LLC and Acreage Holdings, Inc. (with HSCP unitholders as beneficiaries)."
2079999,Cardinal Infrastructure Group Inc.,cardinal-infrastructure-group-inc,pubco,TRA-2025-12-09,,2025-12-09,,in_force,section_754_step_up,85%,"Cardinal Infrastructure Group Inc. is the PubCo (TRA obligor). It completed an Up-C IPO on December 11–12, 2025 and entered into a Tax Receivable Agreement with Cardinal Civil Contracting Holdings LLC (OpCo) and the Continuing Equity Holders at the IPO close."
2079999,Cardinal Infrastructure Group Inc.,cardinal-infrastructure-group-inc,pubco,TRA-2026-02-18-TBA-ALGC,,2026-02-18,,in_force,section_754_step_up,85%,"Cardinal Infrastructure Group Inc. is the PubCo (TRA obligor). It completed an Up-C IPO on December 11–12, 2025 and entered into a Tax Receivable Agreement with Cardinal Civil Contracting Holdings LLC (OpCo) and the Continuing Equity Holders at the IPO close."
1420294,"Career Development Center, LLC",career-development-center-llc,financing_arm,,,,,,,,"Career Development Center, LLC is a Delaware LLC subsidiary in the Realogy Holdings Corp. corporate group (mailing address 1 Campus Drive, Parsippany, NJ; same campus as Realogy's headquarters). The filings under this CIK are S-1, S-4, S-4/A, S-1/A, 424B3 prospectus supplements, and POS EX filings registering debt securities of Realogy / Domus Holdings, with Career Development Center, LLC listed as one of the co-registrant guarantor subsidiaries."
1527166,The Carlyle Group Inc.,carlyle-group-inc,pubco,TRA-2012-05-02,Carlyle Holdings I GP Inc.,2012-05-02,,in_force,section_754_step_up,85%,"Carlyle is the PubCo (TRA obligor). At its May 2012 IPO Carlyle was structured as an Up-C limited partnership (The Carlyle Group L.P.), and Carlyle Holdings I GP Inc. (the Corporate Taxpayer subsidiary) committed to pay 85% of cash tax savings realized from Section 754 basis step-ups generated by exchanges of Carlyle Holdings partnership units."
799088,"Carmike Cinemas, Inc.",carmike-cinemas-inc,no_tra,,,,,,,,"# Contract log — Carmike Cinemas, Inc. (CIK 0000799088) ## Role determination Carmike Cinemas was a publicly traded movie theater chain (NASDAQ: CKEC). On July 25, 2016 Carmike entered into a merger agreement with AMC Entertainment Holdings, which was amended and restated; the merger closed December 21, 2016 with Carmike becoming an indirect wholly owned subsidiary of AMC, and Carmike common stock was delisted and deregistered."
1420305,Cartus Corporation,cartus-corp,beneficiary,,,,,,,,"Cartus Corporation is the former Cendant Mobility Services Corporation, a named party to the Tax Receivable Agreement dated February 22, 2005 by and among Cendant Corporation, Cendant Mobility Services Corporation, and Wright Express Corporation. Cartus's role relative to the TRA is beneficiary (recipient side): Article III of the TRA obligates Wright Express (WEX) to pay 85% of certain tax savings to the Cendant side of the contract; Cartus is named alongside Cendant as a party on the recipient side."
1421023,Cartus Partner Corporation,cartus-partner-corp,unknown,,,,,,,,"Cartus Partner Corporation is a Delaware corporation that is a subsidiary guarantor of Realogy Corporation (the post-2006 spin-off of Cendant Corporation's real-estate services businesses). Across all 21 filings in this directory the firm appears solely as a co-registrant guarantor on Realogy's debt registration statements (S-4 2007/2008 for the Realogy senior-note offerings, S-1 / S-4 / 424B3 series for the 2011 Domus / Apollo refinancing)."
1690820,Carvana Co.,carvana-co,pubco,TRA-2017-04-27,,2017-04-27,,in_force,section_754_step_up,85%,"Carvana is the PubCo (TRA obligor). The firm went public on April 28, 2017 via an Up-C IPO, with Carvana Co. (Delaware corporation) sitting above Carvana Group, LLC."
1420321,contract_log.md,case-title-co,beneficiary,,,,,,,,"# contract_log.md CIK: 0001420321 Firm: Case Title CO (formerly Guardian Title CO, 2007-12-18 to 2012-05-02) Address of record: 1 Campus Drive, Parsippany NJ 07054 (Realogy headquarters) ## Role classification Case Title CO is not a contractual party to any Tax Receivable Agreement. It is a Realogy-family title services subsidiary that appears in SEC filings solely as a guarantor on debt registration statements (S-4, S-4/A) and on Realogy's S-1 / 424B3 / POS EX prospectus supplements."
1420700,CB TM LLC,cb-tm-llc,no_tra,,,,,,,,CB TM LLC is a Coldwell Banker trademark-holding subsidiary that appears on SEC EDGAR solely as a co-registrant guarantor on Realogy Corporation's December 2007 S-4 bond exchange offer (and the January 2008 S-4/A amendment). The firm has only two filings under its CIK: the S-4 filed 2007-12-18 (accession 0001193125-07-267402) and the S-4/A filed 2008-01-09 (accession 0001193125-08-003431).
1271834,CCO Holdings Capital Corp.,cco-holdings-capital-corp,financing_arm,,,,,,,,"# Contract log: CCO Holdings Capital Corp. (CIK 0001271834) ## Firm role: Financing arm CCO Holdings Capital Corp. (CIK 0001271834) is a Delaware co-issuer corporation paired with CCO Holdings, LLC (CIK 0001271833) under Commission File No. 333-112593-01 / 001-37789. It is wholly owned by CCO Holdings, LLC, which is in turn an indirect subsidiary of Charter Communications, Inc. (CIK 0001091667)."
1271833,"CCO Holdings, LLC",cco-holdings-llc,beneficiary,,,,,,,,"CCO Holdings, LLC is not a contracting party to any Tax Receivable Agreement. It is the indirect operating LLC inside the Charter Communications corporate stack and is a co-registrant on most parent-level SEC filings."
1420697,CDRE TM LLC,cdre-tm-llc,no_tra,,,,,,,,"CDRE TM LLC is a guarantor subsidiary of Realogy Corporation (parent CIK 0001355001). Its 25 SEC filings (December 2007 through September 2012) are S-4, S-4/A, S-1, S-1/A, POS EX, 424B3 prospectuses, and EFFECT notices, all co-filed with Realogy's debt registration statements rather than carrying independent operating disclosures."
1420309,Century 21 Real Estate LLC,century-21-real-estate-llc,beneficiary,,,,,,,,"Century 21 Real Estate LLC is a guarantor subsidiary of Realogy Corporation. Every filing in this directory is a Realogy-issuer registration statement, exchange-offer prospectus, or 424(b)(3) prospectus supplement on which Century 21 Real Estate LLC appears as a co-guarantor (alongside other Realogy operating subsidiaries)."
1576940,"Century Communities, Inc.",century-communities-inc,acquirer,,,,,,,,Role: Acquirer. Century Communities is a public homebuilder.
1728041,Contract log,cf-finance-acquisition-corp,never_executed,TRA-2020-08-02-form-of,,2020-08-02,,never_executed,section_754_step_up,,"CF Finance Acquisition Corp (CFAC), CIK 0001728041, was a Cantor Fitzgerald-sponsored blank-check SPAC that IPO'd in December 2018. On August 2, 2020 CFAC entered into a Transaction Agreement with Grosvenor Holdings, L.L.C. and affiliated GCM Grosvenor entities to combine via a reverse merger; the surviving public entity is GCM Grosvenor Inc."
1420310,CGRN Inc,cgrn-inc,beneficiary,,,,,,,,Role: Guarantor-subsidiary cross-registrant of a TRA beneficiary parent. CGRN Inc is not a contractual party to any Tax Receivable Agreement.
1444598,"Change Healthcare Holdings, Inc.",change-healthcare-holdings-inc,pubco,TRA-2009-08-17-Exchanges,,2009-08-17,,in_force,section_754_step_up,85%,"# Contract log: Change Healthcare Holdings, Inc. (CIK 0001444598) ## Firm role and identity This CIK was originally Emdeon Inc. (the entity that completed an Up-C IPO on August 11, 2009 and was acquired by The Blackstone Group via Beagle Parent Corp. in a November 2, 2011 going-private transaction). The entity was later renamed Change Healthcare Holdings, Inc. in early 2015."
1444598,"Change Healthcare Holdings, Inc.",change-healthcare-holdings-inc,pubco,TRA-2009-08-17-Management,,2009-08-17,,in_force,section_754_step_up,85%,"# Contract log: Change Healthcare Holdings, Inc. (CIK 0001444598) ## Firm role and identity This CIK was originally Emdeon Inc. (the entity that completed an Up-C IPO on August 11, 2009 and was acquired by The Blackstone Group via Beagle Parent Corp. in a November 2, 2011 going-private transaction). The entity was later renamed Change Healthcare Holdings, Inc. in early 2015."
1444598,"Change Healthcare Holdings, Inc.",change-healthcare-holdings-inc,pubco,TRA-2009-08-17-Reorganizations,,2009-08-17,,in_force,section_754_step_up,85%,"# Contract log: Change Healthcare Holdings, Inc. (CIK 0001444598) ## Firm role and identity This CIK was originally Emdeon Inc. (the entity that completed an Up-C IPO on August 11, 2009 and was acquired by The Blackstone Group via Beagle Parent Corp. in a November 2, 2011 going-private transaction). The entity was later renamed Change Healthcare Holdings, Inc. in early 2015."
1756497,Change Healthcare Inc.,change-healthcare-inc,pubco,TRA-2009-08-17-Management,,2009-08-17,,terminated_merger,section_754_step_up,85%,"Change Healthcare Inc. is the PubCo / TRA obligor. Up-C-adjacent structure: the firm was formed in 2018 to hold the equity interest in Change Healthcare LLC (a joint venture between Change Healthcare Holdings, formerly Emdeon Inc., and McKesson Corporation)."
1756497,Change Healthcare Inc.,change-healthcare-inc,pubco,TRA-2011-11-02-Exchanges,,2011-11-02,,terminated_merger,section_754_step_up,85%,"Change Healthcare Inc. is the PubCo / TRA obligor. Up-C-adjacent structure: the firm was formed in 2018 to hold the equity interest in Change Healthcare LLC (a joint venture between Change Healthcare Holdings, formerly Emdeon Inc., and McKesson Corporation)."
1756497,Change Healthcare Inc.,change-healthcare-inc,pubco,TRA-2011-11-02-Reorganizations,,2011-11-02,,terminated_merger,section_754_step_up,85%,"Change Healthcare Inc. is the PubCo / TRA obligor. Up-C-adjacent structure: the firm was formed in 2018 to hold the equity interest in Change Healthcare LLC (a joint venture between Change Healthcare Holdings, formerly Emdeon Inc., and McKesson Corporation)."
1756497,Change Healthcare Inc.,change-healthcare-inc,pubco,TRA-2017-02-28-Change-Healthcare-IPO,,2017-02-28,,terminated_merger,section_754_step_up,85%,"Change Healthcare Inc. is the PubCo / TRA obligor. Up-C-adjacent structure: the firm was formed in 2018 to hold the equity interest in Change Healthcare LLC (a joint venture between Change Healthcare Holdings, formerly Emdeon Inc., and McKesson Corporation)."
1756497,Change Healthcare Inc.,change-healthcare-inc,pubco,TRA-2017-03-01-McKesson,,2017-03-01,,terminated_merger,section_754_step_up,85%,"Change Healthcare Inc. is the PubCo / TRA obligor. Up-C-adjacent structure: the firm was formed in 2018 to hold the equity interest in Change Healthcare LLC (a joint venture between Change Healthcare Holdings, formerly Emdeon Inc., and McKesson Corporation)."
1527349,Chart Acquisition Corp,chart-acquisition-corp,never_executed,,,,,,,,Role: not a TRA party. No TRA was ever executed.
1091667,"Charter Communications, Inc.",charter-communications-inc-mo,pubco,TRA-2016-05-18,,2016-05-18,,in_force,section_754_step_up,50%,"Charter Communications, Inc. is the PubCo (TRA obligor) for two contracts and a beneficiary for a third prospective contract: - TRA #1 (in force): Charter is the obligor; Advance/Newhouse Partnership (""A/N"") is the beneficiary. Origin May 18, 2016, at the closing of the Time Warner Cable / Bright House Networks transactions. - TRA #2 (form-of, not yet executed): Charter is the obligor; A/N and Cox Enterprises are the beneficiary group."
1091667,"Charter Communications, Inc.",charter-communications-inc-mo,pubco,TRA-2025-05-16-cox-form,,2025-05-16,,in_force,section_754_step_up,50%,"Charter Communications, Inc. is the PubCo (TRA obligor) for two contracts and a beneficiary for a third prospective contract: - TRA #1 (in force): Charter is the obligor; Advance/Newhouse Partnership (""A/N"") is the beneficiary. Origin May 18, 2016, at the closing of the Time Warner Cable / Bright House Networks transactions. - TRA #2 (form-of, not yet executed): Charter is the obligor; A/N and Cox Enterprises are the beneficiary group."
1091667,"Charter Communications, Inc.",charter-communications-inc-mo,pubco,TRA-prospective-gci-divestiture,,2016-05-18,,in_force,section_754_step_up,50%,"Charter Communications, Inc. is the PubCo (TRA obligor) for two contracts and a beneficiary for a third prospective contract: - TRA #1 (in force): Charter is the obligor; Advance/Newhouse Partnership (""A/N"") is the beneficiary. Origin May 18, 2016, at the closing of the Time Warner Cable / Bright House Networks transactions. - TRA #2 (form-of, not yet executed): Charter is the obligor; A/N and Cox Enterprises are the beneficiary group."
1766502,"Chewy, Inc.",chewy-inc,no_tra,,,,,,,,"# Chewy, Inc. (CIK 0001766502) - TRA contract log ## Role determination Role: No TRA role. Chewy is not a TRA obligor, beneficiary, acquirer, financing arm, or never-executed contemplator."
1679063,"Chicken Soup for the Soul Entertainment, Inc.",chicken-soup-for-the-soul-entertainment-inc,pubco,TRA-2021-10-22,,2021-10-22,,terminated,,,"# Contract log: Chicken Soup for the Soul Entertainment, Inc. (CIK 0001679063) ## Firm TRA role CSSE is the Acquirer of Redbox Entertainment, Inc. (CIK 0001820201). Redbox went public via SPAC business combination with Seaport Global Acquisition Corp. on October 22, 2021, and at that closing entered into a Tax Receivable Agreement among Redbox (as PubCo), Redwood Holdco, LP (as LLC member / TRA Holder), and Redwood Intermediate, LLC (as Opco)."
313927,"Church & Dwight Co., Inc.",church-dwight-co-inc-de,beneficiary,,,,,,,,"Church & Dwight is a long-established, non-Up-C consumer products company (Arm & Hammer, OxiClean, Trojan, etc.). It is incorporated in Delaware and pays corporate tax on its consolidated earnings; there is no LLC-shareholder beneficiary structure giving rise to a tax receivable agreement."
1744895,Churchill Capital Corp,churchill-capital-corp,pubco,TRA-2019-05-13,,2019-05-13,,in_force,,85%,"Churchill Capital Corp was a special-purpose acquisition company (SPAC) that completed its IPO on September 10, 2018 (424B4 accession 0001571049-18-000477) and entered into a definitive Agreement and Plan of Merger on January 14, 2019 with Clarivate Analytics PLC and Camelot Holdings (Jersey) Limited. The mergers closed on May 13, 2019."
1705843,"Cibus, Inc.",cibus-inc,pubco,TRA-2023-05-31,"Cibus, Inc.",2023-05-31,,in_force,section_754_step_up,,"PubCo (TRA obligor). Cibus, Inc. is the post-merger Up-C public parent that committed to pay TRA Parties under the May 31, 2023 Tax Receivable Agreement entered into at closing of the Calyxt/Cibus business combination."
1385280,"Cinemark Holdings, Inc.",cinemark-holdings-inc,beneficiary,,,,,,,,"Cinemark Holdings is a beneficiary of a TRA, not an obligor. The relevant TRA is the Tax Receivable Agreement dated as of February 13, 2007, by and among National CineMedia, LLC (""NCM LLC""), National CineMedia, Inc. (""NCM Inc."", a/k/a NCMI), Regal Cinemas (a Founding Member), American Multi-Cinema, Inc. (AMC, a Founding Member), and Cinemark USA, Inc. (Cinemark Holdings's wholly-owned operating subsidiary, a Founding Member)."
885975,"Cinemark USA, Inc. /TX",cinemark-usa-inc-tx,beneficiary,,,,,,,,"Cinemark USA, Inc. is the beneficiary side of a Tax Receivable Agreement (TRA) between National CineMedia, Inc. (NCMI, the PubCo, CIK 0001377630) and its founding theater members. Cinemark USA is not a party to the TRA in its capacity as TRA obligor; it received TRA payments because it (through Cinemark Holdings) was a founding LLC member of National CineMedia, LLC (NCM, the operating partnership) following NCMI's February 2007 Up-C IPO."
1793229,Claritev Corp (formerly MultiPlan Corporation),claritev-corp,no_tra,,,,,,,,"Role: none (no TRA). The October 8, 2020 SPAC business combination between Churchill Capital Corp III and MultiPlan was a traditional reverse-merger transaction structured as an acquisition of MultiPlan, Inc. (a C-corp), not an Up-C umbrella partnership structure."
1764046,Clarivate plc,clarivate-plc,pubco,TRA-2019-05-10,- Obligor: Clarivate Analytics plc (Jersey-incorporated foreign private issuer at origination; reincorporated subsequently as Clarivate plc).,2019-05-10,,terminated,pre_ipo_nol,,"Clarivate plc is the PubCo (TRA obligor) under a single Tax Receivable Agreement originated on May 10, 2019 at the close of the Camelot Holdings / Churchill Capital Corp business combination. The TRA was paid off in full via a negotiated termination payment on November 7, 2019, less than six months after origination."
1856314,"Clear Secure, Inc.",clear-secure-inc,pubco,TRA-2021-06-29,,2021-06-29,,in_force,section_754_step_up,85%,"Role: PubCo (TRA obligor). Clear Secure went public via Up-C IPO on July 2, 2021 (pricing June 29, 2021)."
1866368,"Clearwater Analytics Holdings, Inc.",clearwater-analytics-holdings-inc,pubco,TRA-2021-09-28,,2021-09-28,,terminated,section_754_step_up,85%,"# Contract log: Clearwater Analytics Holdings, Inc. (CIK 0001866368) ## Firm TRA role - Role: PubCo (TRA obligor). - Origination event: Up-C IPO consummated September 28, 2021, with pre-IPO sponsor holders Welsh, Carson, Anderson & Stowe (Welsh Carson), Warburg Pincus, and Permira retaining LLC interests in CWAN Holdings, LLC (OpCo). - TRA inventory: One TRA, originated September 28, 2021, amended once on November 4, 2024 (Amendment No. 1, the operative effect of which is termination via $72.5 million settlement payments)."
1496425,Cloud Peak Energy Finance Corp,cloud-peak-energy-finance-corp,financing_arm,,,,,,,,"Cloud Peak Energy Finance Corp is a financing arm / co-issuer, not a TRA party. It is a wholly owned subsidiary of Cloud Peak Energy Resources LLC (the operating LLC) and co-issuer of the 8.250% Senior Notes due 2017 and 8.500% Senior Notes due 2019 (and the 6.375% Senior Notes due 2024 issued in 2014)."
1441849,Cloud Peak Energy Inc.,cloud-peak-energy-inc,pubco,TRA-2009-11-19,,2009-11-19,2014-08-19,terminated,section_754_step_up,85%,PubCo (TRA obligor). Cloud Peak Energy Inc. (CPE) was spun off from Rio Tinto in November 2009 through an Up-C IPO.
1493144,Cloud Peak Energy Resources LLC,cloud-peak-energy-resources-llc,pubco,,,,,,,,"Cloud Peak Energy Resources LLC (CPE Resources) is the operating LLC subsidiary of Cloud Peak Energy Inc. (CPE Inc., NYSE: CLD, CIK 0001441849). The TRA is between CPE Inc. (PubCo / obligor) and Rio Tinto Energy America Inc. (RTEA, the pre-IPO holder)."
1420495,Coldwell Banker Commercial Pacific Properties LLC,coldwell-banker-commercial-pacific-properties-llc,no_tra,,,,,,,,# Contract log — Coldwell Banker Commercial Pacific Properties LLC (CIK 0001420495) ## Firm role classification Role: Guarantor subsidiary of an indenture filer (financing-arm sub-pattern). Coldwell Banker Commercial Pacific Properties LLC is a Hawaii LLC subsidiary of Realogy Corporation.
1420311,Contract log,coldwell-banker-llc,financing_arm,,,,,,,,"Firm: Coldwell Banker LLC (CIK 0001420311) Role: Financing arm / guarantor subsidiary. Coldwell Banker LLC is a brand subsidiary of Realogy Group LLC, which itself sits below Domus Holdings Corp."
1420954,Coldwell Banker Pacific Properties LLC,coldwell-banker-pacific-properties-llc,financing_arm,,,,,,,,"Coldwell Banker Pacific Properties LLC is a downstream operating subsidiary of Realogy Corporation, named as a co-registrant guarantor on Realogy's exchange-offer registration statements (S-4 and S-4/A for the 10.50% Senior Notes, 11.00%/11.75% Senior Toggle Notes, and 12.375% Senior Subordinated Notes) and on the 2011/2012 holding-company S-1 series (Realogy Holdings / Domus Holdings). The firm is not a contractual party to any Tax Receivable Agreement; it appears in these filings only because it is a guarantor co-registrant on Realogy debt."
1420274,Coldwell Banker Real Estate LLC,coldwell-banker-real-estate-llc,pubco,,,,,,,,"Coldwell Banker Real Estate LLC is a guarantor subsidiary of Realogy Corporation (later Realogy Holdings Corp), the parent that emerged from Apollo's April 2007 take-private of Cendant Corporation's Realty Services Group. The filings under this CIK are exclusively Realogy-family registration statements (S-4, S-4/A, S-1, S-1/A) and prospectuses (424B3) for Realogy's senior secured and unsecured notes, in which Coldwell Banker appears as a co-registrant guarantor."
1420735,"Coldwell Banker Real Estate Services, Inc.",coldwell-banker-real-estate-services-inc,no_tra,,,,,,,,"Role: financing-arm / debt-guarantor subsidiary (not a TRA party). Coldwell Banker Real Estate Services, Inc. is one of the many Realogy Corporation operating subsidiaries that filed a single co-registrant S-4 (and its S-4/A amendment) to register exchange notes following the April 10, 2007 Apollo-led leveraged buyout of Realogy."
1420312,Coldwell Banker Real Estate Services LLC,coldwell-banker-real-estate-services-llc,no_tra,,,,,,,,# Contract log: Coldwell Banker Real Estate Services LLC (CIK 0001420312) ## Role determination Role: Guarantor subsidiary (not a TRA party). Coldwell Banker Real Estate Services LLC is a guarantor subsidiary in the Realogy corporate debt structure.
1420275,Coldwell Banker Residential Brokerage Company,coldwell-banker-residential-brokerage-co,beneficiary,,,,,,,,Coldwell Banker Residential Brokerage Company is a Realogy-family guarantor subsidiary. It is not a party to any Tax Receivable Agreement.
1420276,Coldwell Banker Residential Real Estate LLC,coldwell-banker-residential-real-estate-llc,no_tra,,,,,,,,Role: Financing/guarantor arm (no contract files expected). Coldwell Banker Residential Real Estate LLC is a Realogy-family operating subsidiary that appears in the firm directory because it is a co-registrant guarantor on Realogy Corporation's debt offerings.
1420771,"Coldwell Banker Residential Real Estate Services of Wisconsin, Inc.",coldwell-banker-residential-real-estate-services-of-wisconsin-inc,no_tra,,,,,,,,"This entity is a guarantor subsidiary in the Realogy Corporation family of co-registrants, registered to the SEC as a co-issuer / subsidiary guarantor on the parent Realogy exchange-offer S-4 filings of 2007 and 2008. Its filing history under its own CIK consists of two documents: the S-4 dated 2007-12-18 (accession 0001193125-07-267402) and the S-4/A dated 2008-01-09 (accession 0001193125-08-003431), plus the SEC-generated EFFECT filing dated 2008-01-09 (no document body)."
1420683,"Coldwell Banker Residential Referral Network, Inc.",coldwell-banker-residential-referral-network-inc,no_tra,,,,,,,,"Coldwell Banker Residential Referral Network, Inc. is a Realogy-family guarantor subsidiary. It appears on EDGAR exclusively as a co-registrant guarantor on Realogy Corporation's (later Realogy Group LLC's) S-4 exchange offer registration statements and the associated S-1 / 424B3 / POS EX market-making prospectus chain."
1420277,Coldwell Banker Residential Referral Network,coldwell-banker-residential-referral-network,beneficiary,,,,,,,,"Role: Beneficiary side, via parent-of-record. Coldwell Banker Residential Referral Network is a guarantor subsidiary of Realogy Corporation that appears as a co-registrant on Realogy's debt registration statements (S-4, S-1, post-effective amendments, prospectus supplements)."
1420335,Colorado Commercial LLC,colorado-commercial-llc,beneficiary,,,,,,,,"# Contract log — Colorado Commercial LLC (CIK 0001420335) ## Firm role: Realogy guarantor subsidiary, not a TRA party Colorado Commercial LLC is one of many operating-subsidiary co-registrant guarantors that appear on Realogy Corporation's S-4 exchange-offer registrations and on Domus Holdings Corp. / Realogy IPO-era S-1 and 424B3 filings. The CIK 0001420335 filings in this directory are all parent-level Realogy or Domus Holdings prospectuses and registration statements that list Colorado Commercial LLC alongside dozens of other guarantor subsidiaries on the registrant signature pages."
1166691,contract_log.md - Comcast Corporation,comcast-corp,acquirer,,,,,,,,# contract_log.md - Comcast Corporation (CIK 0001166691) ## Outcome No Tax Receivable Agreement contract documents were identified within this firm's filings. Comcast Corporation is not itself a TRA-bearing entity; it is the acquirer that extinguished a TRA originating at an acquired target.
1345126,Compass Diversified Holdings,compass-diversified-holdings,no_tra,,,,,,,,"Compass Diversified Holdings (""CODI"") is a publicly traded Delaware statutory trust that holds beneficial interests in Compass Group Diversified Holdings LLC, the operating company. The trust is treated as a publicly traded partnership for U.S. federal income tax purposes and makes a Section 754 election that adjusts the inside basis of partnership assets when shares trade."
1345122,Compass Group Diversified Holdings LLC,compass-group-diversified-holdings-llc,no_tra,,,,,,,,"Role: not a TRA-party firm. Compass Group Diversified Holdings LLC is the operating-LLC subsidiary of Compass Diversified Holdings (CIK 0001345126), a Delaware statutory trust structured as a publicly-traded partnership (PTP), not as an Up-C corporation."
23194,"Comstock Resources, Inc.",comstock-resources-inc,pubco,,,,,,,,"Comstock Resources is an independent oil and gas exploration and production company (Haynesville / Bossier shale focus). Across 124 filings spanning 2001-2024 (forms include S-4, S-4/A, 10-K, 10-K/A, 10-Q, 10-Q/A, 8-K, 8-K/A, DEF 14A, PRE 14A, 424B2, 424B3, 424B5), there is zero evidence that Comstock is a party to any Tax Receivable Agreement, in any role: - Not a PubCo / TRA obligor."
23217,"ConAgra Brands, Inc.",conagra-brands-inc,no_tra,,,,,,,,"# ConAgra Brands, Inc. (CIK 0000023217) — TRA contract log ## Role classification ConAgra Brands is a traditional C-corporation (consumer foods conglomerate, NYSE: CAG). It did not undergo an Up-C IPO, SPAC business combination, or other transaction that produced a classical Tax Receivable Agreement."
1851959,Concord Acquisition Corp II,concord-acquisition-corp-ii,pubco,TRA-2024-08-26,,2024-08-26,,never_executed,pre_ipo_nol,85%,"Concord Acquisition Corp II is a SPAC (blank-check company) that IPO'd on Sept 3, 2021 (25,000,000 units at $10.00). On August 26, 2024, it signed an Agreement and Plan of Merger with Events.com, Inc. and a wholly-owned Merger Sub."
1305773,"Conformis, Inc.",conformis-inc,no_tra,,,,,,,,"Role: None / not a TRA-party firm. Conformis, Inc. went public on July 1, 2015 via a conventional C-corporation IPO (Form 424B4, accession 0001047469-15-005905) and was acquired by restor3d, Inc. on July 25, 2023, with the merger closing later in 2023 (Agreement and Plan of Merger dated June 22, 2023; DEFM14A accession 0001140361-23-035753; closing 8-Ks 0001140361-23-042115 and 0001140361-23-042455)."
1672985,Conyers Park Acquisition Corp.,conyers-park-acquisition-corp,pubco,,,,,,,,"Role: Predecessor SPAC. Conyers Park is the special-purpose acquisition company that combined with Atkins Nutritionals (NCP-ATK Holdings, Inc.) on July 7, 2017 to form The Simply Good Foods Company."
1420479,"Cook-Pony Farm Real Estate, Inc.",cook-pony-farm-real-estate-inc,no_tra,,,,,,,,"Role: guarantor subsidiary / co-registrant (non-party to any TRA). Cook-Pony Farm Real Estate, Inc. is a small real-estate subsidiary in the Realogy Corporation guarantor group."
1420653,Corcoran Group Brooklyn Landmark LLC,corcoran-group-brooklyn-landmark-llc,no_tra,,,,,,,,"This firm is a Realogy Corporation guarantor subsidiary co-registrant. CIK 0001420653 belongs to ""Corcoran Group Brooklyn Landmark LLC"", one of the Realogy guarantor entities listed on Schedule A of Realogy's December 2007 Form S-4 (and the January 2008 S-4/A) registering exchange notes for the senior notes, senior toggle notes, and senior subordinated notes issued in connection with the April 10, 2007 Domus / Apollo take-private of Realogy."
1420651,"Corcoran Group Eastside, Inc.",corcoran-group-eastside-inc,no_tra,,,,,,,,"Corcoran Group Eastside, Inc. is a non-party with respect to any Tax Receivable Agreement (TRA). The firm is a subsidiary of Realogy Corporation that co-registered, as a guarantor on Schedule A, debt securities offered in Realogy's December 2007 S-4 exchange offer (10.50% Senior Notes due 2014, 11.00%/11.75% Senior Toggle Notes due 2014, and 12.375% Senior Subordinated Notes due 2015)."
1856525,"Core & Main, Inc.",core-main-inc,pubco,TRA-2021-07-22-CLP,"Core & Main, Inc.",2021-07-22,,in_force,section_754_step_up,85%,"Core & Main, Inc. is the PubCo (TRA obligor) for two parallel Tax Receivable Agreements, both originated July 22, 2021 in connection with its July 27, 2021 Up-C IPO. Sponsor: Clayton, Dubilier & Rice (CD&R)."
1856525,"Core & Main, Inc.",core-main-inc,pubco,TRA-2021-07-22-FLP,"Core & Main, Inc.",2021-07-22,,in_force,section_754_step_up,85%,"Core & Main, Inc. is the PubCo (TRA obligor) for two parallel Tax Receivable Agreements, both originated July 22, 2021 in connection with its July 27, 2021 Up-C IPO. Sponsor: Clayton, Dubilier & Rice (CD&R)."
1839341,"Core Scientific, Inc.",core-scientific-inc-tx,no_tra,,,,,,,,"Role: Not a TRA party in any capacity (PubCo, beneficiary, acquirer, financing arm, or never-executed). Reasoning: Core Scientific, Inc. (Nasdaq: CORZ) is the post-business-combination successor to Power & Digital Infrastructure Acquisition Corp. (""XPDI""), a SPAC."
883902,"Cornerstone Building Brands, Inc.",cornerstone-building-brands-inc,acquirer,,,,,,,,"Role: Acquirer (inherited TRA via M&A; no contract documents filed under this CIK). Cornerstone Building Brands, Inc. (CIK 0000883902, ticker CNR) is the renamed continuation of NCI Building Systems, Inc., a Delaware C-corporation that manufactures metal building products."
1420931,"Cotton Real Estate, Inc.",cotton-real-estate-inc,no_tra,,,,,,,,"Cotton Real Estate, Inc. is a Massachusetts-incorporated real-estate-services subsidiary of Realogy Corporation. It appears in SEC filings only as a co-registrant guarantor on Realogy's senior-note exchange-offer registration statements."
1866175,Crescent Energy Company,crescent-energy-co,no_tra,,,,,,,,Role: none (Up-C without TRA). Crescent Energy was formed from the December 2021 business combination of Independence Energy LLC and Contango Oil & Gas Co.
1832928,Cresco Labs Inc.,cresco-labs-inc,pubco,,,,,,,,"Cresco Labs is PubCo / TRA obligor. Per the 2021 40-F (accession 0001193125-21-098690, exhibit 99.4) and confirmed across every later 40-F, the firm's U.S. subsidiary Cresco U.S."
1476719,"Crumbs Bake Shop, Inc.",crumbs-bake-shop-inc,pubco,TRA-2011-05-05,57th Street General Acquisition Corp.,2011-05-05,,terminated_bankruptcy,section_754_step_up,75%,"PubCo (TRA obligor). Crumbs Bake Shop, Inc. (formerly 57th Street General Acquisition Corp., the SPAC) is the public-company obligor under a Tax Receivable Agreement entered into in connection with its May 5, 2011 SPAC-driven business combination with Crumbs Holdings LLC. VALIDATION 2026-05-17: Chapter 11 petition Jul 11, 2014; asset sale Aug 29, 2014. Status upgraded from terminated_unverified."
64803,CVS Health Corporation,cvs-health-corp,pubco,,,,,,,,CVS Health Corporation is an Acquirer with respect to a Tax Receivable Agreement. CVS is not itself an Up-C structure and is not a TRA obligor.
1861795,Definitive Healthcare Corp.,definitive-healthcare-corp,pubco,TRA-2021-09-14,Definitive Healthcare Corp.,2021-09-14,,in_force,section_754_step_up,85%,"Definitive Healthcare Corp. is the PubCo (TRA obligor). It went public on September 15, 2021 via an Up-C IPO over AIDH TopCo, LLC (""Definitive OpCo"")."
888138,"The DeWolfe Companies, Inc.",dewolfe-companies-inc,no_tra,,,,,,,,"# Contract log — The DeWolfe Companies, Inc. (CIK 0000888138) ## Role determination Role: none (boilerplate-mention only). DeWolfe is neither a PubCo, beneficiary, acquirer, financing arm, nor counterparty to any Tax Receivable Agreement."
1420933,"DeWolfe Company, Inc.",dewolfe-company-inc,no_tra,,,,,,,,"DeWolfe Company, Inc. is a subsidiary of Realogy Corporation. The only filings on file under DeWolfe's CIK are two co-registrant Realogy S-4 / S-4/A bond exchange-offer registration statements (Realogy registered exchange notes for the 2007 Apollo LBO senior notes and senior toggle notes; DeWolfe was one of the many guarantor subsidiaries listed on Schedule A and co-registered for that reason)."
1420952,contract_log.md — Dewolfe Realty Affiliates,dewolfe-realty-affiliates,financing_arm,,,,,,,,"Dewolfe Realty Affiliates is a co-registrant guarantor subsidiary in the Realogy Corporation family. Its only filings on EDGAR are as a co-registrant on Realogy's Form S-4 (filed 2007-12-18, accession 0001193125-07-267402) and the corresponding Amendment No. 1 to Form S-4 (filed 2008-01-09, accession 0001193125-08-003431), both registering an exchange offer for Realogy's senior notes."
1420484,DeWolfe Relocation Services Inc.,dewolfe-relocation-services-inc,beneficiary,,,,,,,,"DeWolfe Relocation Services Inc. is a Realogy-family guarantor subsidiary, not a party to any Tax Receivable Agreement. The CIK exists on EDGAR because DeWolfe is listed as a co-registrant guarantor on Realogy Corporation's high-yield debt registration statements (Form S-4 and S-4/A), where Realogy registered exchange offers for senior toggle notes and senior subordinated notes issued in connection with the April 2007 take-private leveraged buyout by Apollo."
1725134,DMS / Leo Holdings,digital-media-solutions-inc,pubco,TRA-2020-07-15,,2020-07-15,,terminated_bankruptcy,section_754_step_up,85%,"# Contract identification log — DMS / Leo Holdings (CIK 1725134) ## Contract: TRA-2020-07-15 Status: in force as of last filing in directory (10-Q for Q1 2024, filed 2024-05-15); terminated_bankruptcy_unverified thereafter (see Coverage gaps below). Parties (executed version): - Digital Media Solutions, Inc. — ""Parent Corporation"" - CEP V DMS US Blocker Company — ""Blocker Corp. VALIDATION 2026-05-17: Form 15-12G filed Aug 13, 2024; Chapter 11 filed Sep 11, 2024. Status upgraded from terminated_bankruptcy_unverified."
1075415,Contract log,diversified-healthcare-trust,no_tra,,,,,,,,"Diversified Healthcare Trust (formerly Senior Housing Properties Trust, ticker DHC; SNH prior to the 2019 rename), CIK 0001075415, is a Maryland real estate investment trust. As a REIT it is not a C-corporation subject to entity-level US federal income tax, so it does not have the tax-savings-to-pay-out structure that gives rise to a TRA on its own books."
840889,contract_log.md,doral-financial-corp,no_tra,,,,,,,,"# contract_log.md ## Firm: Doral Financial Corporation (CIK 0000840889) ### Role determination Doral Financial Corporation was a Puerto Rico bank holding company that operated Doral Bank as its principal subsidiary. The firm was a conventional C-corporation; it did not go public via an Up-C IPO, SPAC business combination, partnership-to-corporation conversion, or any other transaction structure that gives rise to a classical Tax Receivable Agreement."
1420687,"Douglas and Jean Burgdorff, Inc.",douglas-jean-burgdorff-inc,no_tra,,,,,,,,"# Contract log: Douglas and Jean Burgdorff, Inc. (CIK 0001420687) ## Role determination This firm is a guarantor subsidiary in the Realogy Corporation family of co-registrants. It is not a party to any Tax Receivable Agreement."
29915,Contract log for The Dow Chemical Co / DE,dow-chemical-co-de,beneficiary,,,,,,,,"# Contract log for The Dow Chemical Co / DE (CIK 0000029915) ## Role classification Dow Chemical is a TRA beneficiary, not an obligor. Dow does not pay anyone under a TRA."
1751788,Dow Inc.,dow-inc,beneficiary,,,,,,,,"Dow Inc. is a beneficiary of the AgroFresh Solutions Inc. (AFSI) Tax Receivable Agreement, inherited from its now-subsidiary TDCC (The Dow Chemical Company, CIK 0000029915). Dow Inc. is not the obligor on any TRA in its own filings."
1772757,DraftKings Holdings Inc,draftkings-holdings-inc,acquirer,,,,,,,,"Role: Acquirer. DraftKings Holdings Inc (the former DEAC SPAC, then renamed DraftKings Inc., and later DraftKings Holdings Inc.) is the acquirer relative to a TRA that originated at a different firm."
1297401,"DreamWorks Animation SKG, Inc.",dreamworks-animation-llc,pubco,TRA-2004-10-27,"DreamWorks Animation SKG, Inc.",2004-10-27,,in_force,section_754_step_up,85%,"PubCo (TRA obligor). DreamWorks Animation SKG, Inc. (""DWA"") was spun off from DreamWorks LLC and went public via an IPO that closed October 27, 2004."
1804745,Driven Brands Holdings Inc.,driven-brands-holdings-inc,pubco,TRA-2021-01-16,Driven Brands Holdings Inc.,2021-01-16,,in_force,section_754_step_up,,PubCo (TRA obligor). Driven Brands Holdings Inc. is the obligor under one Tax Receivable Agreement entered into at its January 2021 IPO.
1835256,"The Duckhorn Portfolio, Inc.",duckhorn-portfolio-inc,no_tra,,,,,,,,"The Duckhorn Portfolio, Inc. is not a TRA-bearing firm. The March 2021 IPO (NYSE: NAPA) was a conventional C-corporation initial public offering by an existing Delaware corporation (state of incorporation Delaware, IRS EIN 81-3866305), not an Up-C reorganization."
1397821,Duff & Phelps Corporation,duff-phelps-corp,pubco,TRA-2007-10-03,,2007-10-03,,transferred_offledger,section_754_step_up,85%,"PubCo (TRA obligor). Duff & Phelps Corporation went public via an Up-C IPO on October 3, 2007 and committed to pay 85% of cash tax savings to the pre-IPO unitholders of Duff & Phelps Acquisitions, LLC (""DPA"")."
1666700,"DuPont de Nemours, Inc.",dupont-de-nemours-inc,beneficiary,,,,,,,,"DuPont de Nemours, Inc. (CIK 0001666700) is a beneficiary of a tax receivable agreement, not a TRA obligor. The firm's TRA exposure is a single inherited receivable from a 2015 transaction predating the DowDuPont merger, with no TRA contracts originated under this CIK."
1866581,Dutch Bros Inc.,dutch-bros-inc,pubco,TRA-2021-09-14-Exchanges,,2021-09-14,,in_force,"section_754_step_up, pre_ipo_nol",,"Dutch Bros Inc. is the PubCo (TRA obligor). The firm went public via an Up-C IPO on September 14, 2021, with Dutch Bros Inc. as a Delaware-corporation holding company sitting atop Dutch Mafia, LLC (the OpCo partnership)."
1866581,Dutch Bros Inc.,dutch-bros-inc,pubco,TRA-2021-09-14-Reorganization,,2021-09-14,,in_force,pre_ipo_nol,,"Dutch Bros Inc. is the PubCo (TRA obligor). The firm went public via an Up-C IPO on September 14, 2021, with Dutch Bros Inc. as a Delaware-corporation holding company sitting atop Dutch Mafia, LLC (the OpCo partnership)."
1879560,Dynasty Financial Partners Inc.,dynasty-financial-partners-inc,pubco,TRA-2022-01-27,,2022-01-27,,never_executed,section_754_step_up,,"PubCo (planned TRA obligor) for an Up-C IPO that was never consummated. Dynasty Financial Partners Inc. is a Delaware C-corporation formed to hold a managing interest in Dynasty Financial Partners, LLC (the operating entity, ""OpCo"")."
1479426,DynaVox Inc.,dynavox-inc,pubco,TRA-2010-04-21,,2010-04-21,,economically_extinguished_in_force,section_754_step_up,85%,"DynaVox Inc. is the PubCo (TRA obligor) in a classical Up-C IPO. The TRA was entered into at the April 21, 2010 IPO close between DynaVox Inc., DynaVox Systems Holdings LLC, and the pre-IPO Members (""Holdings Unitholders"")."
1379895,Dynegy Inc.,dynegy-inc,no_tra,,,,,,,,"Dynegy Inc. is not a TRA party. The firm never entered into a Tax Receivable Agreement, in either its pre-bankruptcy form or post-emergence form."
1800347,"E2open Parent Holdings, Inc.",e2open-parent-holdings-inc,pubco,TRA-2021-02-04,,2021-02-04,,in_force,section_754_step_up,,"# Contract identification log — E2open Parent Holdings, Inc. (CIK 1800347) Predecessor name: CC Neuberger Principal Holdings I (CCNB1, a Cayman SPAC, domesticated as a Delaware corporation in connection with the business combination). Post-combination registrant: E2open Parent Holdings, Inc. ## TRA inventory One Tax Receivable Agreement was identified for this issuer."
10254,"Earthstone Energy, Inc.",earthstone-energy-inc,pubco,,,,,,,,"# Contract log: Earthstone Energy, Inc. (CIK 0000010254) ## Summary Firm role: PubCo (Up-C structure), but never executed a Tax Receivable Agreement. Earthstone Energy completed an Up-C transaction in May 2017 (the ""Bold Transaction"") and again in October 2017 / 2018 added EEH unit holders via subsequent contributions, but every filing reviewed across 2014-2023 contains zero references to any Tax Receivable Agreement."
1641197,Easterly Acquisition Corp,easterly-acquisition-corp,pubco,TRA-2017-06-28,,2017-06-28,,never_executed,section_754_step_up,,Easterly Acquisition Corp was a Delaware SPAC that IPO'd in July 2015 (Nasdaq: EACQ). It made three business combination attempts during its life: 1.
1537951,Edgen Group Inc.,edgen-group-inc,pubco,TRA-2012-05-02-BL,,2012-05-02,2013-10-01,terminated_merger,section_754_step_up,85%,"PubCo (TRA obligor). Edgen Group Inc. was incorporated December 15, 2011 as a Delaware holding company to combine Edgen Murray II, L.P. (""EM II LP"") and Bourland & Leverich Holdings, LLC (""B&L Holdings"") under a single public parent in an Up-C structure."
1537951,Edgen Group Inc.,edgen-group-inc,pubco,TRA-2012-05-02-EM,,2012-05-02,2013-10-01,terminated_merger,section_754_step_up,85%,"PubCo (TRA obligor). Edgen Group Inc. was incorporated December 15, 2011 as a Delaware holding company to combine Edgen Murray II, L.P. (""EM II LP"") and Bourland & Leverich Holdings, LLC (""B&L Holdings"") under a single public parent in an Up-C structure."
1487544,"Edgen Murray II, L.P.",edgen-murray-ii-l-p,no_tra,,,,,,,,"Edgen Murray II, L.P. is a Delaware limited partnership that, in the 2010 filings in this directory, was the registrant for a Form S-4 (plus four amendments and a 424B3 prospectus) covering a $465M senior secured notes debt exchange. None of the S-4 documents reference any Tax Receivable Agreement."
2052547,EGH Acquisition Corp.,egh-acquisition-corp,pubco,TRA-2026-01-21-form-of,,2026-01-21,,never_executed,section_754_step_up,,"Role: PubCo-elect (TRA obligor under a pending Business Combination). EGH Acquisition Corp. is a Cayman Islands-incorporated blank check SPAC that completed its $150M IPO on May 12, 2025 (Nasdaq: EGHAU / EGHA / EGHAR)."
1606366,"El Pollo Loco Holdings, Inc.",el-pollo-loco-holdings-inc,pubco,TRA-2014-07-30,,2014-07-30,,terminated,pre_ipo_nol,85%,"PubCo (TRA obligor). El Pollo Loco Holdings, Inc."
1548404,EM Holdings LLC,em-holdings-llc,pubco,,,,,,,,"EM Holdings LLC is a financing-arm / guarantor subsidiary, not a TRA obligor. It is a Delaware LLC formed in March 2012, 100% owned by EDG Holdco LLC, which in turn is a subsidiary of Edgen Group Inc. (the PubCo, NYSE: EDG)."
1157806,Encana Corporation,encana-corp,acquirer,,,,,,,,Encana Corporation plays the Acquirer role with respect to the Athlon Energy Inc. Tax Receivable Agreement.
1766363,"Endeavor Group Holdings, Inc.",endeavor-group-holdings-inc,pubco,TRA-2021-04-28,,2021-04-28,,terminated_merger,section_754_step_up,85%,"# Endeavor Group Holdings, Inc. — TRA contract log CIK: 0001766363 Firm role: PubCo (TRA obligor). Endeavor went public via an Up-C IPO that closed April 28, 2021 and committed to pay specified pre-IPO holders 85% of cash tax savings realized from defined tax attributes."
1445049,Energy Future Competitive Holdings Co. LLC,energy-future-competitive-holdings-co-llc,pubco,TRA-2016-10-03,,2016-10-03,,in_force,section_754_step_up,,"Energy Future Competitive Holdings Co. LLC (EFCH) is a predecessor / contributor entity, not the obligor of the TRA documented here."
1023291,Energy Future Holdings Corp.,energy-future-holdings-corp-tx,pubco,TRA-2016-10-03,,2016-10-03,,in_force,section_754_step_up,,"Energy Future Holdings Corp. (EFH Corp.) is a predecessor / co-filer entity, not the obligor of the TRA documented here. The firm is the historical parent of the post-2007 LBO consolidated group that filed Chapter 11 on April 29, 2014."
1445146,Energy Future Intermediate Holding Co. LLC,energy-future-intermediate-holding-co-llc,pubco,TRA-2016-10-03,,2016-10-03,,in_force,section_754_step_up,,"Energy Future Intermediate Holding Co. LLC (EFIH) is a predecessor / co-filer entity on the E-side, not the obligor of the TRA documented here."
1868912,"Enfusion, Inc.",enfusion-inc,pubco,TRA-2021-10-19,,2021-10-19,,terminated_merger,,,"# Enfusion, Inc. (CIK 0001868912) - TRA contract log One TRA on file: Tax Receivable Agreement dated October 19, 2021, between Enfusion, Inc. (the Corporate Taxpayer) and the persons named therein (the pre-IPO Continuing LLC Members / Blocker shareholders, i.e., ""TRA Parties""). The TRA is amended once (Amendment No. 1, January 10, 2025) and automatically terminates upon consummation of the Clearwater merger on April 21, 2025 by operation of Amendment No. 1. ## Contract: TRA-2021-10-19 Directory: TRA-2021-10-19/ ### Version 1: Unexecuted draft (S-1/A exhibit 10."
1571498,"Epizyme, Inc.",epizyme-inc,no_tra,,,,,,,,"Epizyme, Inc. is a Delaware C-corporation biotech, incorporated 2007, that went public via a conventional underwritten IPO on May 31, 2013 (424B4 accession 0001193125-13-242826) and was acquired by Ipsen S.A. on August 11, 2022 (8-K accessions 0001193125-22-215589 announcing the closing tender results and 0001193125-22-219637 announcing merger completion). The S-1 and S-1/A series in this directory describe a single-class Delaware C-corp structure with no holding company, no Up-C umbrella partnership, no LLC operating company, no Continuing LLC Members, and no Exchange Agreement."
1420319,Contract log,equity-title-co,beneficiary,,,,,,,,"Equity Title Co is a Realogy guarantor subsidiary. Every filing in this directory is a Realogy-issuer or Realogy-affiliate-issuer registration document (S-1, S-4, S-1/A, S-4/A, 424B3, post-effective amendments)."
1420471,Equity Title Messenger Service Holding LLC,equity-title-messenger-service-holding-llc,beneficiary,,,,,,,,This firm is a downstream Realogy Corporation guarantor subsidiary. It is never a contractual party to any Tax Receivable Agreement.
1420470,ERA Franchise Systems LLC,era-franchise-systems-llc,unknown,,,,,,,,ERA Franchise Systems LLC is a wholly owned subsidiary of Realogy Corporation that signs Realogy's SEC registration statements and indentures as a guarantor co-registrant. ERA is not itself a contractual party to any Tax Receivable Agreement.
1420963,ERA General Agency Corporation,era-general-agency-corp,no_tra,,,,,,,,Role: Guarantor subsidiary (no TRA contract of its own). ERA General Agency Corporation (Missouri; IRS EIN 48-0824690) is a wholly-owned subsidiary of Realogy Corporation.
1420481,"ERA General Agency of New Jersey, Inc.",era-general-agency-of-new-jersey-inc,no_tra,,,,,,,,"Realogy Corporation guarantor subsidiary. ERA General Agency of New Jersey, Inc. appears on Schedule A of Realogy's December 2007 Form S-4 as one of dozens of subsidiary guarantors of Realogy's exchange-offer notes (10.50% Senior Notes due 2014, 11.00%/11.75% Senior Toggle Notes due 2014, 12.375% Senior Subordinated Notes due 2015), filed in connection with the April 2007 Apollo leveraged buyout of Realogy."
1420699,ERA TM LLC,era-tm-llc,no_tra,,,,,,,,"ERA TM LLC is a California limited liability company that holds the ERA real-estate brand trademark and operates as a guarantor subsidiary of Realogy Corporation (one of several ""brand TM"" guarantors alongside CB TM LLC, CDRE TM LLC, C21 TM LLC, and Sotheby's International Realty Licensee LLC). ERA TM LLC is not a contractual party to any Tax Receivable Agreement."
1434868,"Esperion Therapeutics, Inc.",esperion-therapeutics-inc,no_tra,,,,,,,,"Role: Not a TRA party. Esperion Therapeutics, Inc. is a Delaware C-corporation that completed a conventional initial public offering via Form S-1 on June 25, 2013 (accession 0001047469-13-006083 and subsequent amendments)."
1856236,"European Wax Center, Inc.",european-wax-center-inc,pubco,TRA-2021-08-04,,2021-08-04,,in_force,section_754_step_up,,"European Wax Center, Inc. (""PubCo"") is the TRA obligor. The firm went public on August 4-9, 2021 via a typical Up-C IPO, with EWC Ventures, LLC as the operating LLC (""Opco"")."
1823652,"Eve Holding, Inc.",eve-holding-inc,pubco,TRA-2022-05-09,,2022-05-09,,in_force,section_754_step_up,75%,"Eve Holding is the PubCo (TRA obligor) in a two-party TRA with Embraer Aircraft Holding, Inc. (""EAH"" / ""Eagle US""), a wholly owned U.S. subsidiary of Embraer S.A. The TRA arose at the May 9, 2022 closing of the business combination between Zanite Acquisition Corp. (the SPAC) and EVE UAM, LLC (Embraer's eVTOL subsidiary, the Urban Air Mobility business)."
1360901,Evercore Inc.,evercore-inc,pubco,TRA-2006-08-10,- PubCo (obligor): Evercore Partners Inc.,2006-08-10,,in_force,section_754_step_up,21%,"Evercore Inc. (formerly Evercore Partners Inc.; renamed July 27, 2017) is PubCo (TRA obligor). Up-C structure with Evercore LP as the operating partnership."
1821159,EVgo Inc.,evgo-inc,pubco,TRA-2021-07-01,,2021-07-01,,in_force,section_754_step_up,85%,"PubCo (TRA obligor). EVgo Inc. is the former Climate Change Crisis Real Impact I Acquisition Corporation (CRIS), a SPAC that closed its business combination with EVgo Holdings, LLC on July 1, 2021 and was renamed EVgo Inc."
1704596,"EVO Payments, Inc.",evo-payments-inc,pubco,TRA-2018-05-25,"EVO Payments, Inc.",2018-05-25,,terminated_merger,section_754_step_up,85%,"# EVO Payments, Inc. (CIK 1704596) - TRA contract log ## Contract: TRA-2018-05-25 Status: terminated (negotiated termination payment amendment; legal termination by payment of Final TRA Payments at Merger closing 2023-03-24) Origination date: 2018-05-25 (preamble date of the executed Tax Receivable Agreement; Priority 1 of the date cascade). Parties: EVO Payments, Inc. (PubCo); EVO Investco, LLC (Operating Company); the Members of EVO Investco, LLC party thereto (the pre-IPO continuing LLC owners - principally Blueapple, Inc."
1628908,"Evolent Health, Inc.",evolent-health-inc,pubco,TRA-2015-06-04,,2015-06-04,,in_force,"section_754_step_up, pre_ipo_nol",85%,"Evolent Health is the PubCo (TRA obligor) under the Income Tax Receivables Agreement dated June 4, 2015. The TRA was entered into at the time of Evolent's Up-C IPO and provides for payment by the Company of 85% of the cash tax savings the Company realizes from (i) basis step-ups arising from exchanges of Class B common units of Evolent Health LLC for Class A shares of Evolent Health, Inc. and (ii) the utilization of pre-IPO net operating losses of Evolent Health Holdings and a TPG affiliate."
1888447,"Excelerate Energy, Inc.",excelerate-energy-inc,pubco,TRA-2022-04-12,,2022-04-12,,in_force,section_754_step_up,85%,"PubCo (TRA obligor). Excelerate Energy, Inc. is a Delaware corporation that IPO'd on April 12, 2022 as an Up-C structure with Excelerate Energy Limited Partnership (EELP) as the operating partnership."
895126,Expand Energy Corporation,expand-energy-corp,acquirer,,,,,,,,"Role: Acquirer. Expand Energy Corporation is the renamed Chesapeake Energy Corporation following the close of the Southwestern Energy merger on October 1, 2024."
1575828,Expro Group Holdings N.V.,expro-group-holdings-n-v,pubco,TRA-2013-08-14,,2013-08-14,,in_force,section_754_step_up,,"PubCo (TRA obligor). The firm went public via an Up-C structure on August 14, 2013 as Frank's International N.V. and committed to pay TRA benefits to Mosing Holdings, Inc. (later Mosing Holdings, LLC), the pre-IPO holder of the LLC-equivalent interests (limited partner interests in Frank's International C.V., a Dutch CV partnership) and the Series A preferred stock that wrapped them."
1937987,"Falcon's Beyond Global, Inc.",falcon-s-beyond-global-inc,pubco,TRA-2023-10-06,"Falcon's Beyond Global, Inc.",2023-10-06,,in_force,section_754_step_up,85%,"PubCo / TRA obligor. Falcon's Beyond Global, Inc. (Nasdaq: FBYD) is the public corporation in an Up-C structure formed by the October 6, 2023 business combination of FAST Acquisition Corp."
1839824,FAST Acquisition Corp. II,fast-acquisition-corp-ii,pubco,TRA-2022-07-12,,2022-07-12,,,section_754_step_up,,"FAST Acquisition Corp. II (""FAST II"") is a SPAC that, by its Sep 26, 2023 stockholder vote, entered into an Up-C business combination with Falcon's Beyond Global, LLC."
1836176,Fathom Digital Manufacturing Corp,fathom-digital-manufacturing-corp,pubco,TRA-2021-12-23,,2021-12-23,,terminated,section_754_step_up,,Fathom Digital Manufacturing Corporation is a PubCo (TRA obligor). CIK 0001836176 was originally Altimar Acquisition Corp.
1701821,Federal Street Acquisition Corp.,federal-street-acquisition-corp,never_executed,TRA-2019-01-04,,2019-01-04,,never_executed,pre_ipo_nol,,"Federal Street Acquisition Corp. (""FSAC"") is a special purpose acquisition company (SPAC) sponsored by THL (Thomas H. Lee Partners affiliates)."
1420695,"contract_log.md — Fedstate Strategic Consulting, Inc.",fedstate-strategic-consulting-inc,no_tra,,,,,,,,"This firm is a Realogy guarantor co-registrant with no TRA of its own. The CIK appears on SEC EDGAR solely because Fedstate Strategic Consulting, Inc. is a wholly-owned subsidiary of Realogy Corporation (CIK 0001396334) and was added as a co-registrant guarantor on Realogy's 2007 high-yield notes exchange offer S-4 / S-4/A filings."
1136893,"Fidelity National Information Services, Inc.",fidelity-national-information-services-inc,acquirer,,,,,,,,"# Contract log: Fidelity National Information Services, Inc. (CIK 0001136893) ## Firm role: acquirer (TRA assumed via M&A, later deconsolidated via divestiture) FIS is a large public Georgia corporation (NYSE: FIS) and was not itself organized as an Up-C. FIS plays the acquirer role with respect to one Tax Receivable Agreement: the Vantiv / Worldpay TRA with Fifth Third Bank, which FIS assumed when it acquired Worldpay, Inc. on July 31, 2019."
1611988,Fifth Street Asset Management Inc.,fifth-street-asset-management-inc,pubco,TRA-2014-10-29,,2014-10-29,,in_force,section_754_step_up,85%,"# Fifth Street Asset Management Inc. (CIK 1611988) - TRA contract log ## Contract: TRA-2014-10-29 Origination date: October 29, 2014 (preamble date of executed agreement) Status: terminated (effective at closing of Oaktree Asset Purchase Agreement, October 17, 2017) Parties (executed version): Fifth Street Asset Management Inc. (FSAM, the Corporation), Fifth Street Holdings L.P. (Holdings), Leonard M. Tannenbaum, Bernard D."
35527,Fifth Third Bancorp,fifth-third-bancorp,beneficiary,,,,,,,,"Role: Beneficiary. Fifth Third Bancorp is the recipient of TRA payments, not a TRA obligor."
1828937,Finance of America Companies Inc.,finance-of-america-companies-inc,pubco,TRA-2021-04-01-BL,"FOA (PubCo, obligator); BL Investors (Libman family and other founder-side Continuing FoA Equity holders, designated ""BL Investors"" in the exhibit index).",2021-04-01,,in_force,section_754_step_up,85%,"Finance of America Companies Inc. (FOA) is the PubCo (TRA obligator). FOA went public on April 1, 2021 via a SPAC business combination with Replay Acquisition Corp., creating an Up-C structure over Finance of America Equity Capital LLC (""FOA Equity"")."
1828937,Finance of America Companies Inc.,finance-of-america-companies-inc,pubco,TRA-2021-04-01-Blackstone,"FOA (PubCo, obligator); Blackstone-affiliated funds (the ""Blackstone Investors"" and ""Sold Equity"" Seller Entities listed on Schedule A to the Repurchase Agreement).",2021-04-01,,terminated,section_754_step_up,85%,"Finance of America Companies Inc. (FOA) is the PubCo (TRA obligator). FOA went public on April 1, 2021 via a SPAC business combination with Replay Acquisition Corp., creating an Up-C structure over Finance of America Equity Capital LLC (""FOA Equity"")."
1729756,contract_log.md — FinTech Acquisition Corp. III,fintech-acquisition-corp-iii,unknown,,,,,,,,Role: pre-merger SPAC. FinTech Acquisition Corp.
1210677,First Advantage Corporation,first-advantage-corp,no_tra,,,,,,,,First Advantage Corporation (CIK 0001210677) is not party to any Tax Receivable Agreement in either of its two distinct corporate incarnations that share this CIK: 1. Original First Advantage Corporation (2003-2009 filings).
1420694,First California Escrow Corp,first-california-escrow-corp,no_tra,,,,,,,,First California Escrow Corp is a wholly-owned subsidiary of Realogy Corporation (later Realogy Holdings Corp). Its SEC filings under this CIK exist solely because the entity is a co-registrant / guarantor on Realogy's debt-registration filings.
1464963,"First Eagle Alternative Capital BDC, Inc.",first-eagle-alternative-capital-bdc-inc,beneficiary,,,,,,,,"Role: Beneficiary. First Eagle Alternative Capital BDC, Inc. (formerly THL Credit, Inc. through August 2020, ticker TCRD) is a Business Development Company (BDC) that invested in a Tax Receivable Agreement Payment Right rather than entering into a TRA as obligor."
1574197,"Five Point Holdings, LLC",five-point-holdings-llc,pubco,TRA-2016-05-02,,2016-05-02,,in_force,section_754_step_up,21%,"Five Point Holdings, LLC is the PubCo (TRA obligor) under a single Up-C-style Tax Receivable Agreement that arose from the May 2, 2016 formation transactions that combined Five Point's three predecessor entities. The company subsequently went public on the NYSE on May 9, 2017 (ticker FPH) via Form S-11 (real-estate IPO form), and the TRA was already in force at the time of the IPO."
866374,contract_log.md - Flex Ltd.,flex-ltd,beneficiary,,,,,,,,"Flex Ltd. is a beneficiary of the Nextracker TRA, not the obligor. Flex was the pre-IPO parent of Nextracker; at the February 13, 2023 Nextracker IPO, Nextracker Inc. (PubCo) entered into a Tax Receivable Agreement with Flex (via its Delaware subsidiary Yuma, Inc.) and TPG Rise Climate (TPG Affiliates) under which Nextracker pays 85% of certain realized tax benefits to Flex and TPG."
37634,Florida Power & Light Co,florida-power-light-co,no_tra,,,,,,,,"Florida Power & Light Company (FPL) is a wholly-owned regulated electric utility subsidiary of NextEra Energy, Inc. (NEE, CIK 0000753308). NEE and FPL file jointly with the SEC; the vast majority of accessions in this directory carry the NEE filer-CIK prefix 0000753308, and the filename slugs (e.g., nee-12312016x10k.htm, nee-q42024xex19.htm) confirm that the documents are NEE's consolidated periodic filings to which FPL is a co-registrant."
1420499,"contract_log.md — Florida's Preferred School of Real Estate, Inc.",florida-s-preferred-school-of-real-estate-inc,no_tra,,,,,,,,"This firm is a Realogy guarantor co-registrant with no TRA of its own. The CIK appears on SEC EDGAR solely because Florida's Preferred School of Real Estate, Inc. is a wholly-owned subsidiary of Realogy Corporation (CIK 0001396334) and was added as a co-registrant guarantor on Realogy's 2007 high-yield notes exchange offer S-4 / S-4/A filings."
2035149,Flowco Holdings Inc.,flowco-holdings-inc,pubco,TRA-2025-01-17,,2025-01-17,,in_force,,,"Flowco Holdings Inc. is the PubCo (TRA obligor). The firm went public via Up-C IPO on January 17, 2025 (closing of the Master Reorganization, Master Merger, and underwritten offering of 17,800,000 Class A shares at the IPO price)."
1868941,"Fluence Energy, Inc.",fluence-energy-inc,pubco,TRA-2021-10-27,,2021-10-27,,in_force,section_754_step_up,85%,"PubCo (TRA obligor). Fluence Energy, Inc. went public via Up-C IPO on November 1, 2021 (S-1 effective October 27, 2021; offering closed November 1, 2021)."
1124198,Fluor Corporation,fluor-corp,beneficiary,,,,,,,,Role: Beneficiary. Fluor Corporation is a large engineering and construction firm that has never operated under an Up-C structure and is not a TRA obligor.
1843973,"flyExclusive, Inc.",flyexclusive-inc,pubco,TRA-2023-12-27,,2023-12-27,,in_force,section_754_step_up,85%,"PubCo (TRA obligor). flyExclusive is the post-business-combination Up-C public company that committed to pay the TRA Holders 85% of realized tax savings from the relevant Tax Attributes. The firm's pre-merger CIK identity was EG Acquisition Corp. (the Cayman / Delaware SPAC); the same CIK 0001843973 carries both the pre-merger SPAC filings (2021 through Dec 26, 2023) and the post-merger flyExclusive filings (from Dec 27, 2023 onward)."
1651052,Focus Financial Partners Inc.,focus-financial-partners-inc,pubco,TRA-2018-07-30-Non-PE,,2018-07-30,2023-08-31,terminated_change_of_control,section_754_step_up,,"Focus Financial Partners Inc. is the PubCo (TRA obligor). The firm went public via Up-C IPO on July 30, 2018 (Nasdaq: FOCS), with Focus Financial Partners, LLC as the operating partnership."
1651052,Focus Financial Partners Inc.,focus-financial-partners-inc,pubco,TRA-2018-07-30-PE,,2018-07-30,2023-08-31,terminated_change_of_control,section_754_step_up,,"Focus Financial Partners Inc. is the PubCo (TRA obligor). The firm went public via Up-C IPO on July 30, 2018 (Nasdaq: FOCS), with Focus Financial Partners, LLC as the operating partnership."
2080126,"Forgent Power Solutions, Inc.",forgent-power-solutions-inc,pubco,TRA-2026-02-04,"- Corporation: Forgent Power Solutions, Inc.",2026-02-04,,in_force,"section_754_step_up, blocker_attributes",85%,"PubCo (TRA obligor). Forgent Power Solutions, Inc. (""Forgent"" or the ""Corporation"") completed an Up-C initial public offering on February 4, 2026 (NYSE: FPS), pricing 56,000,000 Class A shares at $27.00 (Source: 8-K, accession 0001193125-26-043650)."
1678463,"Forterra, Inc.",forterra-inc,pubco,TRA-2016-10-27,,2016-10-27,,transferred_offledger,pre_ipo_nol,85%,"Forterra was a Lone Star Funds-controlled water and drainage pipe manufacturer that went public via IPO on October 25-27, 2016 with an associated Tax Receivable Agreement (TRA). The TRA obligates Forterra (PubCo) to pay LSF9 Stardust Holdings, L.P. (the Lone Star vehicle holding pre-IPO interests) 85% of certain U.S. federal, state, local, and non-U.S. income tax savings realized from defined Covered Tax Benefits."
1380393,Fortress Investment Group LLC,fortress-investment-group-llc,pubco,TRA-2007-01-17,FIG Corp.,2007-01-17,,in_force,section_754_step_up,,"Fortress Investment Group LLC (FIG) is the PubCo and TRA obligor. The Up-C structure was assembled at the February 2007 IPO around three layers: the public LLC (Fortress Investment Group LLC), two corporate intermediaries (FIG Corp. and FIG Asset Co."
912728,Forward Air Corporation,forward-air-corp,pubco,TRA-2024-01-25,"Forward Air Corporation (""Parent""), Central States Logistics, Inc.",2024-01-25,,in_force,section_754_step_up,,"Forward Air Corporation is the PubCo (TRA obligor). In January 2024 it completed an acquisition of Omni Logistics, structured to create an Up-C-style arrangement: Forward Air (Tennessee, later Delaware following a May 2025 reincorporation merger) sits above Clue Opco LLC, which is a continuation of Omni Newco LLC and is treated as a partnership for U.S. federal income tax purposes."
1688941,"Foundation Building Materials, Inc.",foundation-building-materials-inc,pubco,TRA-2017-02-08,,2017-02-08,,terminated_merger,"section_754_step_up, pre_ipo_nol",,"PubCo (TRA obligor). FBM completed its IPO on February 8, 2017, and at IPO entered into a single Tax Receivable Agreement with LSF9 Cypress Parent 2 LLC (a Lone Star Funds vehicle, FBM's controlling stockholder pre-IPO)."
1420343,contract_log.md — Four Star Corp.,four-star-corp,no_tra,,,,,,,,This firm is a Realogy guarantor co-registrant with no TRA of its own. The CIK appears on SEC EDGAR solely because Four Star Corp. is a wholly-owned subsidiary of Realogy Corporation (CIK 0001396334) and was added as a co-registrant guarantor on Realogy's 2007 high-yield notes exchange offer S-4 / S-4/A filings.
1528930,"Franchise Group, Inc.",franchise-group-inc,pubco,TRA-2019-07-10,"Liberty Tax, Inc.",2019-07-10,,terminated_change_of_control,section_754_step_up,40%,"PubCo (TRA obligor). Franchise Group, Inc. (originally JTH Holding / Liberty Tax, Inc., later renamed Franchise Group, Inc.) entered into one Income Tax Receivable Agreement on July 10, 2019 in connection with its acquisition of Buddy's Home Furnishings."
1420693,Franchise Settlement Services LLC,franchise-settlement-services-llc,no_tra,,,,,,,,Franchise Settlement Services LLC is a wholly-owned subsidiary of Realogy Corporation (later Realogy Holdings Corp). Its SEC filings under this CIK exist solely because the entity is a co-registrant / guarantor on Realogy's debt-registration filings.
1420320,contract_log.md — Fred Sands School of Real Estate,fred-sands-school-of-real-estate,no_tra,,,,,,,,This firm is a Realogy guarantor co-registrant with no TRA of its own. The CIK appears on SEC EDGAR solely because Fred Sands School of Real Estate is a wholly-owned subsidiary of Realogy Corporation (CIK 0001396334) and was added as a co-registrant guarantor on Realogy's 2007 high-yield notes exchange offer S-4 / S-4/A filings.
1670076,"Frontier Group Holdings, Inc.",frontier-group-holdings-inc,no_tra,,,,,,,,"Role: No-TRA firm. Frontier Group Holdings is a conventional C-corporation that IPO'd in April 2021 (S-1 effective April 1, 2021; 424B4 prospectus filed April 1, 2021, accession 0001193125-21-105140)."
1501729,contract_log.md — FS Specialty Lending Fund,fs-specialty-lending-fund,no_tra,,,,,,,,"Role: non-party (mentioned only as a closing-condition third-party reference). FS Specialty Lending Fund (CIK 0001501729; previously named FS Investment Corporation II, then FS Energy and Power Fund-related successor naming) is a non-diversified, closed-end management investment company that has elected to be treated as a business development company (BDC) under the Investment Company Act of 1940, and as a regulated investment company (RIC) for federal tax purposes under Subchapter M of the Internal Revenue Code."
1420692,contract_log.md — FSA Membership Services LLC,fsa-membership-services-llc,no_tra,,,,,,,,This firm is a Realogy guarantor co-registrant with no TRA of its own. The CIK appears on SEC EDGAR solely because FSA Membership Services LLC is a wholly-owned subsidiary of Realogy Corporation (CIK 0001396334) and was added as a co-registrant guarantor on Realogy's 2007 high-yield notes exchange offer S-4 / S-4/A filings.
1832696,FTAC Athena Acquisition Corp,ftac-athena-acquisition-corp,pubco,TRA-2021-08-03,,2021-08-03,,never_executed,section_754_step_up,85%,FTAC Athena Acquisition Corp was a Cayman Islands SPAC that IPO'd in February 2021. The firm would have been the prospective PubCo (TRA obligor) of an Up-C structure that the Pico business combination was designed to produce.
1899883,FTAI Infrastructure Inc.,ftai-infrastructure-inc,no_tra,,,,,,,,"FTAI Infrastructure Inc. (""FIP"", Nasdaq: FIP) is a Delaware C-corporation spun off from FTAI Aviation Ltd. (formerly Fortress Transportation and Infrastructure Investors LLC) on August 1, 2022, via a tax-free pro rata distribution of common stock to the former parent's shareholders. The spinoff used a standard C-corporation distribution structure, not an Up-C / umbrella partnership C-corporation structure, so no Tax Receivable Agreement was executed at separation."
1529463,"FTS International, Inc.",fts-international-inc,no_tra,,,,,,,,"FTS International is a hydraulic fracturing services company that was a straight C-corporation throughout its public-company history. It first filed an S-1 in September 2011 (withdrawn), then re-filed S-1 in February 2017 and completed its IPO on February 5, 2018 via a 424B1."
1704711,"Funko, Inc.",funko-inc,pubco,TRA-2017-11-01,,2017-11-01,,economically_extinguished_in_force,section_754_step_up,85%,"Funko, Inc. is PubCo (TRA obligor) under a single Up-C TRA originated at its November 1, 2017 IPO closing. The TRA obligates Funko, Inc. to pay 85% of certain tax savings to the Continuing Equity Owners of FAH, LLC (ACON, Fundamental Capital, the Former Profits Interests Holders, and certain officers/employees/directors)."
1405064,Galaxy Digital Holdings Ltd.,galaxy-digital-holdings-ltd,pubco,TRA-2018-07-31,,2018-07-31,,never_executed,,85%,"Galaxy Digital Holdings Ltd. (""GDHL"") is a Cayman Islands exempted company that was the original PubCo (TRA obligor) under a Tax Receivable Agreement dated July 31, 2018 with Galaxy Digital Holdings LP (a Cayman partnership), GDH Intermediate LLC, and certain TRA Limited Partners. The 2018 Original TRA itself is not among the filings in this directory; the directory contains a multi-year sequence of S-4 / S-4/A / 424B3 filings registering a redomestication / reorganization in which a newly formed Delaware corporation (Galaxy Digital Inc."
1859392,Galaxy Digital Inc.,galaxy-digital-inc,pubco,TRA-2025-05-13,,2025-05-13,,in_force,section_754_step_up,,"Galaxy Digital Inc. (CIK 0001859392) is the post-redomestication Delaware PubCo (TRA obligor) of an Up-C structure. The Original Tax Receivables Agreement was executed on July 31, 2018 by the pre-redomestication Cayman parent Galaxy Digital Holdings Ltd. (""Old GDHI"", CIK 1405064); that 2018 instrument is filed under CIK 1405064, not this CIK."
2057463,"GCI Liberty, Inc.",gci-liberty-inc,pubco,TRA-2025-07-14,"LBRD (beneficiary) and GCI Liberty, Inc. / SpinCo (obligor). -",2025-07-14,,in_force,section_754_step_up,,"GCI Liberty, Inc. (""SpinCo"") is the PubCo / TRA obligor under a single Tax Receivables Agreement entered into with its former parent Liberty Broadband Corporation (""LBRD"") on July 14, 2025. The TRA was executed in connection with the spin-off of GCI Liberty from Liberty Broadband, which itself was a step in the Liberty Broadband / Charter Communications merger announced November 12, 2024."
1819796,GCM Grosvenor Inc.,gcm-grosvenor-inc,pubco,TRA-2020-11-17,,2020-11-17,,in_force,section_754_step_up,,"# GCM Grosvenor Inc. — TRA contract log CIK: 0001819796 Firm role: PubCo (TRA obligor). Up-C structure originated November 17, 2020 via business combination of CF Finance Acquisition Corp."
1891856,"GEN Restaurant Group, Inc.",gen-restaurant-group-inc,pubco,TRA-2023-06-30,,2023-06-30,,in_force,section_754_step_up,85%,"GEN Restaurant Group, Inc. is the PubCo (TRA obligor). It completed a standard Up-C IPO on June 30, 2023, becoming the managing member of GEN Restaurant Companies, LLC (""GEN LLC""), and committed to pay 85% of realized net cash tax savings to the LLC's continuing members (""TRA Holders"") under the Tax Receivable Agreement executed at closing."
40545,GE TRA contract log,general-electric-co,mention_only,,,,,,,,"Role: mention-only. General Electric Company (CIK 0000040545) is not a TRA obligor, not a TRA beneficiary, not an acquirer that extinguished a target's TRA, not a financing arm of an Up-C parent."
1351051,"Genesis Healthcare, Inc.",genesis-healthcare-inc,pubco,TRA-2015-02-02,"Genesis Healthcare, Inc.",2015-02-02,,in_force,section_754_step_up,90%,"Genesis Healthcare, Inc. (formerly Skilled Healthcare Group, Inc.) is the PubCo / TRA obligor. On February 2, 2015 Skilled Healthcare and FC-GEN Operations Investment, LLC (a private skilled-nursing-facility operator backed by Formation Capital and other equity holders) closed a reverse-merger / Up-C-style combination in which Skilled changed its name to Genesis Healthcare, Inc. and the legacy FC-GEN owners received exchangeable units in FC-GEN plus Class C voting shares in the new PubCo."
1499912,"FXCM Inc. / Global Brokerage, Inc.",global-brokerage-inc,pubco,TRA-2010-12-01,,2010-12-01,,economically_extinguished_in_force,section_754_step_up,85%,"# Contract identification log — FXCM Inc. / Global Brokerage, Inc. (CIK 1499912) ## TRA-2010-12-01 (Tax Receivable Agreement dated December 1, 2010) ### Saved files - TRA-2010-12-01/2010-10-15_y86406a1exv10w2_unexecuted.htm — unexecuted form, exhibit 10.2 to S-1/A No. 1 (accession 0000950123-10-092418). - TRA-2010-12-01/2010-12-07_y88193exv10w3.htm — executed agreement, exhibit 10.3 to 8-K filed December 7, 2010 (accession 0000950123-10-111573), date of report December 1, 2010. ### Identification decisions Decision 1: Original TRA, executed version. Document y88193exv10w3."
1817232,Global Gas Corp,global-gas-corp,no_tra,,,,,,,,"Global Gas Corp is the post-business-combination successor to Dune Acquisition Corp., a SPAC that consummated its business combination with Global Hydrogen Energy LLC on December 1, 2023. The resulting structure is Up-C: Dune (renamed Global Gas Corp) became a public holding company whose principal direct asset is Holdings Common Units of Global Hydrogen, and the pre-IPO Sellers retained their equity in the LLC partnership."
1123360,Global Payments Inc.,global-payments-inc,acquirer,,,,,,,,"Global Payments is a large public payment-processing C-corp (incorporated Georgia, traded NYSE under ""GPN""). It did not become public via an Up-C IPO and is not itself a TRA obligor under any agreement."
1898718,GMR Solutions Inc.,gmr-solutions-inc,pubco,TRA-2026-05-12,,2026-05-12,,in_force,pre_ipo_nol,85%,"PubCo (TRA obligor). GMR Solutions Inc. is the corporate taxpayer that, in connection with its IPO, commits to pay TRA Parties 85% of the cash tax benefits it realizes from a defined set of pre-IPO tax attributes."
1127342,GMX Resources Inc.,gmx-resources-inc,no_tra,,,,,,,,Role: No-TRA. GMX Resources was an Oklahoma-incorporated oil and gas exploration and production C-corporation throughout its public life.
1609711,GoDaddy Inc.,godaddy-inc,pubco,TRA-2015-03-31-Exchanges,,2015-03-31,2020-07-31,terminated,section_754_step_up,,"GoDaddy Inc. is the PubCo (TRA obligor). The firm completed an Up-C IPO on March 31, 2015 and concurrently entered into five separate Tax Receivable Agreements with its pre-IPO owners: one covering future exchanges of LLC units (the ""Exchanges"" TRA, with continuing LLC unitholders including KKR, Silver Lake, TCV, and YAM Special Holdings Inc., the founder Bob Parsons's holding vehicle); and four parallel ""Reorganization"" TRAs covering pre-IPO blocker mergers, one each with a KKR vehicle, a KKR co-investment vehicle, a Silver Lake vehicle, and a TCV vehicle."
1609711,GoDaddy Inc.,godaddy-inc,pubco,TRA-2015-03-31-KKR-CoInvest-Reorg,,2015-03-31,2020-07-31,terminated,section_754_step_up,,"GoDaddy Inc. is the PubCo (TRA obligor). The firm completed an Up-C IPO on March 31, 2015 and concurrently entered into five separate Tax Receivable Agreements with its pre-IPO owners: one covering future exchanges of LLC units (the ""Exchanges"" TRA, with continuing LLC unitholders including KKR, Silver Lake, TCV, and YAM Special Holdings Inc., the founder Bob Parsons's holding vehicle); and four parallel ""Reorganization"" TRAs covering pre-IPO blocker mergers, one each with a KKR vehicle, a KKR co-investment vehicle, a Silver Lake vehicle, and a TCV vehicle."
1609711,GoDaddy Inc.,godaddy-inc,pubco,TRA-2015-03-31-KKR-Reorg,,2015-03-31,2020-07-31,terminated,section_754_step_up,,"GoDaddy Inc. is the PubCo (TRA obligor). The firm completed an Up-C IPO on March 31, 2015 and concurrently entered into five separate Tax Receivable Agreements with its pre-IPO owners: one covering future exchanges of LLC units (the ""Exchanges"" TRA, with continuing LLC unitholders including KKR, Silver Lake, TCV, and YAM Special Holdings Inc., the founder Bob Parsons's holding vehicle); and four parallel ""Reorganization"" TRAs covering pre-IPO blocker mergers, one each with a KKR vehicle, a KKR co-investment vehicle, a Silver Lake vehicle, and a TCV vehicle."
1609711,GoDaddy Inc.,godaddy-inc,pubco,TRA-2015-03-31-SLP-Reorg,,2015-03-31,2020-07-31,terminated,section_754_step_up,,"GoDaddy Inc. is the PubCo (TRA obligor). The firm completed an Up-C IPO on March 31, 2015 and concurrently entered into five separate Tax Receivable Agreements with its pre-IPO owners: one covering future exchanges of LLC units (the ""Exchanges"" TRA, with continuing LLC unitholders including KKR, Silver Lake, TCV, and YAM Special Holdings Inc., the founder Bob Parsons's holding vehicle); and four parallel ""Reorganization"" TRAs covering pre-IPO blocker mergers, one each with a KKR vehicle, a KKR co-investment vehicle, a Silver Lake vehicle, and a TCV vehicle."
1609711,GoDaddy Inc.,godaddy-inc,pubco,TRA-2015-03-31-TCV-Reorg,,2015-03-31,2020-07-31,terminated,section_754_step_up,,"GoDaddy Inc. is the PubCo (TRA obligor). The firm completed an Up-C IPO on March 31, 2015 and concurrently entered into five separate Tax Receivable Agreements with its pre-IPO owners: one covering future exchanges of LLC units (the ""Exchanges"" TRA, with continuing LLC unitholders including KKR, Silver Lake, TCV, and YAM Special Holdings Inc., the founder Bob Parsons's holding vehicle); and four parallel ""Reorganization"" TRAs covering pre-IPO blocker mergers, one each with a KKR vehicle, a KKR co-investment vehicle, a Silver Lake vehicle, and a TCV vehicle."
1808220,"GoHealth, Inc.",gohealth-inc,pubco,TRA-2020-07-15,"GoHealth, Inc.",2020-07-15,,in_force,section_754_step_up,85%,"GoHealth is the PubCo (TRA obligor). It completed an Up-C IPO on July 15, 2020 and on the same date entered into a single Tax Receivable Agreement with GoHealth Holdings, LLC (""GHH, LLC""), the Continuing Equity Owners, and the Blocker Shareholders."
1876945,Gold Flora Corporation,gold-flora-corp,never_executed,,,,,,,,Role: Never executed (contingent / contemplated only). Predecessor history.
1768012,"Golden Nugget Online Gaming, Inc.",golden-nugget-online-gaming-inc,pubco,TRA-2020-12-29,,2020-12-29,,terminated_merger,section_754_step_up,,"PubCo (TRA obligor). GNOG (formerly Landcadia Holdings II, Inc., a SPAC) completed an Up-C business combination with Landry's Fertitta, LLC (""LF LLC"") on December 29, 2020 and, as part of that closing, entered into a single Tax Receivable Agreement under which GNOG was obligated to pay LF LLC 85% of defined U.S. federal income tax savings."
1850487,Good Works II Acquisition Corp.,good-works-ii-acquisition-corp,never_executed,,,,,,,,"Never executed. Good Works II Acquisition Corp. (ticker GWII) was a Delaware blank-check SPAC that completed its IPO on July 15, 2021."
1726978,"Goosehead Insurance, Inc.",goosehead-insurance-inc,pubco,TRA-2018-05-01,"- Corporate Taxpayer: Goosehead Insurance, Inc.",2018-05-01,,in_force,section_754_step_up,,"# Goosehead Insurance, Inc. — TRA contract log - Firm: Goosehead Insurance, Inc. - CIK: 0001726978 - Ticker: GSHD - Role: PubCo (TRA obligor) - Up-C structure: Goosehead Insurance, Inc. (Corporate Taxpayer / Public Parent) sits above Goosehead Financial, LLC (""OpCo"" / ""GF"" / ""Holdings""). Pre-IPO LLC Members hold Class B common stock paired with LLC Units exchangeable for Class A on a 1-for-1 basis under Section 754 elections. - Beneficiary share rate: 85%. - Tax attributes covered: (i) basis step-ups in Goosehead Insurance, Inc."
1823144,"GPGI, Inc.",gpgi-inc,pubco,TRA-2021-12-27,"CompoSecure, Inc.",2021-12-27,,in_force,section_754_step_up,90%,"# Contract log: GPGI, Inc. (CIK 0001823144) ## Entity and role - CIK: 0001823144 - Current legal name (as of filing date 2026-05-07): GPGI, Inc. - Prior names (same CIK, same employer ID 85-2749902): - Roman DBDR Tech Acquisition Corp. (Delaware SPAC, S-1 effective October 2020, Class A tickers DBDR / DBDRU / DBDRW on Nasdaq) - CompoSecure, Inc. (post-de-SPAC name from December 27, 2021; ticker CMPO on Nasdaq) - GPGI, Inc. (renamed during 2025; NYSE-listed under ticker GPGI by 2026) - Role: PubCo (TRA obligor). Up-C de-SPAC structure created December 27, 2021."
931148,GrafTech International Ltd.,graftech-international-ltd,pubco,TRA-2018-04-23,GrafTech International Ltd.,2018-04-23,,economically_extinguished_in_force,section_754_step_up,,"GrafTech is the PubCo (TRA obligor). The TRA was created at GrafTech's April 23, 2018 re-IPO and runs from GrafTech (and its subsidiaries) to Brookfield Capital Partners IV GP, Ltd., the sole pre-IPO stockholder, in its capacity as representative of the Existing Stockholders."
104889,Graham Holdings Company,graham-holdings-co,mention_only,,,,,,,,"# Contract log: Graham Holdings Company (CIK 0000104889) ## Firm role: mention-only (no TRA) Graham Holdings Company (formerly The Washington Post Company prior to its November 2013 rename) is a diversified media and education holding company. It did not go public via Up-C IPO, has no SPAC business combination, and underwent no transaction that produced a Tax Receivable Agreement."
1478085,Graham Packaging Company Inc.,graham-packaging-co-inc,pubco,TRA-2010-02-10-ExistingStockholders,,2010-02-10,2011-09-08,terminated_merger,"section_754_step_up, pre_ipo_nol",85%,"Graham Packaging Company Inc. is the PubCo of an Up-C IPO that closed February 10, 2010. The PubCo executed two parallel Income Tax Receivable Agreements (""ITR Agreements"") at the IPO closing and was acquired by Reynolds Group Holdings Limited via merger that closed September 8, 2011, with negotiated termination payments terminating both TRAs at the closing."
1478085,Graham Packaging Company Inc.,graham-packaging-co-inc,pubco,TRA-2010-02-10-Family,,2010-02-10,2011-09-08,terminated_merger,"section_754_step_up, pre_ipo_nol",85%,"Graham Packaging Company Inc. is the PubCo of an Up-C IPO that closed February 10, 2010. The PubCo executed two parallel Income Tax Receivable Agreements (""ITR Agreements"") at the IPO closing and was acquired by Reynolds Group Holdings Limited via merger that closed September 8, 2011, with negotiated termination payments terminating both TRAs at the closing."
1061507,Graham Packaging Holdings Company,graham-packaging-holdings-co,pubco,,,,,,,,"Graham Packaging Holdings Company is the Up-C operating limited partnership (Pennsylvania LP) that sits beneath the PubCo Graham Packaging Company Inc. (CIK 1478085). It is referenced as ""the Partnership"" in both the Existing Stockholders ITR Agreement and the Family ITR Agreement, but it is not itself a contractual party to either TRA."
1420469,contract_log.md — Grand Title LLC,grand-title-llc,no_tra,,,,,,,,This firm is a Realogy guarantor co-registrant with no TRA of its own. The CIK appears on SEC EDGAR solely because Grand Title LLC is a wholly-owned subsidiary of Realogy Corporation (CIK 0001396334) and was added as a co-registrant guarantor on Realogy's 2007 high-yield notes exchange offer S-4 / S-4/A filings.
1408075,Graphic Packaging Holding Company,graphic-packaging-holding-co,pubco,TRA-2018-01-01,"GPI Holding III, LLC (""Gazelle Member""); Graphic Packaging International Partners, LLC (""Company"" / GPIP); Graphic Packaging Holding Company (""Corporate Taxpayer"", this firm); International Paper Company (""Impala"", sole LLC-shareholder beneficiary…",2018-01-01,,in_force,section_754_step_up,,"The firm of interest is Graphic Packaging Holding Company (""GPHC""), a Delaware corporation, the publicly traded ultimate parent of the Graphic Packaging consolidated group (NYSE: GPK). GPHC is the PubCo (TRA obligor) for the January 1, 2018 Tax Receivable Agreement filed with International Paper."
1005011,"Graphic Packaging International, LLC",graphic-packaging-international-llc,pubco,TRA-2018-01-01,"GPI Holding III, LLC (Gazelle Member, obligor); Graphic Packaging International Partners, LLC (Company); Graphic Packaging Holding Company (Corporate Taxpayer); International Paper Company (Impala, beneficiary).",2018-01-01,,in_force,section_754_step_up,,"The firm of interest is Graphic Packaging International, LLC (formerly Graphic Packaging International, Inc.), a Delaware operating LLC and wholly owned subsidiary of Graphic Packaging International Partners, LLC (GPIP). It serves as the principal operating subsidiary and as registered senior notes issuer for the consolidated Graphic Packaging group."
2073548,"Grayscale Investments, Inc.",grayscale-investments-inc,pubco,TRA-2025-10-22,,2025-10-22,,in_force,section_754_step_up,85%,"PubCo (TRA obligor). Grayscale Investments, Inc. is the Delaware C-corporation issuer in an Up-C structure whose operating partnership is Grayscale Operating, LLC."
1743745,"Greenlane Holdings, Inc.",greenlane-holdings-inc,pubco,TRA-2019-04-17,,2019-04-17,,in_force,section_754_step_up,85%,"PubCo (TRA obligor). Greenlane completed an Up-C IPO on April 23, 2019, with the executed TRA dated April 17, 2019."
1712923,"GreenSky, Inc.",greensky-inc,pubco,TRA-2018-05-23,,2018-05-23,,terminated_merger,"section_754_step_up, pre_ipo_nol",85%,"GreenSky, Inc. is the PubCo (TRA obligor). The TRA was created at GreenSky's May 2018 Up-C IPO."
1420468,Guardian Holding Co,guardian-holding-co,no_tra,,,,,,,,Guardian Holding Co is a wholly-owned subsidiary of Realogy Corporation (later Realogy Holdings Corp). Its SEC filings under this CIK exist solely because the entity is a co-registrant / guarantor on Realogy's debt-registration filings.
1420337,Guardian Title Agency LLC,guardian-title-agency-llc,no_tra,,,,,,,,Guardian Title Agency LLC is a wholly-owned subsidiary of Realogy Corporation (later Realogy Holdings Corp). Its SEC filings under this CIK exist solely because the entity is a co-registrant / guarantor on Realogy's debt-registration filings.
1420467,Gulf South Settlement Services LLC,gulf-south-settlement-services-llc,no_tra,,,,,,,,Gulf South Settlement Services LLC is a wholly-owned subsidiary of Realogy Corporation (later Realogy Holdings Corp). Its SEC filings under this CIK exist solely because the entity is a co-registrant / guarantor on Realogy's debt-registration filings.
1339605,"H&E Equipment Services, Inc.",h-e-equipment-services-inc,no_tra,,,,,,,,"Role: No-TRA (with secondary cross-reference as failed acquirer of Neff Corporation). H&E Equipment Services was a conventional Delaware C-corp (no Up-C structure, no SPAC business combination, no partnership-conversion at IPO)."
1617977,"The Habit Restaurants, Inc.",habit-restaurants-inc,pubco,TRA-2014-11-25,"The Habit Restaurants, Inc.",2014-11-25,,terminated,section_754_step_up,,"Firm role: PubCo (TRA obligor). The Habit Restaurants, Inc. went public via an Up-C IPO closing November 25, 2014 and entered into a Tax Receivable Agreement obligating it to pay 85% of the realized tax benefits from basis step-ups (Section 754 exchanges of LLC Units for Class A common stock) and imputed interest to the Continuing LLC Owners."
1840776,"Hagerty, Inc.",hagerty-inc,pubco,TRA-2021-12-02,,2021-12-02,,in_force,section_754_step_up,85%,"Hagerty, Inc. is the PubCo (TRA obligor). The firm went public on December 2, 2021 via business combination with SPAC Aldel Financial Inc. (the legal entity that became Hagerty, Inc.; CIK 0001840776 reaches back to Aldel's January 2021 DRS)."
1433642,Hamilton Lane Incorporated,hamilton-lane-inc,pubco,TRA-2017-03-06,"Hamilton Lane Incorporated (""Corporation""), Hamilton Lane Advisors, L.",2017-03-06,,in_force,"section_754_step_up, pre_ipo_nol",85%,"Hamilton Lane Incorporated is the PubCo (TRA obligor). The firm went public via Up-C IPO on March 6, 2017 and committed to pay 85% of realized tax benefits to the HLA Members (pre-IPO holders of Hamilton Lane Advisors, L.L.C. units)."
46080,"Hasbro, Inc.",hasbro-inc,acquirer,,,,,,,,"Hasbro is a consumer-products operating company. It did not go public via an Up-C IPO and is not a TRA obligor, beneficiary, acquirer of a TRA-bearing target, or financing arm."
1172222,"Hawaiian Holdings, Inc.",hawaiian-holdings-inc,no_tra,,,,,,,,"Role: No-TRA. Hawaiian Holdings, Inc. was a conventional C-corporation parent of Hawaiian Airlines and never operated under an Up-C, partnership step-up, or sponsor-TRA structure."
1840292,"Heliogen, Inc.",heliogen-inc,pubco,,,,,,,,"Role: Non-TRA firm. Heliogen, Inc. is neither a PubCo TRA obligor, a TRA beneficiary, a TRA acquirer, nor a financing arm."
47111,The Hershey Company,hershey-co,acquirer,,,,,,,,"Acquirer. Hershey is not a TRA obligor in its own capital structure (no Up-C, no SPAC business combination)."
1380509,"HFF, Inc.",hff-inc,pubco,TRA-2007-02-05,"HFF, Inc.",2007-02-05,,in_force,section_754_step_up,85%,"HFF, Inc. is the PubCo (TRA obligor). HFF, Inc. went public via a standard Up-C IPO on February 5, 2007, organized as a Delaware holding corporation over the operating partnerships Holliday Fenoglio Fowler, L.P. (HFF, L.P.) and HFF Securities, L.P."
1420466,contract_log.md — Hickory Title LLC,hickory-title-llc,no_tra,,,,,,,,This firm is a Realogy guarantor co-registrant with no TRA of its own. The CIK appears on SEC EDGAR solely because Hickory Title LLC is a wholly-owned subsidiary of Realogy Corporation (CIK 0001396334) and was added as a co-registrant guarantor on Realogy's 2007 high-yield notes exchange offer S-4 / S-4/A filings.
1416995,"Hicks Acquisition Company II, Inc.",hicks-acquisition-co-ii-inc,pubco,TRA-2012-05-16,"Hicks Acquisition Company II, Inc.",2012-05-16,,never_executed,section_754_step_up,,"PubCo (contemplated TRA obligor) — never executed. Hicks Acquisition Company II, Inc. (""HACII"") was a special purpose acquisition company (SPAC) that filed its S-1 in June 2010 and completed its IPO in October 2010."
1828817,Highland Transcend Partners I Corp.,highland-transcend-partners-i-corp,never_executed,TRA-2021-09-09,,2021-09-09,,never_executed,section_754_step_up,,"Highland Transcend Partners I Corp. (""HTP"", NYSE: HTPA) is a special purpose acquisition company (SPAC) incorporated in the Cayman Islands. On September 8, 2021, HTP entered into an Agreement and Plan of Merger with Packable Holdings, LLC (""Packable"", an e-commerce company that operated under the Pharmapacks / Entourage Commerce brand)."
1888012,"HilleVax, Inc.",hillevax-inc,never_executed,,,,,,,,Role: Never executed / not a TRA firm. HilleVax is a Delaware C-corporation (not an Up-C).
1420341,"contract_log.md — Hillshire House, Inc.",hillshire-house-inc,no_tra,,,,,,,,"This firm is a Realogy guarantor co-registrant with no TRA of its own. The CIK appears on SEC EDGAR solely because Hillshire House, Inc. is a wholly-owned subsidiary of Realogy Corporation (CIK 0001396334) and was added as a co-registrant guarantor on Realogy's 2007 high-yield notes exchange offer S-4 / S-4/A filings."
1859285,HireRight Holdings Corporation,hireright-holdings-corp,pubco,TRA-2021-10-28,,2021-10-28,,transferred_offledger,"section_754_step_up, pre_ipo_nol",85%,"PubCo (TRA obligor). HireRight went public on November 2, 2021 via a conventional C-corp IPO (no Up-C structure)."
2021880,HMH Holding Inc,hmh-holding-inc,pubco,TRA-2026-04-02,- Corporation (obligor): HMH Holding Inc.,2026-04-02,,in_force,section_754_step_up,85%,"HMH Holding Inc. is the PubCo (TRA obligor). It is a Delaware corporation that completed its IPO on April 2, 2026 (Nasdaq: HMH) using an Up-C-like structure with HMH Holding B.V. (a Netherlands private limited company) as the operating company below."
1830197,Home Point Capital Inc.,home-point-capital-inc,no_tra,,,,,,,,"Home Point Capital Inc. (""HMPT"") was a non-Up-C C-corporation IPO sponsored by Stone Point Capital (operating via the ""Trident Stockholders""). The prospectus (424B4, January 28, 2021) describes a ""controlled company"" structure in which the Trident Stockholders held approximately 92% of voting power post-IPO; there is no Class A / Class B split, no LLC exchange mechanism, no pre-IPO basis step-up arrangement, and no payment obligation to pre-IPO holders tied to realized tax savings."
1420964,Home Referral Network LLC,home-referral-network-llc,no_tra,,,,,,,,Home Referral Network LLC is a wholly-owned subsidiary of Realogy Corporation (later Realogy Holdings Corp). Its SEC filings under this CIK exist solely because the entity is a co-registrant / guarantor on Realogy's debt-registration filings.
1817071,Horizon Acquisition Corporation,horizon-acquisition-corp,never_executed,TRA-2021-04-21,,2021-04-21,,never_executed,section_754_step_up,85%,"Horizon Acquisition Corporation is a Cayman Islands SPAC (formed for the purpose of effecting a business combination) that on April 21, 2021 entered into a Transaction Agreement to merge with Hoya Intermediate, LLC / Hoya Topco, LLC and Vivid Seats Inc. (""VS PubCo""). Under the Transaction Agreement, Horizon merges into Vivid Seats PubCo at Closing, with Vivid Seats PubCo as the surviving entity."
1644406,"Hostess Brands, Inc.",hostess-brands-inc,pubco,TRA-2016-11-04,,2016-11-04,,terminated_merger,"section_754_step_up, pre_ipo_nol",85%,"Hostess Brands, Inc. is the PubCo (TRA obligor) under a single Up-C TRA executed at the closing of the November 4, 2016 de-SPAC business combination with Gores Holdings, Inc. The Up-C beneficiary groups at closing were two distinct sponsor blocks: (i) the Apollo block (AP Hostess Holdings, L.P., a Delaware limited partnership controlled by Apollo Global Management funds), and (ii) the Metropoulos block (Hostess CDM Co-Invest, LLC and CDM Hostess Class C, LLC, each a Delaware series LLC, plus C."
1728688,"i3 Verticals, Inc.",i3-verticals-inc,pubco,TRA-2018-06-25,"i3 Verticals, Inc.",2018-06-25,,in_force,"section_754_step_up, pre_ipo_nol",85%,"# i3 Verticals, Inc. — TRA contract log CIK: 0001728688 Firm role: PubCo (TRA obligor). Structure: Standard Up-C IPO June 25, 2018; i3 Verticals, Inc. is the public corporation; i3 Verticals, LLC is the operating pass-through; the Continuing Equity Owners (pre-IPO LLC unitholders including Greg Daily, Burton Harvey, John Harrison, the Wilds family, the Daily family and related private investment vehicles) are the TRA beneficiaries. ## TRA-2018-06-25 — Original Tax Receivable Agreement Status: in_force (as of FY2025 10-K period of report Sept 30, 2025)."
1003642,Impax Laboratories / Amneal Pharmaceuticals LLC,impax-laboratories-llc,no_tra,,,,,,,,"This CIK is the legal-entity continuation of Impax Laboratories, Inc. (NASDAQ: IPXL), a generic pharmaceutical company that entered a Business Combination Agreement with Amneal Pharmaceuticals Holding Company, LLC on October 17, 2017. At the closing of that combination on May 4, 2018, Impax Laboratories, Inc. was converted into an LLC and renamed Amneal Pharmaceuticals LLC (the OpCo in a new Up-C structure); a newly created PubCo, Amneal Pharmaceuticals, Inc."
1474315,"Imperial Capital Group, Inc.",imperial-capital-group-inc,never_executed,TRA-2009-12-08,,2009-12-08,,never_executed,section_754_step_up,,"Imperial Capital Group, Inc. was the would-be PubCo obligor in a contemplated Up-C IPO that never closed. The S-1 was filed October 21, 2009 and amended through five S-1/A filings (the last on February 1, 2010); the registration statement was withdrawn on April 22, 2010 via Form RW."
1841925,"indie Semiconductor, Inc.",indie-semiconductor-inc,pubco,TRA-2021-06-10,"- Corporate Taxpayer: Thunder Bridge II Surviving Pubco, Inc.",2021-06-10,,in_force,"section_754_step_up, pre_ipo_nol",,"# indie Semiconductor, Inc. — TRA contract log CIK: 0001841925 Firm role: PubCo (TRA obligor) Up-C structure: Yes. Holding-company structure with ADK LLC (Ay Dee Kay, LLC, d/b/a indie Semiconductor) as the operating LLC; indie Semiconductor, Inc. (formerly Thunder Bridge II Surviving Pubco, Inc.) as the Delaware PubCo holding LLC Units and the managing-member interest."
2029118,"Infinity Natural Resources, Inc.",infinity-natural-resources-inc,pubco,TRA-2025-01-30,,2025-01-30,,,section_754_step_up,85%,"Infinity Natural Resources, Inc. (""Infinity"" / ""INR"") is the PubCo (TRA obligor) in an Up-C IPO completed January 30, 2025 on the NYSE under ticker INR. Infinity is the sole managing member of INR Holdings (a Delaware LLC, the operating company), and committed to pay 85% of net cash tax savings to the pre-IPO Legacy Owners (Pearl Energy Investments-affiliated entities, NGP-affiliated entities, certain other co-investors, and management members)."
1820566,Inspirato Inc.,inspirato-inc,pubco,TRA-2022-02-11,"Inspirato Incorporated (Corporate Taxpayer / PubCo), Inspirato LLC (OpCo), and the TRA Parties (the Continuing Inspirato Members — pre-IPO LLC unitholders and former Blocker shareholders, plus a TRA Party Representative).",2022-02-11,,terminated_merger,"section_754_step_up, pre_ipo_nol",85%,"Inspirato Incorporated is PubCo (TRA obligor). It is the Delaware C-corp that emerged from the February 11, 2022 de-SPAC business combination with Thayer Ventures Acquisition Corp., forming an Up-C structure over Inspirato LLC."
1381197,"Interactive Brokers Group, Inc.",interactive-brokers-group-inc,pubco,TRA-2007-05-03,"Interactive Brokers Group, Inc.",2007-05-03,,in_force,section_754_step_up,85%,"Interactive Brokers Group, Inc. (IBGI) is the PubCo (TRA obligor). IBGI went public on May 3, 2007 via an Up-C structure: the public company sits above IBG LLC (Connecticut LLC, operating company taxed as a partnership) and acquires interests from IBG Holdings LLC (the vehicle for the pre-IPO LLC members, principally Thomas Peterffy)."
1571949,"Intercontinental Exchange, Inc.",intercontinental-exchange-inc,beneficiary,,,,,,,,"Role: Beneficiary. Intercontinental Exchange, Inc. (""ICE"") is a conventional C-corporation (Delaware, incorporated 2013 as the new parent on-listing entity for the former IntercontinentalExchange, Inc.) and never executed a TRA as obligor."
51434,International Paper Company,international-paper-co-new,beneficiary,,,,,,,,International Paper Company (IP) is a New York-incorporated paper and packaging conglomerate. It is not an Up-C and is not a TRA obligor under its own CIK.
1844452,"Intuitive Machines, Inc.",intuitive-machines-inc,pubco,TRA-2023-02-13,"Intuitive Machines, Inc.",2023-02-13,,in_force,section_754_step_up,85%,"PubCo (TRA obligor). Intuitive Machines, Inc. is the Delaware C-corp public-company holding entity (formerly Inflection Point Acquisition Corp., a Cayman-domiciled SPAC) that completed a de-SPAC business combination with Intuitive Machines OpCo (Intuitive Machines, LLC) on February 13, 2023, forming an Up-C structure."
1089473,"contract_log.md — inVentiv Health, Inc.",inventiv-health-inc,never_executed,,,,,,,,"The firm-of-interest CIK 0001089473 has carried two distinct corporate identities under a single EDGAR registrant number: - 2001 – mid-2010: Ventiv Health, Inc. Nasdaq-listed CRO/sales-services company."
1001871,"Investors Capital Holdings, Ltd.",investors-capital-holdings-ltd,no_tra,,,,,,,,"Investors Capital Holdings, Ltd. (""ICH"") is a Delaware retail broker-dealer holding company (NYSE MKT: ICH) — not an Up-C, not a SPAC sponsor, and not a TRA obligor or beneficiary."
1634447,"iSun, Inc.",isun-inc,never_executed,,,,,,,,"iSun, Inc. is a Vermont-based solar energy services firm with a corporate-history sequence of: - Jensyn Acquisition Corp. (CIK 0001634447), a Delaware SPAC that IPO'd in March 2016 (S-1 effective Feb 2016; 424B4 dated March 4, 2016). - November 3, 2017: Jensyn signed a Membership Interest Purchase Agreement with BAE Energy Management, LLC and its owners Victor and Karen Ferreira, contemplating a SPAC business combination with BAE."
1410939,"Iveric Bio, Inc. (formerly Ophthotech Corporation), CIK 0001410939",iveric-bio-inc,no_tra,,,,,,,,"# Contract log: Iveric Bio, Inc. (formerly Ophthotech Corporation), CIK 0001410939 ## Role determination Iveric Bio, Inc. (formerly Ophthotech Corporation; tickers OPHT then ISEE) is a conventional Delaware C-corp ophthalmology / gene therapy biotech. It IPO'd in September 2013 through a conventional single-class S-1 offering (lead underwriters per the 424B4 prospectus at accession 0001193125-13-378605), not an Up-C, SPAC business combination, or partnership-conversion structure."
1617227,"J. Alexander's Holdings, Inc.",j-alexander-s-holdings-inc,never_executed,,,,,,,,Never executed. J.
1580185,The J.G. Wentworth Company,j-g-wentworth-co,pubco,TRA-2013-11-14,JGWPT Holdings Inc.,2013-11-14,,terminated_bankruptcy,section_754_step_up,85%,The J.G. Wentworth Company (PubCo) is the TRA obligor.
91419,J. M. Smucker Company,j-m-smucker-co,acquirer,,,,,,,,# J. M.
1420680,"J.W. Riker Northern R.I., Inc.",j-w-riker-northern-r-i-inc,financing_arm,,,,,,,,"J.W. Riker Northern R.I., Inc. is a downstream subsidiary of Realogy Corporation that appears on SEC EDGAR solely as a co-registrant / note guarantor on Realogy's registration statements and indentures."
1420755,Jack Gaughen LLC,jack-gaughen-llc,no_tra,,,,,,,,Jack Gaughen LLC is a wholly-owned subsidiary of Realogy Corporation (later Realogy Holdings Corp). Its SEC filings under this CIK exist solely because the entity is a co-registrant / guarantor on Realogy's debt-registration filings.
1685715,Jagged Peak Energy Inc.,jagged-peak-energy-inc,no_tra,,,,,,,,"Role: no TRA (firm never executed or contemplated a Tax Receivable Agreement). Jagged Peak Energy Inc. completed its IPO on January 31, 2017 (Form 424B4 accession 0001047469-17-000417; closing 8-K accession 0001104659-17-005342 dated January 25, 2017)."
96223,Jefferies Financial Group Inc.,jefferies-financial-group-inc,no_tra,,,,,,,,"Jefferies Financial Group Inc. (formerly Leucadia National Corporation, renamed in 2018) is not a party to any Tax Receivable Agreement in the filings reviewed. Its role relative to the TRA universe is lender / mention-only: - In August 2015, Leucadia made a $300 million senior secured term loan to FXCM Inc. to rescue FXCM after the January 15, 2015 Swiss National Bank event."
1674335,"JELD-WEN Holding, Inc.",jeld-wen-holding-inc,pubco,,,,,,,,"JELD-WEN Holding, Inc. is the would-be PubCo (TRA obligor) under a Tax Receivable Agreement that was contemplated in connection with its 2017 IPO but was never executed. The early S-1/A drafts (filed June 1, 2016 through November 17, 2016) disclosed a planned TRA committing the Company to pay 85% of realized tax benefits attributable to ""Pre-IPO Tax Attributes"" (net operating loss carryforwards, AMT credit carryforwards, R&D credits, and certain other pre-IPO tax attributes) to its Pre-IPO Shareholders."
1861622,Jet.AI Inc.,jet-ai-inc,no_tra,,,,,,,,"Role: none (no TRA at this firm). Jet.AI Inc. (CIK 0001861622) is the post-domestication name of Oxbridge Acquisition Corp., a Cayman SPAC that completed its de-SPAC business combination with Jet Token Inc. on August 10, 2023 (announced in 8-K accession 0001493152-23-026964; closed and reported on Form 8-K accession 0001493152-23-028481)."
1158463,JetBlue Airways Corporation,jetblue-airways-corp,no_tra,,,,,,,,# Contract log: JetBlue Airways Corporation (CIK 0001158463) ## Role determination Role: No-TRA. JetBlue Airways is a conventional C-corp low-cost domestic airline that went public in April 2002 without an Up-C structure.
1573166,"Jones Energy, Inc.",jones-energy-inc,pubco,TRA-2013-07-29,,2013-07-29,2019-05-06,terminated_bankruptcy,section_754_step_up,85%,"# Contract log — Jones Energy, Inc. (CIK 1573166) ## TRA-2013-07-29 — Tax Receivable Agreement (original, executed July 29, 2013) ### Parties and economic terms - PubCo: Jones Energy, Inc. (""JEI"", Delaware). - Operating partnership: Jones Energy Holdings, LLC (""JEH""). - Beneficiaries (Members): pre-IPO Members of JEH, including Metalmark Capital and Jones family entities. Identified by name in the May 7, 2019 disclosure-statement text as ""Metalmark and certain of JEI's current and former owners"". - Payment rate: 85% of realized cash savings in U.S. VALIDATION 2026-05-17: Plan of Reorganization confirmed May 6, 2019 (8-K 0001104659-19-027534). Disclosure Statement explicit: TRA cancelled, $0 recovery to TRA Members (General Unsecured Class 7). Status upgraded from terminated_unverified."
1037976,Jones Lang LaSalle Incorporated,jones-lang-lasalle-inc,no_tra,,,,,,,,"Jones Lang LaSalle (JLL) is a Maryland-incorporated, conventional C-corporation real estate services firm. JLL did not undertake an Up-C IPO, SPAC business combination, or partnership restructuring and is not itself a TRA obligor."
1503802,Karyopharm Therapeutics Inc.,karyopharm-therapeutics-inc,no_tra,,,,,,,,"Karyopharm Therapeutics is a conventional C-corp biotech that completed a single-class IPO in November 2013. Review of the IPO S-1 filings (accessions 0001047469-13-009519, 0001047469-13-009972, 0001047469-13-010343) found no Up-C structure, no umbrella partnership, no LLC operating agreement giving rise to exchangeable units, and no Tax Receivable Agreement."
1812477,"Keel Infrastructure Corp. (formerly Bitfarms Ltd.), CIK 0001812477",keel-infrastructure-corp,acquirer,TRA-2021-04-01-stronghold,,2021-04-01,,terminated,section_754_step_up,85%,Keel Infrastructure Corp. (CIK 0001812477) is the acquirer with respect to the only TRA visible in these filings. It is not itself a TRA obligor and is not party to any in-force TRA of its own.
1420465,Keystone Closing Services LLC,keystone-closing-services-llc,no_tra,,,,,,,,"Role: not a TRA party. Keystone Closing Services LLC is a wholly-owned subsidiary of Realogy (now Anywhere Real Estate, parent CIK 0001396334) that appears in SEC filings exclusively as a co-registrant guarantor on parent-level debt registration statements (S-4, S-4/A, S-1, prospectus supplements, 424B filings)."
1657788,"Kimbell Royalty Partners, LP",kimbell-royalty-partners-lp,never_executed,,,,,,,,"Kimbell Royalty Partners, LP (""KRP"") is a Master Limited Partnership (MLP) that went public in early 2017 as a Delaware limited partnership treated as a pass-through entity for federal income tax purposes. Because KRP itself does not pay entity-level federal income tax, the classical TRA payment-from-PubCo-to-pre-IPO-holders structure does not apply at the IPO."
1692787,contract_log.md — Kinetik Holdings Inc.,kinetik-holdings-inc,never_executed,,,,,,,,"The firm under CIK 0001692787 has lived under three corporate names: Kayne Anderson Acquisition Corp. (KAAC, SPAC; 2017 IPO), Altus Midstream Company (post-2018 business combination with Apache contributing Alpine High midstream assets), and Kinetik Holdings Inc. (post-2022 merger with BCP Raptor Holdco / EagleClaw). Across all 46 filings in this directory, no executed Tax Receivable Agreement appears."
1404912,KKR & Co. Inc.,kkr-co-inc,pubco,TRA-2010-07-14,,2010-07-14,,terminated,"section_754_step_up, pre_ipo_nol",21%,# KKR & Co. Inc. — TRA contract log CIK: 0001404912 Firm: KKR & Co.
1386926,KKR Financial Holdings LLC,kkr-financial-holdings-llc,no_tra,,,,,,,,"KKR Financial Holdings LLC (""KFN"") is not a TRA party in any capacity. KFN is a Delaware specialty-finance LLC, externally managed by KKR Financial Advisors LLC (a subsidiary of KKR & Co.)."
1060749,"Knight Capital Group, Inc.",knight-capital-group-llc,never_executed,,,,,,,,"Knight Capital Group is not a party to any executed Tax Receivable Agreement. The firm role here is best described as never executed at the contemplated-counterparty level, but more precisely, Knight Capital was never even slated to be the PubCo obligor: the contemplated Up-C/TRA structure (had it been implemented) would have sat at Knight Holdco / KCG Holdings, Inc., the new public holding company created by the December 2012 / April 2013 GETCO–Knight merger."
1760965,"Kontoor Brands, Inc.",kontoor-brands-inc,pubco,,,,,,,,"Never executed (non-TRA spinoff). Kontoor Brands, Inc. is a non-Up-C spinoff from V.F."
1604627,"KushCo Holdings, Inc.",kushco-holdings-inc,no_tra,,,,,,,,"KushCo Holdings, Inc. (""KSHB"") is not a party to any Tax Receivable Agreement. The firm is a Nevada C-corporation that went public via a 2014 reverse merger (no Up-C structure, no umbrella partnership, no Section 754 mechanism)."
1577670,Ladder Capital Corp,ladder-capital-corp,pubco,TRA-2014-02-11,"Ladder Capital Corp (Corporation / obligor); Ladder Capital Finance Holdings LLLP (""Holdings""); the Continuing LCFH Limited Partners / TRA Members (beneficiaries).",2014-02-11,,terminated_by_expiration,section_754_step_up,85%,"Ladder Capital Corp is the PubCo (TRA obligor). It went public via an Up-C IPO that priced on February 7, 2014 and closed on February 11, 2014, with the original TRA executed concurrent with the IPO close."
1574632,Ladder Capital Finance Holdings LLLP,ladder-capital-finance-holdings-lllp,pubco,TRA-2014-02-11,,2014-02-11,,in_force,section_754_step_up,85%,"The firm is the operating LLLP in the Ladder Capital Up-C structure. Ladder Capital Corp (the separate PubCo, distinct CIK) is the obligor on TRA payments; Ladder Capital Finance Holdings LLLP (""LCFH"" or ""Holdings"") is a named party because TRA payments arise from exchanges of LP Units in Holdings (Section 754 basis adjustments at the LLLP level)."
1679273,"Lamb Weston Holdings, Inc.",lamb-weston-holdings-inc,no_tra,,,,,,,,"Lamb Weston Holdings, Inc. is not a TRA party in any role. The firm was spun off from ConAgra Foods, Inc. on November 9, 2016 via a pro rata distribution of LW shares to ConAgra stockholders (a Section 355 tax-free spin-off), not an Up-C IPO, SPAC business combination, or other transaction structure that produces a Tax Receivable Agreement."
1326141,Lazard Group LLC,lazard-group-llc,no_tra,,,,,,,,Role: Financing-arm / SEC-registrant subsidiary (not a TRA contractual party). Lazard Group LLC is the historical operating LLC of the Lazard organization and a Delaware LLC that registered senior notes with the SEC.
1311370,"Lazard, Inc.",lazard-inc,pubco,TRA-2005-05-10,,2005-05-10,,in_force,section_754_step_up,85%,"Lazard plays the PubCo (TRA obligor) role, but with a structural twist worth flagging: the contractual obligor side of the TRA is not the listed parent itself. The TRA's payment obligations sit at two wholly-owned indirect subsidiaries — Ltd Sub A and Ltd Sub B — described in the contract as the ""Ltd Exchanging Subsidiaries""."
1847577,Learn CW Investment Corporation,learn-cw-investment-corp,never_executed,,,,,,,,"Firm role: SPAC sponsor (de-SPAC merger partner). No TRA obligor, beneficiary, acquirer, or financing-arm role applies."
2052568,Legence Corp.,legence-corp,pubco,TRA-2025-09-11,Legence Corp.,2025-09-11,,in_force,section_754_step_up,85%,"Legence Corp. is the PubCo (TRA obligor). The firm IPO'd on September 11, 2025, completed a Corporate Reorganization into an Up-C holding structure (Legence Corp. above Legence Holdings LLC), and entered into a single Tax Receivable Agreement with Legence Parent LLC and Legence Parent II LLC (the ""TRA Members"")."
1420446,"contract_log.md — Legend Title, LLC",legend-title-llc,mention_only,,,,,,,,"Legend Title, LLC is a guarantor co-registrant on Realogy Corporation's 2007-12-18 S-4 (accession 0001193125-07-267402) and 2008-01-09 S-4/A (accession 0001193125-08-003431). Both filings are the Realogy senior-notes exchange offer registration."
920760,Lennar Corporation,lennar-corp-new,pubco,,,,,,,,"Lennar Corporation is not a TRA party (neither obligor nor beneficiary in the classical sense). Lennar is a conventional C-corporation homebuilder (SIC 1520), never went public via Up-C structure, and has no TRA of its own."
1611983,Liberty Broadband Corporation,liberty-broadband-corp,beneficiary,TRA-2025-07-14,"Liberty Broadband Corporation (Delaware) as payee/beneficiary; GCI Liberty, Inc.",2025-07-14,,in_force,"section_754_step_up, 338h10_basis_step_up",0%,"Liberty Broadband Corporation (LBRD) is the beneficiary (payee) under one TRA on file. The single TRA at this firm is the GCI Tax Receivables Agreement dated July 14, 2025, executed concurrent with the spin-off of GCI Liberty, Inc. (SpinCo)."
1694028,"Liberty Energy Inc. (f/k/a Liberty Oilfield Services Inc.), CIK 0001694028",liberty-energy-inc,pubco,TRA-2018-01-17-Blocker,,2018-01-17,,in_force,blocker_attributes,,"PubCo (TRA obligor). Liberty Oilfield Services Inc. closed an Up-C IPO on January 17, 2018 with Riverstone Holdings (R/C Energy IV) as the principal pre-IPO holder."
1694028,"Liberty Energy Inc. (f/k/a Liberty Oilfield Services Inc.), CIK 0001694028",liberty-energy-inc,pubco,TRA-2018-01-17-NonBlocker,,2018-01-17,,in_force,"section_754_step_up, pre_ipo_nol, blocker_attributes",,"PubCo (TRA obligor). Liberty Oilfield Services Inc. closed an Up-C IPO on January 17, 2018 with Riverstone Holdings (R/C Energy IV) as the principal pre-IPO holder."
750004,"Light & Wonder, Inc.",light-wonder-inc,beneficiary,TRA-2019-05-07,,2019-05-07,,in_force,section_754_step_up,,"# Contract log: Light & Wonder, Inc. (CIK 0000750004) ## Firm role: beneficiary (parent side) Light & Wonder, Inc. (formerly Scientific Games Corporation prior to a March 2022 rebrand; symbol SGMS until early 2022, then LNW) is the beneficiary side of the only TRA visible across its filings."
889971,"contract_log.md — LightPath Technologies, Inc.",lightpath-technologies-inc,no_tra,,,,,,,,"Role: none (conventional C-corp, no TRA). LightPath Technologies, Inc. is a small-cap optics manufacturer (NASDAQ: LPTH) organized as a conventional Delaware C-corporation."
1925283,"Lincoln International, Inc.",lincoln-international-inc,pubco,TRA-2026-05-11,"Lincoln International, Inc.",2026-05-11,,in_force,"section_754_step_up, pre_ipo_nol",,"PubCo (TRA obligor), pre-IPO. Lincoln International, Inc. is the prospective Up-C holding company preparing its initial public offering."
1420779,"contract_log.md — Lincoln Settlement Services, LLC",lincoln-settlement-services-llc,mention_only,,,,,,,,"Lincoln Settlement Services, LLC is a guarantor co-registrant on Realogy Corporation's 2007-12-18 S-4 (accession 0001193125-07-267402) and 2008-01-09 S-4/A (accession 0001193125-08-003431). Both filings are the Realogy senior-notes exchange offer registration."
1742924,Livent Corporation,livent-corp,no_tra,,,,,,,,"Livent Corporation was spun off from FMC Corporation through a carve-out IPO that priced on October 10, 2018 (424B1 filed October 11, 2018; accession 0001193125-18-298441) and completed a full separation distribution on March 1, 2019. The IPO was a conventional C-corp carve-out, not an Up-C / umbrella-partnership IPO."
1731727,"LMP Automotive Holdings, Inc.",lmp-automotive-holdings-inc,no_tra,,,,,,,,"LMP Automotive Holdings, Inc. is not a party to any Tax Receivable Agreement, in any of the standard roles (PubCo obligor, beneficiary, acquirer, financing arm, or never-executed draft). The firm was organized in Delaware on December 15, 2017 and completed a conventional single-class common-stock IPO on December 9, 2019 at $5.00 per share (Nasdaq: LMPX), raising approximately $12 million net."
1831631,"loanDepot, Inc.",loandepot-inc,pubco,TRA-2021-02-11,,2021-02-11,,in_force,section_754_step_up,,"loanDepot is the PubCo (TRA obligor). It went public on the NYSE on February 11, 2021 via an Up-C IPO."
1870997,Loyalty Ventures Inc.,loyalty-ventures-inc,never_executed,,,,,,,,"# Contract log: Loyalty Ventures Inc. (CIK 0001870997) ## Firm role: Never executed (no TRA exists) Loyalty Ventures Inc. (""LVI"") was spun off from Alliance Data Systems Corporation (""ADS"") effective November 5, 2021 via a tax-free distribution under Section 355 of the Internal Revenue Code. The spin-off was structured as a conventional corporate separation, not an Up-C IPO; no LLC-shareholder beneficiary class exists, and no Tax Receivable Agreement was executed at separation."
2098430,Madison Air Solutions Corporation,madison-air-solutions-corp,pubco,,,,,,,,"Firm role: PubCo with no TRA in place. Madison Air Solutions Corporation (ticker MAIR, NYSE) completed an initial public offering that priced April 15, 2026 and closed April 17, 2026, offering 82,692,308 shares of Class A common stock at $27.00 (per the 424B4, accession 0001193125-26-160250)."
1590976,"Malibu Boats, Inc.",malibu-boats-inc,pubco,TRA-2014-02-05,"Malibu Boats, Inc.",2014-02-05,,in_force,section_754_step_up,85%,"Malibu Boats, Inc. is the PubCo (TRA obligor). The firm completed an Up-C IPO on February 5, 2014, and on the same day entered into a Tax Receivable Agreement with its pre-IPO owners (the LLC members of Malibu Boats Holdings, LLC)."
1524223,"Manning & Napier, Inc.",manning-napier-inc,pubco,TRA-2011-11-23,,2011-11-23,,terminated,section_754_step_up,85%,"PubCo (TRA obligor). Manning & Napier, Inc. completed an Up-C IPO in November 2011 and committed to pay 85% of realized tax benefits from basis step-ups and pre-IPO tax assets to the pre-IPO holders of Manning & Napier Group, LLC."
1823239,"Maravai LifeSciences Holdings, Inc.",maravai-lifesciences-holdings-inc,pubco,TRA-2020-11-19,"Maravai LifeSciences Holdings, Inc.",2020-11-19,,economically_extinguished_in_force,section_754_step_up,,"# Maravai LifeSciences Holdings, Inc. — TRA contract log CIK: 0001823239 Firm role: PubCo (TRA obligor) Up-C IPO: November 19, 2020 (priced); first trading November 20, 2020 (closing November 24, 2020) TRA counterparties: Maravai Life Sciences Holdings, LLC (""MLSH 1"", GTCR-controlled) and Maravai Life Sciences Holdings 2, LLC (""MLSH 2"", through which former Blocker shareholders hold interests) ## Contracts identified ### TRA-2020-11-19 — Tax Receivable Agreement dated November 19, 2020 - Status: economically_extinguished_in_force (since 2023-12-31). - Payment percentage: 85%."
1267813,"Marinus Pharmaceuticals, Inc.",marinus-pharmaceuticals-inc,no_tra,,,,,,,,"Marinus Pharmaceuticals is a conventional Delaware C-corp clinical-stage biotech (ticker MRNS) that went public via a standard IPO on July 31, 2014. The filing set covers the period from registration (S-1 filed April 2014, accession 0001047469-14-004860) through the December 29, 2024 merger agreement with Immedica Pharma AB (accession 0001104659-24-132257) and the related January 2025 8-K (accession 0001104659-25-011211)."
1420689,Market Street Settlement Group LLC,market-street-settlement-group-llc,no_tra,,,,,,,,"Role: not a TRA party. Market Street Settlement Group LLC is a wholly-owned subsidiary of Realogy (now Anywhere Real Estate, parent CIK 0001396334) that appears in SEC filings exclusively as a co-registrant guarantor on parent-level debt registration statements (S-4, S-4/A, S-1, prospectus supplements, 424B filings)."
1805651,"MarketWise, Inc.",marketwise-inc,pubco,TRA-2021-07-21,"MarketWise, Inc.",2021-07-21,,in_force,section_754_step_up,,"MarketWise, Inc. is the PubCo / TRA obligor. The firm became public on July 21, 2021 via business combination with Ascendant Digital Acquisition Corp. (ACND), a SPAC, resulting in an Up-C structure where MarketWise, Inc. is the sole managing member of MarketWise, LLC and the pre-merger LLC members (the legacy Beacon Street Group / MarketWise members) hold Class B common stock with Class A redemption rights."
1303276,"Marquee Holdings, Inc.",marquee-holdings-inc,beneficiary,,,,,,,,"Role: Beneficiary of the NCM Tax Receivable Agreement (Feb 13, 2007). Marquee Holdings, Inc. is the pre-2014 holding company for the AMC theatre chain."
1941365,"MasterBrand, Inc.",masterbrand-inc,never_executed,,,,,,,,"# MasterBrand, Inc. (CIK 0001941365) — TRA contract log ## Firm role: never_executed MasterBrand, Inc. spun off from Fortune Brands Home & Security, Inc. on December 14, 2022 via pro rata distribution. The spin-off was structured as a tax-free distribution under Section 355 of the Internal Revenue Code, with Fortune Brands retaining the option to make a protective Section 336(e) Election under Treasury Regulations."
933136,"CIK 0000933136 (Maverick Merger Sub 2, LLC, formerly Mr. Cooper Group / WMIH / WMI Holdings / Washington Mutual)",maverick-merger-sub-2-llc,no_tra,,,,,,,,This CIK has no own Tax Receivable Agreement at any point in its corporate history. No TRA contract files are saved.
1783317,McAfee Corp.,mcafee-corp,pubco,TRA-2020-10-21,"Exchange TRA Parties, Reorganization TRA Parties, TPG Nominee, Intel Nominee, Thoma Bravo nominee, GIC TRA Party (collectively the ""TRA Beneficiaries"" — Continuing LLC Owners plus certain Management Owners).",2020-10-21,,terminated_merger,"section_754_step_up, pre_ipo_nol",,"# McAfee Corp. (CIK 1783317) — contract log One TRA at this firm. Three contract documents on file: the unexecuted draft from the S-1/A registration statement, the executed original from the IPO 8-K, and the negotiated termination payment amendment from the going-private merger 8-K."
63754,"McCormick & Company, Inc.",mccormick-co-inc,acquirer,,,,,,,,"# McCormick & Company, Inc. (CIK 0000063754) -- TRA contract log ## Role of the firm McCormick is a long-established public company (NYSE: MKC), not an Up-C and not the product of an IPO restructuring that gave rise to a Tax Receivable Agreement. The firm's role relative to any TRA is: prospective TRA obligor (acquirer) in connection with a pending acquisition of the Unilever ice cream business via a Reverse Morris Trust transaction announced March 31, 2026. ## Contracts identified None saved."
927653,contract_log.md — McKesson Corporation,mckesson-corp,pubco,TRA-2017-03-01-Echo-Sponsor,,2017-03-01,2022-10-03,terminated_change_of_control,section_754_step_up,85%,"# contract_log.md — McKesson Corporation (CIK 0000927653) ## Background McKesson is not an Up-C firm and is not a PubCo. The TRA-relevant context is the March 1, 2017 formation of the Change Healthcare joint venture (PF2 Newco LLC / Change Healthcare LLC). VALIDATION 2026-05-17: Change Healthcare acquired by UnitedHealth Oct 3, 2022; Early Termination Payment received per agent reconstruction. Note: McKesson is the TRA obligor side; full verification requires reading Change Healthcare / UnitedHealth filings."
927653,contract_log.md — McKesson Corporation,mckesson-corp,pubco,TRA-2017-03-01-MCK-McKesson-beneficiary,,2017-03-01,,terminated,section_754_step_up,85%,"# contract_log.md — McKesson Corporation (CIK 0000927653) ## Background McKesson is not an Up-C firm and is not a PubCo. The TRA-relevant context is the March 1, 2017 formation of the Change Healthcare joint venture (PF2 Newco LLC / Change Healthcare LLC)."
1823143,MDH Acquisition Corp.,mdh-acquisition-corp,pubco,TRA-2021-07-21,,2021-07-21,,never_executed,section_754_step_up,85%,"MDH Acquisition Corp. is a special-purpose acquisition company (SPAC) that intended to become the PubCo (TRA obligor) through a business combination with Olive Ventures Holdings, Inc. (olive.com) / Paylink Holdings Inc. / OP Group Holdings, LLC. A Form of Tax Receivable Agreement was filed as Exhibit 10.1 to the July 21, 2021 8-K announcing the Business Combination Agreement."
1818383,"MediaAlpha, Inc.",mediaalpha-inc,pubco,TRA-2020-10-27,"- *PubCo / obligor:* MediaAlpha, Inc. -",2020-10-27,,in_force,"section_754_step_up, pre_ipo_nol",,"- CIK: 0001818383 - Firm: MediaAlpha, Inc. - Role: PubCo (TRA obligor). MediaAlpha conducted an Up-C IPO that closed on October 27, 2020."
1611110,Medley Management Inc.,medley-management-inc,pubco,TRA-2014-09-23,,2014-09-23,,economically_extinguished_in_force,section_754_step_up,,"PubCo (TRA obligor). Medley Management Inc. (""MDLY"", Delaware corporation) is the Corporate Taxpayer in the Tax Receivable Agreement."
2046386,Medline Inc.,medline-inc,pubco,TRA-2025-12-16,Medline Inc.,2025-12-16,,in_force,section_754_step_up,,"Medline Inc. is the PubCo (TRA obligor). Medline IPO'd on the Nasdaq Global Select Market on December 17, 2025 under the symbol MDLN via a standard umbrella partnership-C-corporation (Up-C) structure, with Medline Holdings, LP as the operating partnership and Medline Inc. as the new corporate taxpayer at the top of the structure."
1776932,MedMen Enterprises Inc.,medmen-enterprises-inc,pubco,,,,,,,,"MedMen is the PubCo (TRA obligor) in a US Up-C-like structure created on May 28, 2018 when Ladera Ventures Corp. (a British Columbia shell) completed a reverse takeover of MM Enterprises USA, LLC (a Delaware LLC) and changed its name to MedMen Enterprises Inc. Class B Subordinate Voting Shares began trading on the Canadian Securities Exchange under ""MMEN"" on May 29, 2018."
1099219,"MetLife, Inc.",metlife-inc,beneficiary,,,,,,,,"MetLife, Inc. is a TRA beneficiary, not an obligor. The relevant TRA is the Tax Receivables Agreement entered into between MetLife and Brighthouse Financial, Inc. (CIK 0001685040) at the August 4, 2017 spin-off of Brighthouse."
1420951,Mid-Atlantic Settlement Services LLC,mid-atlantic-settlement-services-llc,no_tra,,,,,,,,"Role: not a TRA party. Mid-Atlantic Settlement Services LLC is a wholly-owned subsidiary of Realogy (now Anywhere Real Estate, parent CIK 0001396334) that appears in SEC filings exclusively as a co-registrant guarantor on parent-level debt registration statements (S-4, S-4/A, S-1, prospectus supplements, 424B filings)."
1420691,contract_log.md — Mid-State Escrow Corp.,mid-state-escrow-corp,mention_only,,,,,,,,Mid-State Escrow Corp. is a guarantor co-registrant on Realogy Corporation's 2007-12-18 S-4 (accession 0001193125-07-267402) and 2008-01-09 S-4/A (accession 0001193125-08-003431). Both filings are the Realogy senior-notes exchange offer registration.
1874848,Milan Laser Inc.,milan-laser-inc,pubco,TRA-2021-11-05,,2021-11-05,,never_executed,"section_754_step_up, pre_ipo_nol",,"Milan Laser Inc. was the prospective PubCo (TRA obligor) for an Up-C IPO contemplated in a Draft Registration Statement (DRS) filed 2021-08-12 and progressed through DRS/A, S-1, and two S-1/A amendments through 2021-11-22. The IPO never closed: the registration was withdrawn via Form RW filed 2022-10-21 (accession 0001104659-22-110641), and the firm has no tickers or exchange listings on record."
1420930,"contract_log.md — Miller Group, Inc.",miller-group-inc,mention_only,,,,,,,,"Miller Group, Inc. is a guarantor co-registrant on Realogy Corporation's 2007-12-18 S-4 (accession 0001193125-07-267402) and 2008-01-09 S-4/A (accession 0001193125-08-003431). Both filings are the Realogy senior-notes exchange offer registration."
1527096,Miromatrix Medical Inc.,miromatrix-medical-inc,no_tra,,,,,,,,"Miromatrix Medical Inc. is not a party to any Tax Receivable Agreement. The firm conducted a conventional C-corporation IPO in June 2021 (424B4 accession 0001104659-21-085121), not an Up-C IPO."
880432,"Misonix, Inc.",misonix-inc,no_tra,,,,,,,,"Misonix, Inc. was a standalone Nasdaq-listed medical-device company (ticker MSON) and was acquired by Bioventus Inc. in a stock-and-cash merger that closed October 29, 2021. Across the firm's pre-acquisition filings (1996-era 10-Ks through 2021 merger filings), Misonix has no Up-C structure, no LLC parent, no continuing LLC members or pre-IPO holders, and no Tax Receivable Agreement of its own."
1596967,Moelis & Company,moelis-co,pubco,TRA-2014-04-15,"Moelis & Company (Corporation, obligor); Moelis Holdings Feeder, Inc.",2014-04-15,,in_force,section_754_step_up,21%,Moelis & Company is the PubCo (TRA obligor). It is an independent investment bank that completed an Up-C IPO of Class A common stock in April 2014.
1802450,"MSP Recovery, Inc.",msp-recovery-inc,pubco,TRA-2022-05-23,PubCo (Lionheart Acquisition Corp II → MSP Recovery Inc.,2022-05-23,,in_force,section_754_step_up,85%,"# Contract identification log — MSP Recovery, Inc. (CIK 1802450, f/k/a Lionheart Acquisition Corp. II) ## TRA-2022-05-23 — Tax Receivable Agreement among Lionheart II Holdings LLC (""Opco""/""MSP""), Lionheart Acquisition Corporation II (renamed MSP Recovery, Inc. at Closing), and the TRA Parties Status: active, unamended, in force as of last filing in directory (2026-05-06)."
1820727,Mudrick Capital Acquisition Corporation II,mudrick-capital-acquisition-corp-ii,pubco,TRA-2021-04-06,,2021-04-06,,never_executed,section_754_step_up,,"Mudrick Capital Acquisition Corporation II (""MUDS"") is a Delaware SPAC that contemplated playing the PubCo (TRA obligor) role at the close of its proposed business combination with The Topps Company (via Topps Intermediate Holdco, Inc. and Tornante-MDP Joe Holding LLC). The merger agreement was executed April 6, 2021 and terminated by mutual agreement on August 20, 2021 after MLB and the MLB Players Association notified Topps that they would not renew their licensing agreements."
1273784,"National Beef Packing Company, LLC",national-beef-packing-co-llc,never_executed,,,,,,,,"National Beef Packing Company, LLC (NBP) is a Delaware limited liability company that operates as the operating entity (OpCo) in a contemplated but never-completed Up-C-style structure. In the 2010 Amended and Restated Credit Agreement (accession 0001104659-10-032924, filed 2010-06-08), an attached ""Form of NB, Inc."
1377630,"National CineMedia, Inc.",national-cinemedia-inc,pubco,TRA-2007-02-13,,2007-02-13,,in_force,section_754_step_up,90%,"PubCo (TRA obligor). National CineMedia, Inc. (NCMI) is the public-company manager of National CineMedia, LLC (NCM LLC), the operating partnership in a classical Up-C structure."
1527190,"National CineMedia, LLC",national-cinemedia-llc,pubco,,,,,,,,"National CineMedia, LLC (NCM LLC, CIK 0001527190) is the operating LLC of the Up-C structure whose PubCo parent is National CineMedia, Inc. (NCMI, CIK 0001377630). The TRA obligor is NCMI; NCM LLC is the operating partnership whose tax basis is stepped up when founding members exchange units."
1420324,National Coordination Alliance LLC,national-coordination-alliance-llc,no_tra,,,,,,,,"Role: not a TRA party. National Coordination Alliance LLC is a wholly-owned subsidiary of Realogy (now Anywhere Real Estate, parent CIK 0001396334) that appears in SEC filings exclusively as a co-registrant guarantor on parent-level debt registration statements (S-4, S-4/A, S-1, prospectus supplements, 424B filings)."
902739,"NBCUniversal Media, LLC",nbcuniversal-media-llc,acquirer,,,,,,,,"Role: Acquirer's financing subsidiary (co-registrant on parent's filings). NBCUniversal Media, LLC is a wholly-owned indirect subsidiary of Comcast Corporation (CIK 1166691)."
70866,NCR Voyix Corporation,ncr-voyix-corp,never_executed,,,,,,,,"# Contract log: NCR Voyix Corporation (CIK 0000070866) ## Role assessment Role: not a TRA party. CIK 0000070866 is the legacy NCR Corporation registrant, renamed NCR Voyix Corporation effective October 16, 2023 when it spun off its ATM business as NCR Atleos Corporation."
1720353,Nebula Acquisition Corporation,nebula-acquisition-corp,pubco,TRA-2020-06-10,Nebula Acquisition Corp.,2020-06-10,,in_force,,85%,"PubCo (TRA obligor, prospective). Nebula Acquisition Corporation was a Delaware SPAC that signed a Business Combination Agreement with Open Lending, LLC on January 5, 2020."
1617667,Neff Corporation,neff-corp,pubco,TRA-2014-11-26,,2014-11-26,2017-10-02,terminated_merger,section_754_step_up,85%,"Neff Corporation is the PubCo (TRA obligor). Neff went public via an Up-C IPO that closed November 26, 2014, executing a Tax Receivable Agreement (TRA) at IPO with its Prior LLC Owners (the Wayzata Funds plus LLC Option Holders and the Management Representative)."
711377,Neogen Corporation,neogen-corp,no_tra,,,,,,,,"Neogen is not a party to any Tax Receivable Agreement. On September 1, 2022, Neogen acquired 3M's Food Safety business via a Reverse Morris Trust: 3M contributed the business to Garden SpinCo, distributed Garden SpinCo to 3M shareholders, and Garden SpinCo merged into a Neogen subsidiary."
1909849,Neogen Food Safety Corp,neogen-food-safety-corp,never_executed,,,,,,,,"Neogen Food Safety Corp (formerly Garden SpinCo Corp) is the SEC registrant that held this CIK while it served as a transitory spin-off vehicle in a Reverse Morris Trust transaction: 3M Company spun off its food-safety business into Garden SpinCo, which immediately merged with a subsidiary of Neogen Corporation (CIK 0000711377) on September 1, 2022. The CIK 0001909849 entity was renamed ""Neogen Food Safety Corp"" on 2022-08-04 (per SEC submission metadata formerNames), filed Form 15-15D deregistration on 2022-09-09, and is no longer an SEC reporter."
1819404,Nerdy Inc.,nerdy-inc,pubco,TRA-2021-09-20,Nerdy Inc.,2021-09-20,,in_force,"section_754_step_up, pre_ipo_nol",85%,"Nerdy Inc. is the PubCo (TRA obligor) in a classic Up-C structure. The de-SPAC business combination between TPG Pace Tech Opportunities Corp. (the SPAC) and Live Learning Technologies LLC (Nerdy LLC; parent of Varsity Tutors) closed on September 20, 2021."
1845437,NET Power Inc.,net-power-inc,pubco,TRA-2023-06-08,,2023-06-08,,terminated_by_expiration,section_754_step_up,,PubCo (TRA obligor). NET Power Inc. is the former Rice Acquisition Corp.
1749723,New Fortress Energy Inc.,new-fortress-energy-inc,no_tra,,,,,,,,"New Fortress Energy Inc. (""NFE"") is not a TRA party in any role. NFE was formed as a Delaware limited liability company on August 6, 2018, and went public in January 2019 (424B4 dated 2019-01-31, accession 0001140361-19-002130) by issuing Class A shares of the NFE LLC to the public, with NFE holding its operating business through NFI LLC."
1690680,"Newmark Group, Inc.",newmark-group-inc,pubco,TRA-2017-12-13,,2017-12-13,,in_force,section_754_step_up,20%,"Newmark Group, Inc. is the PubCo (TRA obligor) under a single Tax Receivable Agreement dated December 13, 2017, executed in connection with its IPO as a BGC Partners spinoff. Newmark pays Cantor Fitzgerald, L.P. 85% of cash tax savings Newmark realizes from increases in the tax basis of Newmark OpCo assets attributable to Taxable Exchanges of exchangeable Newmark Holdings limited partnership interests, plus tax benefits attributable to payments under the TRA itself."
1540047,"Nexeo Solutions Holdings, LLC",nexeo-solutions-holdings-llc,pubco,TRA-2016-06-09,PubCo (WL Ross Holding Corp.,2016-06-09,,in_force,"section_754_step_up, blocker_attributes",,"Target / predecessor entity. Nexeo Solutions Holdings, LLC is the privately held LLC that was acquired by WL Ross Holding Corp. (a SPAC) in the June 2016 business combination."
1604416,"Nexeo Solutions, Inc.",nexeo-solutions-inc,pubco,TRA-2016-06-09,,2016-06-09,2019-03-01,terminated_merger,"section_754_step_up, blocker_attributes",,"Nexeo Solutions, Inc. is the PubCo (TRA obligor) in a single TRA established at the June 9, 2016 SPAC business combination between WL Ross Holding Corp. (the SPAC predecessor) and Nexeo Solutions Holdings, LLC. The TRA Holders are TPG-affiliated entities (TPG VI Neon II, L.P., TPG VI FOF Neon, L.P., Nexeo Holdco, LLC, and — by assignment from TPG GP and TPG Blocker Owner — TPG VI Neon I, L.P.)."
753308,"NextEra Energy, Inc.",nextera-energy-inc,never_executed,,,,,,,,"NextEra Energy, Inc. (NEE) is the parent of Florida Power & Light Co. (CIK 0000037634) and joint registrant on FPL's filings. Across NEE's own filings, the only mentions of any ""Tax Receivable Agreement"" appear in the Energy Future Holdings (EFH) / Reorganized TCEH bankruptcy plan documents attached to NEE's July 29, 2016 8-K announcing the agreed acquisition of Oncor Electric Delivery, and re-attached as Exhibit 99 to NEE's 2016 10-K."
1865631,NextNav Inc.,nextnav-inc,pubco,,,,,,,,"NextNav Inc. is the post-merger entity that resulted from the October 28, 2021 SPAC business combination between Spartacus Acquisition Corporation (the SPAC) and NextNav Holdings, LLC (the operating company). The transaction was accounted for as a reverse recapitalization rather than an Up-C: the merger agreement caused certain blocker entities formed by Holdings equity holders, NextNav Holdings, LLC itself, and all operating subsidiaries to become wholly-owned subsidiaries of NextNav Inc. (the renamed Spartacus Acquisition Shelf Corp.)."
1852131,Nextracker Inc.,nextpower-inc,pubco,TRA-2023-02-13,Nextracker Inc.,2023-02-13,,in_force,section_754_step_up,85%,"# Contract log — Nextracker Inc. (CIK 0001852131) ## Firm role: PubCo (TRA obligor) Nextracker Inc. is the obligor on a single Tax Receivable Agreement entered into in connection with its February 2023 Up-C IPO out of Flex Ltd. Beneficiaries are the LLC counterparty Yuma, Inc. and Yuma Subsidiary, Inc. (both then Flex affiliates), TPG Rise Flash, L.P., and three TPG Rise Climate affiliates (TPG Rise Climate Flash Cl BDH, L.P.; TPG Rise Climate BDH, L.P.; The Rise Fund II BDH, L.P.)."
1582616,"Norcraft Companies, Inc.",norcraft-companies-inc,pubco,TRA-2013-11-13-Exchanges,"Norcraft Companies, Inc.",2013-11-13,2015-03-30,terminated_merger,section_754_step_up,85%,"PubCo (TRA obligor). Norcraft Companies, Inc. went public on November 13, 2013 via an Up-C IPO and entered three separate Tax Receivable Agreements at IPO close."
1582616,"Norcraft Companies, Inc.",norcraft-companies-inc,pubco,TRA-2013-11-13-SKM,"Norcraft Companies, Inc.",2013-11-13,2015-03-30,terminated_merger,section_754_step_up,85%,"PubCo (TRA obligor). Norcraft Companies, Inc. went public on November 13, 2013 via an Up-C IPO and entered three separate Tax Receivable Agreements at IPO close."
1582616,"Norcraft Companies, Inc.",norcraft-companies-inc,pubco,TRA-2013-11-13-Trimaran,"Norcraft Companies, Inc.",2013-11-13,2015-03-30,terminated_merger,section_754_step_up,85%,"PubCo (TRA obligor). Norcraft Companies, Inc. went public on November 13, 2013 via an Up-C IPO and entered three separate Tax Receivable Agreements at IPO close."
1288248,"Norcraft Companies, L.P.",norcraft-companies-lp,pubco,,,,,,,,"# Contract log: Norcraft Companies, L.P. (CIK 0001288248) ## Firm role: financing arm Norcraft Companies, L.P. is the operating limited partnership and registered debt issuer of the Norcraft group. From 2003 through November 2013 it was a private debt-only filer (SEC reporting because of its publicly registered senior notes; Forms S-4, 424B3, 10-K, 10-Q, 8-K), held 100% by Norcraft Holdings, L.P. (a private limited partnership), with Norcraft GP, L.L.C. as general partner."
1420464,NRT Arizona Commercial LLC,nrt-arizona-commercial-llc,no_tra,,,,,,,,"Role: not a TRA party. NRT Arizona Commercial LLC is a wholly-owned subsidiary of Realogy (now Anywhere Real Estate, parent CIK 0001396334) that appears in SEC filings exclusively as a co-registrant guarantor on parent-level debt registration statements (S-4, S-4/A, S-1, prospectus supplements, 424B filings)."
1420778,"contract_log.md — NRT Arizona Exito, LLC",nrt-arizona-exito-llc,mention_only,,,,,,,,"NRT Arizona Exito, LLC is a guarantor co-registrant on Realogy Corporation's 2007-12-18 S-4 (accession 0001193125-07-267402) and 2008-01-09 S-4/A (accession 0001193125-08-003431). Both filings are the Realogy senior-notes exchange offer registration."
1420463,NRT Arizona LLC,nrt-arizona-llc,no_tra,,,,,,,,"Role: not a TRA party. NRT Arizona LLC is a wholly-owned subsidiary of Realogy (now Anywhere Real Estate, parent CIK 0001396334) that appears in SEC filings exclusively as a co-registrant guarantor on parent-level debt registration statements (S-4, S-4/A, S-1, prospectus supplements, 424B filings)."
1420462,NRT Arizona Referral LLC,nrt-arizona-referral-llc,no_tra,,,,,,,,"Role: not a TRA party. NRT Arizona Referral LLC is a wholly-owned subsidiary of Realogy (now Anywhere Real Estate, parent CIK 0001396334) that appears in SEC filings exclusively as a co-registrant guarantor on parent-level debt registration statements (S-4, S-4/A, S-1, prospectus supplements, 424B filings)."
1420338,contract_log.md,nrt-colorado-llc,mention_only,,,,,,,,"# contract_log.md ## Firm role determination This firm is a guarantor subsidiary co-registrant on Realogy Group's S-4 (2007), S-4/A (2008), and 2011-2014 senior notes refinancing filings."
1420461,contract_log.md,nrt-columbus-llc,mention_only,,,,,,,,"# contract_log.md ## Firm role determination This firm is a guarantor subsidiary co-registrant on Realogy Group's S-4 (2007), S-4/A (2008), and 2011-2014 senior notes refinancing filings."
1420460,contract_log.md,nrt-commercial-llc,mention_only,,,,,,,,"# contract_log.md ## Firm role determination This firm is a guarantor subsidiary co-registrant on Realogy Group's S-4 (2007), S-4/A (2008), and 2011-2014 senior notes refinancing filings."
1420637,"contract_log.md — NRT Commercial Ohio, Inc.",nrt-commercial-ohio-inc,mention_only,,,,,,,,"NRT Commercial Ohio, Inc. is a guarantor co-registrant on Realogy Corporation's 2007-12-18 S-4 (accession 0001193125-07-267402) and 2008-01-09 S-4/A (accession 0001193125-08-003431). Both filings are the Realogy senior-notes exchange offer registration."
1420459,contract_log.md,nrt-commercial-utah-llc,mention_only,,,,,,,,"# contract_log.md ## Firm role determination This firm is a guarantor subsidiary co-registrant on Realogy Group's S-4 (2007), S-4/A (2008), and 2011-2014 senior notes refinancing filings."
1420451,contract_log.md,nrt-development-advisors-llc,mention_only,,,,,,,,"# contract_log.md ## Firm role determination This firm is a guarantor subsidiary co-registrant on Realogy Group's S-4 (2007), S-4/A (2008), and 2011-2014 senior notes refinancing filings."
1420458,contract_log.md,nrt-hawaii-referral-llc,mention_only,,,,,,,,"# contract_log.md ## Firm role determination This firm is a guarantor subsidiary co-registrant on Realogy Group's S-4 (2007), S-4/A (2008), and 2011-2014 senior notes refinancing filings."
1420690,contract_log.md,nrt-insurance-agency-inc,mention_only,,,,,,,,"# contract_log.md ## Firm role determination This firm is a guarantor subsidiary co-registrant on Realogy Group's S-4 (2007), S-4/A (2008), and 2011-2014 senior notes refinancing filings."
1420457,NRT LLC,nrt-llc,no_tra,,,,,,,,"NRT LLC is a non-party to any Tax Receivable Agreement. It is a downstream operating subsidiary of Realogy Corporation that appears as a co-registrant guarantor on Realogy's 2007 S-4, 2008 S-4/A, and 2011-2014 debt-refinancing registration statements and indenture-related filings."
1420754,NRT Mid-Atlantic LLC,nrt-mid-atlantic-llc,no_tra,,,,,,,,"NRT Mid-Atlantic LLC is a non-party to any Tax Receivable Agreement. It is a downstream operating subsidiary of Realogy Corporation that appears as a co-registrant guarantor on Realogy's 2007 S-4, 2008 S-4/A, and 2011-2014 debt-refinancing registration statements and indenture-related filings."
1420961,"contract_log.md — NRT Missouri, Inc.",nrt-missouri-inc,mention_only,,,,,,,,"NRT Missouri, Inc. is a guarantor co-registrant on Realogy Corporation's 2007-12-18 S-4 (accession 0001193125-07-267402) and 2008-01-09 S-4/A (accession 0001193125-08-003431). Both filings are the Realogy senior-notes exchange offer registration."
1420753,NRT Missouri LLC,nrt-missouri-llc,no_tra,,,,,,,,"NRT Missouri LLC is a non-party to any Tax Receivable Agreement. It is a downstream operating subsidiary of Realogy Corporation that appears as a co-registrant guarantor on Realogy's 2007 S-4, 2008 S-4/A, and 2011-2014 debt-refinancing registration statements and indenture-related filings."
1420962,"contract_log.md — NRT Missouri Referral Network, Inc.",nrt-missouri-referral-network-inc,mention_only,,,,,,,,"NRT Missouri Referral Network, Inc. is a guarantor co-registrant on Realogy Corporation's 2007-12-18 S-4 (accession 0001193125-07-267402) and 2008-01-09 S-4/A (accession 0001193125-08-003431). Both filings are the Realogy senior-notes exchange offer registration."
1420752,NRT Missouri Referral Network LLC,nrt-missouri-referral-network-llc,no_tra,,,,,,,,"NRT Missouri Referral Network LLC is a non-party to any Tax Receivable Agreement. It is a downstream operating subsidiary of Realogy Corporation that appears as a co-registrant guarantor on Realogy's 2007 S-4, 2008 S-4/A, and 2011-2014 debt-refinancing registration statements and indenture-related filings."
1420456,NRT New York LLC,nrt-new-york-llc,no_tra,,,,,,,,"NRT New York LLC is a non-party to any Tax Receivable Agreement. It is a downstream operating subsidiary of Realogy Corporation that appears as a co-registrant guarantor on Realogy's 2007 S-4, 2008 S-4/A, and 2011-2014 debt-refinancing registration statements and indenture-related filings."
1420758,NRT Pittsburgh LLC,nrt-pittsburgh-llc,no_tra,,,,,,,,"NRT Pittsburgh LLC is a non-party to any Tax Receivable Agreement. It is a downstream operating subsidiary of Realogy Corporation that appears as a co-registrant guarantor on Realogy's 2007 S-4, 2008 S-4/A, and 2011-2014 debt-refinancing registration statements and indenture-related filings."
1420455,NRT Relocation LLC,nrt-relocation-llc,no_tra,,,,,,,,"NRT Relocation LLC is a non-party to any Tax Receivable Agreement. It is a downstream operating subsidiary of Realogy Corporation that appears as a co-registrant guarantor on Realogy's 2007 S-4, 2008 S-4/A, and 2011-2014 debt-refinancing registration statements and indenture-related filings."
1420454,NRT Settlement Services of Missouri LLC,nrt-settlement-services-of-missouri-llc,no_tra,,,,,,,,This firm is a Realogy guarantor subsidiary co-registrant on Realogy Corporation's debt-securities filings. It is neither a TRA obligor (PubCo) nor a TRA beneficiary.
1420453,NRT Settlement Services of Texas LLC,nrt-settlement-services-of-texas-llc,no_tra,,,,,,,,This firm is a Realogy guarantor subsidiary co-registrant on Realogy Corporation's debt-securities filings. It is neither a TRA obligor (PubCo) nor a TRA beneficiary.
1420452,NRT Sunshine Inc.,nrt-sunshine-inc,no_tra,,,,,,,,This firm is a Realogy guarantor subsidiary co-registrant on Realogy Corporation's debt-securities filings. It is neither a TRA obligor (PubCo) nor a TRA beneficiary.
1420749,NRT Texas LLC,nrt-texas-llc,no_tra,,,,,,,,This firm is a Realogy guarantor subsidiary co-registrant on Realogy Corporation's debt-securities filings. It is neither a TRA obligor (PubCo) nor a TRA beneficiary.
1420745,Contract log,nrt-texas-real-estate-services-llc,mention_only,,,,,,,,NRT Texas Real Estate Services LLC (CIK 0001420745) is a guarantor co-registrant on Realogy Corporation's December 2007 / January 2008 exchange-offer registration filings.
1420450,NRT Utah LLC,nrt-utah-llc,no_tra,,,,,,,,This firm is a Realogy guarantor subsidiary co-registrant on Realogy Corporation's debt-securities filings. It is neither a TRA obligor (PubCo) nor a TRA beneficiary.
1822966,NuScale Power Corporation,nuscale-power-corp,pubco,TRA-2022-05-02,,2022-05-02,,in_force,"section_754_step_up, pre_ipo_nol",,"# NuScale Power Corporation — TRA contract log - CIK: 0001822966 - Role: PubCo (TRA obligor) - Predecessor SPAC: Spring Valley Acquisition Corp. (Cayman). De-SPAC business combination with NuScale Power, LLC (Oregon LLC) closed May 2, 2022."
1403853,"Nuverra Environmental Solutions, Inc.",nuverra-environmental-solutions-inc,no_tra,,,,,,,,"Role: Target firm in a 2022 stock-for-stock acquisition by Select Energy Services, Inc. (now Select Water Solutions). Nuverra is not a party to any Tax Receivable Agreement."
1414932,Oaktree Specialty Lending Corporation,oaktree-specialty-lending-corp,no_tra,,,,,,,,"# Contract log — Oaktree Specialty Lending Corporation (CIK 0001414932) ## Firm role: No-TRA at firm level Oaktree Specialty Lending Corporation (""OCSL""; formerly Fifth Street Finance Corp., ""FSC"", prior to the October 2017 management transition) is a publicly traded business development company (BDC) electing taxation as a regulated investment company (RIC) under Subchapter M of the Internal Revenue Code."
1577791,"Oaktree Strategic Income Corp (OCSI), CIK 0001577791",oaktree-strategic-income-corp,no_tra,,,,,,,,"OCSI (originally Fifth Street Floating Rate Corp., or FSFR; renamed Oaktree Strategic Income Corp in October 2017 after Oaktree acquired Fifth Street's manager) is a Business Development Company (BDC) that has elected and qualified to be taxed as a Regulated Investment Company (RIC) under Subchapter M of the Internal Revenue Code since its first taxable year ended September 30, 2013. As a flow-through RIC, OCSI generally pays no corporate-level federal income tax on distributed income; there is no corporate-level tax-attribute pool that a Tax Receivable Agreement could monetize."
1744179,"Oaktree Strategic Income II, Inc.",oaktree-strategic-income-ii-inc,no_tra,,,,,,,,"Oaktree Strategic Income II, Inc. (""OSI2"") is a Delaware-organized closed-end management investment company that elected to be regulated as a business development company (BDC) under the 1940 Act, with the corporate-tax treatment of a Regulated Investment Company (RIC) under Subchapter M. It is externally managed by Oaktree Capital Management, L.P."
1456772,Office Properties Income Trust,office-properties-income-trust,no_tra,,,,,,,,"Role: No-TRA (REIT, non-party to any TRA). Office Properties Income Trust (""OPI"") is a Maryland REIT."
1868726,"Olaplex Holdings, Inc.",olaplex-holdings-inc,pubco,TRA-2021-09-29,,2021-09-29,,terminated,section_754_step_up,85%,"Olaplex went public via traditional IPO on September 29, 2021 (effective date), priced at $21/share, with the Pre-IPO Reorganization contributing the prior owner's (Penelope Group Holdings, L.P., controlled by Advent International) equity interests to the new PubCo in exchange for stock plus rights under an Income Tax Receivable Agreement. This is not a classical Up-C structure (no continuing LLC member exchange right) but is a TRA arising from pre-IPO reorganization tax assets (""Pre-IPO Tax Assets"" plus imputed interest)."
1420449,Oncor International LLC,oncor-international-llc,no_tra,,,,,,,,This firm is a Realogy guarantor subsidiary co-registrant on Realogy Corporation's debt-securities filings. It is neither a TRA obligor (PubCo) nor a TRA beneficiary.
1889956,"OneStream, Inc.",onestream-inc,pubco,TRA-2024-07-23,,2024-07-23,2026-04-01,terminated,section_754_step_up,85%,"PubCo (TRA obligor). OneStream, Inc. is the Up-C public corporation that committed under the Tax Receivable Agreement to pay 85% of certain realized tax savings to OneStream Software LLC's pre-IPO Members (KKR Dream Holdings LLC and affiliates, plus other Continuing and Former Members)."
1772921,OneWater Marine Inc.,onewater-marine-inc,pubco,TRA-2020-02-11,,2020-02-11,,in_force,section_754_step_up,85%,"OneWater Marine Inc. is the PubCo (TRA obligor). It IPO'd on February 11, 2020 via an Up-C structure: OneWater Marine Inc. (a Delaware corporation) is the managing member of One Water Marine Holdings, LLC (""OneWater LLC""), a Delaware partnership for U.S. federal income tax purposes."
1842279,OPAL Fuels Inc.,opal-fuels-inc,pubco,TRA-2022-07-21,,2022-07-21,,in_force,section_754_step_up,85%,PubCo (TRA obligor). OPAL Fuels Inc. is the former ArcLight Clean Transition Corp.
1806201,Open Lending Corporation,open-lending-corp,pubco,TRA-2020-06-10,Nebula Acquisition Corp.,2020-06-10,,terminated,section_754_step_up,85%,"Open Lending Corporation is the post-Business-Combination PubCo (TRA obligor). The Up-C-like structure arose from the June 10, 2020 business combination between Nebula Acquisition Corp. (SPAC) and Open Lending, LLC, with Nebula Parent Corp. (renamed Open Lending Corporation) becoming the public registrant."
1818502,OppFi Inc.,oppfi-inc,pubco,TRA-2021-07-20,OppFi Inc.,2021-07-20,,,section_754_step_up,,"OppFi Inc. (formerly FG New America Acquisition Corp., ""FGNA"") became the TRA obligor on July 20, 2021 at the closing of the SPAC business combination with Opportunity Financial, LLC. The pre-deal Up-C structure positioned OppFi Inc. as the C corporation managing member of OppFi-LLC; the legacy LLC members (TGS Capital Group / Todd Schwartz family entities and related Members) became TRA beneficiaries."
1661181,"Organogenesis Holdings, Inc.",organogenesis-holdings-inc,pubco,TRA-never-executed-envigo,,,,never_executed,section_754_step_up,,"The CIK 0001661181 corresponds to the legal entity originally known as Avista Healthcare Public Acquisition Corp. (""AHPAC""), a Cayman Islands SPAC sponsored by Avista Capital Partners that IPO'd in October 2016. After domestication to Delaware and consummation of a business combination with Organogenesis Inc. on March 13, 2019, the entity was renamed Organogenesis Holdings, Inc."
1656987,"OTG EXP, Inc.",otg-exp-inc,pubco,TRA-2016-02-02-form-of,,2016-02-02,,never_executed,"section_754_step_up, pre_ipo_nol",,"OTG EXP, Inc. (later renamed; trading-shell entity for OTG Experience / OTG Management's planned Up-C IPO) was the intended PubCo (TRA obligor) in a contemplated Up-C initial public offering filed with the SEC across one S-1 and four S-1/A amendments in early 2016. The IPO never closed."
1832511,P3 Health Partners Inc.,p3-health-partners-inc,pubco,TRA-2021-12-03,P3 Health Partners Inc.,2021-12-03,,in_force,"section_754_step_up, pre_ipo_nol",,"P3 Health Partners Inc. is the PubCo (TRA obligor). P3 became public via de-SPAC business combination with Foresight Acquisition Corp. on December 3, 2021, closing the Up-C structure with P3 Health Group, LLC as the operating partnership."
1420960,Contract log,pacesetter-nevada-inc,mention_only,,,,,,,,"Pacesetter Nevada, Inc. (CIK 0001420960) is a guarantor co-registrant on Realogy Corporation's December 2007 / January 2008 exchange-offer registration filings. The firm's complete EDGAR record under its own CIK consists of exactly two filings: - 0001193125-07-267402 — Realogy Corporation S-4 filed 2007-12-18 (exchange offer for outstanding notes) - 0001193125-08-003431 — Realogy Corporation S-4/A filed 2008-01-09 (amendment to the same exchange offer) Both filings are Realogy Corporation registration statements on which this firm appears solely as a Subsidiary Guarantor co-registrant."
1420448,Contract log,pacific-access-holding-company-llc,mention_only,,,,,,,,Pacific Access Holding Company LLC (CIK 0001420448) is a guarantor co-registrant on Realogy Corporation's December 2007 / January 2008 exchange-offer registration filings.
75488,Pacific Gas and Electric Company,pacific-gas-electric-co,pubco,,,,,,,,"Pacific Gas and Electric Company (the ""Utility"") is the PubCo (obligor) under a single TRA-class instrument, the Tax Benefit Payment Agreement (""TBPA"") dated July 1, 2020. The TBPA was created in connection with the Utility's and parent PG&E Corporation's emergence from Chapter 11 (case no. 19-30088) on June 20, 2020."
1420953,Contract log,pacific-properties-referrals-inc,mention_only,,,,,,,,"Pacific Properties Referrals, Inc. (CIK 0001420953) is a guarantor co-registrant on Realogy Corporation's December 2007 / January 2008 exchange-offer registration filings."
1527508,Pactiv Evergreen Inc.,pactiv-evergreen-inc,acquirer,,,,,,,,"Role: acquirer (Graham Packaging TRA, terminated September 8, 2011). Pactiv Evergreen Inc. is the same legal entity as Reynolds Group Holdings Limited (RGHL), a New Zealand foreign private issuer that re-domiciled to Delaware and renamed to Pactiv Evergreen Inc. immediately prior to its September 2020 IPO (S-1, accession 0001193125-20-227198: ""PTVE was incorporated under the name Reynolds Group Holdings Limited on May 30, 2006 ..."
1166365,Paperweight Development Corp,paperweight-development-corp,never_executed,TRA-2012-05-16,"Hicks Acquisition Company II, Inc.",2012-05-16,,never_executed,section_754_step_up,,"Paperweight Development Corp (PDC) is the holding company for Appleton Papers Inc. (renamed Appvion, Inc. in mid-2013), an employee-owned S-corporation. Across PDC's 169 filings on EDGAR (2002-2018), TRA references appear in only one filing window: the May-June 2012 Hicks Acquisition Company II (HACII) transaction."
708821,PAR Technology Corporation,par-technology-corp,no_tra,,,,,,,,Mention-only. PAR Technology Corporation is a long-established C-corporation (originally incorporated 1968; SEC filings in this directory go back to 2001).
1420447,Contract log,patriot-settlement-services-llc,mention_only,,,,,,,,Patriot Settlement Services LLC (CIK 0001420447) is a guarantor co-registrant on Realogy Corporation's December 2007 / January 2008 exchange-offer registration filings. The firm's complete EDGAR record under its own CIK consists of exactly two filings: - 0001193125-07-267402 — Realogy Corporation S-4 filed 2007-12-18 (exchange offer for outstanding notes) - 0001193125-08-003431 — Realogy Corporation S-4/A filed 2008-01-09 (amendment to the same exchange offer) Both filings are Realogy Corporation registration statements on which this firm appears solely as a Subsidiary Guarantor co-registrant.
1819881,Paya Holdings Inc.,paya-holdings-inc,pubco,TRA-2020-10-16,,2020-10-16,2023-01-08,terminated_change_of_control,section_754_step_up,85%,Paya Holdings Inc. is the PubCo (TRA obligor). Paya was the post-business-combination SPAC parent created when FinTech Acquisition Corp.
1645026,PBF Energy Company LLC,pbf-energy-co-llc,pubco,,,,,,,,"PBF Energy Company LLC (""PBF LLC"") is the OpCo in the PBF Up-C structure formed at PBF Energy Inc.'s December 12, 2012 IPO. Its role with respect to the Tax Receivable Agreement is best described as OpCo / financing arm: PBF LLC is not a contractual party to the TRA, but its operating cash flows fund the upstream tax distributions that PBF Energy Inc. (PubCo, CIK 0001534504) uses to make TRA payments to the pre-IPO holders of PBF LLC Series A and Series B Units."
1534504,PBF Energy Inc.,pbf-energy-inc,pubco,TRA-2012-12-12,PBF Energy Inc.,2012-12-12,,in_force,"section_754_step_up, pre_ipo_nol",,"PBF Energy Inc. is the PubCo (TRA obligor) of a single Tax Receivable Agreement dated December 12, 2012, entered into at the closing of its December 2012 Up-C IPO. The contract is filed under this CIK; satellite CIKs (PBF Energy Co LLC, PBF Finance Corporation, PBF Holding Co LLC) are not contractual parties to the TRA."
1566097,PBF Finance Corp,pbf-finance-corp,financing_arm,,,,,,,,Role: financing arm. PBF Finance Corporation (CIK 0001566097) is a downstream financing subsidiary that serves as a co-issuer (with PBF Holding Company LLC) of the senior secured and senior unsecured notes that fund the PBF Energy Inc. consolidated group.
1566011,PBF Holding Company LLC,pbf-holding-co-llc,no_tra,,,,,,,,PBF Holding Company LLC is the financing-arm operating subsidiary of PBF Energy Inc. (the publicly traded Up-C parent). PBF Holding is the obligor (together with PBF Finance Corporation as co-issuer) on PBF Energy's senior secured notes and is not a party to the Tax Receivable Agreement.
1582568,PBF Logistics LP,pbf-logistics-lp,financing_arm,,,,,,,,"Role: financing arm (downstream MLP subsidiary). PBF Logistics LP (NYSE: PBFX) is a downstream master limited partnership controlled by PBF Energy Inc. (NYSE: PBF), an Up-C structured refining company."
1050377,"PC Connection, Inc.",pc-connection-inc,no_tra,,,,,,,,"Role: none (false positive). PC Connection is not a party to any Tax Receivable Agreement, in any capacity (PubCo obligor, beneficiary, acquirer, financing arm, or never-executed draftee)."
1745916,"PennyMac Financial Services, Inc.",pennymac-financial-services-inc,pubco,,,,,,,,"Role: PubCo (TRA obligor), as successor to the pre-Up-C-collapse PubCo by operation of Section 7.11 of the original TRA. Status: in_force TRA covered: Tax Receivable Agreement dated May 8, 2013, by and among (pre-collapse) PennyMac Financial Services, Inc., Private National Mortgage Acceptance Company, LLC (""PNMAC""), and the Existing Owners. 85% of the net tax benefits arising from (i) exchanges of PNMAC Class A Units for Class A Common Stock and (ii) certain other tax benefits related to entering into the TRA."
1777835,Perella Weinberg Partners TRA contract log,perella-weinberg-partners,pubco,TRA-2021-06-24,,2021-06-24,,in_force,section_754_step_up,85%,Perella Weinberg Partners (PWP) is the PubCo (TRA obligor). The firm went public via SPAC business combination with FinTech Acquisition Corp.
1658566,Permian Resources Corporation,permian-resources-corp,never_executed,,,,,,,,Role: Not a TRA party. No executed Tax Receivable Agreement exists for this firm at any point in its history (Silver Run Acquisition Corp 2016 IPO → 2016 Centennial Resource Production de-SPAC → 2022 Colgate Energy merger → 2023 Earthstone Energy acquisition).
2026053,Pershing Square Inc.,pershing-square-inc,pubco,,,,,,,,"Pershing Square Inc. is going public via a single-tier C-corporation IPO that deliberately avoids the Up-C / tax receivable agreement (TRA) pattern. The firm has no TRA: no original, amended, restated, or terminated TRA exists, and none is contemplated."
1004980,PG&E Corporation,pg-e-corp,pubco,TRA-2020-07-01,"PG&E Corporation (a California corporation), Pacific Gas and Electric Company (the ""Utility"", a California corporation) → Fire Victim Trust.",2020-07-01,,terminated_by_expiration,section_754_step_up,,"PG&E Corporation is a California utility holding company; its operating subsidiary Pacific Gas and Electric Company (the ""Utility"") filed Chapter 11 in January 2019 in connection with 2017-2018 California wildfire liability and emerged on July 1, 2020 (the ""Effective Date""). PG&E is not a typical Up-C IPO firm."
1490349,PhenixFIN Corporation (formerly Medley Capital Corporation),phenixfin-corp,no_tra,,,,,,,,"Every ""tax receivable"" mention across the 75 filings in this directory refers to the Medley Management Inc. (MDLY) Tax Receivable Agreement dated September 23, 2014, executed between MDLY (CIK 0001611110, the Up-C parent management company) and the Medley LLC Unitholders. That TRA is the obligation of MDLY, not of MCC."
1038357,Pioneer Natural Resources Company,pioneer-natural-resources-co,acquirer,,,,,,,,"Role: Acquirer (Parsley Energy TRA, terminated at merger close 2021-01-12). Pioneer Natural Resources Company is a conventional C-corporation Permian Basin exploration-and-production firm."
1594466,"Parsley Energy, Inc.",pioneer-pe-holding-llc,pubco,TRA-2014-05-29,,2014-05-29,2021-01-12,terminated_merger,section_754_step_up,,"PubCo (TRA obligor). Parsley Energy, Inc. was party to a Tax Receivable Agreement entered into at its May 29, 2014 Up-C IPO. VALIDATION 2026-05-17: Status corrected from in_force to terminated_merger. Pioneer merger closed Jan 12, 2021; TRA terminated by Mechanism 2 (terminating amendment with formula_locked_etp); see contract log for full mechanism detail (Amendment dated 2020-10-20, accession 0001193125-20-273256)."
1626115,PJT Partners Inc.,pjt-partners-inc,pubco,TRA-2015-10-01,PJT Partners Inc.,2015-10-01,,in_force,section_754_step_up,21%,"# PJT Partners Inc. — TRA contract log CIK: 0001626115 Role: PubCo (TRA obligor) ## Contract identification ### TRA-2015-10-01 (original) - Document file: TRA-2015-10-01/d21345dex107.htm - Source filing: 8-K accession 0001193125-15-337529 dated October 2, 2015 (date of report: September 30, 2015), Exhibit 10.7. - Title: ""Tax Receivable Agreement"" - Preamble date: October 1, 2015 (executed). - Parties: PJT Partners Inc."
1637207,"Planet Fitness, Inc.",planet-fitness-inc,pubco,TRA-2015-08-05-Direct-TSG,,2015-08-05,,in_force,section_754_step_up,21%,"Planet Fitness, Inc. is the PubCo (TRA obligor). It went public via an Up-C IPO that priced on August 5, 2015 (recapitalization transactions) with Class A common stock beginning trading on the NYSE on August 6, 2015 and IPO closing on August 11, 2015."
1637207,"Planet Fitness, Inc.",planet-fitness-inc,pubco,TRA-2015-08-05-LLC-Owners,,2015-08-05,,in_force,section_754_step_up,85%,"Planet Fitness, Inc. is the PubCo (TRA obligor). It went public via an Up-C IPO that priced on August 5, 2015 (recapitalization transactions) with Class A common stock beginning trading on the NYSE on August 6, 2015 and IPO closing on August 11, 2015."
1725579,"Pluralsight, Inc.",pluralsight-inc,pubco,TRA-2018-05-16,"the Continuing Members of Pluralsight Holdings as of the IPO and their permitted assignees, acting through a Representative.",2018-05-16,,terminated_merger,section_754_step_up,85%,"PubCo (TRA obligor). Pluralsight, Inc. went public via an Up-C IPO on May 17, 2018; Pluralsight, Inc. is the Delaware corporation that owned a controlling stake in Pluralsight Holdings, LLC and committed to pay the Continuing Members of Pluralsight Holdings under the TRA."
1284807,"Ply Gem Holdings, Inc.",ply-gem-holdings-inc,beneficiary,TRA-2013-05-22,"Ply Gem Holdings, Inc.",2013-05-22,,transferred_offledger,section_754_step_up,85%,"Ply Gem Holdings, Inc. (PubCo / obligor under the TRA). Building products manufacturer (windows, doors, siding)."
1568669,"PNMAC Holdings, Inc. (formerly PennyMac Financial Services, Inc.) — CIK 0001568669",pnmac-holdings-inc,pubco,TRA-2013-05-08,"- PennyMac Financial Services, Inc.",2013-05-08,,in_force,section_754_step_up,85%,"Role: PubCo (TRA obligor). CIK 0001568669 is the original PennyMac Financial Services, Inc. (""Existing PennyMac""), the Delaware corporation that conducted the May 2013 Up-C IPO and entered into the Tax Receivable Agreement as obligor."
1871509,Portillo's Inc.,portillo-s-inc,pubco,TRA-2021-10-20,"Pre-IPO LLC Members of PHD Group Holdings LLC (""TRA Parties""), including affiliates of Berkshire Partners LLC, certain Blocker Companies, and other pre-IPO holders.",2021-10-20,,in_force,section_754_step_up,,"Portillo's Inc. is the PubCo (TRA obligor). It went public via an Up-C IPO on October 21, 2021, with Berkshire Partners as the primary pre-IPO LLC Member, and entered into a single Tax Receivable Agreement with the pre-IPO LLC Members."
1530950,"Post Holdings, Inc.",post-holdings-inc,beneficiary,,,,,,,,Post Holdings is the beneficiary (Member side) of the BellRing Brands TRA. Post is not a TRA obligor; no Up-C IPO or other Up-C structure exists at Post Holdings itself.
1835681,"PowerSchool Holdings, Inc.",powerschool-holdings-inc,pubco,TRA-2021-07-27,,2021-07-27,,terminated,section_754_step_up,,"PubCo (TRA obligor). PowerSchool Holdings, Inc. is the Delaware Up-C PubCo that committed in July 2021 to pay 85% of certain realized tax savings to its pre-IPO holders (Severin Topco LLC, Vista Equity Partners, Onex)."
1577916,"Premier, Inc.",premier-inc,pubco,TRA-2013-09-25,,2013-09-25,2020-08-11,terminated,section_754_step_up,85%,"- Role: PubCo (TRA obligor). - Up-C status: Premier, Inc. went public via an Up-C IPO that closed October 1, 2013. The pre-IPO members of Premier Purchasing Partners, L.P. (renamed Premier Healthcare Alliance, L.P., ""Premier LP"") were ~180 member-owner hospital systems."
1861681,"Preston Hollow Community Capital, Inc.",preston-hollow-community-capital-inc,pubco,TRA-2021-07-26,,2021-07-26,,never_executed,section_754_step_up,,"PubCo (prospective TRA obligor under a planned Up-C IPO that never closed). Preston Hollow Community Capital, Inc. is a Maryland corporation that filed an S-1 registration statement on 2021-07-06 (and amendments through S-1/A No. 3 on 2021-07-27) for an Up-C IPO whose operating partnership is PHCC OP, LP and whose existing parent is Preston Hollow Capital, LLC (PHC)."
1420744,Processing Solutions LLC,processing-solutions-llc,no_tra,,,,,,,,This firm is a Realogy guarantor subsidiary co-registrant on Realogy Corporation's debt-securities filings. It is neither a TRA obligor (PubCo) nor a TRA beneficiary.
1881487,ProFrac Holding Corp.,profrac-holding-corp,pubco,TRA-2022-05-17,,2022-05-17,,in_force,section_754_step_up,85%,"ProFrac is the PubCo (TRA obligor). One TRA dated May 17, 2022 was executed in connection with the IPO."
1850270,ProKidney Corp.,prokidney-corp,pubco,TRA-2022-07-11,,2022-07-11,,in_force,section_754_step_up,,PubCo (TRA obligor). ProKidney Corp. (formerly Social Capital Suvretta Holdings Corp.
1643953,"Purple Innovation, Inc.",purple-innovation-inc,pubco,TRA-2018-02-02,,2018-02-02,,in_force,section_754_step_up,80%,"Purple Innovation, Inc. is the PubCo (TRA obligor). Up-C structure created at the de-SPAC closing on February 2, 2018, when Global Partner Acquisition Corp. (the SPAC) acquired Purple Innovation, LLC's business by merging PRPL Acquisition, LLC into Purple LLC."
1399249,"Pzena Investment Management, Inc.",pzena-investment-management-inc,pubco,TRA-2007-10-30,"Pzena Investment Management, Inc.",2007-10-30,,transferred_offledger,section_754_step_up,85%,"# Pzena Investment Management, Inc. (CIK 0001399249) — TRA contract log Firm role: PubCo (TRA obligor). Pzena Investment Management, Inc. is the public corporation party to the TRA, paying 85% of cash tax savings to the Continuing and Exiting Members of Pzena Investment Management, LLC. ## TRA-2007-10-30: Pzena IPO Tax Receivable Agreement ### Status: in_force (preserved through October 31, 2022 take-private; obligor entity deconsolidated) Pzena's original TRA was executed at the firm's Up-C IPO on October 30, 2007."
1839412,QualTek Services Inc.,qualtek-services-inc,pubco,TRA-2022-02-14,,2022-02-14,,terminated_bankruptcy,section_754_step_up,,"QualTek Services Inc. is the PubCo (TRA obligor) under a single TRA executed at the close of its February 14, 2022 SPAC business combination with Roth CH Acquisition III Co. (ROCR). The Up-C structure has QualTek Services Inc. as the sole managing member of QualTek HoldCo, LLC; the LLC-shareholder side (the ""Flow-Through Sellers"" / ""TRA Holders"", representing BCP QualTek and Brightstar-affiliated pre-combination holders) is the beneficiary group."
1236275,"CIK 0001236275 (QXO, Inc., formerly SilverSun Technologies, Trey Resources, Trey Industries)",qxo-inc,never_executed,,,,,,,,"This CIK is a single legal entity whose name and business have changed multiple times over its filing history. From SEC submissions metadata (former names array): - 2003-06-03 — 2005-09-14: TREY INDUSTRIES INC - 2005-09-27 — 2011-06-30: TREY RESOURCES INC - 2011-08-03 — 2024-06-05: SilverSun Technologies, Inc. (ticker SSNT, Nasdaq Capital Market) — a small IT services and SAP reseller business based in East Hanover, NJ. - 2024-06-05 — present: QXO, Inc."
1699039,"Ranger Energy Services, Inc.",ranger-energy-services-inc,pubco,TRA-2017-08-16,,2017-08-16,2021-09-10,terminated,section_754_step_up,85%,"PubCo (TRA obligor). Ranger Energy Services, Inc. (CIK 0001699039) completed its Up-C IPO on August 16, 2017 and entered into a Tax Receivable Agreement with the pre-IPO members of RNGR Energy Services, LLC."
1856725,"Rani Therapeutics Holdings, Inc.",rani-therapeutics-holdings-inc,pubco,TRA-2021-08-03,,2021-08-03,2025-12-31,terminated,section_754_step_up,,"# Rani Therapeutics Holdings, Inc. — TRA contract log CIK: 0001856725 Role: PubCo (TRA obligor). Up-C IPO on August 3, 2021 created a single TRA between Rani Holdings and certain Continuing LLC Owners. ## Summary - One TRA, originated August 3, 2021, terminated December 31, 2025."
1568832,RCS Capital Corporation,rcs-capital-corp,pubco,TRA-2013-06-10,,2013-06-10,,terminated_bankruptcy,section_754_step_up,85%,"RCS Capital Corporation (RCS, ticker RCAP) is the PubCo (TRA obligor). It went public via an Up-C IPO completed June 10, 2013 and entered into a single Tax Receivable Agreement with its parent / sponsor entity, RCAP Holdings, LLC."
1581091,"RE/MAX Holdings, Inc.",re-max-holdings-inc,pubco,TRA-2013-10-07-RIHI,,2013-10-07,,terminated,section_754_step_up,85%,"RE/MAX Holdings, Inc. is the PubCo (TRA obligor) under two parallel Tax Receivable Agreements both dated October 7, 2013, executed concurrently with its Up-C IPO. The pre-IPO LLC (RMCO, LLC) had two principal historical owners: RIHI, Inc. (the Liniger holding vehicle) and Weston Presidio V, L.P. (a private equity fund)."
1581091,"RE/MAX Holdings, Inc.",re-max-holdings-inc,pubco,TRA-2013-10-07-WP,,2013-10-07,,in_force,section_754_step_up,85%,"RE/MAX Holdings, Inc. is the PubCo (TRA obligor) under two parallel Tax Receivable Agreements both dated October 7, 2013, executed concurrently with its Up-C IPO. The pre-IPO LLC (RMCO, LLC) had two principal historical owners: RIHI, Inc. (the Liniger holding vehicle) and Weston Presidio V, L.P. (a private equity fund)."
1862461,The Real Brokerage Inc.,real-brokerage-inc,pubco,TRA-2013-10-07,,2013-10-07,,terminated_merger,,,"The Real Brokerage Inc. (""Real"") is a Canadian-domiciled foreign private issuer (Form 40-F filer) that files 6-K rather than 10-K / 10-Q / 8-K. Real itself has no Up-C structure and no TRA of its own; the firm's financial statements (Q3 2025, FY 2025, Q1 2026) contain no Tax Receivable Agreement liability, no Pre-IPO Holders, no Continuing LLC Members, and no TRA-related deferred tax accounting."
1420342,Contract log,real-estate-referral-inc,mention_only,,,,,,,,"Real Estate Referral, Inc. (CIK 0001420342) is a guarantor co-registrant on Realogy Corporation's December 2007 / January 2008 exchange-offer registration filings. The firm's complete EDGAR record under its own CIK consists of exactly two filings: - 0001193125-07-267402 — Realogy Corporation S-4 filed 2007-12-18 (exchange offer for outstanding notes) - 0001193125-08-003431 — Realogy Corporation S-4/A filed 2008-01-09 (amendment to the same exchange offer) Both filings are Realogy Corporation registration statements on which this firm appears solely as a Subsidiary Guarantor co-registrant."
1421083,Contract log for Real Estate Referral LLC,real-estate-referral-llc,beneficiary,,,,,,,,"Real Estate Referral LLC is a Delaware/California subsidiary of Realogy Corporation listed as one of many guarantor co-registrants on Realogy's debt-exchange Form S-4 (filed Dec 18, 2007, accession 0001193125-07-267402, Schedule A) and on subsequent Realogy / Domus Holdings Form S-1 registration statements and prospectus supplements (2011 - 2012). The CIK 0001421083 sits adjacent to but is not part of the standard 0001420* block of Realogy guarantors; confirmed by reading the issuer cover page and Schedule A guarantor list in the 2007 S-4 (ds4."
1420751,"Real Estate Referrals, LLC",real-estate-referrals-llc,no_tra,,,,,,,,"This firm is a guarantor co-registrant subsidiary of Realogy on debt registration statements (the 2007 S-4 and 2008 S-4/A registering Realogy's high-yield notes issued in connection with the Apollo-led LBO, plus 2011-2014 refinancing/exchange offer filings). The firm has zero TRAs of its own."
1420445,"Real Estate Services, LLC",real-estate-services-llc,no_tra,,,,,,,,"This firm is a guarantor co-registrant subsidiary of Realogy on debt registration statements (the 2007 S-4 and 2008 S-4/A registering Realogy's high-yield notes issued in connection with the Apollo-led LBO, plus 2011-2014 refinancing/exchange offer filings). The firm has zero TRAs of its own."
1420750,Contract log,real-estate-services-of-pennsylvania-llc,mention_only,,,,,,,,Real Estate Services of Pennsylvania LLC (CIK 0001420750) is a guarantor co-registrant on Realogy Corporation's December 2007 / January 2008 exchange-offer registration filings.
1871149,"The Real Good Food Company, Inc.",real-good-food-company-inc,pubco,TRA-2021-11-04,,2021-11-04,,in_force,section_754_step_up,85%,"The Real Good Food Company, Inc. (""RGF, Inc."") is the PubCo (TRA obligor). Up-C IPO closed November 4, 2021, with the company as the holding-corporation taxpayer obligated to make TRA payments to the continuing LLC members of Real Good Foods, LLC (""RGF, LLC"")."
1420444,"Realogy Franchise Group, LLC",realogy-franchise-group-llc,no_tra,,,,,,,,"This firm is a guarantor co-registrant subsidiary of Realogy on debt registration statements (the 2007 S-4 and 2008 S-4/A registering Realogy's high-yield notes issued in connection with the Apollo-led LBO, plus 2011-2014 refinancing/exchange offer filings). The firm has zero TRAs of its own."
1420443,"Realogy Global Services, LLC",realogy-global-services-llc,no_tra,,,,,,,,"This firm is a guarantor co-registrant subsidiary of Realogy on debt registration statements (the 2007 S-4 and 2008 S-4/A registering Realogy's high-yield notes issued in connection with the Apollo-led LBO, plus 2011-2014 refinancing/exchange offer filings). The firm has zero TRAs of its own."
1420442,"Realogy Licensing, LLC",realogy-licensing-llc,no_tra,,,,,,,,"This firm is a guarantor co-registrant subsidiary of Realogy on debt registration statements (the 2007 S-4 and 2008 S-4/A registering Realogy's high-yield notes issued in connection with the Apollo-led LBO, plus 2011-2014 refinancing/exchange offer filings). The firm has zero TRAs of its own."
1420326,"Realogy Operations, LLC",realogy-operations-llc,no_tra,,,,,,,,"This firm is a guarantor co-registrant subsidiary of Realogy on debt registration statements (the 2007 S-4 and 2008 S-4/A registering Realogy's high-yield notes issued in connection with the Apollo-led LBO, plus 2011-2014 refinancing/exchange offer filings). The firm has zero TRAs of its own."
1420430,"Realogy Services Group, LLC",realogy-services-group-llc,no_tra,,,,,,,,"This firm is a guarantor co-registrant subsidiary of Realogy on debt registration statements (the 2007 S-4 and 2008 S-4/A registering Realogy's high-yield notes issued in connection with the Apollo-led LBO, plus 2011-2014 refinancing/exchange offer filings). The firm has zero TRAs of its own."
1420431,Contract log,realogy-services-venture-partner-llc,no_tra,,,,,,,,"This firm appears as a co-registrant guarantor on Realogy Corporation registration statements (the 2007 S-4 and 2008 S-4/A) and on the 2011-2014 refinancing filings (S-3, S-4, 424B3, 8-K, 10-K/Q exhibits, indentures). The firm is one of dozens of Realogy operating subsidiaries that guarantee Realogy's debt; it has no own TRA."
1653653,"Red Rock Resorts, Inc.",red-rock-resorts-inc,pubco,TRA-2016-04-28,,2016-04-28,,in_force,section_754_step_up,,"PubCo (TRA obligor). Red Rock Resorts, Inc. is a Delaware C-corporation that went public via a Up-C IPO consummated May 2, 2016."
1820201,Redbox Entertainment Inc.,redbox-entertainment-inc,pubco,TRA-2021-10-22,,2021-10-22,,terminated,section_754_step_up,85%,"Redbox Entertainment Inc. (formerly Seaport Global Acquisition Corp., a Delaware SPAC) is the PubCo (TRA obligor). It went public via SPAC IPO in December 2020 as SGAM, then on October 22, 2021 closed a business combination with Redwood Holdco, LP and Redwood Intermediate, LLC, becoming the public parent of an Up-C structure with Redwood Intermediate as the operating LLC."
1382821,Redfin Corp,redfin-corp,no_tra,,,,,,,,"Redfin Corporation is a TRA non-party. Redfin went public in July 2017 via a traditional C-corporation IPO (S-1 filed June 30, 2017; 424B4 priced July 27, 2017), and again accessed capital markets in July 2018 via convertible notes (424B4 dated July 19, 2018) and in October 2020 via additional notes."
1420498,Contract log,referral-associates-of-florida-llc,mention_only,,,,,,,,Referral Associates of Florida LLC (CIK 0001420498) is a guarantor co-registrant on Realogy Corporation's December 2007 / January 2008 exchange-offer registration filings.
1420932,Contract log,referral-associates-of-new-england-llc,no_tra,,,,,,,,"This firm appears as a co-registrant guarantor on Realogy Corporation registration statements (the 2007 S-4 and 2008 S-4/A) and on the 2011-2014 refinancing filings (S-3, S-4, 424B3, 8-K, 10-K/Q exhibits, indentures). The firm is one of dozens of Realogy operating subsidiaries that guarantee Realogy's debt; it has no own TRA."
1420743,Referral Network Inc.,referral-network-inc,no_tra,,,,,,,,Realogy guarantor co-registrant pattern. The firm appears on EDGAR only as a co-registrant guarantor on Realogy Corporation's senior-notes exchange-offer filings: the 2007-12-18 S-4 (accession 0001193125-07-267402) and the 2008-01-09 S-4/A (accession 0001193125-08-003431).
1420339,Contract log,referral-network-llc,no_tra,,,,,,,,"This firm appears as a co-registrant guarantor on Realogy Corporation registration statements (the 2007 S-4 and 2008 S-4/A) and on the 2011-2014 refinancing filings (S-3, S-4, 424B3, 8-K, 10-K/Q exhibits, indentures). The firm is one of dozens of Realogy operating subsidiaries that guarantee Realogy's debt; it has no own TRA."
1420955,Contract log,referral-network-llc,no_tra,,,,,,,,"This firm appears as a co-registrant guarantor on Realogy Corporation registration statements (the 2007 S-4 and 2008 S-4/A) and on the 2011-2014 refinancing filings (S-3, S-4, 424B3, 8-K, 10-K/Q exhibits, indentures). The firm is one of dozens of Realogy operating subsidiaries that guarantee Realogy's debt; it has no own TRA."
1168696,Contract log for Regal Entertainment Group,regal-entertainment-group,beneficiary,,,,,,,,Role: Beneficiary of the National CineMedia (NCM) Tax Receivable Agreement. Regal is a Founding Member of National CineMedia LLC alongside AMC Entertainment and Cinemark Holdings.
82811,Regal Rexnord Corporation,regal-rexnord-corp,never_executed,,,,,,,,Role: not a TRA party. No executed Tax Receivable Agreement exists for this firm.
1720592,Repay Holdings Corporation,repay-holdings-corp,pubco,TRA-2019-07-11,"Repay Holdings Corporation (Corporate Taxpayer) and the Repay Unitholders (defined in the contract as the ""TRA Parties""; the pre-business-combination members of Hawk Parent Holdings LLC).",2019-07-11,,in_force,"section_754_step_up, pre_ipo_nol",0%,"PubCo (TRA obligor). Repay Holdings Corporation arose from a de-SPAC business combination on July 11, 2019: Thunder Bridge Acquisition, Ltd. (Cayman SPAC) domesticated into Delaware and merged with Hawk Parent Holdings LLC (the operating LLC)."
1763731,Replay Acquisition Corp. / Replay Acquisition LLC,replay-acquisition-llc,no_tra,,,,,,,,"Replay Acquisition Corp. (Cayman Islands SPAC, NYSE: RPLA) is a special-purpose acquisition company that completed its IPO on April 8, 2019 and signed a Transaction Agreement on October 12, 2020 with Finance of America Equity Capital LLC (""FoA"") and Finance of America Companies Inc. (""New Pubco,"" a Delaware corporation formed as a wholly-owned subsidiary of Replay for purposes of the business combination). The business combination closed on April 1, 2021."
810332,CIK 0000810332,republic-airways-holdings-inc,no_tra,,,,,,,,"Mesa Air Group: never a TRA party. Mesa was a 1990s-vintage publicly traded C-corp (regional airline), not an Up-C structure."
1740332,"Resideo Technologies, Inc.",resideo-technologies-inc,no_tra,,,,,,,,"Resideo Technologies, Inc. is the acquirer with respect to a TRA. Resideo was spun off from Honeywell International on October 29, 2018; the spin-off was governed by a Tax Matters Agreement (Exhibit 2.3 to the Oct 19, 2018 8-K, accession 0001193125-18-303216) covering tax-allocation responsibilities between Honeywell and Resideo, but that Tax Matters Agreement is not a TRA (it is an inter-affiliate tax-sharing arrangement, not a PubCo-to-beneficiary payment obligation based on realized tax savings)."
2039497,"Resolute Holdings Management, Inc.",resolute-holdings-management-inc,no_tra,,,,,,,,"Resolute Holdings Management, Inc. (RHLD) is not a party to any Tax Receivable Agreement on the basis of the filings in this directory. The firm was created and spun off from CompoSecure, Inc. on February 28, 2025 to provide operating management services to CompoSecure Holdings, L.L.C. (and potentially other companies in the future) under a 10-year management agreement."
1618756,RBI contract log,restaurant-brands-international-inc,pubco,,,,,,,,"Restaurant Brands International Inc. (CIK 0001618756) is a Canadian-incorporated public parent (province of Ontario) formed in 2014 to hold the combined Burger King Worldwide Inc. and Tim Hortons Inc. businesses. Beneath the public parent sits Restaurant Brands International Limited Partnership (""Partnership""), an Ontario limited partnership that holds the operating assets."
1618755,Restaurant Brands International Limited Partnership,restaurant-brands-international-limited-partnership,never_executed,,,,,,,,"Restaurant Brands International Limited Partnership (""RBI LP"", ""Partnership"") is the Ontario-domiciled operating partnership formed in the December 2014 combination of Burger King Worldwide and Tim Hortons under the new Canadian parent Restaurant Brands International Inc. (""RBI""). RBI LP is the successor issuer to Burger King Worldwide for SEC reporting purposes and files its own 10-Ks, 10-Qs, 8-Ks, and DEF 14As under CIK 0001618755."
1410637,"RHI Entertainment, Inc.",rhi-entertainment-inc,pubco,TRA-2008-06-23,,2008-06-23,,terminated_bankruptcy,section_754_step_up,85%,"RHI Entertainment, Inc. is the PubCo (TRA obligor). The firm went public via an Up-C IPO on June 23, 2008; the TRA names RHI Entertainment, Inc. as ""the Corporation"" obligated to pay 85% of cash tax savings to KRH Investments LLC (the pre-IPO holder)."
887028,Rio Tinto Ltd,rio-tinto-ltd,beneficiary,,,,,,,,"Rio Tinto Ltd is an Australian-incorporated global mining company that files 20-F (annual report) and 6-K (interim report / current report) with the SEC as a foreign private issuer. Across the 61 filings in this firm directory (spanning 2003 through 2026, covering 20-F annual reports, 6-K interim reports, and 424B prospectus supplements for various debt offerings), only the 2011-01-10 6-K announcing the secondary offering of Cloud Peak Energy Inc. shares contains any reference to a Tax Receivable Agreement."
863064,Rio Tinto PLC,rio-tinto-plc,beneficiary,,,,,,,,Rio Tinto PLC is a beneficiary of the Cloud Peak Energy Inc. Tax Receivable Agreement (TRA) entered into at Cloud Peak's November 2009 initial public offering.
1556593,Rithm Capital Corp.,rithm-capital-corp,unknown,,,,,,,,"Rithm Capital Corp. (NYSE: RITM; formerly New Residential Investment Corp.) is a Delaware-incorporated REIT focused on mortgage servicing, originated loans, and (post-2023) alternative asset management. As a REIT, Rithm's original 2013 business carries no native TRA structure: REITs distribute taxable income rather than retain it, so the pre-IPO basis step-up mechanic that motivates a TRA is structurally inapplicable to Rithm's own equity history."
1644378,The RMR Group Inc.,rmr-group-inc,pubco,TRA-2015-06-05,,2015-06-05,,in_force,"section_754_step_up, pre_ipo_nol",85%,"PubCo (TRA obligor). RMR Group Inc. is a Maryland corporation that went public via an Up-C structure on December 14, 2015 (NASDAQ: RMR)."
1805284,"Rocket Companies, Inc.",rocket-companies-inc,pubco,TRA-2020-08-05,"Rocket Companies, Inc.",2020-08-05,,in_force,section_754_step_up,90%,"Rocket Companies is the PubCo (TRA obligor). The August 5, 2020 Up-C IPO created a Tax Receivable Agreement obligating Rocket Companies to pay 90% of realized cash tax savings to Rock Holdings Inc. (RHI) and Daniel Gilbert."
1420429,Rocky Mountain Settlement Services LLC,rocky-mountain-settlement-services-llc,no_tra,,,,,,,,Realogy guarantor co-registrant pattern. The firm appears on EDGAR only as a co-registrant guarantor on Realogy Corporation's senior-notes exchange-offer filings: the 2007-12-18 S-4 (accession 0001193125-07-267402) and the 2008-01-09 S-4/A (accession 0001193125-08-003431).
1659122,Rosehill Resources Inc.,rosehill-resources-inc,pubco,TRA-2017-04-27,Rosehill Resources Inc.,2017-04-27,,terminated_bankruptcy,section_754_step_up,90%,"Rosehill Resources Inc. (formerly KLR Energy Acquisition Corp., a SPAC) is the PubCo (TRA obligor). The TRA arose from the April 27, 2017 business combination with Tema Oil and Gas Company, a Maryland corporation owned by Rosemore Inc., which contributed Permian basin oil and gas assets and received a 35.2% interest in the operating company Rosehill Operating Company, LLC plus a controlling 66.8% voting interest in PubCo via Class B common stock."
1862068,"Rubicon Technologies, Inc.",rubicon-technologies-inc,pubco,TRA-2022-08-15,"Rubicon Technologies, Inc.",2022-08-15,,in_force,section_754_step_up,85%,"Rubicon Technologies, Inc. is the PubCo (TRA obligor). It became publicly traded on August 15, 2022 via the SPAC business combination between Founder SPAC and Rubicon Technologies, LLC (Up-C structure)."
1793659,"Rush Street Interactive, Inc.",rush-street-interactive-inc,pubco,TRA-2020-12-29,,2020-12-29,,in_force,section_754_step_up,,"Rush Street Interactive, Inc. (""RSI"") is the PubCo obligor under a single Tax Receivable Agreement entered at the December 29, 2020 close of the dMY Technology Group / Rush Street Interactive, LP business combination (SPAC-into-Up-C). RSI (formerly dMY Technology Group, Inc.) and its wholly owned subsidiary RSI ASLP, Inc. (the ""Special Limited Partner"" or ""Corporate Sub"") are the obligors."
1849253,"Ryan Specialty Holdings, Inc.",ryan-specialty-holdings-inc,pubco,TRA-2021-07-26,,2021-07-26,,in_force,section_754_step_up,85%,"PubCo (TRA obligor). Ryan Specialty Holdings, Inc. completed an Up-C IPO that priced on July 21, 2021 and closed on July 26, 2021."
1040829,"Ryman Hospitality Properties, Inc.",ryman-hospitality-properties-inc,no_tra,,,,,,,,"Role: No-TRA. Ryman Hospitality Properties, Inc. is a hospitality REIT (Gaylord-branded hotels, Grand Ole Opry, Opry Entertainment Group)."
1597033,Sabre Corp,sabre-corp,pubco,TRA-2014-04-23,"Sabre Corporation (formerly Sovereign Holdings, Inc.",2014-04-23,2019-12-18,terminated,pre_ipo_nol,,"# Contract log — Sabre Corp (CIK 0001597033) One TRA at Sabre, originated April 23, 2014 alongside the IPO, terminated December 18, 2019 via a standalone Payment and Termination Agreement. ## TRA-2014-04-23 — Income Tax Receivable Agreement Parties: Sabre Corporation (formerly Sovereign Holdings, Inc., a Delaware corporation) and Sovereign Manager Co-Invest, LLC, as representative of the Existing (Pre-IPO) Stockholders. VALIDATION 2026-05-17: Payment and Termination Agreement filed as Exhibit 10.78 to 2019 10-K (0001597033-20-000026). Mechanism 1 (standalone document). Final payment Jan 10, 2020; $0 liability in 2020 10-K. Status corrected from terminated_unverified to terminated_by_standalone_agreement."
1688852,Safehold Inc.,safehold-inc-md,no_tra,,,,,,,,"Role: Not a TRA party. The firm is a Maryland-incorporated REIT (originally Safety, Income and Growth, Inc., later renamed Safehold Inc.) that completed a traditional REIT IPO in June 2017, not an Up-C IPO."
1095651,Safehold Inc.,safehold-inc,no_tra,,,,,,,,"Role: Not a TRA party. Safehold Inc. is a publicly traded ground-lease REIT, formerly iStar Inc."
2023554,SanDisk Corp,sandisk-corp,pubco,,,,,,,,"SanDisk Corporation (CIK 0002023554) was spun off from Western Digital Corporation on February 21, 2025 in a conventional tax-free pro-rata distribution of Spinco common stock to WDC stockholders. The spin-off was effected as a Form 10 / Information Statement transaction (Form 10-12B / 10-12B/A leading to the 8-K of February 24, 2025), not as an Up-C IPO, SPAC business combination, or any other transaction structure that customarily creates a Tax Receivable Agreement."
1836707,SBEA Merger Sub LLC,sbea-merger-sub-llc,pubco,TRA-2022-02-09,,2022-02-09,,in_force,section_754_step_up,,"SBEA Merger Sub LLC is the post-combination legal successor to SilverBox Engaged Merger Corp I (SilverBox, ticker SBEA), a Delaware SPAC. SilverBox merged with and into SBEA Merger Sub LLC on February 9, 2022, with the merger sub surviving as a direct wholly-owned subsidiary of BRC Inc. (PubCo, the operating-company parent of Black Rifle Coffee Company LLC) under the Business Combination Agreement dated November 2, 2021."
1760717,SciPlay Corporation,sciplay-corp,pubco,TRA-2019-05-07,"SciPlay Corporation (Nevada corporation, the obligor PubCo); SciPlay Parent Company, LLC (Nevada LLC); and ""the Members of SciPlay Parent Company, LLC from time to time party hereto"" — at execution: SG Social Holding Company I…",2019-05-07,,transferred_offledger,section_754_step_up,85%,"SciPlay Corporation is the PubCo (TRA obligor) in a single Up-C Tax Receivable Agreement entered into at its May 2019 IPO. The beneficiary side is Scientific Games's social-gaming holding vehicles (SG Social Holding Company I, LLC and SG Social Holding Company, LLC), the LLC members of SciPlay Parent Company, LLC."
1420428,Scranton Abstract LLC,scranton-abstract-llc,no_tra,,,,,,,,Realogy guarantor co-registrant pattern. The firm appears on EDGAR only as a co-registrant guarantor on Realogy Corporation's senior-notes exchange-offer filings: the 2007-12-18 S-4 (accession 0001193125-07-267402) and the 2008-01-09 S-4/A (accession 0001193125-08-003431).
1403256,"Sculptor Capital Management, Inc. (formerly Och-Ziff Capital Management Group LLC)",sculptor-capital-management-inc,pubco,TRA-2007-11-13,"- Och-Ziff Capital Management Group LLC (Parent, the PubCo) — renamed Sculptor Capital Management, Inc.",2007-11-13,,terminated,section_754_step_up,85%,"Sculptor Capital Management, Inc. is the PubCo (TRA obligor) under one Tax Receivable Agreement originated at the November 2007 Och-Ziff Up-C IPO. The TRA was filed under this CIK and has been carried on the Sculptor balance sheet from inception through the November 17, 2023 close of the Rithm Capital acquisition."
1420681,Contract log,secured-land-transfers-llc,no_tra,,,,,,,,"This firm appears as a co-registrant guarantor on Realogy Corporation registration statements (the 2007 S-4 and 2008 S-4/A) and on the 2011-2014 refinancing filings (S-3, S-4, 424B3, 8-K, 10-K/Q exhibits, indentures). The firm is one of dozens of Realogy operating subsidiaries that guarantee Realogy's debt; it has no own TRA."
1537667,Select Income REIT,select-income-reit,no_tra,,,,,,,,"Role: Not a TRA party. Select Income REIT (SIR) is a Maryland real estate investment trust (SIC 6798), spun off from CommonWealth REIT on March 12, 2012 via 424B4 IPO."
1693256,"Select Water Solutions, Inc. (formerly Select Energy Services, Inc.)",select-water-solutions-inc,pubco,TRA-2016-12-19-Legacy,"- Corporate Taxpayer: Select Energy Services, Inc.",2016-12-19,,in_force,section_754_step_up,85%,"Select Energy Services, Inc. completed a 144A private placement and Up-C restructuring on December 20, 2016, then a registered IPO at the end of April 2017 (424B1 filed April 28, 2017, NYSE listing under ""WTTR""). At the 144A close on December 19, 2016, the firm executed two parallel Tax Receivable Agreements, each with 85% of net cash tax savings paid to TRA Holders."
1693256,"Select Water Solutions, Inc. (formerly Select Energy Services, Inc.)",select-water-solutions-inc,pubco,TRA-2016-12-19-Non-Blocker,"- Corporate Taxpayer: Select Energy Services, Inc.",2016-12-19,,in_force,section_754_step_up,85%,"Select Energy Services, Inc. completed a 144A private placement and Up-C restructuring on December 20, 2016, then a registered IPO at the end of April 2017 (424B1 filed April 28, 2017, NYSE listing under ""WTTR""). At the 144A close on December 19, 2016, the firm executed two parallel Tax Receivable Agreements, each with 85% of net cash tax savings paid to TRA Holders."
1032208,Sempra Energy,sempra,no_tra,,,,,,,,"Role: No-TRA. Sempra is a conventional C-corporation energy holding company (parent of San Diego Gas & Electric, Southern California Gas, and, after March 2018, an 80.25% indirect interest in Oncor Electric Delivery)."
1709768,Sentinel Energy Services Inc.,sentinel-energy-services-inc,pubco,TRA-2018-10-18,,2018-10-18,,never_executed,section_754_step_up,85%,"PubCo-in-contemplation that never consummated its business combination. Sentinel Energy Services Inc. was a Cayman Islands / Delaware special-purpose acquisition company that IPO'd in November 2017 and announced an Up-C business combination with Strike Capital, LLC on October 18, 2018."
945394,Service Properties Trust,service-properties-trust,no_tra,,,,,,,,"Role: No-TRA (mention-only, non-substantive). Status: Not a TRA party."
1620533,Shake Shack Inc.,shake-shack-inc,pubco,TRA-2015-02-04,Shake Shack Inc.,2015-02-04,,in_force,"section_754_step_up, pre_ipo_nol",85%,"Shake Shack Inc. is the PubCo (TRA obligor). The firm went public via Up-C IPO on February 4, 2015 and entered into a single Tax Receivable Agreement at IPO close with SSE Holdings, LLC (the operating LLC) and its pre-IPO Members."
1420696,Shelter Title LLC,shelter-title-llc,no_tra,,,,,,,,Realogy guarantor co-registrant pattern. The firm appears on EDGAR only as a co-registrant guarantor on Realogy Corporation's senior-notes exchange-offer filings: the 2007-12-18 S-4 (accession 0001193125-07-267402) and the 2008-01-09 S-4/A (accession 0001193125-08-003431).
1794669,"Shift4 Payments, Inc.",shift4-payments-inc,pubco,TRA-2020-06-04,"Shift4 Payments, Inc.",2020-06-04,,in_force,"section_754_step_up, pre_ipo_nol",85%,"Shift4 Payments, Inc. is the PubCo (TRA obligor) under a standard Up-C-IPO Tax Receivable Agreement. The TRA was executed at the June 2020 Up-C IPO and is recorded as a liability on Shift4's balance sheet ($365.5 million as of December 31, 2024 after the valuation-allowance release)."
1831651,"Shoals Technologies Group, Inc.",shoals-technologies-group-inc,pubco,TRA-2021-01-29,,2021-01-29,,,section_754_step_up,,"PubCo (TRA obligor). Shoals went public via Up-C IPO on January 26, 2021, with the TRA executed at close on January 29, 2021."
1523526,Sierra Income Corporation,sierra-income-corp,never_executed,TRA-2014-09-23-Medley,Medley Management Inc.,2014-09-23,,never_executed,,,"Sierra Income Corporation is a Maryland-incorporated, externally-managed Business Development Company (BDC) under the Investment Company Act of 1940. Sierra is not itself an Up-C, has no TRA of its own, and has no Up-C beneficiaries."
1828182,"Signify Health, Inc.",signify-health-inc,pubco,TRA-2021-02-12,,2021-02-12,2023-03-29,terminated_merger,"section_754_step_up, pre_ipo_nol",85%,"PubCo (TRA obligor). Signify Health was the public company holding-company parent in an Up-C structure with Cure TopCo, LLC as the operating partnership."
849869,Silgan Holdings Inc.,silgan-holdings-inc,no_tra,,,,,,,,"Role: No-TRA (failed-acquirer mention only). Silgan Holdings is a conventional C-corp packaging manufacturer (metal food cans, plastic containers, closures) founded in 1987 and longstanding public registrant."
1549966,Silvercrest Asset Management Group Inc.,silvercrest-asset-management-group-inc,pubco,TRA-2013-06-26,Silvercrest Asset Management Group Inc.,2013-06-26,,in_force,"section_754_step_up, pre_ipo_nol",80%,"Silvercrest Asset Management Group Inc. (""Silvercrest"" or ""the Company"") is the PubCo (TRA obligor) under a classical Up-C TRA established in connection with its June 26, 2013 corporate reorganization and the July 2, 2013 IPO close on NASDAQ (ticker SAMG). The TRA beneficiaries are the limited partners (""principals"") holding Class B Units in Silvercrest L.P., the operating partnership."
1702744,Simply Good Foods Company,simply-good-foods-co,pubco,TRA-2017-07-07,"The Simply Good Foods Company (PubCo); Atkins Holdings, LLC; Roark Capital Acquisition, LLC (solely as Stockholders' Representative for the former Atkins / NCP-ATK selling equityholders).",2017-07-07,2018-11-14,terminated,amt_credit,,"PubCo (TRA obligor). The Simply Good Foods Company was formed in 2017 when SPAC Conyers Park Acquisition Corp. combined with NCP-ATK Holdings, Inc. (the indirect parent of Atkins Nutritionals)."
1949543,Sitio Royalties Corp,sitio-royalties-corp,pubco,,,,,,,,"Role: none (Up-C without a TRA). Sitio Royalties Corp operates an Up-C structure (PubCo owns Class A and Class C common stock; OpCo is Sitio Royalties Operating Partnership, LP), confirmed in the 2022 Brigham merger S-4 (accession 0001193125-22-259794): ""New Sitio will retain Sitio and Brigham's 'Up-C' structure, in which substantially all of the operating assets of New Sitio will be held by Opco LP, and New Sitio's only assets will be equity interests in Opco LP."" Each OpCo subsidiary classified as a partnership had a valid Section 754 election in place."
1823587,Sky Harbour Group Corporation,sky-harbour-group-corp,pubco,TRA-2022-01-25,Sky Harbour Group Corporation (Corporation / PubCo); Sky Harbour LLC; Tal Keinan (TRA Holder Representative); and the several TRA Holders party thereto.,2022-01-25,,in_force,,,"Sky Harbour Group Corporation is the PubCo (TRA obligor). The firm is the successor to Yellowstone Acquisition Company (YAC), a SPAC that closed its initial public offering October 26, 2020, and consummated a business combination with Sky Harbour LLC on January 25, 2022."
1775625,"SmileDirectClub, Inc.",smiledirectclub-inc,pubco,TRA-2019-09-13,,2019-09-13,2023-09-25,terminated_bankruptcy_unverified,section_754_step_up,85%,"# Contract identification log: SmileDirectClub, Inc. (CIK 0001775625) ## Contract: TRA-2019-09-13 (status: active per latest available filing) ### Entry 1 — Form-of TRA filed with S-1/A (unexecuted) - Source filing: S-1/A, accession 0001047469-19-005062, filed 2019-09-04 - Source document: a2239587zex-10_3.htm (Exhibit 10.3, ""FORM OF TAX RECEIVABLE AGREEMENT"") - Classification: Original TRA, unexecuted form. - Decision: New contract. - Saved as: TRA-2019-09-13/2019-09-04_form-of-tra_ex-10.3. VALIDATION 2026-05-17: Chapter 11 filed Sep 25, 2023; deregistered Oct 4, 2023; no post-Oct 2023 SEC filings. TRA fate on bankruptcy docket only (off-EDGAR); flag refined from terminated_unverified to terminated_bankruptcy_unverified (bankruptcy verified, TRA-specific treatment not)."
1982518,Smith Douglas Homes Corp.,smith-douglas-homes-corp,pubco,TRA-2024-01-10,,2024-01-10,,in_force,section_754_step_up,85%,"PubCo (TRA obligor). Smith Douglas Homes Corp. is a Delaware C-corporation that went public on January 16, 2024 via an Up-C IPO."
1856430,Snap One Holdings Corp.,snap-one-holdings-corp,pubco,TRA-2021-07-27,,2021-07-27,,terminated_merger,pre_ipo_nol,,"Snap One is the PubCo (TRA obligor). The TRA was executed in connection with its July 29, 2021 IPO; the original contract documents and any termination instrument are filed under Snap One's CIK."
1697500,"Solaris Energy Infrastructure, Inc.",solaris-energy-infrastructure-inc,pubco,TRA-2017-05-17,,2017-05-17,,in_force,section_754_step_up,,"PubCo (TRA obligor). Solaris is the corporate taxpayer under a single TRA originated at its May 17, 2017 Up-C IPO."
1739942,SolarWinds Corporation,solarwinds-corp,pubco,,,,,,,,"SolarWinds Corporation has no Tax Receivable Agreement. The firm is neither a PubCo TRA obligor, a beneficiary, an acquirer of a TRA-bearing target, nor a financing arm of an Up-C parent."
1707502,"Solid Biosciences, Inc.",solid-biosciences-inc,no_tra,,,,,,,,"Solid Biosciences is a gene-therapy firm that completed its IPO in January 2018 (S-1: accession 0001193125-17-383428; S-1/A: 0001193125-18-010563). Reading the S-1, the S-1/A, the first post-IPO 10-K (accession 0001564590-19-007462, fiscal year 2018), and a later 10-K (accession 0000950170-23-009318, fiscal year 2022), the firm is a conventional Delaware C-corporation."
1870600,"Solo Brands, Inc.",solo-brands-inc,pubco,TRA-2021-10-27,,2021-10-27,,in_force,section_754_step_up,85%,"PubCo (TRA obligor). Solo Brands, Inc. went public via an Up-C IPO on October 27, 2021, and is the obligor under a single Tax Receivable Agreement of that date."
2065636,"SOLV Energy, Inc.",solv-energy-inc,pubco,TRA-2026-02-10,"SOLV Energy, Inc.",2026-02-10,,in_force,"section_754_step_up, pre_ipo_nol, blocker_attributes",85%,"SOLV Energy, Inc. is the PubCo (TRA obligor) in an Up-C IPO completed on February 10, 2026 (Class A common stock listed on Nasdaq under ticker MWH). The firm pays 85% of realized tax benefits to the TRA Participants, who are the Continuing Equity Owners and Blocker Shareholders (the pre-IPO equity holders of SOLV Energy Holdings, LLC, controlled by American Securities funds)."
1420426,Contract log,sotheby-s-international-realty-affiliates-llc,no_tra,,,,,,,,"This firm appears as a co-registrant guarantor on Realogy Corporation registration statements (the 2007 S-4 and 2008 S-4/A) and on the 2011-2014 refinancing filings (S-3, S-4, 424B3, 8-K, 10-K/Q exhibits, indentures). The firm is one of dozens of Realogy operating subsidiaries that guarantee Realogy's debt; it has no own TRA."
1420935,Contract log,sotheby-s-international-realty-inc,no_tra,,,,,,,,"This firm appears as a co-registrant guarantor on Realogy Corporation registration statements (the 2007 S-4 and 2008 S-4/A) and on the 2011-2014 refinancing filings (S-3, S-4, 424B3, 8-K, 10-K/Q exhibits, indentures). The firm is one of dozens of Realogy operating subsidiaries that guarantee Realogy's debt; it has no own TRA."
1420425,Sotheby's International Realty Licensee LLC,sotheby-s-international-realty-licensee-llc,mention_only,,,,,,,,"This firm is a wholly-owned subsidiary guarantor of Realogy Group LLC (CIK 0001396334, formerly Realogy Corporation). It is not itself a party to any Tax Receivable Agreement."
1420427,Sotheby's International Realty Referral Company LLC,sotheby-s-international-realty-referral-company-llc,mention_only,,,,,,,,"This firm is a wholly-owned subsidiary guarantor of Realogy Group LLC (CIK 0001396334, formerly Realogy Corporation). It is not itself a party to any Tax Receivable Agreement."
1420741,South Land Title of Montgomery County Inc.,south-land-title-of-montgomery-county-inc,no_tra,,,,,,,,Realogy guarantor co-registrant pattern. The firm appears on EDGAR only as a co-registrant guarantor on Realogy Corporation's senior-notes exchange-offer filings: the 2007-12-18 S-4 (accession 0001193125-07-267402) and the 2008-01-09 S-4/A (accession 0001193125-08-003431).
1856608,"Sovos Brands, Inc.",sovos-brands-inc,never_executed,,,,,,,,"Role: never executed (and never contemplated). Sovos Brands, Inc. was a non-Up-C C-corporation IPO."
1487730,"Spectrum Brands Legacy, Inc.",spectrum-brands-legacy-inc,never_executed,,,,,,,,"Role: never-executed / mention-only. No executed TRA exists at this CIK or, to the best evidence available in these filings, anywhere in the Spectrum Brands corporate group during 2009 through 2018."
1377013,"Spectrum Management Holding Company, LLC",spectrum-management-holding-company-llc,no_tra,,,,,,,,"# Contract log: Spectrum Management Holding Company, LLC (CIK 0001377013) ## Entity lineage and corporate-group context This CIK is the former Time Warner Cable Inc. (TWC), registered in October 2006 ahead of TWC's 2007 separation from Time Warner Inc. Per SEC submissions metadata, the legal name changed from ""Time Warner Cable Inc."" to ""Spectrum Management Holding Company, LLC"" effective 2016-06-01, at the close of Charter Communications' acquisition of TWC (the merger closed on 2016-05-18, deregistration Form 25 was filed 2016-07-15, Form 15-12B on 2016-07-25)."
1498710,"Spirit Aviation Holdings, Inc.",spirit-aviation-holdings-inc,pubco,TRA-2011-06-01,"- Spirit Airlines, Inc.",2011-06-01,2014-06-17,terminated,"pre_ipo_nol, amt_credit",90%,"Role: PubCo (TRA obligor). Spirit Airlines, Inc. (re-named Spirit Aviation Holdings, Inc. on March 12, 2025 upon Chapter 11 emergence) entered into a single Tax Receivable Agreement on June 1, 2011, the date of its IPO."
1881462,Spree Acquisition Corp. 1 Limited,spree-acquisition-corp-1-ltd,pubco,TRA-2022-10-29,,2022-10-29,,never_executed,section_754_step_up,,"Spree Acquisition Corp. 1 Limited is a Cayman Islands SPAC that completed its IPO on December 20, 2021. On October 29, 2022, Spree signed a Business Combination Agreement with WHC Worldwide, LLC (doing business as zTrip) under an Up-C structure that would have made the post-domestication Delaware successor entity (WHC Worldwide, Inc.) a TRA obligor."
101830,Sprint Corporation / Sprint Nextel Corporation,sprint-llc,acquirer,,,,,,,,# Contract log: Sprint Corporation / Sprint Nextel Corporation (CIK 0000101830) ## Role: Acquirer Sprint plays the Acquirer role with respect to the only Tax Receivable Agreements that intersect its filing history. No TRA was ever originated under Sprint's own CIK.
1519622,SRAM International Corporation,sram-international-corp,never_executed,,,,,,,,"SRAM International Corporation's entire EDGAR filing history under this CIK consists of 5 registration documents filed between 2011-05-12 and 2011-11-01: one initial S-1 and four pre-effective S-1/A amendments. No S-1 went effective; no 424B prospectus, IPO-closing 8-K, or post-IPO periodic filing (10-K, 10-Q, 8-K) exists."
1420497,St. Joe Real Estate Services Inc.,st-joe-real-estate-services-inc,no_tra,,,,,,,,Realogy guarantor co-registrant pattern. The firm appears on EDGAR only as a co-registrant guarantor on Realogy Corporation's senior-notes exchange-offer filings: the 2007-12-18 S-4 (accession 0001193125-07-267402) and the 2008-01-09 S-4/A (accession 0001193125-08-003431).
1420496,St. Joe Title Services LLC,st-joe-title-services-llc,mention_only,,,,,,,,"This firm is a wholly-owned subsidiary guarantor of Realogy Group LLC (CIK 0001396334, formerly Realogy Corporation). It is not itself a party to any Tax Receivable Agreement."
876883,Stagwell Inc.,stagwell-inc,pubco,TRA-2021-08-02,MDC Stagwell Holdings Inc.,2021-08-02,,in_force,section_754_step_up,,"Stagwell Inc. (formerly MDC Partners Inc., then MDC Stagwell Holdings Inc.) is the PubCo (TRA obligor) under a single TRA originated at the August 2, 2021 closing of the MDC / Stagwell combination. The TRA payments run to Stagwell Media LP (Mark Penn's vehicle) and its permitted transferees."
707388,"Star Operating Companies, Inc.",star-operating-companies-inc,no_tra,,,,,,,,"# Contract log: Star Operating Companies, Inc. (CIK 0000707388) ## Firm identification - Current name: STAR OPERATING COMPANIES, INC. (renamed 2025-08-22) - Prior name: STAR EQUITY HOLDINGS, INC. (2021-02-09 to 2025-08-22) - Original name: DIGIRAD CORP (2001-11-05 to 2020-12-28) - SIC: 3845 (Electromedical & Electrotherapeutic Apparatus) - Filer status: Non-accelerated filer, Smaller reporting company ## Conclusion: not a TRA party No Tax Receivable Agreement is on file for this CIK. Role: none of PubCo / Beneficiary / Acquirer / Financing arm / Never-executed apply."
1503579,Station Casinos LLC,station-casinos-llc,financing_arm,,,,,,,,"Station Casinos LLC is the operating subsidiary (OpCo / Borrower) of Red Rock Resorts, Inc. (PubCo, CIK 0001653653), which completed its Up-C IPO on/around April 27, 2016 with the Fertitta family as the TRA beneficiaries. Station Casinos LLC files separately with the SEC because of registration obligations tied to its public credit-agreement notes (its CIK reports a registered Form 10 in 2010 and subsequent periodic filings through 2017)."
1796022,StepStone Group Inc.,stepstone-group-inc,pubco,TRA-2020-09-18-Exchanges,StepStone Group Inc.,2020-09-18,,in_force,section_754_step_up,85%,"StepStone Group Inc. is the PubCo (TRA obligor) under two parallel Tax Receivable Agreements established at its September 2020 IPO. The company is structured as an Up-C with StepStone Group LP (a Delaware limited partnership) as the operating partnership and StepStone Group Holdings, LLC as the General Partner."
1796022,StepStone Group Inc.,stepstone-group-inc,pubco,TRA-2020-09-18-Reorganization,StepStone Group Inc.,2020-09-18,,in_force,section_754_step_up,85%,"StepStone Group Inc. is the PubCo (TRA obligor) under two parallel Tax Receivable Agreements established at its September 2020 IPO. The company is structured as an Up-C with StepStone Group LP (a Delaware limited partnership) as the operating partnership and StepStone Group Holdings, LLC as the General Partner."
861878,"Stericycle, Inc.",stericycle-inc,no_tra,,,,,,,,"Role: Not a TRA party. Stericycle is a conventional public C-corporation, not an Up-C IPO or SPAC-driven structure."
1821812,Stratim Cloud Acquisition Corp.,stratim-cloud-acquisition-corp,never_executed,,,,,,,,"Stratim Cloud Acquisition Corp. is a Delaware-incorporated special-purpose acquisition company (SPAC). It completed its IPO on March 9, 2021 (424B4 filed 0001213900-21-015336) and on March 21, 2023 signed a Membership Interests Purchase Agreement with Force Pressure Control, LLC, contemplating a business combination in which Stratim would acquire Force and, at Closing, enter into a TRA with Force and certain Force Members (the ""TRA Holders"") at the standard 85% sharing rate covering basis step-ups from future Common Unit exchanges."
1856028,"Stronghold Digital Mining, Inc.",stronghold-digital-mining-inc,pubco,TRA-2021-04-01,"Stronghold Digital Mining, Inc.",2021-04-01,,terminated_merger,section_754_step_up,85%,"Stronghold Digital Mining, Inc. is the PubCo (TRA obligor). The firm executed an Up-C IPO in October 2021 with Q Power LLC (controlled by William Spence and Gregory Beard) as the Continuing LLC Member / TRA Holder."
1691936,"Stryve Foods, Inc.",stryve-foods-inc,pubco,TRA-2021-07-20,"Stryve Foods Holdings, LLC (a Texas LLC, ""Seller"" and sole beneficiary); Stryve Foods, Inc.",2021-07-20,,terminated_dissolution,section_754_step_up,85%,"Stryve Foods, Inc. (""Stryve"") is the PubCo (TRA obligor). Stryve is the public-company successor in interest to Andina Acquisition Corp."
1934114,"Suja Life, Inc.",suja-life-inc,pubco,TRA-2026-05-07,"Suja Life, Inc.",2026-05-07,,in_force,"section_754_step_up, blocker_attributes",,"Suja Life, Inc. is the PubCo (TRA obligor) under a standard Up-C IPO structure. The IPO priced May 6, 2026 and closed May 8, 2026."
1420327,Summit Escrow,summit-escrow,no_tra,,,,,,,,Realogy guarantor co-registrant pattern. The firm appears on EDGAR only as a co-registrant guarantor on Realogy Corporation's senior-notes exchange-offer filings: the 2007-12-18 S-4 (accession 0001193125-07-267402) and the 2008-01-09 S-4/A (accession 0001193125-08-003431).
1621563,"Summit Materials, Inc.",summit-materials-inc,pubco,TRA-2015-03-11,,2015-03-11,,terminated_merger,"section_754_step_up, pre_ipo_nol",85%,"Summit Materials, Inc. is the PubCo (TRA obligor) for a single Up-C TRA originating at its March 11, 2015 IPO. Summit Materials, LLC (CIK 0001571371) is the operating partnership (referred to in filings as ""Summit Holdings"" / ""Summit LLC"") and is processed in a separate firm directory."
1571371,"Summit Materials, LLC",summit-materials-llc,pubco,TRA-2015-03-11,"Summit Materials, Inc.",2015-03-11,,in_force,,,"# Summit Materials, LLC (CIK 0001571371) - contract log ## Role at this CIK: financing-arm subsidiary, later partial TRA beneficiary Summit Materials, LLC is a wholly owned indirect operating subsidiary of Summit Materials, Inc. (PubCo, CIK 0001621563), held through Summit Materials Holdings L.P. (the Up-C operating partnership). The LLC's SEC filings cover two distinct functions: - 2013-2024: senior notes issuer (financing arm)."
1743907,"Sun Country Airlines Holdings, Inc.",sun-country-airlines-holdings-llc,pubco,TRA-2021-03-19,"- Corporation: Sun Country Airlines Holdings, Inc.",2021-03-19,,terminated_change_of_control,"section_754_step_up, pre_ipo_nol",85%,"PubCo (TRA obligor). Sun Country Airlines Holdings, Inc. went public March 2021 in a conventional C-corp IPO (NOT an Up-C)."
1821850,contract_log.md — Sunlight Financial Holdings Inc.,sunlight-financial-holdings-inc,pubco,TRA-2021-07-09,Sunlight Financial Holdings Inc.,2021-07-09,2023-12-06,terminated,section_754_step_up,85%,PubCo (TRA obligor). Sunlight Financial Holdings Inc. (f/k/a Spartan Acquisition Corp.
1420643,Sunshine Group Ltd,sunshine-group-ltd,mention_only,,,,,,,,"This firm is a wholly-owned subsidiary guarantor of Realogy Group LLC (CIK 0001396334, formerly Realogy Corporation). It is not itself a party to any Tax Receivable Agreement."
1638833,"Surgery Partners, Inc.",surgery-partners-inc,beneficiary,TRA-2015-09-30,"Surgery Partners, Inc.",2015-09-30,,in_force,pre_ipo_nol,85%,"# Contract identification log: Surgery Partners, Inc. (CIK 1638833) ## Summary Surgery Partners has one Tax Receivable Agreement (the ""Income Tax Receivable Agreement"" dated September 30, 2015), one substantive amendment (Amendment No. 1, May 9, 2017), and a form-of and one executed TRA Waiver and Assignment Agreement (employee-level waivers, not full-TRA terminations). Saved under TRA-2015-09-30/."
719739,SVB Financial Group,svb-financial-group,no_tra,,,,,,,,Role: Mention-only. SVB Financial Group did NOT have a Tax Receivable Agreement as obligor.
1710583,"Switch, Inc.",switch-inc,pubco,TRA-2017-10-05,,2017-10-05,,terminated,section_754_step_up,,"# Contract identification log: Switch, Inc. (CIK 0001710583) One underlying Tax Receivable Agreement, originated at IPO and terminated by amendment at merger signing. Three documents on file (one unexecuted draft, one executed original, one termination amendment). ## TRA-2017-10-05 (Switch, Inc. / Switch, Ltd. / Continuing Members) ### Entry 1 — unexecuted draft, S-1 exhibit - Source filing: 0001193125-17-280759 (S-1, filed 2017-09-08). - Document: d393780dex101.htm. - Classification: Original Tax Receivable Agreement, unexecuted draft."
1837240,Symbotic Inc.,symbotic-inc,pubco,TRA-2022-06-07,Symbotic Inc.,2022-06-07,,in_force,section_754_step_up,85%,"Symbotic Inc. is the PubCo (TRA obligor). The firm became public on June 7, 2022 via the SVF Investment Corp. 3 (SVF 3) SPAC business combination with Symbotic Holdings LLC, structured as an Up-C."
1556263,"Syros Pharmaceuticals, Inc.",syros-pharmaceuticals-inc,no_tra,,,,,,,,"Syros Pharmaceuticals is a biotech that went public via a conventional underwritten IPO in June 2016 (S-1 first filed April 2016; 424B4 prospectus filed June 2016 under accession 0001047469-16-014103). It is incorporated as a Delaware C-corporation, not an Up-C structure."
1805833,"System1, Inc.",system1-inc,pubco,TRA-2022-01-27,"the several ""Continuing Members"" of S1 Holdco who retained Class B units at close, including the founder vehicles (Total Security Limited / Lone Investment Holdings) and Cannae Holdings.",2022-01-27,,in_force,section_754_step_up,,"System1, Inc. is a PubCo (TRA obligor). The firm was created when Trebia Acquisition Corp., a Cayman SPAC, consummated a Business Combination with S1 Holdco, LLC (a Delaware operating LLC owned by the founders' vehicles and Cannae Holdings) on January 27, 2022."
1724965,Talos Energy Inc.,talos-energy-inc,unknown,,,,,,,,Talos Energy Inc. is not a party to a Tax Receivable Agreement. No Talos TRA was originated at the 2018 Talos-Stone Energy reverse merger or at any subsequent corporate event.
1116132,"Tapestry, Inc.",tapestry-inc,no_tra,,,,,,,,Role: No-TRA / Not applicable. Reasoning.
1420740,TAW Holding Inc,taw-holding-inc,mention_only,,,,,,,,"This firm is a wholly-owned subsidiary guarantor of Realogy Group LLC (CIK 0001396334, formerly Realogy Corporation). It is not itself a party to any Tax Receivable Agreement."
1420434,TBR Settlement Services LLC,tbr-settlement-services-llc,no_tra,,,,,,,,This firm is a guarantor co-registrant on Realogy Corporation's exchange-offer S-4 filings. It is not a party to any Tax Receivable Agreement of its own.
1420433,Texas American Dissolution Inc,texas-american-dissolution-inc,no_tra,,,,,,,,This firm is a guarantor co-registrant on Realogy Corporation's exchange-offer S-4 filings. It is not a party to any Tax Receivable Agreement of its own.
1420773,Texas American Title Co of Austin,texas-american-title-co-of-austin,no_tra,,,,,,,,This firm is a guarantor co-registrant on Realogy Corporation's exchange-offer S-4 filings. It is not a party to any Tax Receivable Agreement of its own.
1420774,Texas American Title Co,texas-american-title-co,mention_only,,,,,,,,"This firm is a wholly-owned subsidiary guarantor of Realogy Group LLC (CIK 0001396334, formerly Realogy Corporation). It is not itself a party to any Tax Receivable Agreement."
1075124,Thomson Reuters Corporation,thomson-reuters-corp-can,no_tra,,,,,,,,"Role: No-TRA / non-substantive mention only. Thomson Reuters Corporation is a Canadian-domiciled media and information services company that files with the SEC as a foreign private issuer (40-F, 6-K)."
1769318,"Thunder Bridge Acquisition II, Ltd.",thunder-bridge-acquisition-ii-ltd,pubco,TRA-2020-12-14,,2020-12-14,,,pre_ipo_nol,85%,"Thunder Bridge Acquisition II is a Cayman Islands SPAC that signed a Master Transactions Agreement on December 14, 2020 to combine with Ay Dee Kay LLC, d/b/a indie Semiconductor. Under the MTA, on closing the SPAC domesticates from Cayman to Delaware and merges with a subsidiary of Thunder Bridge II Surviving Pubco, Inc., which then renames to indie Semiconductor, Inc."
1420432,contract_log.md — Title Resource Group Affiliates Holdings LLC,title-resource-group-affiliates-holdings-llc,beneficiary,,,,,,,,"This firm is a guarantor-subsidiary of Realogy Group LLC and is not a party to any Tax Receivable Agreement. The 25 filings in this directory (2007 Realogy S-4 going-private exchange offer, 2008 S-4/A, 2011–2014 Realogy refinancing S-1 / S-4 / 424B / FWP filings) are co-registered Realogy debt-securities filings on which Title Resource Group Affiliates Holdings LLC appears as a co-registrant guarantor."
1420504,contract_log.md — Title Resource Group Holdings LLC,title-resource-group-holdings-llc,beneficiary,,,,,,,,"This firm is a guarantor-subsidiary of Realogy Group LLC and is not a party to any Tax Receivable Agreement. The 25 filings in this directory (2007 Realogy S-4 going-private exchange offer, 2008 S-4/A, 2011–2014 Realogy refinancing S-1 / S-4 / 424B / FWP filings) are co-registered Realogy debt-securities filings on which Title Resource Group Holdings LLC appears as a co-registrant guarantor."
1420503,contract_log.md — Title Resource Group LLC,title-resource-group-llc,beneficiary,,,,,,,,"This firm is a guarantor-subsidiary of Realogy Group LLC and is not a party to any Tax Receivable Agreement. The 25 filings in this directory (2007 Realogy S-4 going-private exchange offer, 2008 S-4/A, 2011–2014 Realogy refinancing S-1 / S-4 / 424B / FWP filings) are co-registered Realogy debt-securities filings on which Title Resource Group LLC appears as a co-registrant guarantor."
1420502,contract_log.md — Title Resource Group Services LLC,title-resource-group-services-llc,beneficiary,,,,,,,,"This firm is a guarantor-subsidiary of Realogy Group LLC and is not a party to any Tax Receivable Agreement. The 25 filings in this directory (2007 Realogy S-4 going-private exchange offer, 2008 S-4/A, 2011–2014 Realogy refinancing S-1 / S-4 / 424B / FWP filings) are co-registered Realogy debt-securities filings on which Title Resource Group Services LLC appears as a co-registrant guarantor."
1420500,contract_log.md — Title Resources Inc,title-resources-inc,beneficiary,,,,,,,,"This firm is a guarantor-subsidiary of Realogy Group LLC and is not a party to any Tax Receivable Agreement. The 25 filings in this directory (2007 Realogy S-4 going-private exchange offer, 2008 S-4/A, 2011–2014 Realogy refinancing S-1 / S-4 / 424B / FWP filings) are co-registered Realogy debt-securities filings on which Title Resources Inc appears as a co-registrant guarantor."
1973266,"TKO Group Holdings, Inc.",tko-group-holdings-inc,pubco,,,,,,,,"TKO Group Holdings, Inc. is not a party to any Tax Receivable Agreement. It is neither a PubCo (TRA obligor), a beneficiary, an acquirer that extinguished a target's TRA, nor a financing arm of a TRA-bearing parent."
721683,"TRA contract log: Total System Services, Inc.",total-system-services-inc,no_tra,,,,,,,,"# TRA contract log: Total System Services, Inc. (CIK 0000721683) ## Firm role: mention-only (no TRA party status) Total System Services, Inc. (""TSYS"") is a payment-processing company (NYSE: TSS) that operated from 1983 until it was acquired by Global Payments Inc. on September 18, 2019. Across the 74 SEC filings in this directory (2002 through Q2 2019), no Tax Receivable Agreement was identified to which TSYS, any TSYS subsidiary, or any TSYS predecessor entity is a party."
1880661,TRA contract log: TPG Inc.,tpg-inc,beneficiary,TRA-2022-01-12,,2022-01-12,,in_force,section_754_step_up,85%,"TPG Inc. is the obligor (PubCo) under its Tax Receivable Agreement. The firm went public in January 2022 via an Up-C IPO with David Bonderman, James Coulter, and Jon Winkelried as the principal sponsors, alongside other pre-IPO LLC holders (TPG Group Holdings (SBS), L.P. and other feeder partnerships) as TRA beneficiaries."
1840927,TPG Pace Solutions Corp.,tpg-pace-solutions-corp,pubco,TRA-2021-12-06,"- PubCo (obligor): Vacasa, Inc.",2021-12-06,,,section_754_step_up,,"PubCo (TRA obligor), via SPAC business combination. TPG Pace Solutions Corp. is a Cayman Islands SPAC that IPO'd April 8, 2021 (8-K accession 0001104659-21-049825) and entered a Business Combination Agreement with Vacasa Holdings LLC and related parties on July 28, 2021 (8-K accession 0001104659-21-099167)."
1758730,Tradeweb Markets Inc.,tradeweb-markets-inc,pubco,TRA-2019-04-08,Tradeweb Markets Inc.,2019-04-08,,in_force,"section_754_step_up, pre_ipo_nol",50%,"PubCo (TRA obligor). Tradeweb Markets Inc. went public via an Up-C IPO on April 8, 2019 and entered into a single Tax Receivable Agreement with TWM LLC and the Continuing LLC Owners."
1361658,Travel + Leisure Co.,travel-leisure-co,beneficiary,,,,,,,,"Travel + Leisure Co. (TNL; formerly Wyndham Destinations, Inc.; formerly Wyndham Worldwide Corporation; corporate ancestor: Cendant Corporation) is a beneficiary of the WEX Tax Receivable Agreement and is not the PubCo / obligor under any TRA visible in its EDGAR filings. No TRA originated under this CIK."
1420736,"TRG Services Escrow, Inc.",trg-services-escrow-inc,no_tra,,,,,,,,"This firm is a Realogy subsidiary and acted as a guarantor co-registrant on Realogy Corporation's debt registration statements (2007 S-4, 2008 S-4/A) and on subsequent 2011 to 2014 refinancing filings (S-1, prospectus supplements). It is NOT a party to any Tax Receivable Agreement."
1420684,"TRG Settlement Services, LLP",trg-settlement-services-llp,no_tra,,,,,,,,"This firm is a Realogy subsidiary and acted as a guarantor co-registrant on Realogy Corporation's debt registration statements (2007 S-4, 2008 S-4/A) and on subsequent 2011 to 2014 refinancing filings (S-1, prospectus supplements). It is NOT a party to any Tax Receivable Agreement."
1530804,Tronox Holdings plc,tronox-holdings-plc,beneficiary,,,,,,,,Role: none. Tronox has no Tax Receivable Agreement.
1564709,"Truett-Hurst, Inc.",truett-hurst-inc,pubco,TRA-2013-06-19,,2013-06-19,,in_force,"section_754_step_up, pre_ipo_nol",,"Truett-Hurst, Inc. is the PubCo (TRA obligor). It went public on June 19, 2013 via an Up-C IPO in which Truett-Hurst, Inc. (a Delaware corporation) sits above its operating subsidiary H.D.D."
1420934,Trust of New England Inc,trust-of-new-england-inc,no_tra,,,,,,,,This firm is a guarantor co-registrant on Realogy Corporation's exchange-offer S-4 filings. It is not a party to any Tax Receivable Agreement of its own.
1008654,Tupperware Brands Corporation,tupperware-brands-corp,no_tra,,,,,,,,Role: No TRA. Tupperware Brands Corporation is a publicly traded housewares maker (NYSE: TUP) that traces its lineage to a 1996 spin-off from Premark International and operates as a conventional C-corporation.
1764974,Turnstone Biologics Corp.,turnstone-biologics-corp,no_tra,,,,,,,,"Firm role: Not a TRA party (no role). Turnstone Biologics Corp. is a clinical-stage biotech that went public via a conventional Delaware C-corp IPO in July 2023 (ticker TSBX), not an Up-C IPO."
2007596,"TRA contract log — TWFG, Inc.",twfg-inc,pubco,TRA-2024-07-19,,2024-07-19,,in_force,section_754_step_up,,"PubCo (TRA obligor). TWFG, Inc. is a Delaware C-corporation that completed an Up-C IPO on July 19, 2024 (priced July 17, 2024) and entered into a Tax Receivable Agreement with three pre-IPO LLC members: Bunch Family Holdings, LLC, RenaissanceRe Ventures U.S."
1465740,Two Harbors Investment Corp.,two-harbors-investment-corp,no_tra,,,,,,,,"# Two Harbors Investment Corp. (CIK 0001465740) — TRA contract log ## Role determination Role: No-TRA. Two Harbors Investment Corp. is a mortgage REIT formed in 2009 via a Capitol Federal Financial / Pine River Capital sponsored SPAC business combination (October 2009 merger with Capitol Federal Financial Acquisition Corp., a Pine River SPAC)."
1537917,"Tyme Technologies, Inc.",tyme-technologies-inc,no_tra,,,,,,,,"Tyme Technologies, Inc. is a conventional Delaware C-corporation small-cap biotech, not a party to any Tax Receivable Agreement. The firm has no Up-C structure, no operating-LLC layer, no continuing pre-IPO members or sponsor party who would be TRA beneficiaries, and no exchange mechanism between a partnership and the public company."
100493,"Tyson Foods, Inc.",tyson-foods-inc,acquirer,,,,,,,,"# Contract log — Tyson Foods, Inc. (CIK 0000100493) ## Role: Acquirer (TRA-extinguishing) Tyson Foods is not an Up-C structure and was never a TRA obligor. Tyson's connection to a TRA in this filing set is as the Acquirer of AdvancePierre Foods Holdings, Inc. (CIK 0001640403), which had its own ""Income Tax Receivable Agreement"" with OCM FIE, LLC (an Oaktree affiliate / OCM Principal Opportunities Fund IV vehicle)."
1670349,U.S. Well Services Holdings LLC,u-s-well-services-holdings-llc,never_executed,,,,,,,,"U.S. Well Services, Inc. (USWS) is classified as never executed a TRA, with no substantive TRA content in any of its SEC filings."
1572684,"UCP, Inc.",ucp-inc,pubco,TRA-2013-07-23,,2013-07-23,2017-08-04,terminated,section_754_step_up,85%,"# UCP, Inc. — TRA contract log CIK: 0001572684 Firm role: PubCo (TRA obligor) UCP, Inc. is the Up-C public company that committed to pay 85% of realized tax savings to its pre-IPO majority holder, PICO Holdings, Inc., under a single Tax Receivable Agreement dated July 23, 2013. The agreement was terminated effective August 4, 2017 at the close of the Century Communities / Casa Acquisition Corp. merger."
1067701,"United Rentals, Inc.",united-rentals-inc,acquirer,,,,,,,,"United Rentals, Inc. (URI) is the publicly traded parent holding company of United Rentals (North America), Inc. (URNA, CIK 0001047166). URI is a conventional C-corporation and has never been a TRA obligor under its own structure."
1047166,"United Rentals (North America), Inc.",united-rentals-north-america-inc,unknown,,,,,,,,"United Rentals (North America), Inc. (URNA) is the operating subsidiary and financing arm of United Rentals, Inc. (URI, parent CIK 0001067701). URNA is a co-registrant on URI's periodic filings and an issuer of public debt; the two companies file most reports jointly under URI's filer agent prefix 0001067701 (10-Ks, 10-Qs) and under SEC filing-agent prefixes 0001104659 (8-Ks) and 0001047469 (debt prospectuses, 424B2)."
1494319,Univar Solutions Inc.,univar-solutions-inc,acquirer,,,,,,,,"# Contract log: Univar Solutions Inc. (CIK 0001494319) ## Firm role: Acquirer of Nexeo Solutions (Feb 28, 2019) Univar Solutions Inc. (formerly Univar Inc., renamed at the June 3, 2019 annual meeting) is the acquirer of Nexeo Solutions, Inc. and never had its own Tax Receivable Agreement. Three facts establish this: 1."
1420323,US National 1031 Exchange LLC,us-national-1031-exchange-llc,no_tra,,,,,,,,This firm is a guarantor co-registrant on Realogy Corporation's exchange-offer S-4 filings. It is not a party to any Tax Receivable Agreement of its own.
1739566,"Utz Brands, Inc.",utz-brands-inc,pubco,TRA-2020-08-28,"- Corporate Taxpayer: Utz Brands, Inc.",2020-08-28,,in_force,section_754_step_up,85%,"Utz Brands, Inc. is the PubCo (TRA obligor). The company is the Delaware corporation that emerged from the August 28, 2020 de-SPAC business combination between Collier Creek Holdings (a Cayman-domiciled SPAC, renamed Utz Brands at closing) and Utz Brands Holdings, LLC (UBH, the operating partnership)."
1783398,UWM Holdings Corporation,uwm-holdings-corp,pubco,TRA-2021-01-21,"UWM Holdings Corporation (""Corporate Taxpayer"") and SFS Holding Corp.",2021-01-21,,in_force,section_754_step_up,,"UWM Holdings Corporation (""UWMC"") is the PubCo (TRA obligor) under a single Up-C TRA originated at the January 21, 2021 de-SPAC business combination with Gores Holdings IV, Inc. The sole counterparty / beneficiary is SFS Holding Corp. (""SFS Corp.""), Mat Ishbia's family holding vehicle."
103379,V.F. Corporation,v-f-corp,no_tra,,,,,,,,"V.F. Corporation is a Pennsylvania corporation, incorporated in 1899, that traded on NYSE for decades before its current Pittsburgh / Greensboro era."
1874944,"Vacasa, Inc.",vacasa-inc,pubco,TRA-2021-12-06,"- Vacasa, Inc.",2021-12-06,,terminated,section_754_step_up,85%,"Vacasa, Inc. is the PubCo (TRA obligor) in a December 2021 SPAC-driven Up-C business combination (TPG Pace Solutions Corp. acquired Vacasa Holdings LLC). Vacasa, Inc."
1420333,"Valley of California, Inc.",valley-of-california-inc,no_tra,,,,,,,,"This firm is a Realogy subsidiary and acted as a guarantor co-registrant on Realogy Corporation's debt registration statements (2007 S-4, 2008 S-4/A) and on subsequent 2011 to 2014 refinancing filings (S-1, prospectus supplements). It is NOT a party to any Tax Receivable Agreement."
1832371,Velocity Acquisition Corp,velocity-acquisition-corp,pubco,TRA-2021-07-20,,2021-07-20,,never_executed,,,"PubCo (would-be TRA obligor) in a contemplated Up-C / SPAC business combination that never closed. Velocity Acquisition Corp was a Delaware SPAC that filed an S-1 in February 2021, completed its $200M IPO on February 25, 2021, signed a Business Combination Agreement with BBQ Holding, LLC (""BBQGuys"") on July 20, 2021, and would have become the PubCo obligor of a Tax Receivable Agreement at closing."
1841425,"Verde Clean Fuels, Inc.",verde-clean-fuels-inc,pubco,TRA-2023-02-15,"Verde Clean Fuels, Inc.",2023-02-15,,in_force,section_754_step_up,85%,"Verde Clean Fuels, Inc. (f/k/a CENAQ Energy Corp.) is the PubCo (TRA obligor). CENAQ was a Delaware SPAC that completed its IPO on August 17, 2021 and consummated a Business Combination with Bluescape Clean Fuels Holdings, LLC (""Holdings"") on February 15, 2023, resulting in an Up-C structure: PubCo (Verde Clean Fuels, Inc.) is the managing member of Verde Clean Fuels OpCo, LLC (""OpCo""), and Holdings retains Class C OpCo Units that are redeemable for Class A Common Stock."
1442145,"Verisk Analytics, Inc.",verisk-analytics-inc,no_tra,,,,,,,,"# Verisk Analytics, Inc. (CIK 0001442145) - contract log ## Role determination Role: not a TRA party. Verisk Analytics, Inc. is neither a TRA obligor (PubCo), TRA beneficiary, acquirer-of-TRA-bearing-target, nor financing arm."
1599489,Veritiv Corporation,veritiv-corp,pubco,TRA-2014-07-01,,2014-07-01,2020-12-29,terminated,section_754_step_up,,"PubCo (TRA obligor). Veritiv was formed on July 1, 2014 by the merger of International Paper's xpedx distribution business (organized into a newly-formed Delaware corporation, xpedx Holding Company, renamed Veritiv Corporation in May 2014) with UWW Holdings, Inc., the parent of Unisource Worldwide, Inc."
1682745,Verra Mobility Corporation,verra-mobility-corp,pubco,TRA-2018-10-17,- Corporate Taxpayer (obligor): Verra Mobility Corporation (Delaware C-corp; renamed from Gores Holdings II at closing).,2018-10-17,,in_force,section_754_step_up,50%,"Verra Mobility Corporation is the PubCo (TRA obligor). The company was formed when SPAC Gores Holdings II, Inc. (CIK 0001682745) acquired Greenlight Holding II Corporation (the privately held Verra Mobility) on October 17, 2018, and renamed itself Verra Mobility Corporation."
2067876,"Versant Media Group, Inc.",versant-media-group-inc,never_executed,,,,,,,,"Versant Media Group, Inc. is a Pennsylvania C-corporation spun off from Comcast Corporation on January 2, 2026 (the ""Distribution Date""). The spinoff is a tax-free Section 355 distribution of Comcast's cable-networks business (CNBC, MSNBC/MS NOW, USA Network, Oxygen, E!, SYFY, Golf Channel, and complementary digital platforms) into an independent public company listed on Nasdaq under ""VSNT""."
1674101,Vertiv Holdings Co,vertiv-holdings-co,pubco,TRA-2020-02-07,"Vertiv Holding Co (Corporate Taxpayer) and VPE Holdings, LLC (Stockholder). -",2020-02-07,,,section_754_step_up,65%,"# Vertiv Holdings Co (CIK 1674101) — TRA contract log One underlying Tax Receivable Agreement: between Vertiv Holdings Co (the Corporate Taxpayer) and VPE Holdings, LLC (the ""Stockholder"" / ""Vertiv Stockholder"", an affiliate of Platinum Equity). Originated February 7, 2020 at the close of the GS Acquisition Holdings Corp / Vertiv Holdings business combination."
1606268,"Via Renewables, Inc. (formerly Spark Energy, Inc.)",via-renewables-inc,pubco,TRA-2014-08-01,,2014-08-01,2019-07-11,terminated,section_754_step_up,85%,"# Via Renewables, Inc. (formerly Spark Energy, Inc.) - TRA contract log CIK: 0001606268 Role: PubCo (TRA obligor) Status: terminated_by_standalone_agreement (effective 2019-07-11) ## Firm-level role determination Via Renewables, Inc. (rebranded from Spark Energy, Inc. in August 2022) was the public-company obligor under a single Up-C TRA originated at its July 2014 IPO. The TRA was terminated July 11, 2019 by a standalone TRA Termination and Release Agreement filed as an 8-K Item 1.01 exhibit."
1828791,Viant Technology Inc.,viant-technology-inc,pubco,TRA-2021-02-09,Viant Technology Inc.,2021-02-09,,in_force,section_754_step_up,85%,"Viant Technology Inc. is the PubCo (TRA obligor). The firm IPO'd in February 2021 via a standard Up-C structure: Viant Technology Inc. (a Delaware corporation) sits above Viant Technology LLC (a Delaware partnership for U.S. federal tax purposes), and the pre-IPO LLC members (the Vanderhook Parties and the Viant Technology Equity Plan LLC) retained their LLC units exchangeable into Class A common stock."
1856437,Victoria's Secret & Co.,victoria-s-secret-co,no_tra,,,,,,,,"Victoria's Secret & Co. (VSCO) is not a party to any executed Tax Receivable Agreement. The firm was spun off from L Brands, Inc. (now Bath & Body Works, Inc.) on August 2, 2021 as a pro rata distribution of VSCO common stock to L Brands shareholders — a conventional Reverse Morris Trust-style spinoff, not an Up-C IPO and not a SPAC business combination."
830122,"PICO Holdings, Inc. / Vidler Water Resources, Inc.",vidler-water-resources-inc,beneficiary,,,,,,,,"# Contract log: PICO Holdings, Inc. / Vidler Water Resources, Inc. (CIK 0000830122) ## Firm role: beneficiary PICO Holdings, Inc. (renamed Vidler Water Resources, Inc. in April 2020) is the TRA beneficiary, not the obligor. The relevant TRA is the Tax Receivable Agreement dated July 23, 2013 among PICO Holdings, Inc., UCP, Inc., and UCP, LLC."
1579157,Vince Holding Corp,vince-holding-corp,pubco,TRA-2013-11-27,,2013-11-27,,terminated_by_expiration,pre_ipo_nol,,"# Contract log — Vince Holding Corp (CIK 1579157) One Tax Receivable Agreement, originated November 27, 2013 in connection with the company's Up-C IPO. The contract was modified once (September 1, 2015 First Amendment) and expired per its terms in November 2023 (final accounting settled February 3, 2024 with $0 remaining obligation). ## TRA-2013-11-27 — original contract ### Entry 1: unexecuted draft (2013-10-30) - Source filing: 0001193125-13-419180 (Amendment No. 2 to Form S-1, filed October 30, 2013) - Document: d559406dex103.htm (Exhibit 10."
1693853,Vine Energy Inc.,vine-energy-inc,pubco,TRA-2017-03-27-vine-resources-never-executed,Vine Resources Inc.,2017-03-27,,terminated_merger,"section_754_step_up, pre_ipo_nol, blocker_attributes",85%,"PubCo (TRA obligor). CIK 1693853 was registered as ""Vine Resources Inc."" on 2017-01-06 and renamed to ""Vine Energy Inc."" on 2021-02-02 (per SEC submissions metadata)."
1693853,Vine Energy Inc.,vine-energy-inc,pubco,TRA-2021-03-17,Vine Resources Inc.,2021-03-17,,terminated_merger,"section_754_step_up, pre_ipo_nol, blocker_attributes",85%,"PubCo (TRA obligor). CIK 1693853 was registered as ""Vine Resources Inc."" on 2017-01-06 and renamed to ""Vine Energy Inc."" on 2021-02-02 (per SEC submissions metadata)."
1396546,"Virgin Mobile USA, Inc.",virgin-mobile-usa-inc,pubco,TRA-2007-10-16-Sprint,"Virgin Mobile USA, Inc.",2007-10-16,,terminated,"section_754_step_up, pre_ipo_nol",,"Virgin Mobile USA, Inc. is the PubCo (TRA obligor) on two parallel Tax Receivable Agreements executed at its October 2007 Up-C IPO. The structure was a stylized Up-C: VMU LLC was converted into Virgin Mobile USA, L.P. (the ""Operating Partnership""), the public company Virgin Mobile USA, Inc. (""Corporation"") was inserted on top, Sprint Ventures, Inc. retained a Partnership Interest exchangeable for Class A common stock, and Corvina Holdings Limited (the Virgin Group) contributed pre-IPO NOLs."
1396546,"Virgin Mobile USA, Inc.",virgin-mobile-usa-inc,pubco,TRA-2007-10-16-Virgin,"Virgin Mobile USA, Inc.",2007-10-16,,terminated,"section_754_step_up, pre_ipo_nol",,"Virgin Mobile USA, Inc. is the PubCo (TRA obligor) on two parallel Tax Receivable Agreements executed at its October 2007 Up-C IPO. The structure was a stylized Up-C: VMU LLC was converted into Virgin Mobile USA, L.P. (the ""Operating Partnership""), the public company Virgin Mobile USA, Inc. (""Corporation"") was inserted on top, Sprint Ventures, Inc. retained a Partnership Interest exchangeable for Class A common stock, and Corvina Holdings Limited (the Virgin Group) contributed pre-IPO NOLs."
1592386,"Virtu Financial, Inc. — Tax Receivable Agreement contract log",virtu-financial-inc,pubco,TRA-2015-04-15-SLP-exchanges,"Virtu Financial, Inc.",2015-04-15,,in_force,section_754_step_up,,"Virtu Financial, Inc. is the obligor under three parallel Tax Receivable Agreements entered into at the April 15, 2015 Up-C IPO. The firm is a Delaware C-corporation holding company over Virtu Financial LLC; the three TRAs run from PubCo to three distinct beneficiary groups based on the type of pre-IPO interest exchanged or sold."
1592386,"Virtu Financial, Inc. — Tax Receivable Agreement contract log",virtu-financial-inc,pubco,TRA-2015-04-15-mergers,"Virtu Financial, Inc.",2015-04-15,,in_force,"section_754_step_up, pre_ipo_nol",,"Virtu Financial, Inc. is the obligor under three parallel Tax Receivable Agreements entered into at the April 15, 2015 Up-C IPO. The firm is a Delaware C-corporation holding company over Virtu Financial LLC; the three TRAs run from PubCo to three distinct beneficiary groups based on the type of pre-IPO interest exchanged or sold."
1592386,"Virtu Financial, Inc. — Tax Receivable Agreement contract log",virtu-financial-inc,pubco,TRA-2015-04-15-non-SLP-exchanges,"Virtu Financial, Inc.",2015-04-15,,in_force,section_754_step_up,,"Virtu Financial, Inc. is the obligor under three parallel Tax Receivable Agreements entered into at the April 15, 2015 Up-C IPO. The firm is a Delaware C-corporation holding company over Virtu Financial LLC; the three TRAs run from PubCo to three distinct beneficiary groups based on the type of pre-IPO interest exchanged or sold."
1692819,Vistra Corp,vistra-corp,pubco,TRA-2016-10-03,~2% of original TRA Rights remain outstanding (held by Holders who did not participate in the December 2023 repurchase or January/February 2024 follow-on repurchases and tender offer).,2016-10-03,,in_force,section_754_step_up,,"Vistra Corp (formerly TCEH Corp.; formerly Vistra Energy Corp.) is the PubCo (TRA obligor). It emerged from the Chapter 11 bankruptcy of Energy Future Holdings Corp. (EFH) on the TCEH Effective Date, October 3, 2016, and assumed a Tax Receivable Agreement obligation to the former first-lien secured creditors of Texas Competitive Electric Holdings Company LLC (""TCEH Supporting First Lien Creditors"") as required under the Third Amended Joint Plan of Reorganization confirmed by the U.S."
1856031,Vivid Seats Inc.,vivid-seats-inc,pubco,TRA-2021-10-18,Vivid Seats Inc.,2021-10-18,,terminated,section_754_step_up,,"Vivid Seats Inc. is the PubCo (TRA obligor). The firm went public via a de-SPAC merger with Horizon Acquisition Corporation II (the ""Merger Transaction""), which closed on October 18, 2021."
1713952,"Vivint Smart Home, Inc.",vivint-smart-home-inc,no_tra,,,,,,,,"Vivint Smart Home went public via SPAC business combination with Mosaic Acquisition Corp., closed January 17, 2020 (announcement 8-K accession 0001193125-19-245475 dated September 15, 2019; closing 8-K accession 0001193125-20-014373 dated January 17, 2020)."
1535929,"Voya Financial, Inc.",voya-financial-inc,no_tra,,,,,,,,"Role: No-TRA. Voya Financial, Inc. (formerly ING U.S., Inc.) has no Tax Receivable Agreement."
1641489,vTv Therapeutics Inc.,vtv-therapeutics-inc,pubco,TRA-2015-07-29,vTv Therapeutics Inc.,2015-07-29,,economically_extinguished_in_force,section_754_step_up,85%,"vTv Therapeutics Inc. is the PubCo (TRA obligor). vTv went public via Up-C IPO that closed July 30, 2015 (NASDAQ ""VTVT""). The Up-C structure interposes vTv Inc. above vTv Therapeutics LLC; the LLC's pre-IPO equity holder was vTv Therapeutics Holdings, LLC (dissolved October 2015), with M&F TTP Holdings Two LLC (a MacAndrews & Forbes / Ron Perelman vehicle, often referred to as ""MacAndrews"" or ""M&F"" in vTv filings) succeeding to Holdings's rights and obligations under the TRA."
1412232,VWR Corporation,vwr-corp,pubco,TRA-2014-10-07,"VWR Corporation (PubCo) and VWR Holdings, LLC (originally and elsewhere referred to as ""Varietal Distribution Holdings, LLC"", ""Holdings"", or ""Varietal"" — same entity, Madison Dearborn-controlled pre-IPO sponsor parent).",2014-10-07,2017-11-21,terminated_merger,"section_754_step_up, pre_ipo_nol",85%,"# Contract log: VWR Corporation (CIK 0001412232) ## Contract: TRA-2014-10-07 (Income Tax Receivable Agreement) Parties: VWR Corporation (PubCo) and VWR Holdings, LLC (originally and elsewhere referred to as ""Varietal Distribution Holdings, LLC"", ""Holdings"", or ""Varietal"" — same entity, Madison Dearborn-controlled pre-IPO sponsor parent). Payment percentage: 85% of cash tax savings."
1319764,"VWR Funding, Inc.",vwr-funding-inc,financing_arm,,,,,,,,"# Contract log — VWR Funding, Inc. (CIK 0001319764) ## Summary No Tax Receivable Agreement contract document is filed under this CIK. VWR Funding, Inc. is the operating-company subsidiary of VWR Corporation (CIK 0001412232) and the indirect wholly-owned subsidiary of Varietal Distribution Holdings, LLC (""VWR Holdings"")."
1840199,Waldencast plc,waldencast-plc,never_executed,,,,,,,,"Role: None (Up-C structure adopted without a Tax Receivable Agreement). Waldencast plc is the post-business-combination entity formed when Waldencast Acquisition Corp. (a Cayman Islands SPAC, IPO March 18, 2021) combined with Obagi Holdings Co."
1618921,"Walgreens Boots Alliance, Inc.",walgreens-boots-alliance-inc,no_tra,,,,,,,,Role: No-TRA (mention-only). Walgreens Boots Alliance is a conventional Delaware C-corporation that went public in 2014 through a reorganization of Walgreen Co. and the acquisition of Alliance Boots GmbH.
1437107,"Warner Bros. Discovery, Inc.",warner-bros-discovery-inc,pubco,TRA-2021-05-17,,2021-05-17,,in_force,section_754_step_up,85%,"Warner Bros. Discovery (WBD; formerly Discovery, Inc.) is the PubCo / TRA payor under a Tax Receivable Annex embedded inside the May 17, 2021 Tax Matters Agreement (TMA) executed in connection with the AT&T spin-merge that created WBD."
823768,"Waste Management, Inc.",waste-management-inc,no_tra,,,,,,,,"# Contract log — Waste Management, Inc. (CIK 0000823768) ## Role determination Role: No-TRA. Waste Management, Inc. is a conventional Delaware C-corporation (the largest U.S. solid-waste collection and disposal company); it did not go public via an Up-C IPO or SPAC, has no Continuing LLC Members structure, and has never been a party to a Tax Receivable Agreement on its own account."
2064947,WaterBridge Infrastructure LLC,waterbridge-infrastructure-llc,pubco,TRA-2025-09-18,- PubCo: WaterBridge Infrastructure LLC (Delaware LLC). -,2025-09-18,,in_force,section_754_step_up,85%,"WaterBridge Infrastructure LLC (CIK 0002064947, NYSE: WBI) is the PubCo (TRA obligor) in a standard Up-C structure. It IPO'd on September 18, 2025 (Class A shares representing LLC interests; subsidiary operating partnership is WBI Operating LLC, ""OpCo"")."
1420742,"Waydan Title, Inc.",waydan-title-inc,no_tra,,,,,,,,"This firm is a Realogy subsidiary and acted as a guarantor co-registrant on Realogy Corporation's debt registration statements (2007 S-4, 2008 S-4/A) and on subsequent 2011 to 2014 refinancing filings (S-1, prospectus supplements). It is NOT a party to any Tax Receivable Agreement."
1636032,"Wayne Farms, Inc.",wayne-farms-inc,pubco,TRA-2015-04-20,,2015-04-20,,never_executed,section_754_step_up,,"PubCo (contemplated TRA obligor). Wayne Farms, Inc. was the Up-C holding company incorporated by Continental Grain Company in 2015 to take Wayne Farms LLC public."
1857951,Weber Inc.,weber-inc,pubco,TRA-2021-08-09,,2021-08-09,2023-02-21,terminated,,,"Weber Inc. is the PubCo (TRA obligor). Up-C IPO completed August 5, 2021 (8-K filed August 11, 2021); 85% sharing of certain tax savings with the Pre-IPO LLC Members (principally BDT WSP Holdings, LLC, BDT Capital Partners I-A Holdings, LLC, WSP Investment LLC, Weber-Stephen Management Pool LLC, and individual Principals)."
1420698,West Coast Escrow Closing Co,west-coast-escrow-closing-co,no_tra,,,,,,,,This firm is a guarantor co-registrant on Realogy Corporation's exchange-offer S-4 filings. It is not a party to any Tax Receivable Agreement of its own.
1420334,West Coast Escrow Company,west-coast-escrow-co,no_tra,,,,,,,,"This firm is a Realogy subsidiary and acted as a guarantor co-registrant on Realogy Corporation's debt registration statements (2007 S-4, 2008 S-4/A) and on subsequent 2011 to 2014 refinancing filings (S-1, prospectus supplements). It is NOT a party to any Tax Receivable Agreement."
106040,Western Digital Corporation,western-digital-corp,mention_only,,,,,,,,"Role: mention-only (none of PubCo / Beneficiary / Acquirer / Financing arm / Never-executed). Western Digital is a storage / HDD industry incumbent, not an Up-C IPO firm."
1423902,"Western Midstream Partners, LP",western-midstream-partners-lp,acquirer,,,,,,,,"Western Midstream Partners, LP (""WES"") is an Acquirer with respect to one TRA: the Aris Water Solutions Tax Receivable Agreement dated October 26, 2021. WES acquired Aris by merger that closed on October 15, 2025 (8-K 0001423902-25-000097), and concurrently with execution of the Merger Agreement on August 6, 2025, Aris, WES, and the Majority TRA Holders entered into a Tax Receivable Agreement Amendment that terminated the Aris TRA at the Effective Time in consideration for an aggregate $80,000,000 cash payment."
1309108,WEX Inc. — contract identification log,wex-inc,beneficiary,TRA-2005-02-22,,2005-02-22,,terminated_by_expiration,"section_754_step_up, 338h10_basis_step_up",21%,"# WEX Inc. — contract identification log CIK: 1309108 Firm: Wright Express Corporation (renamed WEX Inc. in 2012) Contract directory: TRA-2005-02-22/ This firm has a single underlying TRA, dated February 22, 2005, originating from the Cendant Corporation separation. No additional TRAs (no Up-C transaction, no M&A-driven TRAs, no NOL TRAs)."
1420292,William Orange Realty Inc,william-orange-realty-inc,no_tra,,,,,,,,This firm is a guarantor co-registrant on Realogy Corporation's exchange-offer S-4 filings. It is not a party to any Tax Receivable Agreement of its own.
1636222,Wingstop Inc.,wingstop-inc,no_tra,,,,,,,,Firm role: none (no TRA party). Wingstop Inc. is not a party to any Tax Receivable Agreement.
1779474,"WM Technology, Inc.",wm-technology-inc,pubco,TRA-2021-06-16,"WM Technology, Inc.",2021-06-16,,economically_extinguished_in_force,section_754_step_up,15%,"WM Technology, Inc. (Nasdaq: MAPS), formerly Silver Spike Acquisition Corp., is the PubCo (TRA obligor) under a single Up-C TRA originated at the June 16, 2021 closing of the business combination between Silver Spike (a SPAC) and WM Holding Company, LLC (""WMH LLC"", the operator of Weedmaps). Silver Spike redomiciled from the Cayman Islands to Delaware at close and renamed itself WM Technology, Inc."
1533932,"Worldpay, Inc. (f/k/a Vantiv, Inc.)",worldpay-inc,pubco,TRA-2012-03-21-advent,,2012-03-21,2013-10-23,terminated,"section_754_step_up, pre_ipo_nol, amt_credit",85%,"# Worldpay, Inc. (f/k/a Vantiv, Inc.) — TRA contract log CIK: 0001533932. Role: PubCo (TRA obligor) under Up-C structure established March 21, 2012; rebranded Vantiv to Worldpay January 16, 2018; acquired by FIS July 31, 2019. ## TRAs identified at origination Five distinct TRAs are present in the filing record: four executed at the March 21, 2012 IPO, and one added with the May 12, 2014 acquisition of Mercury Payment Systems."
1533932,"Worldpay, Inc. (f/k/a Vantiv, Inc.)",worldpay-inc,pubco,TRA-2012-03-21-fifthThird,,2012-03-21,,in_force,"section_754_step_up, pre_ipo_nol, amt_credit",85%,"# Worldpay, Inc. (f/k/a Vantiv, Inc.) — TRA contract log CIK: 0001533932. Role: PubCo (TRA obligor) under Up-C structure established March 21, 2012; rebranded Vantiv to Worldpay January 16, 2018; acquired by FIS July 31, 2019. ## TRAs identified at origination Five distinct TRAs are present in the filing record: four executed at the March 21, 2012 IPO, and one added with the May 12, 2014 acquisition of Mercury Payment Systems."
1533932,"Worldpay, Inc. (f/k/a Vantiv, Inc.)",worldpay-inc,pubco,TRA-2012-03-21-jpdn,,2012-03-21,2013-10-23,terminated,"section_754_step_up, pre_ipo_nol, amt_credit",85%,"# Worldpay, Inc. (f/k/a Vantiv, Inc.) — TRA contract log CIK: 0001533932. Role: PubCo (TRA obligor) under Up-C structure established March 21, 2012; rebranded Vantiv to Worldpay January 16, 2018; acquired by FIS July 31, 2019. ## TRAs identified at origination Five distinct TRAs are present in the filing record: four executed at the March 21, 2012 IPO, and one added with the May 12, 2014 acquisition of Mercury Payment Systems."
1533932,"Worldpay, Inc. (f/k/a Vantiv, Inc.)",worldpay-inc,pubco,TRA-2012-03-21-npcNOLs,,2012-03-21,,terminated,"pre_ipo_nol, amt_credit",85%,"# Worldpay, Inc. (f/k/a Vantiv, Inc.) — TRA contract log CIK: 0001533932. Role: PubCo (TRA obligor) under Up-C structure established March 21, 2012; rebranded Vantiv to Worldpay January 16, 2018; acquired by FIS July 31, 2019. ## TRAs identified at origination Five distinct TRAs are present in the filing record: four executed at the March 21, 2012 IPO, and one added with the May 12, 2014 acquisition of Mercury Payment Systems."
1533932,"Worldpay, Inc. (f/k/a Vantiv, Inc.)",worldpay-inc,pubco,TRA-2014-05-12-mercury,,2014-05-12,,terminated,"section_754_step_up, pre_ipo_nol",85%,"# Worldpay, Inc. (f/k/a Vantiv, Inc.) — TRA contract log CIK: 0001533932. Role: PubCo (TRA obligor) under Up-C structure established March 21, 2012; rebranded Vantiv to Worldpay January 16, 2018; acquired by FIS July 31, 2019. ## TRAs identified at origination Five distinct TRAs are present in the filing record: four executed at the March 21, 2012 IPO, and one added with the May 12, 2014 acquisition of Mercury Payment Systems."
1722684,"Wyndham Hotels & Resorts, Inc.",wyndham-hotels-resorts-inc,beneficiary,,,,,,,,"Wyndham Hotels & Resorts, Inc. (WH) is a hotel-franchise pure-play that was spun off from Wyndham Worldwide Corporation (now Travel + Leisure Co.) on May 31, 2018, in a tax-free distribution. Across the full filing set processed, WH is not a party to any classical Tax Receivable Agreement: it never went public via Up-C IPO, never executed a sponsor-style TRA with pre-IPO holders, and has no TRA-related liability or beneficiary disclosure on its balance sheet across any 10-K from FY2018 through FY2025."
2088896,"X-Energy, Inc.",x-energy-inc,pubco,TRA-2026-04-27,,2026-04-27,,in_force,section_754_step_up,85%,"X-Energy, Inc. is the PubCo (TRA obligor) at an Up-C IPO. The operating partnership is X-Energy Reactor Company, LLC (""XERC"")."
791908,XOMA Royalty Corporation,xoma-royalty-corp,no_tra,,,,,,,,Role: None (no TRA exposure). XOMA Royalty Corporation is a biotech royalty aggregator that acquires distressed or wind-down biotechs and collects on their out-licensed product royalty streams.
1802156,"Xponential Fitness, Inc.",xponential-fitness-inc,pubco,TRA-2021-07-26,"- Corporate Taxpayer (obligor): Xponential Fitness, Inc.",2021-07-26,,in_force,section_754_step_up,85%,"Xponential Fitness, Inc. (""XPO Inc."") is the PubCo (TRA obligor). The firm completed an Up-C IPO on July 26, 2021, with XPO Inc. as the public-facing Delaware corporation and Xponential Intermediate Holdings, LLC (""XPO Holdings"" / ""OpCo"") as the operating LLC."
1859836,"Yesway, Inc.",yesway-inc,pubco,TRA-2026-04-21,,2026-04-21,,in_force,section_754_step_up,85%,"Yesway, Inc. is the PubCo (TRA obligor) in a classical Up-C IPO structure. The TRA, dated April 21, 2026, makes Yesway the obligor to BW Ultimate Parent, LLC (the operating partnership), the TRA Parties (the Continuing Equity Owners and former Blocker Shareholders affiliated with Brookwood Financial Partners), and the Brookwood Nominee."
2086587,York Space Systems Inc.,york-space-systems-inc,pubco,TRA-2026-01-28,,2026-01-28,,in_force,pre_ipo_nol,85%,"York Space Systems Inc. is the PubCo (TRA obligor). The firm went public via an Up-C IPO that closed January 28-30, 2026 (424B4 prospectus dated January 28, 2026; common stock began trading on NYSE under ""YSS"" on January 29, 2026)."
1041061,"Yum! Brands, Inc.",yum-brands-inc,acquirer,,,,,,,,Role: Acquirer. Yum!
1562214,"ZAIS Group Holdings, Inc.",zais-group-holdings-inc,pubco,TRA-2015-03-17,"ZAIS Group Holdings, Inc.",2015-03-17,,in_force,section_754_step_up,,"ZAIS Group Holdings, Inc. is the PubCo (TRA obligor). The firm is the Delaware C-corporation that sits atop the Up-C structure created in the March 17, 2015 Business Combination, by which the pre-existing SPAC HF2 Financial Management Inc. acquired a majority interest in ZAIS Group Parent, LLC (""ZGP"")."
1865506,Zeo Energy Corp.,zeo-energy-corp,pubco,TRA-2024-03-13,- PubCo (Corporate Taxpayer): Zeo Energy Corp.,2024-03-13,,in_force,section_754_step_up,85%,"Zeo Energy Corp. (NASDAQ: ZEO), formerly ESGEN Acquisition Corporation, is the PubCo (TRA obligor) in a Tax Receivable Agreement that originated at its March 13, 2024 Up-C business combination with Sunergy Renewables, LLC. The corporate history: ESGEN Acquisition Corporation IPO'd as a Cayman Islands SPAC on October 27, 2021 (S-1 333-258228, ticker ""ESAC"")."
1794515,ZoomInfo Technologies Inc.,zoominfo-technologies-inc,pubco,TRA-2020-06-03-Exchanges,ZoomInfo Technologies Inc.,2020-06-03,,in_force,section_754_step_up,,"PubCo (TRA obligor). ZoomInfo went public via Up-C IPO on June 4, 2020 and committed to pay TRA beneficiaries 85% of certain realized tax savings."
1794515,ZoomInfo Technologies Inc.,zoominfo-technologies-inc,pubco,TRA-2020-06-03-Reorganization,ZoomInfo Technologies Inc.,2020-06-03,,in_force,section_754_step_up,,"PubCo (TRA obligor). ZoomInfo went public via Up-C IPO on June 4, 2020 and committed to pay TRA beneficiaries 85% of certain realized tax savings."
1439288,Zurn Elkay Water Solutions Corporation,zurn-elkay-water-solutions-corp,no_tra,,,,,,,,"Zurn Elkay Water Solutions Corporation (formerly Rexnord Corporation, ticker RXN/ZWS) is a standard Delaware C-corporation, not an Up-C structure, and has never been a TRA obligor or beneficiary. The firm's corporate history covers three transactions that could plausibly have produced a TRA, and none did: 1. 2012 Rexnord IPO (April 2012)."
